{
  "norm_stats": {
    "state": {
      "mean": [
        -0.33848408772315103,
        1.513466829292664,
        1.1278233111522635,
        -0.43311352639318534,
        -0.035712360795139474,
        -0.5445522046720083,
        0.4978168691543875,
        0.3528120944596628,
        1.4549437682729027,
        1.0519007796226871,
        -0.36260493046954667,
        0.01164700995648117,
        0.41904019341435395,
        0.5727711983390308,
        0.0,
        0.0,
        0.0,
        0.0,
        0.0,
        0.0,
        0.0,
        0.0,
        0.0,
        0.0,
        0.0,
        0.0,
        0.0,
        0.0,
        0.0,
        0.0,
        0.0,
        0.0
      ],
      "std": [
        0.29427891317074584,
        0.5288610431585834,
        0.5521448832699078,
        0.265983698576835,
        0.29279854394477084,
        0.4516358686247237,
        0.4396225051769469,
        0.29994102243358695,
        0.47849244232590055,
        0.5002621338667721,
        0.2825569501060639,
        0.29261397616214885,
        0.30308965155984263,
        0.4260195434861837,
        0.0,
        0.0,
        0.0,
        0.0,
        0.0,
        0.0,
        0.0,
        0.0,
        0.0,
        0.0,
        0.0,
        0.0,
        0.0,
        0.0,
        0.0,
        0.0,
        0.0,
        0.0
      ],
      "q01": [
        -1.0965465680509923,
        0.1511207821161531,
        0.015449759550392628,
        -1.1182875339271123,
        -0.7899614099968693,
        -1.7079662022492967,
        0.0015100074233487248,
        -0.4198359793292572,
        0.2223472368413828,
        0.00858320016413927,
        -1.0904716339427674,
        -0.7421265926372143,
        -0.36171874900380074,
        0.0013510591816157103,
        0.0,
        0.0,
        0.0,
        0.0,
        0.0,
        0.0,
        0.0,
        0.0,
        0.0,
        0.0,
        0.0,
        0.0,
        0.0,
        0.0,
        0.0,
        0.0,
        0.0,
        0.0
      ],
      "q99": [
        0.41957839260469026,
        2.8758128764691753,
        2.5501485304555462,
        0.25206048114074164,
        0.7185366884065902,
        0.6188617929052801,
        1.0006580352783203,
        1.1254601682485827,
        2.6875402997044224,
        2.340576036463492,
        0.365261773003674,
        0.7654206125501766,
        1.1997991358325086,
        1.0004991292953491,
        0.0,
        0.0,
        0.0,
        0.0,
        0.0,
        0.0,
        0.0,
        0.0,
        0.0,
        0.0,
        0.0,
        0.0,
        0.0,
        0.0,
        0.0,
        0.0,
        0.0,
        0.0
      ]
    },
    "actions": {
      "mean": [
        -0.3386636725708539,
        1.5034350057699823,
        1.1384107997084931,
        -0.4279586961872673,
        -0.04385498998221671,
        -0.5396544047887885,
        0.490783364692744,
        0.35358286283341606,
        1.4417013937165963,
        1.0614338320571768,
        -0.35481557919510276,
        0.020085652761220076,
        0.4176098377246174,
        0.5676801053140802,
        0.0,
        0.0,
        0.0,
        0.0,
        0.0,
        0.0,
        0.0,
        0.0,
        0.0,
        0.0,
        0.0,
        0.0,
        0.0,
        0.0,
        0.0,
        0.0,
        0.0,
        0.0
      ],
      "std": [
        0.29485476047705994,
        0.5225204238152602,
        0.5593348962312011,
        0.27158381419149863,
        0.30356043906126257,
        0.4540877840739004,
        0.4483946842957803,
        0.30092341297272823,
        0.47686437148842475,
        0.5073674011958171,
        0.2944207449952008,
        0.30286739375169386,
        0.308108872500399,
        0.4337905474027602,
        0.0,
        0.0,
        0.0,
        0.0,
        0.0,
        0.0,
        0.0,
        0.0,
        0.0,
        0.0,
        0.0,
        0.0,
        0.0,
        0.0,
        0.0,
        0.0,
        0.0,
        0.0
      ],
      "q01": [
        -1.0982095355597603,
        0.15742239402187197,
        0.0036980421282351017,
        -1.1275586015445678,
        -0.8258266810040291,
        -1.7093845365631557,
        0.0,
        -0.42159584898433194,
        0.21329877276241405,
        -0.14681701362133026,
        -1.1132434183027402,
        -0.7601007535431433,
        -0.37607861783641033,
        0.0,
        0.0,
        0.0,
        0.0,
        0.0,
        0.0,
        0.0,
        0.0,
        0.0,
        0.0,
        0.0,
        0.0,
        0.0,
        0.0,
        0.0,
        0.0,
        0.0,
        0.0,
        0.0
      ],
      "q99": [
        0.4208821904180526,
        2.8494476175180927,
        2.5792574924000675,
        0.27164120917003315,
        0.7381167010395957,
        0.6300757269855789,
        1.0,
        1.1287615746511641,
        2.6701040146707786,
        2.3684122575376017,
        0.4036122599125346,
        0.8002720590655835,
        1.211298293285645,
        1.0,
        0.0,
        0.0,
        0.0,
        0.0,
        0.0,
        0.0,
        0.0,
        0.0,
        0.0,
        0.0,
        0.0,
        0.0,
        0.0,
        0.0,
        0.0,
        0.0,
        0.0,
        0.0
      ]
    }
  }
}