{
  "norm_stats": {
    "state": {
      "mean": [
        -0.3590015769004822,
        1.4853090047836304,
        1.1045012474060059,
        -0.4410408139228821,
        -0.05611632391810417,
        -0.6758642792701721,
        0.540471076965332,
        0.35151854157447815,
        1.3917402029037476,
        0.9774110317230225,
        -0.32340553402900696,
        0.04599016532301903,
        0.48710155487060547,
        0.6375405788421631,
        0.0,
        0.0,
        0.0,
        0.0,
        0.0,
        0.0,
        0.0,
        0.0,
        0.0,
        0.0,
        0.0,
        0.0,
        0.0,
        0.0,
        0.0,
        0.0,
        0.0,
        0.0
      ],
      "std": [
        0.2690601944923401,
        0.5380606651306152,
        0.545509934425354,
        0.23707735538482666,
        0.26438817381858826,
        0.2871207892894745,
        0.4510974884033203,
        0.2619675099849701,
        0.46749213337898254,
        0.48291850090026855,
        0.2785416543483734,
        0.2866576910018921,
        0.2560223639011383,
        0.4205222427845001,
        0.0,
        0.0,
        0.0,
        0.0,
        0.0,
        0.0,
        0.0,
        0.0,
        0.0,
        0.0,
        0.0,
        0.0,
        0.0,
        0.0,
        0.0,
        0.0,
        0.0,
        0.0
      ],
      "q01": [
        -1.1315009593963623,
        0.43686580657958984,
        0.3212546110153198,
        -1.010345697402954,
        -0.8060672879219055,
        -1.2568516731262207,
        0.006217288319021463,
        -0.23860204219818115,
        0.5319381952285767,
        0.25410422682762146,
        -1.0101933479309082,
        -0.7193484306335449,
        -0.32789695262908936,
        0.005497952923178673,
        0.0,
        0.0,
        0.0,
        0.0,
        0.0,
        0.0,
        0.0,
        0.0,
        0.0,
        0.0,
        0.0,
        0.0,
        0.0,
        0.0,
        0.0,
        0.0,
        0.0,
        0.0
      ],
      "q99": [
        0.16573381423950195,
        2.6392462253570557,
        2.4297845363616943,
        0.09874141216278076,
        0.48200738430023193,
        0.32029199600219727,
        0.9999366402626038,
        1.13625168800354,
        2.5700361728668213,
        2.3406686782836914,
        0.3559762239456177,
        0.6696193218231201,
        1.0139325857162476,
        0.9979858994483948,
        0.0,
        0.0,
        0.0,
        0.0,
        0.0,
        0.0,
        0.0,
        0.0,
        0.0,
        0.0,
        0.0,
        0.0,
        0.0,
        0.0,
        0.0,
        0.0,
        0.0,
        0.0
      ]
    },
    "actions": {
      "mean": [
        -0.3590766489505768,
        1.4760980606079102,
        1.1147576570510864,
        -0.43751177191734314,
        -0.06634382158517838,
        -0.6719141006469727,
        0.5323124527931213,
        0.3523467183113098,
        1.3778126239776611,
        0.9873170852661133,
        -0.31432339549064636,
        0.05505650117993355,
        0.4858548641204834,
        0.6322242021560669,
        0.0,
        0.0,
        0.0,
        0.0,
        0.0,
        0.0,
        0.0,
        0.0,
        0.0,
        0.0,
        0.0,
        0.0,
        0.0,
        0.0,
        0.0,
        0.0,
        0.0,
        0.0
      ],
      "std": [
        0.2696745693683624,
        0.5306594967842102,
        0.5530121922492981,
        0.2402060329914093,
        0.27422431111335754,
        0.2915883958339691,
        0.4615216851234436,
        0.2621196508407593,
        0.4654619097709656,
        0.4911535978317261,
        0.28904521465301514,
        0.2973962724208832,
        0.2610915005207062,
        0.429365336894989,
        0.0,
        0.0,
        0.0,
        0.0,
        0.0,
        0.0,
        0.0,
        0.0,
        0.0,
        0.0,
        0.0,
        0.0,
        0.0,
        0.0,
        0.0,
        0.0,
        0.0,
        0.0
      ],
      "q01": [
        -1.1347168684005737,
        0.44112342596054077,
        0.3174624741077423,
        -1.0239773988723755,
        -0.8511016368865967,
        -1.276984453201294,
        0.0,
        -0.2354261577129364,
        0.5181750059127808,
        0.24648259580135345,
        -1.0351606607437134,
        -0.7323353290557861,
        -0.3472543954849243,
        0.0,
        0.0,
        0.0,
        0.0,
        0.0,
        0.0,
        0.0,
        0.0,
        0.0,
        0.0,
        0.0,
        0.0,
        0.0,
        0.0,
        0.0,
        0.0,
        0.0,
        0.0,
        0.0
      ],
      "q99": [
        0.16867327690124512,
        2.6247382164001465,
        2.4619991779327393,
        0.10260188579559326,
        0.4894700050354004,
        0.33478832244873047,
        0.9997999668121338,
        1.140700101852417,
        2.5584399700164795,
        2.375034809112549,
        0.38632309436798096,
        0.7089241743087769,
        1.0296297073364258,
        0.9997999668121338,
        0.0,
        0.0,
        0.0,
        0.0,
        0.0,
        0.0,
        0.0,
        0.0,
        0.0,
        0.0,
        0.0,
        0.0,
        0.0,
        0.0,
        0.0,
        0.0,
        0.0,
        0.0
      ]
    }
  }
}