id,created_at,station_type,nfs_path,dir_present,has_action_left,has_action_right,status
01a082d1-06e0-78fa-b99d-9a358cc0f753,2026-09-08 21:00:40.989356+00:00,yam_0_61,/nfs/data/sz_34/20260908/episode_20260908_205852_000_223d3a8b.npy.mp4,N,N,N,dir_absent_on_deprod
01a082d1-a708-7182-af79-cf85cdbf0600,2026-09-08 21:01:20.229749+00:00,yam_0_61,/nfs/data/sz_34/20260908/episode_20260908_205933_000_a2dadd12.npy.mp4,N,N,N,dir_absent_on_deprod
01a082d2-4f00-7685-b26d-cbace8d14da2,2026-09-08 21:02:05.486699+00:00,yam_0_61,/nfs/data/sz_34/20260908/episode_20260908_210016_000_801cadb1.npy.mp4,N,N,N,dir_absent_on_deprod
01a082d2-f310-7226-bc36-f4599e709e20,2026-09-08 21:02:50.714635+00:00,yam_0_61,/nfs/data/sz_34/20260908/episode_20260908_210058_000_c2ae6144.npy.mp4,N,N,N,dir_absent_on_deprod
01a082d3-9ef0-71d3-8daa-7a86c6236f7a,2026-09-08 21:03:35.982026+00:00,yam_0_61,/nfs/data/sz_34/20260908/episode_20260908_210142_000_2e2562fd.npy.mp4,N,N,N,dir_absent_on_deprod
01a082d4-5a70-78ac-9c28-aa0b05dd4b0b,2026-09-08 21:04:21.217565+00:00,yam_0_61,/nfs/data/sz_34/20260908/episode_20260908_210230_000_653be940.npy.mp4,N,N,N,dir_absent_on_deprod
01a082d5-0a38-75b8-b944-658468c59f7a,2026-09-08 21:05:06.447974+00:00,yam_0_61,/nfs/data/sz_34/20260908/episode_20260908_210315_000_e9f041b6.npy.mp4,N,N,N,dir_absent_on_deprod
01a082d5-b618-755a-9c88-9feefe1c1589,2026-09-08 21:05:45.696986+00:00,yam_0_61,/nfs/data/sz_34/20260908/episode_20260908_210359_000_0521b917.npy.mp4,N,N,N,dir_absent_on_deprod
01a082d6-5a28-7be6-97ea-5e51420db55e,2026-09-08 21:06:30.934048+00:00,yam_0_61,/nfs/data/sz_34/20260908/episode_20260908_210441_000_a0ff2864.npy.mp4,N,N,N,dir_absent_on_deprod
01a082d6-fe38-7d00-b118-fca3ccccffe0,2026-09-08 21:07:10.177698+00:00,yam_0_61,/nfs/data/sz_34/20260908/episode_20260908_210523_000_40abda18.npy.mp4,N,N,N,dir_absent_on_deprod
01a082d7-a630-7db1-8e37-91ac0bab09d0,2026-09-08 21:07:55.428167+00:00,yam_0_61,/nfs/data/sz_34/20260908/episode_20260908_210606_000_0c89b5cf.npy.mp4,N,N,N,dir_absent_on_deprod
01a082d8-4e28-77f7-aa35-6b7ebf164192,2026-09-08 21:08:40.688459+00:00,yam_0_61,/nfs/data/sz_34/20260908/episode_20260908_210649_000_3a6f33f6.npy.mp4,N,N,N,dir_absent_on_deprod
01a082d8-fa08-7e9b-9180-0b8e029efaeb,2026-09-08 21:09:19.937777+00:00,yam_0_61,/nfs/data/sz_34/20260908/episode_20260908_210733_000_02d60b67.npy.mp4,N,N,N,dir_absent_on_deprod
01a082d9-9260-7755-8a99-15b28ae54d53,2026-09-08 21:09:59.172141+00:00,yam_0_61,/nfs/data/sz_34/20260908/episode_20260908_210812_000_e99d4434.npy.mp4,N,N,N,dir_absent_on_deprod
01a082db-0d48-7d05-921e-1f974309dee5,2026-09-08 21:11:49.465911+00:00,yam_0_61,/nfs/data/sz_34/20260908/episode_20260908_210949_000_e3b22d42.npy.mp4,N,N,N,dir_absent_on_deprod
01a082db-d868-741c-8c47-9c9f907d68f5,2026-09-08 21:12:29.728755+00:00,yam_0_61,/nfs/data/sz_34/20260908/episode_20260908_211041_000_f9ad8237.npy.mp4,N,N,N,dir_absent_on_deprod
01a082dc-7890-7a18-bacf-e76b5bf17d3b,2026-09-08 21:13:03.980441+00:00,yam_0_61,/nfs/data/sz_34/20260908/episode_20260908_211122_000_2415f81e.npy.mp4,N,N,N,dir_absent_on_deprod
01a082dd-14d0-7914-9af5-3410d4af0765,2026-09-08 21:13:48.208245+00:00,yam_0_61,/nfs/data/sz_34/20260908/episode_20260908_211202_000_495b5551.npy.mp4,N,N,N,dir_absent_on_deprod
01a082dd-b110-7dfe-845c-61ed24b13538,2026-09-08 21:14:27.482160+00:00,yam_0_61,/nfs/data/sz_34/20260908/episode_20260908_211242_000_2a143a6a.npy.mp4,N,N,N,dir_absent_on_deprod
01a082de-4d50-7ba9-9c1f-340fba3ca7e9,2026-09-08 21:15:07.706780+00:00,yam_0_61,/nfs/data/sz_34/20260908/episode_20260908_211322_000_8cac66bd.npy.mp4,N,N,N,dir_absent_on_deprod
01a082de-e1c0-71d3-b297-479a2295e0ec,2026-09-08 21:15:40.951419+00:00,yam_0_61,/nfs/data/sz_34/20260908/episode_20260908_211400_000_ef448cb0.npy.mp4,N,N,N,dir_absent_on_deprod
01a082df-89b8-74a9-b793-46b69db04861,2026-09-08 21:16:20.225933+00:00,yam_0_61,/nfs/data/sz_34/20260908/episode_20260908_211443_000_e9ecb148.npy.mp4,N,N,N,dir_absent_on_deprod
01a082e0-0e88-7d34-bace-529b069031ae,2026-09-08 21:16:59.474559+00:00,yam_0_61,/nfs/data/sz_34/20260908/episode_20260908_211517_000_3c3b3ec0.npy.mp4,N,N,N,dir_absent_on_deprod
01a082e0-a6e0-75c9-93ee-4af38c311101,2026-09-08 21:17:43.714728+00:00,yam_0_61,/nfs/data/sz_34/20260908/episode_20260908_211556_000_bde0638e.npy.mp4,N,N,N,dir_absent_on_deprod
01a082e1-4af0-7fc4-903d-730eb8fcfdf2,2026-09-08 21:18:22.961913+00:00,yam_0_61,/nfs/data/sz_34/20260908/episode_20260908_211638_000_9d1dba55.npy.mp4,N,N,N,dir_absent_on_deprod
01a082e2-0a58-73a9-b738-b102b7b1c5a3,2026-09-08 21:19:13.219145+00:00,yam_0_61,/nfs/data/sz_34/20260908/episode_20260908_211727_000_53f51ca0.npy.mp4,N,N,N,dir_absent_on_deprod
01a082e2-a698-7335-87fd-4e0c942f328b,2026-09-08 21:19:46.435789+00:00,yam_0_61,/nfs/data/sz_34/20260908/episode_20260908_211807_000_770de6dc.npy.mp4,N,N,N,dir_absent_on_deprod
01a082e3-3b08-70b0-8bfe-977c5817d3e4,2026-09-08 21:20:31.678003+00:00,yam_0_61,/nfs/data/sz_34/20260908/episode_20260908_211845_000_eafaa912.npy.mp4,N,N,N,dir_absent_on_deprod
01a082e3-db30-7fc1-86a6-9ffdcf5f27b0,2026-09-08 21:21:10.920554+00:00,yam_0_61,/nfs/data/sz_34/20260908/episode_20260908_211926_000_62bd368a.npy.mp4,N,N,N,dir_absent_on_deprod
01a082e4-7388-734b-b5bc-7f67da2f1372,2026-09-08 21:21:50.166067+00:00,yam_0_61,/nfs/data/sz_34/20260908/episode_20260908_212005_000_71caafc2.npy.mp4,N,N,N,dir_absent_on_deprod
01a082e5-1798-763e-96d5-51947cd2498b,2026-09-08 21:22:29.412999+00:00,yam_0_61,/nfs/data/sz_34/20260908/episode_20260908_212047_000_e476d3ba.npy.mp4,N,N,N,dir_absent_on_deprod
01a082e5-ac08-7dc0-aca5-36515495e8b9,2026-09-08 21:23:09.670147+00:00,yam_0_61,/nfs/data/sz_34/20260908/episode_20260908_212125_000_fc5b5799.npy.mp4,N,N,N,dir_absent_on_deprod
01a082e6-4c30-77f1-ae35-cee63cd912b3,2026-09-08 21:23:48.912748+00:00,yam_0_61,/nfs/data/sz_34/20260908/episode_20260908_212206_000_70809d81.npy.mp4,N,N,N,dir_absent_on_deprod
01a082e6-e0a0-7589-8e77-387ad67d1bc1,2026-09-08 21:24:28.156110+00:00,yam_0_61,/nfs/data/sz_34/20260908/episode_20260908_212244_000_fd04e558.npy.mp4,N,N,N,dir_absent_on_deprod
01a082e7-84b0-75eb-860b-c6b980d4c6a7,2026-09-08 21:25:07.427327+00:00,yam_0_61,/nfs/data/sz_34/20260908/episode_20260908_212326_000_33be85d0.npy.mp4,N,N,N,dir_absent_on_deprod
01a082e8-1538-7c08-ac1a-ae22cde04f18,2026-09-08 21:25:51.692638+00:00,yam_0_61,/nfs/data/sz_34/20260908/episode_20260908_212403_000_1a7054bc.npy.mp4,N,N,N,dir_absent_on_deprod
01a082e8-d0b8-7676-8268-41452325c9b1,2026-09-08 21:26:41.939221+00:00,yam_0_61,/nfs/data/sz_34/20260908/episode_20260908_212451_000_3b4539ac.npy.mp4,N,N,N,dir_absent_on_deprod
01a082e9-7c98-75f6-8df1-195990009a66,2026-09-08 21:27:27.186642+00:00,yam_0_61,/nfs/data/sz_34/20260908/episode_20260908_212535_000_4f13271f.npy.mp4,N,N,N,dir_absent_on_deprod
01a082ea-3048-7ce5-9e59-3f2aa909967d,2026-09-08 21:28:17.435211+00:00,yam_0_61,/nfs/data/sz_34/20260908/episode_20260908_212621_000_beccb730.npy.mp4,N,N,N,dir_absent_on_deprod
01a082ea-efb0-75d5-b17a-94f3d04a75b8,2026-09-08 21:29:02.694567+00:00,yam_0_61,/nfs/data/sz_34/20260908/episode_20260908_212710_000_6ad2825b.npy.mp4,N,N,N,dir_absent_on_deprod
01a082eb-c688-72b6-bf53-136ab75c0867,2026-09-08 21:29:51.937182+00:00,yam_0_61,/nfs/data/sz_34/20260908/episode_20260908_212805_000_02055c61.npy.mp4,N,N,N,dir_absent_on_deprod
01a082ec-7268-79fc-bfcd-a3fbf7468b93,2026-09-08 21:30:42.188462+00:00,yam_0_61,/nfs/data/sz_34/20260908/episode_20260908_212849_000_126958f9.npy.mp4,N,N,N,dir_absent_on_deprod
01a082ed-2230-7cba-84a0-53754c7314c6,2026-09-08 21:31:22.436839+00:00,yam_0_61,/nfs/data/sz_34/20260908/episode_20260908_212934_000_e1e2421a.npy.mp4,N,N,N,dir_absent_on_deprod
01a082ed-ca28-7f5e-adb3-cf9a1c94a7f1,2026-09-08 21:32:01.672807+00:00,yam_0_61,/nfs/data/sz_34/20260908/episode_20260908_213017_000_3d2f5f79.npy.mp4,N,N,N,dir_absent_on_deprod
01a082ee-6a50-7faa-bc80-b45e854bd9c1,2026-09-08 21:32:46.921225+00:00,yam_0_61,/nfs/data/sz_34/20260908/episode_20260908_213058_000_47d77b26.npy.mp4,N,N,N,dir_absent_on_deprod
01a082ef-0e60-7cd3-b6b4-f41115899ea4,2026-09-08 21:33:21.149850+00:00,yam_0_61,/nfs/data/sz_34/20260908/episode_20260908_213140_000_28da416e.npy.mp4,N,N,N,dir_absent_on_deprod
01a082ef-9b00-7dd5-b861-ddc03dc71913,2026-09-08 21:34:06.424260+00:00,yam_0_61,/nfs/data/sz_34/20260908/episode_20260908_213216_000_da20170e.npy.mp4,N,N,N,dir_absent_on_deprod
01a082f0-4eb0-71b8-88f6-bb19015a26ca,2026-09-08 21:34:50.682518+00:00,yam_0_61,/nfs/data/sz_34/20260908/episode_20260908_213302_000_6f4a84cc.npy.mp4,N,N,N,dir_absent_on_deprod
01a082f0-f6a8-7c1c-9224-102de0804f5a,2026-09-08 21:35:35.945544+00:00,yam_0_61,/nfs/data/sz_34/20260908/episode_20260908_213345_000_004c4ded.npy.mp4,N,N,N,dir_absent_on_deprod
01a082f1-aa58-766b-a7d6-8a2fe18b747a,2026-09-08 21:36:26.210025+00:00,yam_0_61,/nfs/data/sz_34/20260908/episode_20260908_213431_000_9b61550f.npy.mp4,N,N,N,dir_absent_on_deprod
01a082f2-6da8-7bc6-8775-2e18754f94e3,2026-09-08 21:37:11.461721+00:00,yam_0_61,/nfs/data/sz_34/20260908/episode_20260908_213521_000_fca8b88c.npy.mp4,N,N,N,dir_absent_on_deprod
01a082f3-1d70-705f-907b-a192502b0d00,2026-09-08 21:37:56.719261+00:00,yam_0_61,/nfs/data/sz_34/20260908/episode_20260908_213606_000_d0092526.npy.mp4,N,N,N,dir_absent_on_deprod
01a082f3-cd38-7524-94c3-0add545418bf,2026-09-08 21:38:40.995911+00:00,yam_0_61,/nfs/data/sz_34/20260908/episode_20260908_213651_000_78bb6c1e.npy.mp4,N,N,N,dir_absent_on_deprod
01a082f4-7918-7f82-81d1-0bc0a226edab,2026-09-08 21:39:26.315469+00:00,yam_0_61,/nfs/data/sz_34/20260908/episode_20260908_213735_000_92b5064a.npy.mp4,N,N,N,dir_absent_on_deprod
01a082f5-4c08-7918-8412-341061c826fa,2026-09-08 21:40:21.602271+00:00,yam_0_61,/nfs/data/sz_34/20260908/episode_20260908_213829_000_71310511.npy.mp4,N,N,N,dir_absent_on_deprod
01a082f5-f7e8-7301-8896-b39041925be3,2026-09-08 21:41:06.964024+00:00,yam_0_61,/nfs/data/sz_34/20260908/episode_20260908_213913_000_425bba60.npy.mp4,N,N,N,dir_absent_on_deprod
01a082f6-ab98-7509-9f65-719ea5e9d79c,2026-09-08 21:41:52.208238+00:00,yam_0_61,/nfs/data/sz_34/20260908/episode_20260908_213959_000_430d527e.npy.mp4,N,N,N,dir_absent_on_deprod
01a082f7-5b60-7f42-bc8e-d9d773453511,2026-09-08 21:42:42.481708+00:00,yam_0_61,/nfs/data/sz_34/20260908/episode_20260908_214044_000_39f875ba.npy.mp4,N,N,N,dir_absent_on_deprod
01a082f8-3df0-75f2-8846-d9947c1135ae,2026-09-08 21:43:26.733604+00:00,yam_0_61,/nfs/data/sz_34/20260908/episode_20260908_214142_000_32db41c9.npy.mp4,N,N,N,dir_absent_on_deprod
01a082f8-e5e8-71f0-a1b7-93fc03e0f786,2026-09-08 21:44:11.997254+00:00,yam_0_61,/nfs/data/sz_34/20260908/episode_20260908_214225_000_8c06d96c.npy.mp4,N,N,N,dir_absent_on_deprod
01a082f9-8de0-7156-850e-39b5bbee94d8,2026-09-08 21:45:02.232854+00:00,yam_0_61,/nfs/data/sz_34/20260908/episode_20260908_214308_000_27b02ae7.npy.mp4,N,N,N,dir_absent_on_deprod
01a082fa-4960-79f0-beb4-482382d3ed5e,2026-09-08 21:45:52.491242+00:00,yam_0_61,/nfs/data/sz_34/20260908/episode_20260908_214356_000_ce585722.npy.mp4,N,N,N,dir_absent_on_deprod
01a082fb-04e0-7e1d-93c8-7065f0d12374,2026-09-08 21:46:32.744510+00:00,yam_0_61,/nfs/data/sz_34/20260908/episode_20260908_214444_000_2823d08f.npy.mp4,N,N,N,dir_absent_on_deprod
01a082fb-bc78-7240-bb85-433e15893071,2026-09-08 21:47:18.005479+00:00,yam_0_61,/nfs/data/sz_34/20260908/episode_20260908_214531_000_d4442947.npy.mp4,N,N,N,dir_absent_on_deprod
01a082fc-6088-7ea3-89a1-7b3e4b75afa5,2026-09-08 21:48:02.262039+00:00,yam_0_61,/nfs/data/sz_34/20260908/episode_20260908_214613_000_4874647c.npy.mp4,N,N,N,dir_absent_on_deprod
01a082fd-0c68-7f0f-b94b-accac572a09e,2026-09-08 21:48:47.517420+00:00,yam_0_61,/nfs/data/sz_34/20260908/episode_20260908_214657_000_c636ad26.npy.mp4,N,N,N,dir_absent_on_deprod
01a082fd-b078-71bc-b5b7-421d8e02eea1,2026-09-08 21:49:21.741230+00:00,yam_0_61,/nfs/data/sz_34/20260908/episode_20260908_214739_000_80365579.npy.mp4,N,N,N,dir_absent_on_deprod
01a082fe-44e8-752f-b117-13eb1faa236a,2026-09-08 21:50:01.003105+00:00,yam_0_61,/nfs/data/sz_34/20260908/episode_20260908_214817_000_a4280535.npy.mp4,N,N,N,dir_absent_on_deprod
01a082fe-e128-78b0-8dba-2f71527906d8,2026-09-08 21:50:51.264747+00:00,yam_0_61,/nfs/data/sz_34/20260908/episode_20260908_214857_000_39bec8e7.npy.mp4,N,N,N,dir_absent_on_deprod
01a082ff-94d8-7443-9d43-a8f3b139479c,2026-09-08 21:51:36.520968+00:00,yam_0_61,/nfs/data/sz_34/20260908/episode_20260908_214943_000_a80f38a2.npy.mp4,N,N,N,dir_absent_on_deprod
01a08300-4c70-757c-af22-6ffd8123fabd,2026-09-08 21:52:21.757952+00:00,yam_0_61,/nfs/data/sz_34/20260908/episode_20260908_215030_000_cc86e995.npy.mp4,N,N,N,dir_absent_on_deprod
01a08301-07f0-7079-a8c5-65b9610f95ee,2026-09-08 21:53:18.021199+00:00,yam_0_61,/nfs/data/sz_34/20260908/episode_20260908_215118_000_367aa1fa.npy.mp4,N,N,N,dir_absent_on_deprod
01a08301-d310-769c-9c28-53e72415ff71,2026-09-08 21:53:58.250273+00:00,yam_0_61,/nfs/data/sz_34/20260908/episode_20260908_215210_000_8323cd39.npy.mp4,N,N,N,dir_absent_on_deprod
01a08302-7338-7c87-96d7-860182049e06,2026-09-08 21:54:37.473032+00:00,yam_0_61,/nfs/data/sz_34/20260908/episode_20260908_215251_000_c55dea40.npy.mp4,N,N,N,dir_absent_on_deprod
01a08303-1748-7c27-84e3-0df1564bcbc1,2026-09-08 21:55:22.738857+00:00,yam_0_61,/nfs/data/sz_34/20260908/episode_20260908_215333_000_2daea4a4.npy.mp4,N,N,N,dir_absent_on_deprod
01a08303-bb58-7566-b2e6-f3d8fdbb1669,2026-09-08 21:56:01.966534+00:00,yam_0_61,/nfs/data/sz_34/20260908/episode_20260908_215415_000_f5c93011.npy.mp4,N,N,N,dir_absent_on_deprod
01a08304-6350-79d5-b3a2-3ba0b8632642,2026-09-08 21:56:58.212730+00:00,yam_0_61,/nfs/data/sz_34/20260908/episode_20260908_215458_000_cdadd995.npy.mp4,N,N,N,dir_absent_on_deprod
01a08305-3640-70e3-bfb6-280540d5f25f,2026-09-08 21:57:48.457254+00:00,yam_0_61,/nfs/data/sz_34/20260908/episode_20260908_215552_000_01e6bc31.npy.mp4,N,N,N,dir_absent_on_deprod
01a08305-f5a8-7631-b6e8-92a91d157d45,2026-09-08 21:58:33.685668+00:00,yam_0_61,/nfs/data/sz_34/20260908/episode_20260908_215641_000_fdee144b.npy.mp4,N,N,N,dir_absent_on_deprod
01a08308-0118-7931-99ef-dca000dd6374,2026-09-08 22:00:38.007694+00:00,yam_0_61,/nfs/data/sz_34/20260908/episode_20260908_215855_000_c48bb475.npy.mp4,N,N,N,dir_absent_on_deprod
01a08308-9d58-75d6-b341-25103fee89b8,2026-09-08 22:01:23.267238+00:00,yam_0_61,/nfs/data/sz_34/20260908/episode_20260908_215935_000_35a7a374.npy.mp4,N,N,N,dir_absent_on_deprod
01a08309-58d8-76a1-954b-b56e909d7327,2026-09-08 22:02:12.518103+00:00,yam_0_61,/nfs/data/sz_34/20260908/episode_20260908_220023_000_7643daf6.npy.mp4,N,N,N,dir_absent_on_deprod
01a0830a-00d0-7534-8e27-6eab5d193828,2026-09-08 22:03:03.805162+00:00,yam_0_61,/nfs/data/sz_34/20260908/episode_20260908_220106_000_4165b588.npy.mp4,N,N,N,dir_absent_on_deprod
01a0830a-d3c0-76ce-9a3c-b3606f646ffc,2026-09-08 22:03:48.053368+00:00,yam_0_61,/nfs/data/sz_34/20260908/episode_20260908_220200_000_bb959ee9.npy.mp4,N,N,N,dir_absent_on_deprod
01a0830b-7fa0-7bbc-a386-21c17c4eaab6,2026-09-08 22:04:33.325031+00:00,yam_0_61,/nfs/data/sz_34/20260908/episode_20260908_220244_000_609e0b7e.npy.mp4,N,N,N,dir_absent_on_deprod
01a0830c-2f68-7339-bc25-8d509506a0f8,2026-09-08 22:05:23.627140+00:00,yam_0_61,/nfs/data/sz_34/20260908/episode_20260908_220329_000_8bf7fb9e.npy.mp4,N,N,N,dir_absent_on_deprod
01a0830c-e700-72d9-b1c6-cbe72b63e270,2026-09-08 22:05:57.882569+00:00,yam_0_61,/nfs/data/sz_34/20260908/episode_20260908_220416_000_653ff5c5.npy.mp4,N,N,N,dir_absent_on_deprod
01a0830d-73a0-788c-ba08-7953ce896d17,2026-09-08 22:06:32.146253+00:00,yam_0_61,/nfs/data/sz_34/20260908/episode_20260908_220452_000_0391124f.npy.mp4,N,N,N,dir_absent_on_deprod
01a0830e-0810-7ee2-a66c-431a05699dda,2026-09-08 22:07:16.471469+00:00,yam_0_61,/nfs/data/sz_34/20260908/episode_20260908_220530_000_65ca0c9b.npy.mp4,N,N,N,dir_absent_on_deprod
01a0830e-ac20-714a-8050-c66df2b80265,2026-09-08 22:08:01.746101+00:00,yam_0_61,/nfs/data/sz_34/20260908/episode_20260908_220612_000_68011733.npy.mp4,N,N,N,dir_absent_on_deprod
01a0830f-5418-7c9d-b52a-8bc9cef659c0,2026-09-08 22:08:47.018443+00:00,yam_0_61,/nfs/data/sz_34/20260908/episode_20260908_220655_000_34c044a8.npy.mp4,N,N,N,dir_absent_on_deprod
01a08310-03e0-7ee1-af19-7c35043f4bb9,2026-09-08 22:09:32.294097+00:00,yam_0_61,/nfs/data/sz_34/20260908/episode_20260908_220740_000_a069c36d.npy.mp4,N,N,N,dir_absent_on_deprod
01a08310-b3a8-7d65-8386-e5f246eceba2,2026-09-08 22:10:17.585124+00:00,yam_0_61,/nfs/data/sz_34/20260908/episode_20260908_220825_000_a0759a0a.npy.mp4,N,N,N,dir_absent_on_deprod
01a08311-5f88-738e-ab28-a05f0b34f715,2026-09-08 22:11:02.859232+00:00,yam_0_61,/nfs/data/sz_34/20260908/episode_20260908_220909_000_2189402c.npy.mp4,N,N,N,dir_absent_on_deprod
01a08312-1ef0-758d-be72-2ce048f5ea1a,2026-09-08 22:11:59.128687+00:00,yam_0_61,/nfs/data/sz_34/20260908/episode_20260908_220958_000_e21471a0.npy.mp4,N,N,N,dir_absent_on_deprod
01a08312-f1e0-769e-bebb-6848ced9919a,2026-09-08 22:12:44.398053+00:00,yam_0_61,/nfs/data/sz_34/20260908/episode_20260908_221052_000_5f701ac7.npy.mp4,N,N,N,dir_absent_on_deprod
01a08313-ad60-7aab-8fce-dc006b81da99,2026-09-08 22:13:23.651099+00:00,yam_0_61,/nfs/data/sz_34/20260908/episode_20260908_221140_000_e913c9dc.npy.mp4,N,N,N,dir_absent_on_deprod
01a08314-4d88-7bb9-8090-7e6efb5f4a87,2026-09-08 22:14:08.914043+00:00,yam_0_61,/nfs/data/sz_34/20260908/episode_20260908_221221_000_fd29ce93.npy.mp4,N,N,N,dir_absent_on_deprod
01a08314-f580-7989-85eb-3628f801512d,2026-09-08 22:14:59.177455+00:00,yam_0_61,/nfs/data/sz_34/20260908/episode_20260908_221304_000_2ceedfb1.npy.mp4,N,N,N,dir_absent_on_deprod
01a08315-ad18-7f52-bcd8-acbb2029a6a7,2026-09-08 22:15:38.455509+00:00,yam_0_61,/nfs/data/sz_34/20260908/episode_20260908_221351_000_486ccc8b.npy.mp4,N,N,N,dir_absent_on_deprod
01a08316-58f8-7c38-a772-b3432aadb04f,2026-09-08 22:16:28.772963+00:00,yam_0_61,/nfs/data/sz_34/20260908/episode_20260908_221435_000_a6ea8b00.npy.mp4,N,N,N,dir_absent_on_deprod
01a08317-1860-7d86-881e-af3397ead027,2026-09-08 22:17:20.042586+00:00,yam_0_61,/nfs/data/sz_34/20260908/episode_20260908_221524_000_7b52b981.npy.mp4,N,N,N,dir_absent_on_deprod
01a08317-d3e0-7148-8766-e5a6b1b532d6,2026-09-08 22:18:04.298685+00:00,yam_0_61,/nfs/data/sz_34/20260908/episode_20260908_221612_000_b98b2a21.npy.mp4,N,N,N,dir_absent_on_deprod
01a08318-a6d0-7e08-b321-f58642b2b000,2026-09-08 22:18:49.576015+00:00,yam_0_61,/nfs/data/sz_34/20260908/episode_20260908_221706_000_e48b9272.npy.mp4,N,N,N,dir_absent_on_deprod
01a08319-4310-7018-ac57-f1b1e30dc171,2026-09-08 22:19:39.843925+00:00,yam_0_61,/nfs/data/sz_34/20260908/episode_20260908_221746_000_46263ef5.npy.mp4,N,N,N,dir_absent_on_deprod
01a08319-faa8-70a7-8fe8-4853dbae7aa1,2026-09-08 22:20:30.093469+00:00,yam_0_61,/nfs/data/sz_34/20260908/episode_20260908_221833_000_3e87c728.npy.mp4,N,N,N,dir_absent_on_deprod
01a0831a-b628-7e3a-b882-e7c646fbe9ac,2026-09-08 22:21:20.406731+00:00,yam_0_61,/nfs/data/sz_34/20260908/episode_20260908_221921_000_07c3905e.npy.mp4,N,N,N,dir_absent_on_deprod
01a0831b-90e8-7e98-be37-cf3a79611d31,2026-09-08 22:22:05.685266+00:00,yam_0_61,/nfs/data/sz_34/20260908/episode_20260908_222017_000_b43f8379.npy.mp4,N,N,N,dir_absent_on_deprod
01a0831c-40b0-7448-b338-ed19714dab41,2026-09-08 22:22:55.958879+00:00,yam_0_61,/nfs/data/sz_34/20260908/episode_20260908_222102_000_7e4e7e68.npy.mp4,N,N,N,dir_absent_on_deprod
01a0831c-f460-70a5-af3e-9e863a8cf415,2026-09-08 22:23:41.211058+00:00,yam_0_61,/nfs/data/sz_34/20260908/episode_20260908_222148_000_7ac42d39.npy.mp4,N,N,N,dir_absent_on_deprod
01a0831d-a428-7c92-b4af-7707358345eb,2026-09-08 22:24:15.464168+00:00,yam_0_61,/nfs/data/sz_34/20260908/episode_20260908_222233_000_1d56449c.npy.mp4,N,N,N,dir_absent_on_deprod
01a0831e-3c80-7be7-a277-da8f000ce1ad,2026-09-08 22:25:05.730207+00:00,yam_0_61,/nfs/data/sz_34/20260908/episode_20260908_222312_000_35ff3369.npy.mp4,N,N,N,dir_absent_on_deprod
01a0831e-ffd0-7678-bf3a-7d89aeef1562,2026-09-08 22:25:50.978087+00:00,yam_0_61,/nfs/data/sz_34/20260908/episode_20260908_222402_000_3c266c8f.npy.mp4,N,N,N,dir_absent_on_deprod
01a0831f-b380-780a-a92c-1154dff4e66a,2026-09-08 22:26:36.248199+00:00,yam_0_61,/nfs/data/sz_34/20260908/episode_20260908_222448_000_9bbb7e7e.npy.mp4,N,N,N,dir_absent_on_deprod
01a08320-53a8-79bf-ab56-8dd9ecc7ea05,2026-09-08 22:27:15.498400+00:00,yam_0_61,/nfs/data/sz_34/20260908/episode_20260908_222529_000_c9e5ef62.npy.mp4,N,N,N,dir_absent_on_deprod
01a08320-f7b8-781a-9722-78b1c7cdbce9,2026-09-08 22:28:00.756809+00:00,yam_0_61,/nfs/data/sz_34/20260908/episode_20260908_222611_000_42cc63f9.npy.mp4,N,N,N,dir_absent_on_deprod
01a08321-9fb0-7bdc-9864-aac4c82b8e9d,2026-09-08 22:28:41.037389+00:00,yam_0_61,/nfs/data/sz_34/20260908/episode_20260908_222654_000_f353ca61.npy.mp4,N,N,N,dir_absent_on_deprod
01a08322-3fd8-7000-924e-e42801610bd5,2026-09-08 22:29:25.294686+00:00,yam_0_61,/nfs/data/sz_34/20260908/episode_20260908_222735_000_d1af1497.npy.mp4,N,N,N,dir_absent_on_deprod
01a08322-e7d0-77c7-adcf-aa5bad655578,2026-09-08 22:30:05.557968+00:00,yam_0_61,/nfs/data/sz_34/20260908/episode_20260908_222818_000_bf508df5.npy.mp4,N,N,N,dir_absent_on_deprod
01a08323-8be0-7de0-8c1c-d05ecf793769,2026-09-08 22:30:50.836403+00:00,yam_0_61,/nfs/data/sz_34/20260908/episode_20260908_222900_000_723f5b88.npy.mp4,N,N,N,dir_absent_on_deprod
01a08324-3f90-7d9e-ab91-46e458874538,2026-09-08 22:31:41.109910+00:00,yam_0_61,/nfs/data/sz_34/20260908/episode_20260908_222946_000_83ba1c6f.npy.mp4,N,N,N,dir_absent_on_deprod
01a08324-fb10-757f-8527-8a44341182ad,2026-09-08 22:32:20.381150+00:00,yam_0_61,/nfs/data/sz_34/20260908/episode_20260908_223034_000_8dc36de4.npy.mp4,N,N,N,dir_absent_on_deprod
01a08325-9b38-7c10-8918-125f13565128,2026-09-08 22:33:05.659863+00:00,yam_0_61,/nfs/data/sz_34/20260908/episode_20260908_223115_000_4d725f61.npy.mp4,N,N,N,dir_absent_on_deprod
01a08326-4b00-7c3f-8030-140ab2ee72d0,2026-09-08 22:33:56.925455+00:00,yam_0_61,/nfs/data/sz_34/20260908/episode_20260908_223200_000_975e0778.npy.mp4,N,N,N,dir_absent_on_deprod
01a08327-0680-7b75-a5a0-6e95a0b1c7cd,2026-09-08 22:34:42.181799+00:00,yam_0_61,/nfs/data/sz_34/20260908/episode_20260908_223248_000_add41eb5.npy.mp4,N,N,N,dir_absent_on_deprod
01a08327-c5e8-7b4c-8956-94be6eb31c80,2026-09-08 22:35:32.448074+00:00,yam_0_61,/nfs/data/sz_34/20260908/episode_20260908_223337_000_4fd5bc4a.npy.mp4,N,N,N,dir_absent_on_deprod
01a08328-8550-797f-bfc1-1aded002d095,2026-09-08 22:36:17.728855+00:00,yam_0_61,/nfs/data/sz_34/20260908/episode_20260908_223426_000_383aea1a.npy.mp4,N,N,N,dir_absent_on_deprod
01a08329-40d0-7adf-be55-f01068c812a6,2026-09-08 22:37:02.970254+00:00,yam_0_61,/nfs/data/sz_34/20260908/episode_20260908_223514_000_52958ecb.npy.mp4,N,N,N,dir_absent_on_deprod
01a08329-ecb0-74e3-983c-4607bfa4bfa1,2026-09-08 22:37:53.236181+00:00,yam_0_61,/nfs/data/sz_34/20260908/episode_20260908_223558_000_3d7beb5a.npy.mp4,N,N,N,dir_absent_on_deprod
01a0832a-a830-7528-bc62-830536233bdf,2026-09-08 22:38:38.504125+00:00,yam_0_61,/nfs/data/sz_34/20260908/episode_20260908_223646_000_37871920.npy.mp4,N,N,N,dir_absent_on_deprod
01a0832b-5be0-724e-9eec-8f988354acea,2026-09-08 22:39:23.770473+00:00,yam_0_61,/nfs/data/sz_34/20260908/episode_20260908_223732_000_57b0e7d6.npy.mp4,N,N,N,dir_absent_on_deprod
01a0832c-1378-7b7d-9d9e-ea100d60d490,2026-09-08 22:40:14.004541+00:00,yam_0_61,/nfs/data/sz_34/20260908/episode_20260908_223819_000_c086f95f.npy.mp4,N,N,N,dir_absent_on_deprod
01a0832c-d6c8-7e06-a2f7-df41dbc1917b,2026-09-08 22:41:10.267966+00:00,yam_0_61,/nfs/data/sz_34/20260908/episode_20260908_223909_000_fc9e990c.npy.mp4,N,N,N,dir_absent_on_deprod
01a0832d-a5d0-79f2-8210-c305db7ee8c6,2026-09-08 22:41:55.517827+00:00,yam_0_61,/nfs/data/sz_34/20260908/episode_20260908_224002_000_39fcb248.npy.mp4,N,N,N,dir_absent_on_deprod
01a0832e-6920-7648-88e1-50a5bbec56ab,2026-09-08 22:42:46.773907+00:00,yam_0_61,/nfs/data/sz_34/20260908/episode_20260908_224052_000_539853ac.npy.mp4,N,N,N,dir_absent_on_deprod
01a0832f-20b8-7857-b359-3688c28f26e0,2026-09-08 22:43:37.035933+00:00,yam_0_61,/nfs/data/sz_34/20260908/episode_20260908_224139_000_148b0baa.npy.mp4,N,N,N,dir_absent_on_deprod
01a0832f-e7f0-72c8-87bf-bcf760e8b476,2026-09-08 22:44:22.286915+00:00,yam_0_61,/nfs/data/sz_34/20260908/episode_20260908_224230_000_a4b9ada0.npy.mp4,N,N,N,dir_absent_on_deprod
01a08330-93d0-707b-91c6-c80e6a963d44,2026-09-08 22:45:07.549919+00:00,yam_0_61,/nfs/data/sz_34/20260908/episode_20260908_224314_000_2b7e08ab.npy.mp4,N,N,N,dir_absent_on_deprod
01a08331-4b68-7d96-ac51-3c3f686ffa7e,2026-09-08 22:45:47.804809+00:00,yam_0_61,/nfs/data/sz_34/20260908/episode_20260908_224401_000_a2c9067a.npy.mp4,N,N,N,dir_absent_on_deprod
01a08331-fb30-7fa8-9eb1-9a81ae2f1881,2026-09-08 22:46:38.069537+00:00,yam_0_61,/nfs/data/sz_34/20260908/episode_20260908_224446_000_9307375e.npy.mp4,N,N,N,dir_absent_on_deprod
01a08332-b6b0-7455-b8f1-ce52edcf97ea,2026-09-08 22:47:23.315140+00:00,yam_0_61,/nfs/data/sz_34/20260908/episode_20260908_224534_000_032c9463.npy.mp4,N,N,N,dir_absent_on_deprod
01a08333-6678-7285-ac55-124de174869f,2026-09-08 22:48:07.588448+00:00,yam_0_61,/nfs/data/sz_34/20260908/episode_20260908_224619_000_e65a2775.npy.mp4,N,N,N,dir_absent_on_deprod
01a08334-0e70-7920-a9f0-bf2c53ebe68f,2026-09-08 22:48:52.843489+00:00,yam_0_61,/nfs/data/sz_34/20260908/episode_20260908_224702_000_fc8a816f.npy.mp4,N,N,N,dir_absent_on_deprod
01a08334-c608-7a0f-afea-ebba7968b269,2026-09-08 22:49:38.100773+00:00,yam_0_61,/nfs/data/sz_34/20260908/episode_20260908_224749_000_d606a341.npy.mp4,N,N,N,dir_absent_on_deprod
01a08335-6a18-70a8-832e-8fad3b2f25c6,2026-09-08 22:50:23.372400+00:00,yam_0_61,/nfs/data/sz_34/20260908/episode_20260908_224831_000_d1ec4e28.npy.mp4,N,N,N,dir_absent_on_deprod
01a08336-1dc8-753d-9ae0-433a5f557f80,2026-09-08 22:51:02.641802+00:00,yam_0_61,/nfs/data/sz_34/20260908/episode_20260908_224917_000_b749e310.npy.mp4,N,N,N,dir_absent_on_deprod
01a08336-b238-70c5-a0d3-d58c3e10f16b,2026-09-08 22:51:42.918923+00:00,yam_0_61,/nfs/data/sz_34/20260908/episode_20260908_224955_000_318aebc9.npy.mp4,N,N,N,dir_absent_on_deprod
01a08337-5a30-75d5-a733-ae535b251faf,2026-09-08 22:52:22.151293+00:00,yam_0_61,/nfs/data/sz_34/20260908/episode_20260908_225038_000_ee6d005b.npy.mp4,N,N,N,dir_absent_on_deprod
01a08338-09f8-7ace-8b34-c7262f973356,2026-09-08 22:53:12.418199+00:00,yam_0_61,/nfs/data/sz_34/20260908/episode_20260908_225123_000_d6e2972e.npy.mp4,N,N,N,dir_absent_on_deprod
01a08338-bda8-7895-9365-701d20a333bb,2026-09-08 22:54:02.659154+00:00,yam_0_61,/nfs/data/sz_34/20260908/episode_20260908_225209_000_b5787b6d.npy.mp4,N,N,N,dir_absent_on_deprod
01a0833a-4830-703a-a972-4556a9fe942e,2026-09-08 22:55:45.970648+00:00,yam_0_61,/nfs/data/sz_34/20260908/episode_20260908_225350_000_0fa73700.npy.mp4,N,N,N,dir_absent_on_deprod
01a0833b-1738-73cd-9a5c-eb9ff3bc3168,2026-09-08 22:56:31.230463+00:00,yam_0_61,/nfs/data/sz_34/20260908/episode_20260908_225443_000_bc081423.npy.mp4,N,N,N,dir_absent_on_deprod
01a0833b-b760-7a54-b990-010c4e6c0b85,2026-09-08 22:56:59.467504+00:00,yam_0_61,/nfs/data/sz_34/20260908/episode_20260908_225524_000_d48e2256.npy.mp4,N,N,N,dir_absent_on_deprod
01a0833c-3c30-7c28-b06d-a17cb7828bb6,2026-09-08 22:57:43.729128+00:00,yam_0_61,/nfs/data/sz_34/20260908/episode_20260908_225558_000_1d19bfe4.npy.mp4,N,N,N,dir_absent_on_deprod
01a0833c-d870-7a07-ac27-dd5f235d9641,2026-09-08 22:58:29.013123+00:00,yam_0_61,/nfs/data/sz_34/20260908/episode_20260908_225638_000_11116bc2.npy.mp4,N,N,N,dir_absent_on_deprod
01a0833d-8838-7d07-b7cf-bf6bafb795bb,2026-09-08 22:59:14.283994+00:00,yam_0_61,/nfs/data/sz_34/20260908/episode_20260908_225723_000_76e29474.npy.mp4,N,N,N,dir_absent_on_deprod
01a0833e-3be8-7bc6-846a-f1b9adfdddc1,2026-09-08 22:59:59.539841+00:00,yam_0_61,/nfs/data/sz_34/20260908/episode_20260908_225809_000_116ae765.npy.mp4,N,N,N,dir_absent_on_deprod
01a0833e-fb50-72bb-98d0-ba1146d94a5e,2026-09-08 23:00:54.835229+00:00,yam_0_61,/nfs/data/sz_34/20260908/episode_20260908_225858_000_a9de2aca.npy.mp4,N,N,N,dir_absent_on_deprod
01a0833f-c288-7622-a58e-df6f6dc2dfcc,2026-09-08 23:01:35.086159+00:00,yam_0_61,/nfs/data/sz_34/20260908/episode_20260908_225949_000_74ebf00e.npy.mp4,N,N,N,dir_absent_on_deprod
01a08340-62b0-7e0c-b1b0-d1c7a10bd261,2026-09-08 23:02:19.744140+00:00,yam_0_61,/nfs/data/sz_34/20260908/episode_20260908_230030_000_5791df49.npy.mp4,N,N,N,dir_absent_on_deprod
01a08341-06c0-7b3c-af8f-3a0ca38fabbe,2026-09-08 23:02:59.020015+00:00,yam_0_61,/nfs/data/sz_34/20260908/episode_20260908_230112_000_e41f6112.npy.mp4,N,N,N,dir_absent_on_deprod
01a08341-aeb8-7b01-875c-0b7d0e468f02,2026-09-08 23:03:44.305777+00:00,yam_0_61,/nfs/data/sz_34/20260908/episode_20260908_230155_000_bae0edee.npy.mp4,N,N,N,dir_absent_on_deprod
01a08342-56b0-76a0-8c19-d7d14c708849,2026-09-08 23:04:29.755137+00:00,yam_0_61,/nfs/data/sz_34/20260908/episode_20260908_230238_000_f291d16b.npy.mp4,N,N,N,dir_absent_on_deprod
01a08343-0290-7c9e-9179-cbfddea48730,2026-09-08 23:05:09.156358+00:00,yam_0_61,/nfs/data/sz_34/20260908/episode_20260908_230322_000_3169b643.npy.mp4,N,N,N,dir_absent_on_deprod
01a08343-9ae8-75b8-8013-d89ff7717ccc,2026-09-08 23:05:48.407515+00:00,yam_0_61,/nfs/data/sz_34/20260908/episode_20260908_230401_000_d6d69715.npy.mp4,N,N,N,dir_absent_on_deprod
01a08344-3ef8-7c7c-b9df-76b440e7cc5a,2026-09-08 23:06:22.679653+00:00,yam_0_61,/nfs/data/sz_34/20260908/episode_20260908_230443_000_2464f5eb.npy.mp4,N,N,N,dir_absent_on_deprod
01a08344-cf80-7ced-b4dc-9ce011ec861d,2026-09-08 23:07:06.980074+00:00,yam_0_61,/nfs/data/sz_34/20260908/episode_20260908_230520_000_f5532946.npy.mp4,N,N,N,dir_absent_on_deprod
01a08345-6fa8-78e6-a170-c7fcdc896d6c,2026-09-08 23:07:52.256737+00:00,yam_0_61,/nfs/data/sz_34/20260908/episode_20260908_230601_000_877efafd.npy.mp4,N,N,N,dir_absent_on_deprod
01a08346-2358-749c-9436-b93b1f5563a9,2026-09-08 23:08:42.528311+00:00,yam_0_61,/nfs/data/sz_34/20260908/episode_20260908_230647_000_ef06d4c7.npy.mp4,N,N,N,dir_absent_on_deprod
01a08346-d708-722f-97dd-7cf301d81e31,2026-09-08 23:09:22.823372+00:00,yam_0_61,/nfs/data/sz_34/20260908/episode_20260908_230733_000_78f87c08.npy.mp4,N,N,N,dir_absent_on_deprod
01a08347-82e8-72a9-a738-7f1302843e5a,2026-09-08 23:10:07.558950+00:00,yam_0_61,/nfs/data/sz_34/20260908/episode_20260908_230817_000_65136645.npy.mp4,N,N,N,dir_absent_on_deprod
01a08348-3698-7835-90ef-5fe17cc5d33d,2026-09-08 23:10:52.852092+00:00,yam_0_61,/nfs/data/sz_34/20260908/episode_20260908_230903_000_1ee5ee18.npy.mp4,N,N,N,dir_absent_on_deprod
01a08348-ea48-74a6-846d-b571c8b6e756,2026-09-08 23:11:32.163604+00:00,yam_0_61,/nfs/data/sz_34/20260908/episode_20260908_230949_000_24df81cc.npy.mp4,N,N,N,dir_absent_on_deprod
01a08349-7ad0-7827-825e-c729e8175ea9,2026-09-08 23:12:11.442573+00:00,yam_0_61,/nfs/data/sz_34/20260908/episode_20260908_231026_000_99c3788e.npy.mp4,N,N,N,dir_absent_on_deprod
01a0834a-1328-7536-8e99-f75c9798f3de,2026-09-08 23:12:50.690540+00:00,yam_0_61,/nfs/data/sz_34/20260908/episode_20260908_231105_000_1dd2149a.npy.mp4,N,N,N,dir_absent_on_deprod
01a0834a-a798-7b25-b2da-774e36d03c59,2026-09-08 23:13:35.993486+00:00,yam_0_61,/nfs/data/sz_34/20260908/episode_20260908_231143_000_e8d187b1.npy.mp4,N,N,N,dir_absent_on_deprod
01a0834b-5f30-7529-8557-cf6194178bdf,2026-09-08 23:14:21.273879+00:00,yam_0_61,/nfs/data/sz_34/20260908/episode_20260908_231230_000_99842b8d.npy.mp4,N,N,N,dir_absent_on_deprod
01a0834c-0b10-7714-a4fa-2e087ad61a91,2026-09-08 23:15:00.540210+00:00,yam_0_61,/nfs/data/sz_34/20260908/episode_20260908_231314_000_bc272f7d.npy.mp4,N,N,N,dir_absent_on_deprod
01a0834c-ab38-7bb8-acc9-a4ad22c0b529,2026-09-08 23:15:44.816098+00:00,yam_0_61,/nfs/data/sz_34/20260908/episode_20260908_231355_000_4cdfb6e0.npy.mp4,N,N,N,dir_absent_on_deprod
01a0834d-c478-733b-a1d9-d9696a277d6c,2026-09-08 23:16:49.109081+00:00,yam_0_61,/nfs/data/sz_34/20260908/episode_20260908_231507_000_ca320e48.npy.mp4,N,N,N,dir_absent_on_deprod
01a0834e-5cd0-763c-890e-a1f8b482bf2c,2026-09-08 23:17:39.395178+00:00,yam_0_61,/nfs/data/sz_34/20260908/episode_20260908_231546_000_7d02104b.npy.mp4,N,N,N,dir_absent_on_deprod
01a0834f-0c98-7347-ae84-2b4fe2bb7c9b,2026-09-08 23:18:19.669877+00:00,yam_0_61,/nfs/data/sz_34/20260908/episode_20260908_231631_000_72f1d450.npy.mp4,N,N,N,dir_absent_on_deprod
01a0834f-c430-781f-a0c9-559d7b856e89,2026-09-08 23:18:57.946867+00:00,yam_0_61,/nfs/data/sz_34/20260908/episode_20260908_231718_000_571e8025.npy.mp4,N,N,N,dir_absent_on_deprod
01a08350-54b8-71de-a42c-28b0056d0735,2026-09-08 23:19:48.240196+00:00,yam_0_61,/nfs/data/sz_34/20260908/episode_20260908_231755_000_1b700ee1.npy.mp4,N,N,N,dir_absent_on_deprod
01a08351-0868-781c-8d4e-882ee593af06,2026-09-08 23:20:28.545834+00:00,yam_0_61,/nfs/data/sz_34/20260908/episode_20260908_231841_000_a226d510.npy.mp4,N,N,N,dir_absent_on_deprod
01a08351-ac78-73e9-a5b4-a4fb5672aa56,2026-09-08 23:21:07.823374+00:00,yam_0_61,/nfs/data/sz_34/20260908/episode_20260908_231923_000_037d3d84.npy.mp4,N,N,N,dir_absent_on_deprod
01a08352-3d00-7e32-92d2-cc1923f25578,2026-09-08 23:21:47.091142+00:00,yam_0_61,/nfs/data/sz_34/20260908/episode_20260908_232000_000_f50dfce9.npy.mp4,N,N,N,dir_absent_on_deprod
01a08352-e110-78f5-b8ff-4f00f8a68604,2026-09-08 23:22:26.400377+00:00,yam_0_61,/nfs/data/sz_34/20260908/episode_20260908_232042_000_5e84b970.npy.mp4,N,N,N,dir_absent_on_deprod
01a08353-7d50-7f83-ac77-452fbddde19e,2026-09-08 23:23:11.663649+00:00,yam_0_61,/nfs/data/sz_34/20260908/episode_20260908_232122_000_1fa8bc0b.npy.mp4,N,N,N,dir_absent_on_deprod
01a08354-2d18-70a3-ab5d-41c567743d21,2026-09-08 23:23:50.922554+00:00,yam_0_61,/nfs/data/sz_34/20260908/episode_20260908_232207_000_736649fc.npy.mp4,N,N,N,dir_absent_on_deprod
01a08354-c958-745c-89aa-dd6b11d169f5,2026-09-08 23:24:25.163854+00:00,yam_0_61,/nfs/data/sz_34/20260908/episode_20260908_232247_000_d740eea4.npy.mp4,N,N,N,dir_absent_on_deprod
01a08355-55f8-7c40-b585-54b577ecc167,2026-09-08 23:25:15.437205+00:00,yam_0_61,/nfs/data/sz_34/20260908/episode_20260908_232323_000_d600fccc.npy.mp4,N,N,N,dir_absent_on_deprod
01a08356-01d8-7228-8fca-8e61676b9d62,2026-09-08 23:25:54.690828+00:00,yam_0_61,/nfs/data/sz_34/20260908/episode_20260908_232407_000_b2200bc3.npy.mp4,N,N,N,dir_absent_on_deprod
01a08356-a5e8-75a9-897b-72a35ec926a3,2026-09-08 23:26:39.941154+00:00,yam_0_61,/nfs/data/sz_34/20260908/episode_20260908_232449_000_907adf13.npy.mp4,N,N,N,dir_absent_on_deprod
01a08357-51c8-7f88-8ce0-4e45d3dacfb0,2026-09-08 23:27:19.204317+00:00,yam_0_61,/nfs/data/sz_34/20260908/episode_20260908_232533_000_f9c38f12.npy.mp4,N,N,N,dir_absent_on_deprod
01a08357-fda8-7277-ab09-e70c49b591c8,2026-09-08 23:27:58.464301+00:00,yam_0_61,/nfs/data/sz_34/20260908/episode_20260908_232617_000_a3b27828.npy.mp4,N,N,N,dir_absent_on_deprod
01a08358-8a48-7cfd-948f-8196f1f2bcc3,2026-09-08 23:28:43.718046+00:00,yam_0_61,/nfs/data/sz_34/20260908/episode_20260908_232653_000_d0a63eda.npy.mp4,N,N,N,dir_absent_on_deprod
01a08359-2e58-7eab-8db7-70266c79a48b,2026-09-08 23:29:28.998006+00:00,yam_0_61,/nfs/data/sz_34/20260908/episode_20260908_232735_000_af31eb4b.npy.mp4,N,N,N,dir_absent_on_deprod
01a08359-e208-76f2-91ca-2e5c283f02e6,2026-09-08 23:30:08.369900+00:00,yam_0_61,/nfs/data/sz_34/20260908/episode_20260908_232821_000_0b86dab4.npy.mp4,N,N,N,dir_absent_on_deprod
01a0835a-7e48-791a-93bc-73491235ceab,2026-09-08 23:30:53.633386+00:00,yam_0_61,/nfs/data/sz_34/20260908/episode_20260908_232901_000_3d0f77d5.npy.mp4,N,N,N,dir_absent_on_deprod
01a0835b-31f8-74f7-bd07-4f4b78ddddff,2026-09-08 23:31:33.884512+00:00,yam_0_61,/nfs/data/sz_34/20260908/episode_20260908_232947_000_5778c381.npy.mp4,N,N,N,dir_absent_on_deprod
01a0835b-d220-7c5b-ab81-9cf2315df76a,2026-09-08 23:32:13.144586+00:00,yam_0_61,/nfs/data/sz_34/20260908/episode_20260908_233028_000_4d19340a.npy.mp4,N,N,N,dir_absent_on_deprod
01a0835f-44f0-7efa-be2f-aac30a95e328,2026-09-08 23:36:02.563089+00:00,yam_0_61,/nfs/data/sz_34/20260908/episode_20260908_233414_000_a1ced6fc.npy.mp4,N,N,N,dir_absent_on_deprod
01a0835f-f0d0-7f5d-b913-5d20811245fd,2026-09-08 23:36:47.812804+00:00,yam_0_61,/nfs/data/sz_34/20260908/episode_20260908_233458_000_fbdf830c.npy.mp4,N,N,N,dir_absent_on_deprod
01a08360-94e0-7043-a311-bcc9455ff2bc,2026-09-08 23:37:32.086885+00:00,yam_0_61,/nfs/data/sz_34/20260908/episode_20260908_233540_000_0bd37421.npy.mp4,N,N,N,dir_absent_on_deprod
01a08361-4c78-756c-9da7-8ddfb45a41c6,2026-09-08 23:38:12.367945+00:00,yam_0_61,/nfs/data/sz_34/20260908/episode_20260908_233627_000_f36b715e.npy.mp4,N,N,N,dir_absent_on_deprod
01a08361-e4d0-7c6a-a6cf-7c0019c80839,2026-09-08 23:38:56.638161+00:00,yam_0_61,/nfs/data/sz_34/20260908/episode_20260908_233706_000_20e511e9.npy.mp4,N,N,N,dir_absent_on_deprod
01a08362-9498-7d7e-8542-9d5266fb74df,2026-09-08 23:39:35.876653+00:00,yam_0_61,/nfs/data/sz_34/20260908/episode_20260908_233751_000_5349f16c.npy.mp4,N,N,N,dir_absent_on_deprod
01a08363-34c0-77e0-b61d-148c5b5c4bdc,2026-09-08 23:40:21.140286+00:00,yam_0_61,/nfs/data/sz_34/20260908/episode_20260908_233832_000_97953322.npy.mp4,N,N,N,dir_absent_on_deprod
01a08363-d8d0-780d-a81f-03b9e26fc89a,2026-09-08 23:41:05.388871+00:00,yam_0_61,/nfs/data/sz_34/20260908/episode_20260908_233914_000_0e7966ce.npy.mp4,N,N,N,dir_absent_on_deprod
01a08364-a3f0-70dd-a6bd-1f5b77dfb5d6,2026-09-08 23:41:54.660650+00:00,yam_0_61,/nfs/data/sz_34/20260908/episode_20260908_234006_000_cdca6d05.npy.mp4,N,N,N,dir_absent_on_deprod
01a08365-4be8-7ed3-8aaf-877e9e117055,2026-09-08 23:42:44.902969+00:00,yam_0_61,/nfs/data/sz_34/20260908/episode_20260908_234049_000_931bf57e.npy.mp4,N,N,N,dir_absent_on_deprod
01a08366-1320-75b9-be76-52f475712ca1,2026-09-08 23:43:35.141501+00:00,yam_0_61,/nfs/data/sz_34/20260908/episode_20260908_234140_000_d157bdfb.npy.mp4,N,N,N,dir_absent_on_deprod
01a08368-2278-71ab-93b1-4e375bb95a8b,2026-09-08 23:45:39.456394+00:00,yam_0_61,/nfs/data/sz_34/20260908/episode_20260908_234355_000_fdd08d91.npy.mp4,N,N,N,dir_absent_on_deprod
01a08368-beb8-7877-9a9f-8463218ae9b7,2026-09-08 23:46:18.687130+00:00,yam_0_61,/nfs/data/sz_34/20260908/episode_20260908_234435_000_e9efe799.npy.mp4,N,N,N,dir_absent_on_deprod
01a08369-62c8-7825-9bc8-44a02fc6adab,2026-09-08 23:47:08.963955+00:00,yam_0_61,/nfs/data/sz_34/20260908/episode_20260908_234517_000_3e9f7ed8.npy.mp4,N,N,N,dir_absent_on_deprod
01a0836a-1290-7589-b0d4-7b2edf36d1d4,2026-09-08 23:47:59.222011+00:00,yam_0_61,/nfs/data/sz_34/20260908/episode_20260908_234602_000_2bc8f80f.npy.mp4,N,N,N,dir_absent_on_deprod
01a0836a-ce10-7a6d-b459-caf3c9f204f7,2026-09-08 23:48:39.459499+00:00,yam_0_61,/nfs/data/sz_34/20260908/episode_20260908_234650_000_1aa37e8e.npy.mp4,N,N,N,dir_absent_on_deprod
01a0836b-7220-7171-9733-babf99afd45a,2026-09-08 23:49:23.711447+00:00,yam_0_61,/nfs/data/sz_34/20260908/episode_20260908_234732_000_f7a4e91d.npy.mp4,N,N,N,dir_absent_on_deprod
01a0836c-29b8-76df-a5e3-a0df88737599,2026-09-08 23:50:03.971348+00:00,yam_0_61,/nfs/data/sz_34/20260908/episode_20260908_234819_000_87593333.npy.mp4,N,N,N,dir_absent_on_deprod
01a0836c-c9e0-7f6c-a35a-c00db8e904e6,2026-09-08 23:50:54.230904+00:00,yam_0_61,/nfs/data/sz_34/20260908/episode_20260908_234900_000_8fbf35eb.npy.mp4,N,N,N,dir_absent_on_deprod
01a0836d-7d90-7fd1-aef6-05212aa4b128,2026-09-08 23:51:38.480879+00:00,yam_0_61,/nfs/data/sz_34/20260908/episode_20260908_234946_000_63ca36b3.npy.mp4,N,N,N,dir_absent_on_deprod
01a0836e-3140-71f5-ab27-968642fbc889,2026-09-08 23:52:23.724171+00:00,yam_0_61,/nfs/data/sz_34/20260908/episode_20260908_235032_000_96ca097b.npy.mp4,N,N,N,dir_absent_on_deprod
01a0836e-dd20-7940-9430-886165a9d079,2026-09-08 23:53:09.004768+00:00,yam_0_61,/nfs/data/sz_34/20260908/episode_20260908_235116_000_ede6afca.npy.mp4,N,N,N,dir_absent_on_deprod
01a0836f-90d0-75f3-9d18-3c1fa5591072,2026-09-08 23:53:48.260293+00:00,yam_0_61,/nfs/data/sz_34/20260908/episode_20260908_235202_000_52419cff.npy.mp4,N,N,N,dir_absent_on_deprod
01a08370-4098-7f06-9991-60e91fec6928,2026-09-08 23:54:27.506728+00:00,yam_0_61,/nfs/data/sz_34/20260908/episode_20260908_235247_000_f8ad80af.npy.mp4,N,N,N,dir_absent_on_deprod
01a08370-d508-7791-bd30-69338967ec70,2026-09-08 23:55:06.778057+00:00,yam_0_61,/nfs/data/sz_34/20260908/episode_20260908_235325_000_f4e9fed5.npy.mp4,N,N,N,dir_absent_on_deprod
01a08371-6d60-7062-ae8c-7c58376de900,2026-09-08 23:55:52.020849+00:00,yam_0_61,/nfs/data/sz_34/20260908/episode_20260908_235404_000_164bd903.npy.mp4,N,N,N,dir_absent_on_deprod
01a08372-1558-7f7e-9a7f-1b48913dd54d,2026-09-08 23:56:36.270730+00:00,yam_0_61,/nfs/data/sz_34/20260908/episode_20260908_235447_000_2faf29c5.npy.mp4,N,N,N,dir_absent_on_deprod
01a08372-bd50-713a-954a-d697e555e5b5,2026-09-08 23:57:21.521698+00:00,yam_0_61,/nfs/data/sz_34/20260908/episode_20260908_235530_000_60436537.npy.mp4,N,N,N,dir_absent_on_deprod
01a08373-74e8-7b8c-b834-d3f2bba0e602,2026-09-08 23:58:11.763640+00:00,yam_0_61,/nfs/data/sz_34/20260908/episode_20260908_235617_000_6ca0d57a.npy.mp4,N,N,N,dir_absent_on_deprod
01a08374-2898-718a-9e77-b9270af936b6,2026-09-08 23:58:58.035572+00:00,yam_0_61,/nfs/data/sz_34/20260908/episode_20260908_235703_000_a1076753.npy.mp4,N,N,N,dir_absent_on_deprod
01a08374-e800-744f-8375-fedcf208aaa7,2026-09-08 23:59:43.305555+00:00,yam_0_61,/nfs/data/sz_34/20260908/episode_20260908_235752_000_68ae8d35.npy.mp4,N,N,N,dir_absent_on_deprod
01a08375-a768-72ed-8618-98d59e222e66,2026-09-09 00:00:32.549608+00:00,yam_0_61,/nfs/data/sz_34/20260908/episode_20260908_235841_000_599a9b8b.npy.mp4,N,N,N,dir_absent_on_deprod
01a08376-5730-7060-a354-d5ea25b2dce5,2026-09-09 00:01:17.806059+00:00,yam_0_61,/nfs/data/sz_34/20260908/episode_20260908_235926_000_073b662a.npy.mp4,N,N,N,dir_absent_on_deprod
01a08377-12b0-7e2f-bdd1-5ccf11583734,2026-09-09 00:02:09.057065+00:00,yam_0_61,/nfs/data/sz_34/20260909/episode_20260909_000014_000_979aff21.npy.mp4,N,N,N,dir_absent_on_deprod
01a08377-d600-7cf3-a260-973f37ae95b0,2026-09-09 00:02:59.307117+00:00,yam_0_61,/nfs/data/sz_34/20260909/episode_20260909_000104_000_49602201.npy.mp4,N,N,N,dir_absent_on_deprod
01a08378-89b0-759e-9ca2-21136455a557,2026-09-09 00:03:43.574110+00:00,yam_0_61,/nfs/data/sz_34/20260909/episode_20260909_000150_000_76e4ee67.npy.mp4,N,N,N,dir_absent_on_deprod
01a08379-3d60-712c-bd12-d6b771c39359,2026-09-09 00:04:29.828678+00:00,yam_0_61,/nfs/data/sz_34/20260909/episode_20260909_000236_000_d325c8ee.npy.mp4,N,N,N,dir_absent_on_deprod
01a08379-f8e0-7bc1-b583-e5056fd468cf,2026-09-09 00:05:14.080786+00:00,yam_0_61,/nfs/data/sz_34/20260909/episode_20260909_000324_000_252df80a.npy.mp4,N,N,N,dir_absent_on_deprod
01a0837a-ac90-7051-beeb-cf1c2a4f0825,2026-09-09 00:06:04.336671+00:00,yam_0_61,/nfs/data/sz_34/20260909/episode_20260909_000410_000_0325a451.npy.mp4,N,N,N,dir_absent_on_deprod
01a0837b-6810-7e3b-aa9f-a1b835e505e2,2026-09-09 00:06:55.596253+00:00,yam_0_61,/nfs/data/sz_34/20260909/episode_20260909_000458_000_1c4b728e.npy.mp4,N,N,N,dir_absent_on_deprod
01a0837c-2778-784a-893d-d75c53a0acdc,2026-09-09 00:07:35.840203+00:00,yam_0_61,/nfs/data/sz_34/20260909/episode_20260909_000547_000_515c0370.npy.mp4,N,N,N,dir_absent_on_deprod
01a0837c-d358-76ea-846e-bf1516a6f5c9,2026-09-09 00:08:25.122274+00:00,yam_0_61,/nfs/data/sz_34/20260909/episode_20260909_000631_000_03ef15aa.npy.mp4,N,N,N,dir_absent_on_deprod
01a0837d-8708-7452-9396-680d54e7dae5,2026-09-09 00:09:10.400646+00:00,yam_0_61,/nfs/data/sz_34/20260909/episode_20260909_000717_000_3c9e5734.npy.mp4,N,N,N,dir_absent_on_deprod
01a0837e-36d0-734e-9a31-f9b4b6734741,2026-09-09 00:09:55.682238+00:00,yam_0_61,/nfs/data/sz_34/20260909/episode_20260909_000802_000_2cdbf494.npy.mp4,N,N,N,dir_absent_on_deprod
01a0837e-e698-7c2e-89df-b181634873c6,2026-09-09 00:10:40.945270+00:00,yam_0_61,/nfs/data/sz_34/20260909/episode_20260909_000847_000_a70cd33a.npy.mp4,N,N,N,dir_absent_on_deprod
01a0837f-9a48-75d6-95bd-bf1bc6a5abdd,2026-09-09 00:11:26.227583+00:00,yam_0_61,/nfs/data/sz_34/20260909/episode_20260909_000933_000_e7a48364.npy.mp4,N,N,N,dir_absent_on_deprod
01a08380-51e0-7977-b2d4-a6d39fd0b86e,2026-09-09 00:12:11.488498+00:00,yam_0_61,/nfs/data/sz_34/20260909/episode_20260909_001020_000_4df7701b.npy.mp4,N,N,N,dir_absent_on_deprod
01a08381-0978-7bc7-8c09-e2d72ceb192e,2026-09-09 00:12:55.739941+00:00,yam_0_61,/nfs/data/sz_34/20260909/episode_20260909_001107_000_2ceefcb6.npy.mp4,N,N,N,dir_absent_on_deprod
01a08381-ad88-7a03-b42f-3c974a978991,2026-09-09 00:13:40.971808+00:00,yam_0_61,/nfs/data/sz_34/20260909/episode_20260909_001149_000_999f49e9.npy.mp4,N,N,N,dir_absent_on_deprod
01a08382-5d50-7009-a53b-abe1bdaa130d,2026-09-09 00:14:20.246088+00:00,yam_0_61,/nfs/data/sz_34/20260909/episode_20260909_001234_000_dcee57dc.npy.mp4,N,N,N,dir_absent_on_deprod
01a08383-0160-7b06-a149-5733b188d779,2026-09-09 00:15:05.569194+00:00,yam_0_61,/nfs/data/sz_34/20260909/episode_20260909_001316_000_a5e046da.npy.mp4,N,N,N,dir_absent_on_deprod
01a08383-a570-7273-95dc-5ff6867000dc,2026-09-09 00:15:49.843410+00:00,yam_0_61,/nfs/data/sz_34/20260909/episode_20260909_001358_000_2a6f7b3b.npy.mp4,N,N,N,dir_absent_on_deprod
01a08384-5150-7c91-878a-dd24f6195685,2026-09-09 00:16:24.081714+00:00,yam_0_61,/nfs/data/sz_34/20260909/episode_20260909_001442_000_2d31d9e6.npy.mp4,N,N,N,dir_absent_on_deprod
01a08384-ed90-76cf-857a-3ea325249d99,2026-09-09 00:17:09.340771+00:00,yam_0_61,/nfs/data/sz_34/20260909/episode_20260909_001522_000_bd8e2b14.npy.mp4,N,N,N,dir_absent_on_deprod
01a08385-9970-7bf1-8cab-19b42b135984,2026-09-09 00:17:59.609741+00:00,yam_0_61,/nfs/data/sz_34/20260909/episode_20260909_001606_000_eabe7d16.npy.mp4,N,N,N,dir_absent_on_deprod
01a08386-4d20-7b36-b869-261091b03709,2026-09-09 00:18:38.927572+00:00,yam_0_61,/nfs/data/sz_34/20260909/episode_20260909_001652_000_6128d5e9.npy.mp4,N,N,N,dir_absent_on_deprod
01a08386-f900-782c-9251-89379264f7d2,2026-09-09 00:19:23.176476+00:00,yam_0_61,/nfs/data/sz_34/20260909/episode_20260909_001736_000_55927ecf.npy.mp4,N,N,N,dir_absent_on_deprod
01a08387-9928-7219-b4ee-272dd8603983,2026-09-09 00:20:08.438011+00:00,yam_0_61,/nfs/data/sz_34/20260909/episode_20260909_001817_000_164da259.npy.mp4,N,N,N,dir_absent_on_deprod
01a08388-48f0-771e-9c81-7e2c9367cc14,2026-09-09 00:20:52.748661+00:00,yam_0_61,/nfs/data/sz_34/20260909/episode_20260909_001902_000_5957fca1.npy.mp4,N,N,N,dir_absent_on_deprod
01a08388-f0e8-761e-9360-4bc3bff12cb3,2026-09-09 00:21:38.015218+00:00,yam_0_61,/nfs/data/sz_34/20260909/episode_20260909_001945_000_05f36a47.npy.mp4,N,N,N,dir_absent_on_deprod
01a08389-ac68-79fb-8049-244ac7bc15d5,2026-09-09 00:22:23.330222+00:00,yam_0_61,/nfs/data/sz_34/20260909/episode_20260909_002033_000_0c7e9761.npy.mp4,N,N,N,dir_absent_on_deprod
01a0838a-5848-73c1-8fc3-9fb8272e035c,2026-09-09 00:23:07.618199+00:00,yam_0_61,/nfs/data/sz_34/20260909/episode_20260909_002117_000_95238c60.npy.mp4,N,N,N,dir_absent_on_deprod
01a0838b-0428-741a-9bcc-434aff76b471,2026-09-09 00:23:52.900678+00:00,yam_0_61,/nfs/data/sz_34/20260909/episode_20260909_002201_000_47fe8d94.npy.mp4,N,N,N,dir_absent_on_deprod
01a0838b-b3f0-7766-bfe5-6af854889f69,2026-09-09 00:24:27.147117+00:00,yam_0_61,/nfs/data/sz_34/20260909/episode_20260909_002246_000_7547647f.npy.mp4,N,N,N,dir_absent_on_deprod
01a0838c-4860-7fd1-9fa6-76df73b3b1f4,2026-09-09 00:25:06.453473+00:00,yam_0_61,/nfs/data/sz_34/20260909/episode_20260909_002324_000_7d00829b.npy.mp4,N,N,N,dir_absent_on_deprod
01a0838c-e0b8-7537-bb67-c3c5caf05f52,2026-09-09 00:25:56.721996+00:00,yam_0_61,/nfs/data/sz_34/20260909/episode_20260909_002403_000_d3926935.npy.mp4,N,N,N,dir_absent_on_deprod
01a0838d-9080-7b8b-828c-bfc9b831db1f,2026-09-09 00:26:35.995407+00:00,yam_0_61,/nfs/data/sz_34/20260909/episode_20260909_002448_000_9e6ed432.npy.mp4,N,N,N,dir_absent_on_deprod
01a0838e-30a8-73b6-8143-6e55e905d70e,2026-09-09 00:27:16.281309+00:00,yam_0_61,/nfs/data/sz_34/20260909/episode_20260909_002529_000_ea57175f.npy.mp4,N,N,N,dir_absent_on_deprod
01a0838e-d4b8-7053-9016-11349c546b59,2026-09-09 00:27:55.527965+00:00,yam_0_61,/nfs/data/sz_34/20260909/episode_20260909_002611_000_9e099d49.npy.mp4,N,N,N,dir_absent_on_deprod
01a0838f-70f8-7193-80bd-72127705c61b,2026-09-09 00:28:39.830335+00:00,yam_0_61,/nfs/data/sz_34/20260909/episode_20260909_002651_000_8d2786b9.npy.mp4,N,N,N,dir_absent_on_deprod
01a08390-20c0-7f3a-bc3b-cc2cb532bbae,2026-09-09 00:29:25.120410+00:00,yam_0_61,/nfs/data/sz_34/20260909/episode_20260909_002736_000_5f234274.npy.mp4,N,N,N,dir_absent_on_deprod
01a08390-cca0-73d5-97ea-d9274b251c38,2026-09-09 00:30:04.361741+00:00,yam_0_61,/nfs/data/sz_34/20260909/episode_20260909_002820_000_c468cf6f.npy.mp4,N,N,N,dir_absent_on_deprod
01a08391-68e0-7bb4-bafb-a88abee18799,2026-09-09 00:30:43.623162+00:00,yam_0_61,/nfs/data/sz_34/20260909/episode_20260909_002900_000_3c579605.npy.mp4,N,N,N,dir_absent_on_deprod
01a08392-0520-7c4f-896b-7a1e451b1932,2026-09-09 00:31:28.880564+00:00,yam_0_61,/nfs/data/sz_34/20260909/episode_20260909_002940_000_8e6468b4.npy.mp4,N,N,N,dir_absent_on_deprod
01a08392-ad18-7ed2-8b77-d6e9adb31e7c,2026-09-09 00:32:13.136628+00:00,yam_0_61,/nfs/data/sz_34/20260909/episode_20260909_003023_000_db41e054.npy.mp4,N,N,N,dir_absent_on_deprod
01a08393-5510-7898-893c-7d76aa75e8ed,2026-09-09 00:32:53.402620+00:00,yam_0_61,/nfs/data/sz_34/20260909/episode_20260909_003106_000_16bf3767.npy.mp4,N,N,N,dir_absent_on_deprod
01a08395-1260-7995-a3d7-63cd1ed93bd9,2026-09-09 00:34:39.801715+00:00,yam_0_61,/nfs/data/sz_34/20260909/episode_20260909_003300_000_e39eca63.npy.mp4,N,N,N,dir_absent_on_deprod
01a083ec-7960-7152-8599-d870811e98c6,2026-09-09 02:10:15.454115+00:00,yam_0_61,/nfs/data/sz_34/20260909/episode_20260909_020828_000_c6b10d4a.npy.mp4,N,N,N,dir_absent_on_deprod
01a083ed-15a0-7374-8759-6340ab02919d,2026-09-09 02:10:55.214908+00:00,yam_0_61,/nfs/data/sz_34/20260909/episode_20260909_020908_000_39e8c833.npy.mp4,N,N,N,dir_absent_on_deprod
01a083ed-bd98-7d45-866e-c2e82513bf26,2026-09-09 02:11:39.100787+00:00,yam_0_61,/nfs/data/sz_34/20260909/episode_20260909_020951_000_1b580016.npy.mp4,N,N,N,dir_absent_on_deprod
01a083ee-6978-78c4-91f9-53cecac8c5aa,2026-09-09 02:12:21.946077+00:00,yam_0_61,/nfs/data/sz_34/20260909/episode_20260909_021035_000_048cbe26.npy.mp4,N,N,N,dir_absent_on_deprod
01a083ee-fa00-78fb-8edb-4e927db68809,2026-09-09 02:12:52.811121+00:00,yam_0_61,/nfs/data/sz_34/20260909/episode_20260909_021112_000_fa523396.npy.mp4,N,N,N,dir_absent_on_deprod
01a083ef-8a88-7591-adbd-41182a3becdb,2026-09-09 02:13:31.801007+00:00,yam_0_61,/nfs/data/sz_34/20260909/episode_20260909_021149_000_fddb2290.npy.mp4,N,N,N,dir_absent_on_deprod
01a083f0-22e0-7e36-b872-88ab1510f637,2026-09-09 02:14:10.256182+00:00,yam_0_61,/nfs/data/sz_34/20260909/episode_20260909_021228_000_9d0d8b16.npy.mp4,N,N,N,dir_absent_on_deprod
01a083f0-af80-7297-a6c6-a3c4384796b1,2026-09-09 02:14:49.591341+00:00,yam_0_61,/nfs/data/sz_34/20260909/episode_20260909_021304_000_a464108f.npy.mp4,N,N,N,dir_absent_on_deprod
01a083f1-7aa0-73ca-a6ab-35bc36806818,2026-09-09 02:15:43.110899+00:00,yam_0_61,/nfs/data/sz_34/20260909/episode_20260909_021356_000_e9bc2c39.npy.mp4,N,N,N,dir_absent_on_deprod
01a083f2-16e0-7caa-a9ca-56c7f2aa61bb,2026-09-09 02:16:17.435260+00:00,yam_0_61,/nfs/data/sz_34/20260909/episode_20260909_021436_000_0a1138ad.npy.mp4,N,N,N,dir_absent_on_deprod
01a083f2-9f98-7c85-b068-c4a2e57da783,2026-09-09 02:16:50.800111+00:00,yam_0_61,/nfs/data/sz_34/20260909/episode_20260909_021511_000_ad56c779.npy.mp4,N,N,N,dir_absent_on_deprod
01a083f3-3408-74fd-bd27-3e4a53e71b57,2026-09-09 02:17:31.961629+00:00,yam_0_61,/nfs/data/sz_34/20260909/episode_20260909_021549_000_4dc24116.npy.mp4,N,N,N,dir_absent_on_deprod
01a083f9-fe50-77e9-bc81-08a9739d4f00,2026-09-09 02:24:59.089861+00:00,yam_0_61,/nfs/data/sz_34/20260909/episode_20260909_022314_000_b9fea11d.npy.mp4,N,N,N,dir_absent_on_deprod
01a083fa-92c0-7a6a-a130-a52db84b6d62,2026-09-09 02:25:32.441904+00:00,yam_0_61,/nfs/data/sz_34/20260909/episode_20260909_022352_000_6391dd7d.npy.mp4,N,N,N,dir_absent_on_deprod
01a083fb-2348-7e3b-8b5f-1cf48bc144ac,2026-09-09 02:26:06.735998+00:00,yam_0_61,/nfs/data/sz_34/20260909/episode_20260909_022429_000_03e2e6df.npy.mp4,N,N,N,dir_absent_on_deprod
01a083fb-a430-7c63-b052-82c025484eab,2026-09-09 02:26:40.049335+00:00,yam_0_61,/nfs/data/sz_34/20260909/episode_20260909_022502_000_0e15d08d.npy.mp4,N,N,N,dir_absent_on_deprod
01a083fc-2ce8-7149-b7a0-0a4cb5a0a9fe,2026-09-09 02:27:13.365176+00:00,yam_0_61,/nfs/data/sz_34/20260909/episode_20260909_022537_000_f0129247.npy.mp4,N,N,N,dir_absent_on_deprod
01a083fc-b1b8-7cf7-b892-606528098444,2026-09-09 02:27:58.752644+00:00,yam_0_61,/nfs/data/sz_34/20260909/episode_20260909_022611_000_fb7d3378.npy.mp4,N,N,N,dir_absent_on_deprod
01a083fd-55c8-77a1-9797-2050dcafae10,2026-09-09 02:28:37.286258+00:00,yam_0_61,/nfs/data/sz_34/20260909/episode_20260909_022653_000_ad8bdc6e.npy.mp4,N,N,N,dir_absent_on_deprod
01a083fd-ea38-7fbd-93ca-0057519bffde,2026-09-09 02:29:16.825006+00:00,yam_0_61,/nfs/data/sz_34/20260909/episode_20260909_022731_000_d897a9f1.npy.mp4,N,N,N,dir_absent_on_deprod
01a083fe-7ea8-7c08-b9e1-21c49cc70375,2026-09-09 02:29:50.168040+00:00,yam_0_61,/nfs/data/sz_34/20260909/episode_20260909_022809_000_d487d484.npy.mp4,N,N,N,dir_absent_on_deprod
01a083ff-0b48-7b3a-ae8b-4889ca0f0744,2026-09-09 02:30:30.054225+00:00,yam_0_61,/nfs/data/sz_34/20260909/episode_20260909_022845_000_6d83d516.npy.mp4,N,N,N,dir_absent_on_deprod
01a083ff-a3a0-73f7-9e1a-99101148bc5a,2026-09-09 02:31:03.955258+00:00,yam_0_61,/nfs/data/sz_34/20260909/episode_20260909_022924_000_ede1e73c.npy.mp4,N,N,N,dir_absent_on_deprod
01a08400-2c58-79e2-91c3-c9d231edc3f5,2026-09-09 02:31:37.091235+00:00,yam_0_61,/nfs/data/sz_34/20260909/episode_20260909_022959_000_45eab900.npy.mp4,N,N,N,dir_absent_on_deprod
01a08400-ad40-7c90-8153-e3bdc494a77e,2026-09-09 02:32:15.640814+00:00,yam_0_61,/nfs/data/sz_34/20260909/episode_20260909_023032_000_98c01221.npy.mp4,N,N,N,dir_absent_on_deprod
01a08401-4598-7480-9141-96528b1a7574,2026-09-09 02:32:55.117562+00:00,yam_0_61,/nfs/data/sz_34/20260909/episode_20260909_023111_000_76e479b7.npy.mp4,N,N,N,dir_absent_on_deprod
01a08401-da08-7b49-a64c-b11555438512,2026-09-09 02:33:34.276364+00:00,yam_0_61,/nfs/data/sz_34/20260909/episode_20260909_023149_000_b2c26ec6.npy.mp4,N,N,N,dir_absent_on_deprod
01a08402-6a90-76e7-a9d9-4e48e9933c5e,2026-09-09 02:34:07.752182+00:00,yam_0_61,/nfs/data/sz_34/20260909/episode_20260909_023226_000_ff80217d.npy.mp4,N,N,N,dir_absent_on_deprod
01a08402-fb18-7aa2-b101-084e8b9875a1,2026-09-09 02:34:47.656383+00:00,yam_0_61,/nfs/data/sz_34/20260909/episode_20260909_023303_000_351e19bb.npy.mp4,N,N,N,dir_absent_on_deprod
01a08403-87b8-7606-96ad-eabddb37a0bb,2026-09-09 02:35:21.560109+00:00,yam_0_61,/nfs/data/sz_34/20260909/episode_20260909_023339_000_9d050d15.npy.mp4,N,N,N,dir_absent_on_deprod
01a08404-23f8-77c9-85f6-db19aa4d16d2,2026-09-09 02:36:00.337209+00:00,yam_0_61,/nfs/data/sz_34/20260909/episode_20260909_023419_000_0e6c2eea.npy.mp4,N,N,N,dir_absent_on_deprod
01a08404-b868-7482-9971-562e730dccd9,2026-09-09 02:36:39.279224+00:00,yam_0_61,/nfs/data/sz_34/20260909/episode_20260909_023457_000_bac73ee1.npy.mp4,N,N,N,dir_absent_on_deprod
01a08405-aa98-7c24-a08b-34c61acbdb7d,2026-09-09 02:37:43.088051+00:00,yam_0_61,/nfs/data/sz_34/20260909/episode_20260909_023559_000_4b4342f9.npy.mp4,N,N,N,dir_absent_on_deprod
01a08406-42f0-7446-9769-3b3bc6841085,2026-09-09 02:38:22.606606+00:00,yam_0_61,/nfs/data/sz_34/20260909/episode_20260909_023638_000_b25aa3a0.npy.mp4,N,N,N,dir_absent_on_deprod
01a08406-db48-79c3-8fa9-7dafcb28e5ab,2026-09-09 02:38:56.249469+00:00,yam_0_61,/nfs/data/sz_34/20260909/episode_20260909_023717_000_4a79caab.npy.mp4,N,N,N,dir_absent_on_deprod
01a08407-67e8-7714-88c9-3f098d155e67,2026-09-09 02:39:34.833044+00:00,yam_0_61,/nfs/data/sz_34/20260909/episode_20260909_023753_000_db565bdc.npy.mp4,N,N,N,dir_absent_on_deprod
01a08407-f0a0-768b-8429-511f1e1d1f35,2026-09-09 02:40:08.431053+00:00,yam_0_61,/nfs/data/sz_34/20260909/episode_20260909_023828_000_a91414aa.npy.mp4,N,N,N,dir_absent_on_deprod
01a08408-8128-7819-bc52-998485a66220,2026-09-09 02:40:47.837095+00:00,yam_0_61,/nfs/data/sz_34/20260909/episode_20260909_023905_000_36765195.npy.mp4,N,N,N,dir_absent_on_deprod
01a08409-11b0-7ac8-ae55-0d8fbebfc4df,2026-09-09 02:41:27.446845+00:00,yam_0_61,/nfs/data/sz_34/20260909/episode_20260909_023942_000_7e9cdbe9.npy.mp4,N,N,N,dir_absent_on_deprod
01a08409-aa08-73c0-b2d4-144c39af9157,2026-09-09 02:42:01.244373+00:00,yam_0_61,/nfs/data/sz_34/20260909/episode_20260909_024021_000_cf7ce310.npy.mp4,N,N,N,dir_absent_on_deprod
01a0840a-36a8-76ab-941c-1cbb3204b737,2026-09-09 02:42:39.819136+00:00,yam_0_61,/nfs/data/sz_34/20260909/episode_20260909_024057_000_9fdcdaab.npy.mp4,N,N,N,dir_absent_on_deprod
01a0840a-c730-73e4-9c67-2e87d07aeea7,2026-09-09 02:43:13.506117+00:00,yam_0_61,/nfs/data/sz_34/20260909/episode_20260909_024134_000_40e41998.npy.mp4,N,N,N,dir_absent_on_deprod
01a0840b-4c00-7e2f-8dc8-59ecdc7940c2,2026-09-09 02:43:47.320184+00:00,yam_0_61,/nfs/data/sz_34/20260909/episode_20260909_024208_000_7638acd3.npy.mp4,N,N,N,dir_absent_on_deprod
01a0840b-d0d0-780a-92e4-6f1b4885bf17,2026-09-09 02:44:26.157055+00:00,yam_0_61,/nfs/data/sz_34/20260909/episode_20260909_024242_000_cc75d83f.npy.mp4,N,N,N,dir_absent_on_deprod
01a0840c-5d70-748c-8567-e67751780339,2026-09-09 02:44:59.804887+00:00,yam_0_61,/nfs/data/sz_34/20260909/episode_20260909_024318_000_f898c8cc.npy.mp4,N,N,N,dir_absent_on_deprod
01a0840c-ea10-73c6-8dcb-29cd74e6253c,2026-09-09 02:45:39.685370+00:00,yam_0_61,/nfs/data/sz_34/20260909/episode_20260909_024354_000_7ea50a79.npy.mp4,N,N,N,dir_absent_on_deprod
01a0840d-7e80-7aa4-907d-9a8f7d743936,2026-09-09 02:46:18.424611+00:00,yam_0_61,/nfs/data/sz_34/20260909/episode_20260909_024432_000_0f7e914d.npy.mp4,N,N,N,dir_absent_on_deprod
01a0840e-1ea8-7e2c-9e33-bfe36dfef529,2026-09-09 02:46:58.341365+00:00,yam_0_61,/nfs/data/sz_34/20260909/episode_20260909_024513_000_b62f65bd.npy.mp4,N,N,N,dir_absent_on_deprod
01a0840e-d640-72b8-8534-93e7b2dba469,2026-09-09 02:47:41.748098+00:00,yam_0_61,/nfs/data/sz_34/20260909/episode_20260909_024600_000_ba8f3574.npy.mp4,N,N,N,dir_absent_on_deprod
01a0840f-8220-7399-ba88-4f7337982d58,2026-09-09 02:48:31.068761+00:00,yam_0_61,/nfs/data/sz_34/20260909/episode_20260909_024644_000_33c700fe.npy.mp4,N,N,N,dir_absent_on_deprod
01a08410-1e60-7c70-bacb-83267bec3cc1,2026-09-09 02:49:10.441783+00:00,yam_0_61,/nfs/data/sz_34/20260909/episode_20260909_024724_000_52cec078.npy.mp4,N,N,N,dir_absent_on_deprod
01a08410-b6b8-759c-8576-093101234589,2026-09-09 02:49:43.787657+00:00,yam_0_61,/nfs/data/sz_34/20260909/episode_20260909_024803_000_15e78c0b.npy.mp4,N,N,N,dir_absent_on_deprod
01a08411-4b28-7861-8b61-8b10704f6137,2026-09-09 02:50:23.064221+00:00,yam_0_61,/nfs/data/sz_34/20260909/episode_20260909_024841_000_f9a27148.npy.mp4,N,N,N,dir_absent_on_deprod
01a08411-e380-77a5-a50d-818656e4886c,2026-09-09 02:51:02.319444+00:00,yam_0_61,/nfs/data/sz_34/20260909/episode_20260909_024920_000_5b14279b.npy.mp4,N,N,N,dir_absent_on_deprod
01a08412-77f0-7633-8a37-15a26f8467dd,2026-09-09 02:51:40.575137+00:00,yam_0_61,/nfs/data/sz_34/20260909/episode_20260909_024958_000_042ac515.npy.mp4,N,N,N,dir_absent_on_deprod
01a08413-0c60-75ba-ac5b-f80375e8a56d,2026-09-09 02:52:19.911099+00:00,yam_0_61,/nfs/data/sz_34/20260909/episode_20260909_025036_000_72a34d12.npy.mp4,N,N,N,dir_absent_on_deprod
01a08413-a8a0-73bf-a65a-8c5828b51734,2026-09-09 02:52:54.187829+00:00,yam_0_61,/nfs/data/sz_34/20260909/episode_20260909_025116_000_2c5bdaca.npy.mp4,N,N,N,dir_absent_on_deprod
01a08414-2988-7a8c-8db3-3bd495065f79,2026-09-09 02:53:33.458578+00:00,yam_0_61,/nfs/data/sz_34/20260909/episode_20260909_025149_000_c0a41118.npy.mp4,N,N,N,dir_absent_on_deprod
01a08414-c9b0-77f9-b84a-a7db183616a6,2026-09-09 02:54:11.742574+00:00,yam_0_61,/nfs/data/sz_34/20260909/episode_20260909_025230_000_73560433.npy.mp4,N,N,N,dir_absent_on_deprod
01a08415-5a38-70db-94a0-69ab6fc404e0,2026-09-09 02:54:51.020011+00:00,yam_0_61,/nfs/data/sz_34/20260909/episode_20260909_025307_000_e25fba1f.npy.mp4,N,N,N,dir_absent_on_deprod
01a08415-f678-7af9-b133-803fc0fbac10,2026-09-09 02:55:30.355905+00:00,yam_0_61,/nfs/data/sz_34/20260909/episode_20260909_025347_000_e28285d8.npy.mp4,N,N,N,dir_absent_on_deprod
01a08416-a258-7c98-8f25-fe208945ac6d,2026-09-09 02:56:14.668254+00:00,yam_0_61,/nfs/data/sz_34/20260909/episode_20260909_025431_000_d54419f3.npy.mp4,N,N,N,dir_absent_on_deprod
01a08417-36c8-7892-a76f-002a611b53cb,2026-09-09 02:56:54.058688+00:00,yam_0_61,/nfs/data/sz_34/20260909/episode_20260909_025509_000_07a9e1cf.npy.mp4,N,N,N,dir_absent_on_deprod
01a08417-d308-74a5-a4a1-96478d618495,2026-09-09 02:57:33.354547+00:00,yam_0_61,/nfs/data/sz_34/20260909/episode_20260909_025549_000_619dafb9.npy.mp4,N,N,N,dir_absent_on_deprod
01a08418-6390-760a-9db7-6a840f5dcaac,2026-09-09 02:58:06.607420+00:00,yam_0_61,/nfs/data/sz_34/20260909/episode_20260909_025626_000_f1607eea.npy.mp4,N,N,N,dir_absent_on_deprod
01a0841a-0970-74cb-946c-5e1cfe1248ce,2026-09-09 03:00:03.941172+00:00,yam_0_61,/nfs/data/sz_34/20260909/episode_20260909_025814_000_98f193f3.npy.mp4,N,N,N,dir_absent_on_deprod
01a0841a-c8d8-72a3-bec5-cd57b8b9e41a,2026-09-09 03:00:53.214304+00:00,yam_0_61,/nfs/data/sz_34/20260909/episode_20260909_025903_000_50432693.npy.mp4,N,N,N,dir_absent_on_deprod
01a0841b-6ce8-74c5-837e-e92c93bafcdf,2026-09-09 03:01:27.466056+00:00,yam_0_61,/nfs/data/sz_34/20260909/episode_20260909_025945_000_43d2f5e3.npy.mp4,N,N,N,dir_absent_on_deprod
01a0841c-0540-7d2c-bf2a-9ddf2730d722,2026-09-09 03:02:11.728580+00:00,yam_0_61,/nfs/data/sz_34/20260909/episode_20260909_030024_000_7ad7e40d.npy.mp4,N,N,N,dir_absent_on_deprod
01a0841c-a180-7e9e-96bc-f516e5372d2f,2026-09-09 03:02:51.021309+00:00,yam_0_61,/nfs/data/sz_34/20260909/episode_20260909_030104_000_957c9081.npy.mp4,N,N,N,dir_absent_on_deprod
01a0841d-3dc0-7ad2-8a5d-79d880d2db40,2026-09-09 03:03:25.310406+00:00,yam_0_61,/nfs/data/sz_34/20260909/episode_20260909_030144_000_6bd24ef0.npy.mp4,N,N,N,dir_absent_on_deprod
01a0841d-ce48-743a-957c-ea9780a09630,2026-09-09 03:04:04.634172+00:00,yam_0_61,/nfs/data/sz_34/20260909/episode_20260909_030221_000_64c2f9b7.npy.mp4,N,N,N,dir_absent_on_deprod
01a0841e-62b8-70e1-b72f-bbbc00581409,2026-09-09 03:04:43.881137+00:00,yam_0_61,/nfs/data/sz_34/20260909/episode_20260909_030259_000_8394ad06.npy.mp4,N,N,N,dir_absent_on_deprod
01a0841f-0e98-75c4-8fd3-be404dca89c5,2026-09-09 03:05:27.179651+00:00,yam_0_61,/nfs/data/sz_34/20260909/episode_20260909_030343_000_786b651e.npy.mp4,N,N,N,dir_absent_on_deprod
01a0841f-9f20-7560-bde5-dbf36f289161,2026-09-09 03:06:01.457955+00:00,yam_0_61,/nfs/data/sz_34/20260909/episode_20260909_030420_000_fd4f0be6.npy.mp4,N,N,N,dir_absent_on_deprod
01a08420-2fa8-7340-b57c-f40466d57070,2026-09-09 03:06:34.748727+00:00,yam_0_61,/nfs/data/sz_34/20260909/episode_20260909_030457_000_236fc344.npy.mp4,N,N,N,dir_absent_on_deprod
01a08420-b090-722d-ac9a-48c24f381505,2026-09-09 03:07:09.010931+00:00,yam_0_61,/nfs/data/sz_34/20260909/episode_20260909_030530_000_45d710ea.npy.mp4,N,N,N,dir_absent_on_deprod
01a08421-3d30-74f3-bcec-c93e17ae72b0,2026-09-09 03:07:53.278738+00:00,yam_0_61,/nfs/data/sz_34/20260909/episode_20260909_030606_000_75bc3d05.npy.mp4,N,N,N,dir_absent_on_deprod
01a08421-d588-71a6-8cd2-35385334d505,2026-09-09 03:08:27.559546+00:00,yam_0_61,/nfs/data/sz_34/20260909/episode_20260909_030645_000_98509bae.npy.mp4,N,N,N,dir_absent_on_deprod
01a08422-71c8-734c-b51a-d145d8fc06c5,2026-09-09 03:09:06.800028+00:00,yam_0_61,/nfs/data/sz_34/20260909/episode_20260909_030725_000_eae67fcc.npy.mp4,N,N,N,dir_absent_on_deprod
01a08422-fe68-7214-adc2-a8fa5c4c1a45,2026-09-09 03:09:46.047203+00:00,yam_0_61,/nfs/data/sz_34/20260909/episode_20260909_030801_000_6cee29df.npy.mp4,N,N,N,dir_absent_on_deprod
01a08423-8ef0-757b-927a-538b6b46b04e,2026-09-09 03:10:20.325766+00:00,yam_0_61,/nfs/data/sz_34/20260909/episode_20260909_030838_000_9e975d4c.npy.mp4,N,N,N,dir_absent_on_deprod
01a08424-1f78-7c4b-9990-bd64f9ddb82b,2026-09-09 03:10:53.614028+00:00,yam_0_61,/nfs/data/sz_34/20260909/episode_20260909_030915_000_27a19ada.npy.mp4,N,N,N,dir_absent_on_deprod
01a08424-b000-7506-b10f-3b135731c253,2026-09-09 03:11:32.879375+00:00,yam_0_61,/nfs/data/sz_34/20260909/episode_20260909_030952_000_96f3fa09.npy.mp4,N,N,N,dir_absent_on_deprod
01a08425-5028-7669-822c-fda8a7b5c897,2026-09-09 03:12:11.158888+00:00,yam_0_61,/nfs/data/sz_34/20260909/episode_20260909_031033_000_d832a889.npy.mp4,N,N,N,dir_absent_on_deprod
01a08425-d8e0-775a-9d5f-fd2ed650964c,2026-09-09 03:12:50.398076+00:00,yam_0_61,/nfs/data/sz_34/20260909/episode_20260909_031108_000_d5403a21.npy.mp4,N,N,N,dir_absent_on_deprod
01a08426-6968-79c8-a29b-dd115903acbe,2026-09-09 03:13:29.677509+00:00,yam_0_61,/nfs/data/sz_34/20260909/episode_20260909_031145_000_5ee6e998.npy.mp4,N,N,N,dir_absent_on_deprod
01a08426-f9f0-75a2-95a3-dbd9a82ebc94,2026-09-09 03:14:03.922411+00:00,yam_0_61,/nfs/data/sz_34/20260909/episode_20260909_031222_000_9c49d41f.npy.mp4,N,N,N,dir_absent_on_deprod
01a08427-8690-766a-83b6-c5a7329b34d4,2026-09-09 03:14:43.181836+00:00,yam_0_61,/nfs/data/sz_34/20260909/episode_20260909_031258_000_10c35989.npy.mp4,N,N,N,dir_absent_on_deprod
01a08428-1b00-7fc9-967e-c1023a2082c5,2026-09-09 03:15:22.480549+00:00,yam_0_61,/nfs/data/sz_34/20260909/episode_20260909_031336_000_668c01fa.npy.mp4,N,N,N,dir_absent_on_deprod
01a0842a-c2b0-751a-9de7-18f7b23478a0,2026-09-09 03:18:16.887340+00:00,yam_0_61,/nfs/data/sz_34/20260909/episode_20260909_031630_000_c7e74c71.npy.mp4,N,N,N,dir_absent_on_deprod
01a0842b-5720-7d1c-a81e-1dc67cc02fd2,2026-09-09 03:18:56.177597+00:00,yam_0_61,/nfs/data/sz_34/20260909/episode_20260909_031708_000_6a1c88e5.npy.mp4,N,N,N,dir_absent_on_deprod
01a0842b-f748-76bb-bbe4-6f4632df0ba6,2026-09-09 03:19:35.448405+00:00,yam_0_61,/nfs/data/sz_34/20260909/episode_20260909_031749_000_442a8de9.npy.mp4,N,N,N,dir_absent_on_deprod
01a0842c-8fa0-76b1-80d9-b49af34bb8c1,2026-09-09 03:20:09.725270+00:00,yam_0_61,/nfs/data/sz_34/20260909/episode_20260909_031828_000_3bce7489.npy.mp4,N,N,N,dir_absent_on_deprod
01a0842d-2410-7d75-aa05-0a9261709fa0,2026-09-09 03:20:47.979039+00:00,yam_0_61,/nfs/data/sz_34/20260909/episode_20260909_031906_000_3defa043.npy.mp4,N,N,N,dir_absent_on_deprod
01a0842d-b498-7401-ab6a-64b283453c69,2026-09-09 03:21:27.273061+00:00,yam_0_61,/nfs/data/sz_34/20260909/episode_20260909_031943_000_375d8eb0.npy.mp4,N,N,N,dir_absent_on_deprod
01a0842e-54c0-7def-aaae-42e9eae3e545,2026-09-09 03:22:06.538949+00:00,yam_0_61,/nfs/data/sz_34/20260909/episode_20260909_032024_000_da59abce.npy.mp4,N,N,N,dir_absent_on_deprod
01a0842e-e548-782b-bc27-16d7b5b74407,2026-09-09 03:22:45.782452+00:00,yam_0_61,/nfs/data/sz_34/20260909/episode_20260909_032101_000_09a03724.npy.mp4,N,N,N,dir_absent_on_deprod
01a0842f-79b8-798e-9a89-7704e236ce99,2026-09-09 03:23:20.050772+00:00,yam_0_61,/nfs/data/sz_34/20260909/episode_20260909_032139_000_57368a05.npy.mp4,N,N,N,dir_absent_on_deprod
01a08430-0e28-7c54-8cd5-33b593a9e129,2026-09-09 03:24:04.317083+00:00,yam_0_61,/nfs/data/sz_34/20260909/episode_20260909_032217_000_2d6c5026.npy.mp4,N,N,N,dir_absent_on_deprod
01a08430-aa68-7799-a0c5-a01e13df19c2,2026-09-09 03:24:43.605516+00:00,yam_0_61,/nfs/data/sz_34/20260909/episode_20260909_032257_000_07f8c02b.npy.mp4,N,N,N,dir_absent_on_deprod
01a08431-98b0-71ee-b114-b57def70104c,2026-09-09 03:25:42.932124+00:00,yam_0_61,/nfs/data/sz_34/20260909/episode_20260909_032358_000_a717e280.npy.mp4,N,N,N,dir_absent_on_deprod
01a08432-38d8-7dd5-87f1-0e506a27c099,2026-09-09 03:26:21.352054+00:00,yam_0_61,/nfs/data/sz_34/20260909/episode_20260909_032439_000_1f117583.npy.mp4,N,N,N,dir_absent_on_deprod
01a08432-c960-7e58-83c1-bca4ab86fcf9,2026-09-09 03:26:55.589219+00:00,yam_0_61,/nfs/data/sz_34/20260909/episode_20260909_032516_000_e7a6f313.npy.mp4,N,N,N,dir_absent_on_deprod
01a08433-59e8-742a-9359-13dc1ee5fe74,2026-09-09 03:27:34.850810+00:00,yam_0_61,/nfs/data/sz_34/20260909/episode_20260909_032553_000_c652780b.npy.mp4,N,N,N,dir_absent_on_deprod
01a08433-ee58-7ad7-9b30-69f686bbee59,2026-09-09 03:28:13.118914+00:00,yam_0_61,/nfs/data/sz_34/20260909/episode_20260909_032631_000_c893368a.npy.mp4,N,N,N,dir_absent_on_deprod
01a08434-7ee0-787b-8ae0-11f9d7e45ab9,2026-09-09 03:28:47.461043+00:00,yam_0_61,/nfs/data/sz_34/20260909/episode_20260909_032708_000_a358c6c8.npy.mp4,N,N,N,dir_absent_on_deprod
01a08435-0b80-797c-ae79-8e17b531da92,2026-09-09 03:29:25.764762+00:00,yam_0_61,/nfs/data/sz_34/20260909/episode_20260909_032744_000_465d1e5d.npy.mp4,N,N,N,dir_absent_on_deprod
01a08435-9ff0-7109-b9d2-dbf57f033696,2026-09-09 03:30:05.041055+00:00,yam_0_61,/nfs/data/sz_34/20260909/episode_20260909_032822_000_a19fbe8f.npy.mp4,N,N,N,dir_absent_on_deprod
01a08436-4018-79d8-b14f-145e60b4b2b0,2026-09-09 03:30:43.355047+00:00,yam_0_61,/nfs/data/sz_34/20260909/episode_20260909_032903_000_5e9ce2a4.npy.mp4,N,N,N,dir_absent_on_deprod
01a08436-c100-7eb9-9064-ab0671ad0d20,2026-09-09 03:31:17.620138+00:00,yam_0_61,/nfs/data/sz_34/20260909/episode_20260909_032936_000_6ac785f0.npy.mp4,N,N,N,dir_absent_on_deprod
01a08437-5188-7c9b-9321-f4216a0de2eb,2026-09-09 03:31:56.890415+00:00,yam_0_61,/nfs/data/sz_34/20260909/episode_20260909_033013_000_b6003c3a.npy.mp4,N,N,N,dir_absent_on_deprod
01a08437-e210-7832-9401-c05cbd5919c6,2026-09-09 03:32:31.199862+00:00,yam_0_61,/nfs/data/sz_34/20260909/episode_20260909_033050_000_7f85592d.npy.mp4,N,N,N,dir_absent_on_deprod
01a08438-6ac8-786d-8722-3a3ae965fdea,2026-09-09 03:33:09.536845+00:00,yam_0_61,/nfs/data/sz_34/20260909/episode_20260909_033125_000_7f16c3a9.npy.mp4,N,N,N,dir_absent_on_deprod
01a08438-ff38-738e-ae15-1e02c2a9b915,2026-09-09 03:33:43.929853+00:00,yam_0_61,/nfs/data/sz_34/20260909/episode_20260909_033203_000_03612ee5.npy.mp4,N,N,N,dir_absent_on_deprod
01a08439-93a8-7ee2-8bbf-9f6471db92f5,2026-09-09 03:34:23.226323+00:00,yam_0_61,/nfs/data/sz_34/20260909/episode_20260909_033241_000_5d0336aa.npy.mp4,N,N,N,dir_absent_on_deprod
01a0843a-1c60-7e3b-8536-589d68337c0c,2026-09-09 03:34:51.485953+00:00,yam_0_61,/nfs/data/sz_34/20260909/episode_20260909_033316_000_c41f8284.npy.mp4,N,N,N,dir_absent_on_deprod
01a0843b-87a8-72f1-a867-4bf5f00fbc6a,2026-09-09 03:36:35.918111+00:00,yam_0_61,/nfs/data/sz_34/20260909/episode_20260909_033449_000_3388c77d.npy.mp4,N,N,N,dir_absent_on_deprod
01a0843c-27d0-73d4-a588-e086a076016b,2026-09-09 03:37:20.238142+00:00,yam_0_61,/nfs/data/sz_34/20260909/episode_20260909_033530_000_ec88fbea.npy.mp4,N,N,N,dir_absent_on_deprod
01a0843c-cbe0-7222-bcd2-3925ca2eb140,2026-09-09 03:37:54.508946+00:00,yam_0_61,/nfs/data/sz_34/20260909/episode_20260909_033612_000_41f7386d.npy.mp4,N,N,N,dir_absent_on_deprod
01a0843d-5c68-73b3-858c-91c988e92061,2026-09-09 03:38:38.789468+00:00,yam_0_61,/nfs/data/sz_34/20260909/episode_20260909_033649_000_27e1cbbb.npy.mp4,N,N,N,dir_absent_on_deprod
01a0843e-0078-7d09-8dfe-ad9e15c45962,2026-09-09 03:39:13.102209+00:00,yam_0_61,/nfs/data/sz_34/20260909/episode_20260909_033731_000_7e7ea912.npy.mp4,N,N,N,dir_absent_on_deprod
01a0843e-9100-7496-885e-84d0784e0743,2026-09-09 03:39:52.410672+00:00,yam_0_61,/nfs/data/sz_34/20260909/episode_20260909_033808_000_51593de9.npy.mp4,N,N,N,dir_absent_on_deprod
01a0843f-2188-7b86-abc9-67ab2a4b9add,2026-09-09 03:40:26.686079+00:00,yam_0_61,/nfs/data/sz_34/20260909/episode_20260909_033845_000_4586d7b2.npy.mp4,N,N,N,dir_absent_on_deprod
01a0843f-b5f8-798a-9aa2-801e6a0abb05,2026-09-09 03:41:04.959220+00:00,yam_0_61,/nfs/data/sz_34/20260909/episode_20260909_033923_000_3bead92f.npy.mp4,N,N,N,dir_absent_on_deprod
01a08440-4e50-712c-b8d9-a754385390a1,2026-09-09 03:41:44.217052+00:00,yam_0_61,/nfs/data/sz_34/20260909/episode_20260909_034002_000_ecf210cb.npy.mp4,N,N,N,dir_absent_on_deprod
01a08440-e6a8-7e95-b807-f5e7aacd8bc5,2026-09-09 03:42:23.460527+00:00,yam_0_61,/nfs/data/sz_34/20260909/episode_20260909_034041_000_1b68e00d.npy.mp4,N,N,N,dir_absent_on_deprod
01a08441-7b18-724b-8c6d-ee954c0fdc11,2026-09-09 03:43:02.803076+00:00,yam_0_61,/nfs/data/sz_34/20260909/episode_20260909_034119_000_4d5792e5.npy.mp4,N,N,N,dir_absent_on_deprod
01a08442-5da8-735e-a800-cf3029051314,2026-09-09 03:43:56.095282+00:00,yam_0_61,/nfs/data/sz_34/20260909/episode_20260909_034217_000_12c7fdcc.npy.mp4,N,N,N,dir_absent_on_deprod
01a08442-ea48-7057-87b2-01b96263f6b4,2026-09-09 03:44:41.481061+00:00,yam_0_61,/nfs/data/sz_34/20260909/episode_20260909_034253_000_3769b39d.npy.mp4,N,N,N,dir_absent_on_deprod
01a08443-8688-796a-8da2-6a702bcd0b4d,2026-09-09 03:45:19.775517+00:00,yam_0_61,/nfs/data/sz_34/20260909/episode_20260909_034333_000_9e34e4e5.npy.mp4,N,N,N,dir_absent_on_deprod
01a08444-22c8-7e4c-b313-f9d215a93a96,2026-09-09 03:45:59.076701+00:00,yam_0_61,/nfs/data/sz_34/20260909/episode_20260909_034413_000_09a058b5.npy.mp4,N,N,N,dir_absent_on_deprod
01a08444-bb20-7f9e-8cc1-12eb07d79a95,2026-09-09 03:46:38.406836+00:00,yam_0_61,/nfs/data/sz_34/20260909/episode_20260909_034452_000_1bfdaadb.npy.mp4,N,N,N,dir_absent_on_deprod
01a08445-5378-7bf8-82a1-8f822530991b,2026-09-09 03:47:11.735405+00:00,yam_0_61,/nfs/data/sz_34/20260909/episode_20260909_034531_000_9f0468e4.npy.mp4,N,N,N,dir_absent_on_deprod
01a08445-d848-75d3-b58e-588876e21ed3,2026-09-09 03:47:51.068548+00:00,yam_0_61,/nfs/data/sz_34/20260909/episode_20260909_034605_000_4532f0f2.npy.mp4,N,N,N,dir_absent_on_deprod
01a08446-70a0-7b6e-8f79-f1d3d1df9a30,2026-09-09 03:48:25.435306+00:00,yam_0_61,/nfs/data/sz_34/20260909/episode_20260909_034644_000_87916e68.npy.mp4,N,N,N,dir_absent_on_deprod
01a08447-f358-7b00-b41a-8119cd0652d6,2026-09-09 03:50:08.852128+00:00,yam_0_61,/nfs/data/sz_34/20260909/episode_20260909_034823_000_fe3ff8be.npy.mp4,N,N,N,dir_absent_on_deprod
01a08448-9380-78db-994a-5a3ad93f4cdf,2026-09-09 03:50:48.165218+00:00,yam_0_61,/nfs/data/sz_34/20260909/episode_20260909_034904_000_103e8997.npy.mp4,N,N,N,dir_absent_on_deprod
01a08449-4b18-7019-ae4e-116a95b32f0f,2026-09-09 03:51:31.682347+00:00,yam_0_61,/nfs/data/sz_34/20260909/episode_20260909_034951_000_4bbf88f8.npy.mp4,N,N,N,dir_absent_on_deprod
01a08449-d3d0-7d01-8fd7-6a8855edbf1e,2026-09-09 03:52:10.964312+00:00,yam_0_61,/nfs/data/sz_34/20260909/episode_20260909_035026_000_668a9a55.npy.mp4,N,N,N,dir_absent_on_deprod
01a0844a-6c28-7c75-aa73-084a75b072ff,2026-09-09 03:52:50.275440+00:00,yam_0_61,/nfs/data/sz_34/20260909/episode_20260909_035105_000_9fba968f.npy.mp4,N,N,N,dir_absent_on_deprod
01a0844b-0098-7473-89c1-fd778c8d4e0b,2026-09-09 03:53:24.534134+00:00,yam_0_61,/nfs/data/sz_34/20260909/episode_20260909_035143_000_2f2c56ee.npy.mp4,N,N,N,dir_absent_on_deprod
01a0844b-9508-748d-94b7-eba18bb9514b,2026-09-09 03:54:03.820067+00:00,yam_0_61,/nfs/data/sz_34/20260909/episode_20260909_035221_000_2ba2f135.npy.mp4,N,N,N,dir_absent_on_deprod
01a0844c-2978-7623-afd5-3c1a86003cec,2026-09-09 03:54:42.117743+00:00,yam_0_61,/nfs/data/sz_34/20260909/episode_20260909_035259_000_e1644f00.npy.mp4,N,N,N,dir_absent_on_deprod
01a0844c-bde8-7eac-85a0-e8ae0a1cdc57,2026-09-09 03:55:21.384200+00:00,yam_0_61,/nfs/data/sz_34/20260909/episode_20260909_035337_000_6dbc6ee8.npy.mp4,N,N,N,dir_absent_on_deprod
01a0844d-5258-77a3-99fb-1184d2280665,2026-09-09 03:55:55.725866+00:00,yam_0_61,/nfs/data/sz_34/20260909/episode_20260909_035415_000_9ce31f71.npy.mp4,N,N,N,dir_absent_on_deprod
01a0844d-e2e0-7b68-b669-e0448319b90b,2026-09-09 03:56:33.974732+00:00,yam_0_61,/nfs/data/sz_34/20260909/episode_20260909_035452_000_f6ee3cdb.npy.mp4,N,N,N,dir_absent_on_deprod
01a0844e-7368-79c5-b206-64945856397c,2026-09-09 03:57:08.252461+00:00,yam_0_61,/nfs/data/sz_34/20260909/episode_20260909_035529_000_0a4dddb5.npy.mp4,N,N,N,dir_absent_on_deprod
01a0844f-0008-7b2d-898f-19207cd775cb,2026-09-09 03:57:52.529744+00:00,yam_0_61,/nfs/data/sz_34/20260909/episode_20260909_035605_000_a2075012.npy.mp4,N,N,N,dir_absent_on_deprod
01a0844f-9c48-7948-b875-04cd078ff72f,2026-09-09 03:58:31.782910+00:00,yam_0_61,/nfs/data/sz_34/20260909/episode_20260909_035645_000_45321604.npy.mp4,N,N,N,dir_absent_on_deprod
01a08450-4058-79eb-a304-93854bf547f6,2026-09-09 03:59:11.076158+00:00,yam_0_61,/nfs/data/sz_34/20260909/episode_20260909_035727_000_c8f0bc9a.npy.mp4,N,N,N,dir_absent_on_deprod
01a08450-d4c8-746c-9280-0972b4023bd6,2026-09-09 03:59:50.364549+00:00,yam_0_61,/nfs/data/sz_34/20260909/episode_20260909_035805_000_731c7ab7.npy.mp4,N,N,N,dir_absent_on_deprod
01a08451-6938-7024-a78e-7ba6b710d45e,2026-09-09 04:00:23.615071+00:00,yam_0_61,/nfs/data/sz_34/20260909/episode_20260909_035843_000_7be35859.npy.mp4,N,N,N,dir_absent_on_deprod
01a08451-fda8-7273-a0f7-0ae797ce7283,2026-09-09 04:01:02.861679+00:00,yam_0_61,/nfs/data/sz_34/20260909/episode_20260909_035921_000_8064c781.npy.mp4,N,N,N,dir_absent_on_deprod
01a08452-8a48-733d-a1ba-16fb1cc1a9e5,2026-09-09 04:01:42.115776+00:00,yam_0_61,/nfs/data/sz_34/20260909/episode_20260909_035957_000_72ee99c1.npy.mp4,N,N,N,dir_absent_on_deprod
01a08453-22a0-776b-ac14-f578d3211ee6,2026-09-09 04:02:16.403662+00:00,yam_0_61,/nfs/data/sz_34/20260909/episode_20260909_040036_000_c5a4b16b.npy.mp4,N,N,N,dir_absent_on_deprod
01a08453-af40-7c2e-b6b4-1925b5b276a3,2026-09-09 04:02:49.730007+00:00,yam_0_61,/nfs/data/sz_34/20260909/episode_20260909_040112_000_8cee78b7.npy.mp4,N,N,N,dir_absent_on_deprod
01a08454-37f8-7729-ada1-f6d869c5bc51,2026-09-09 04:03:28.135223+00:00,yam_0_61,/nfs/data/sz_34/20260909/episode_20260909_040147_000_d0743c75.npy.mp4,N,N,N,dir_absent_on_deprod
01a08454-c880-7365-ad30-4937f8b2e8f2,2026-09-09 04:04:01.517870+00:00,yam_0_61,/nfs/data/sz_34/20260909/episode_20260909_040224_000_a36c8b58.npy.mp4,N,N,N,dir_absent_on_deprod
01a08455-4d50-7ce9-9ae4-fe273fb9e506,2026-09-09 04:04:40.812176+00:00,yam_0_61,/nfs/data/sz_34/20260909/episode_20260909_040258_000_0cca4914.npy.mp4,N,N,N,dir_absent_on_deprod
01a08455-d608-7655-85f3-e8879c50f71a,2026-09-09 04:05:15.068981+00:00,yam_0_61,/nfs/data/sz_34/20260909/episode_20260909_040333_000_4f3b40c4.npy.mp4,N,N,N,dir_absent_on_deprod
01a08456-6a78-77d2-9ed3-74a1479cce9d,2026-09-09 04:05:53.384978+00:00,yam_0_61,/nfs/data/sz_34/20260909/episode_20260909_040411_000_fb96ebbe.npy.mp4,N,N,N,dir_absent_on_deprod
01a08456-f718-7117-aa21-461f95d8d175,2026-09-09 04:06:27.635701+00:00,yam_0_61,/nfs/data/sz_34/20260909/episode_20260909_040447_000_1be7640b.npy.mp4,N,N,N,dir_absent_on_deprod
01a08457-8b88-7fe8-aa6d-5d8055791e5a,2026-09-09 04:07:05.898397+00:00,yam_0_61,/nfs/data/sz_34/20260909/episode_20260909_040525_000_115d2036.npy.mp4,N,N,N,dir_absent_on_deprod
01a08458-1440-7479-8ac0-d29cd1424eed,2026-09-09 04:07:40.180643+00:00,yam_0_61,/nfs/data/sz_34/20260909/episode_20260909_040600_000_8ac5686b.npy.mp4,N,N,N,dir_absent_on_deprod
01a08458-a0e0-7084-9f3e-ec5e184b22a8,2026-09-09 04:08:13.551579+00:00,yam_0_61,/nfs/data/sz_34/20260909/episode_20260909_040636_000_4b36d6e6.npy.mp4,N,N,N,dir_absent_on_deprod
01a08459-2d80-745e-9b19-3ea9fc5062c6,2026-09-09 04:08:52.812493+00:00,yam_0_61,/nfs/data/sz_34/20260909/episode_20260909_040712_000_248a57d9.npy.mp4,N,N,N,dir_absent_on_deprod
01a08459-ba20-7791-9542-a8d3d682711d,2026-09-09 04:09:31.068266+00:00,yam_0_61,/nfs/data/sz_34/20260909/episode_20260909_040748_000_f4fb214c.npy.mp4,N,N,N,dir_absent_on_deprod
01a0845a-46c0-7d25-9368-f6e535768595,2026-09-09 04:10:05.306684+00:00,yam_0_61,/nfs/data/sz_34/20260909/episode_20260909_040824_000_bca52187.npy.mp4,N,N,N,dir_absent_on_deprod
01a0845a-d748-771a-866d-fefeb7cce106,2026-09-09 04:10:44.556226+00:00,yam_0_61,/nfs/data/sz_34/20260909/episode_20260909_040901_000_3c2e2e3d.npy.mp4,N,N,N,dir_absent_on_deprod
01a0845b-6fa0-7a15-969f-1c389f700fd9,2026-09-09 04:11:17.800455+00:00,yam_0_61,/nfs/data/sz_34/20260909/episode_20260909_040940_000_3f5c939f.npy.mp4,N,N,N,dir_absent_on_deprod
01a0845b-f858-7a6f-b996-eedabd83864c,2026-09-09 04:11:56.072612+00:00,yam_0_61,/nfs/data/sz_34/20260909/episode_20260909_041015_000_f66b7f89.npy.mp4,N,N,N,dir_absent_on_deprod
01a0845c-7d28-7c8d-aa30-a14974e97734,2026-09-09 04:12:30.339083+00:00,yam_0_61,/nfs/data/sz_34/20260909/episode_20260909_041049_000_f5c5542f.npy.mp4,N,N,N,dir_absent_on_deprod
01a0845d-0db0-7ed4-aa9d-78678e7f56d5,2026-09-09 04:13:09.591403+00:00,yam_0_61,/nfs/data/sz_34/20260909/episode_20260909_041126_000_7bed7d24.npy.mp4,N,N,N,dir_absent_on_deprod
01a0845d-9e38-7cd9-9314-d514620081f7,2026-09-09 04:13:42.848537+00:00,yam_0_61,/nfs/data/sz_34/20260909/episode_20260909_041203_000_bae70b42.npy.mp4,N,N,N,dir_absent_on_deprod
01a0845e-2ec0-7717-a06e-31a1e49f2676,2026-09-09 04:14:22.116651+00:00,yam_0_61,/nfs/data/sz_34/20260909/episode_20260909_041240_000_bb7c95e5.npy.mp4,N,N,N,dir_absent_on_deprod
01a0845e-b778-7498-8b86-91bb6a49bbe5,2026-09-09 04:14:56.373626+00:00,yam_0_61,/nfs/data/sz_34/20260909/episode_20260909_041315_000_dba93fd9.npy.mp4,N,N,N,dir_absent_on_deprod
01a0845f-4800-7880-9614-8c36cb89e464,2026-09-09 04:15:29.616880+00:00,yam_0_61,/nfs/data/sz_34/20260909/episode_20260909_041352_000_2b1c13e4.npy.mp4,N,N,N,dir_absent_on_deprod
01a0845f-c8e8-74fa-80b6-612f11f250e8,2026-09-09 04:16:02.886491+00:00,yam_0_61,/nfs/data/sz_34/20260909/episode_20260909_041425_000_2170dd2e.npy.mp4,N,N,N,dir_absent_on_deprod
01a08460-49d0-7702-941a-0c07b0ca5194,2026-09-09 04:16:37.143994+00:00,yam_0_61,/nfs/data/sz_34/20260909/episode_20260909_041458_000_99c09ff7.npy.mp4,N,N,N,dir_absent_on_deprod
01a08460-cea0-7d10-889f-d3e83ebc7067,2026-09-09 04:17:16.408546+00:00,yam_0_61,/nfs/data/sz_34/20260909/episode_20260909_041532_000_4f8cd3cb.npy.mp4,N,N,N,dir_absent_on_deprod
01a08461-66f8-73fe-a428-0140408ea512,2026-09-09 04:17:49.656606+00:00,yam_0_61,/nfs/data/sz_34/20260909/episode_20260909_041611_000_59b7409c.npy.mp4,N,N,N,dir_absent_on_deprod
01a08461-f398-708a-97d8-0dccf7c1e837,2026-09-09 04:18:28.956334+00:00,yam_0_61,/nfs/data/sz_34/20260909/episode_20260909_041647_000_e1eac65a.npy.mp4,N,N,N,dir_absent_on_deprod
01a08462-8038-7ea9-a97a-71a614e474ab,2026-09-09 04:19:03.203573+00:00,yam_0_61,/nfs/data/sz_34/20260909/episode_20260909_041723_000_12c0f817.npy.mp4,N,N,N,dir_absent_on_deprod
01a08463-08f0-788f-8166-5540eadaaecd,2026-09-09 04:19:41.480669+00:00,yam_0_61,/nfs/data/sz_34/20260909/episode_20260909_041758_000_22f022ed.npy.mp4,N,N,N,dir_absent_on_deprod
01a08463-9590-742c-9766-a527be88ab5f,2026-09-09 04:20:15.781238+00:00,yam_0_61,/nfs/data/sz_34/20260909/episode_20260909_041834_000_f7c68afd.npy.mp4,N,N,N,dir_absent_on_deprod
01a08464-2618-74cd-8d49-320b2597ee62,2026-09-09 04:20:55.059396+00:00,yam_0_61,/nfs/data/sz_34/20260909/episode_20260909_041911_000_1d56bc5e.npy.mp4,N,N,N,dir_absent_on_deprod
01a08464-ba88-7e68-856f-8d92f1857fa7,2026-09-09 04:21:23.321513+00:00,yam_0_61,/nfs/data/sz_34/20260909/episode_20260909_041949_000_ea696203.npy.mp4,N,N,N,dir_absent_on_deprod
01a08465-3b70-741a-ae05-ca6bc889053b,2026-09-09 04:22:02.575408+00:00,yam_0_61,/nfs/data/sz_34/20260909/episode_20260909_042022_000_b011ece4.npy.mp4,N,N,N,dir_absent_on_deprod
01a08465-c428-70b5-b196-632f501670fb,2026-09-09 04:22:41.855923+00:00,yam_0_61,/nfs/data/sz_34/20260909/episode_20260909_042057_000_f7e95f16.npy.mp4,N,N,N,dir_absent_on_deprod
01a08466-6068-7fe7-9595-66ab1be4f6ef,2026-09-09 04:23:21.149054+00:00,yam_0_61,/nfs/data/sz_34/20260909/episode_20260909_042137_000_972edfcc.npy.mp4,N,N,N,dir_absent_on_deprod
01a08466-ed08-775c-9ce6-310a92fef100,2026-09-09 04:23:55.421525+00:00,yam_0_61,/nfs/data/sz_34/20260909/episode_20260909_042213_000_2a118a34.npy.mp4,N,N,N,dir_absent_on_deprod
01a08467-8178-7efb-a311-e050befedeaa,2026-09-09 04:24:33.691104+00:00,yam_0_61,/nfs/data/sz_34/20260909/episode_20260909_042251_000_33674dd5.npy.mp4,N,N,N,dir_absent_on_deprod
01a08468-15e8-7636-853a-3139e5c6b3b8,2026-09-09 04:25:13.932876+00:00,yam_0_61,/nfs/data/sz_34/20260909/episode_20260909_042329_000_294de089.npy.mp4,N,N,N,dir_absent_on_deprod
01a08468-b9f8-7c59-8649-15c9c37a7079,2026-09-09 04:25:52.180571+00:00,yam_0_61,/nfs/data/sz_34/20260909/episode_20260909_042411_000_b9ce5604.npy.mp4,N,N,N,dir_absent_on_deprod
01a08469-42b0-72cb-89be-a16f2953892d,2026-09-09 04:26:31.446923+00:00,yam_0_61,/nfs/data/sz_34/20260909/episode_20260909_042446_000_210a2c2a.npy.mp4,N,N,N,dir_absent_on_deprod
01a08469-def0-71be-a870-4e7af2452c44,2026-09-09 04:27:10.699292+00:00,yam_0_61,/nfs/data/sz_34/20260909/episode_20260909_042526_000_ae04bc88.npy.mp4,N,N,N,dir_absent_on_deprod
01a0846a-7360-7c1d-bf00-097a9e766f8b,2026-09-09 04:27:55.952460+00:00,yam_0_61,/nfs/data/sz_34/20260909/episode_20260909_042604_000_f1529831.npy.mp4,N,N,N,dir_absent_on_deprod
01a0846b-2328-79cf-bc10-8423c3a63fe4,2026-09-09 04:28:35.208687+00:00,yam_0_61,/nfs/data/sz_34/20260909/episode_20260909_042649_000_99b430d8.npy.mp4,N,N,N,dir_absent_on_deprod
01a0846b-bf68-78db-94b0-252b3689ec86,2026-09-09 04:29:09.472963+00:00,yam_0_61,/nfs/data/sz_34/20260909/episode_20260909_042729_000_99871317.npy.mp4,N,N,N,dir_absent_on_deprod
01a0846c-4ff0-7fd2-b1f2-0a9573b3c8f7,2026-09-09 04:29:48.736694+00:00,yam_0_61,/nfs/data/sz_34/20260909/episode_20260909_042806_000_185111a0.npy.mp4,N,N,N,dir_absent_on_deprod
01a0846c-d8a8-7f7e-a210-c63c5b07e1ca,2026-09-09 04:30:22.990786+00:00,yam_0_61,/nfs/data/sz_34/20260909/episode_20260909_042841_000_b3b188cf.npy.mp4,N,N,N,dir_absent_on_deprod
01a0846d-6d18-7d55-a9fe-3f902e81b0e7,2026-09-09 04:31:01.262022+00:00,yam_0_61,/nfs/data/sz_34/20260909/episode_20260909_042919_000_a0f86992.npy.mp4,N,N,N,dir_absent_on_deprod
01a0846e-0d40-700a-b323-788bc4999118,2026-09-09 04:31:40.533033+00:00,yam_0_61,/nfs/data/sz_34/20260909/episode_20260909_043000_000_7e44942d.npy.mp4,N,N,N,dir_absent_on_deprod
01a0846e-95f8-7695-901e-d39f4ca1494c,2026-09-09 04:32:14.796590+00:00,yam_0_61,/nfs/data/sz_34/20260909/episode_20260909_043035_000_37c6d63c.npy.mp4,N,N,N,dir_absent_on_deprod
01a0846f-3620-71da-98bd-f45f9f3f2937,2026-09-09 04:32:53.047197+00:00,yam_0_61,/nfs/data/sz_34/20260909/episode_20260909_043116_000_864a0f5d.npy.mp4,N,N,N,dir_absent_on_deprod
01a0846f-c2c0-77d5-928b-73ac8b00b262,2026-09-09 04:33:26.282526+00:00,yam_0_61,/nfs/data/sz_34/20260909/episode_20260909_043152_000_2fbbac18.npy.mp4,N,N,N,dir_absent_on_deprod
01a08470-4790-77f8-8a65-e2c190abbe0d,2026-09-09 04:34:04.524494+00:00,yam_0_61,/nfs/data/sz_34/20260909/episode_20260909_043226_000_6ea797ff.npy.mp4,N,N,N,dir_absent_on_deprod
01a08470-cc60-7454-874f-83d1af4c63d5,2026-09-09 04:34:38.788942+00:00,yam_0_61,/nfs/data/sz_34/20260909/episode_20260909_043300_000_fddd8aa7.npy.mp4,N,N,N,dir_absent_on_deprod
01a08471-5130-7dc4-8538-94499dd2fbef,2026-09-09 04:35:12.033898+00:00,yam_0_61,/nfs/data/sz_34/20260909/episode_20260909_043334_000_92be4e14.npy.mp4,N,N,N,dir_absent_on_deprod
01a08471-d218-7708-b385-0f7812b67e53,2026-09-09 04:35:45.294392+00:00,yam_0_61,/nfs/data/sz_34/20260909/episode_20260909_043407_000_2ee4ee91.npy.mp4,N,N,N,dir_absent_on_deprod
01a08472-5300-78ff-adeb-6b5361fdee25,2026-09-09 04:36:18.556917+00:00,yam_0_61,/nfs/data/sz_34/20260909/episode_20260909_043440_000_f246524d.npy.mp4,N,N,N,dir_absent_on_deprod
01a08472-d7d0-7512-bb92-afba37e1095f,2026-09-09 04:36:52.802125+00:00,yam_0_61,/nfs/data/sz_34/20260909/episode_20260909_043514_000_0c248e09.npy.mp4,N,N,N,dir_absent_on_deprod
01a08492-2b58-74a1-ac1b-ba6f2a796ecc,2026-09-09 05:11:07.364842+00:00,yam_0_61,/nfs/data/sz_34/20260909/episode_20260909_050927_000_7ff2f1b4.npy.mp4,N,N,N,dir_absent_on_deprod
01a08492-bbe0-7e5a-a695-9e7ae3d08fe5,2026-09-09 05:11:46.624869+00:00,yam_0_61,/nfs/data/sz_34/20260909/episode_20260909_051004_000_2f4ba786.npy.mp4,N,N,N,dir_absent_on_deprod
01a08493-4880-7fb5-baa3-0c219e78598c,2026-09-09 05:12:25.877063+00:00,yam_0_61,/nfs/data/sz_34/20260909/episode_20260909_051040_000_48b9bd09.npy.mp4,N,N,N,dir_absent_on_deprod
01a08493-f848-73ce-9649-39a1732366c8,2026-09-09 05:13:10.131704+00:00,yam_0_61,/nfs/data/sz_34/20260909/episode_20260909_051125_000_022c38ca.npy.mp4,N,N,N,dir_absent_on_deprod
01a08494-88d0-753f-bc69-4a9f670ebfda,2026-09-09 05:13:49.431281+00:00,yam_0_61,/nfs/data/sz_34/20260909/episode_20260909_051202_000_87aea296.npy.mp4,N,N,N,dir_absent_on_deprod
01a08495-28f8-7ca1-b9bc-6b02d4fd8a95,2026-09-09 05:14:22.762150+00:00,yam_0_61,/nfs/data/sz_34/20260909/episode_20260909_051243_000_0234b3ee.npy.mp4,N,N,N,dir_absent_on_deprod
01a08495-b598-72cf-80e7-98f12d0c5e7c,2026-09-09 05:15:02.039870+00:00,yam_0_61,/nfs/data/sz_34/20260909/episode_20260909_051319_000_08c3641d.npy.mp4,N,N,N,dir_absent_on_deprod
01a08496-4df0-70ce-947b-4b47b14c56f7,2026-09-09 05:15:41.323989+00:00,yam_0_61,/nfs/data/sz_34/20260909/episode_20260909_051358_000_a159db3c.npy.mp4,N,N,N,dir_absent_on_deprod
01a08496-e648-7d52-852c-59a12ec9661e,2026-09-09 05:16:19.577854+00:00,yam_0_61,/nfs/data/sz_34/20260909/episode_20260909_051437_000_05b9051f.npy.mp4,N,N,N,dir_absent_on_deprod
01a08497-8288-77c6-82e1-dfeb976db634,2026-09-09 05:16:58.932349+00:00,yam_0_61,/nfs/data/sz_34/20260909/episode_20260909_051517_000_ab7dc27d.npy.mp4,N,N,N,dir_absent_on_deprod
01a08498-16f8-7241-95b5-81dc074f9348,2026-09-09 05:17:38.174697+00:00,yam_0_61,/nfs/data/sz_34/20260909/episode_20260909_051555_000_315ed670.npy.mp4,N,N,N,dir_absent_on_deprod
01a08498-af50-7689-a090-7e6432e41b11,2026-09-09 05:18:16.428747+00:00,yam_0_61,/nfs/data/sz_34/20260909/episode_20260909_051634_000_fc47028c.npy.mp4,N,N,N,dir_absent_on_deprod
01a08499-3fd8-7791-b23b-ca0ddba5d8e8,2026-09-09 05:18:50.682824+00:00,yam_0_61,/nfs/data/sz_34/20260909/episode_20260909_051711_000_c7bf1846.npy.mp4,N,N,N,dir_absent_on_deprod
01a08499-cc78-7e08-958b-1c7a0f308736,2026-09-09 05:19:23.940301+00:00,yam_0_61,/nfs/data/sz_34/20260909/episode_20260909_051747_000_2f9f4de5.npy.mp4,N,N,N,dir_absent_on_deprod
01a0849a-5148-7e33-8ad6-8dfae877e0d2,2026-09-09 05:20:03.197138+00:00,yam_0_61,/nfs/data/sz_34/20260909/episode_20260909_051821_000_b286f4eb.npy.mp4,N,N,N,dir_absent_on_deprod
01a0849a-e5b8-7a3a-91df-eef335c55e3e,2026-09-09 05:20:36.490023+00:00,yam_0_61,/nfs/data/sz_34/20260909/episode_20260909_051859_000_1fa555d9.npy.mp4,N,N,N,dir_absent_on_deprod
01a0849b-62b8-779f-926d-b006b6c57080,2026-09-09 05:21:09.741417+00:00,yam_0_61,/nfs/data/sz_34/20260909/episode_20260909_051931_000_d77b67ca.npy.mp4,N,N,N,dir_absent_on_deprod
01a0849b-dfb8-7638-a774-4ea9435cbb24,2026-09-09 05:21:44.057168+00:00,yam_0_61,/nfs/data/sz_34/20260909/episode_20260909_052003_000_bbdf0800.npy.mp4,N,N,N,dir_absent_on_deprod
01a0849c-6870-7569-b34c-35a82e6bd462,2026-09-09 05:22:23.379350+00:00,yam_0_61,/nfs/data/sz_34/20260909/episode_20260909_052038_000_d8ab3731.npy.mp4,N,N,N,dir_absent_on_deprod
01a0849d-00c8-7f69-84a0-e3c9246af31c,2026-09-09 05:22:56.648013+00:00,yam_0_61,/nfs/data/sz_34/20260909/episode_20260909_052117_000_7dcdade7.npy.mp4,N,N,N,dir_absent_on_deprod
01a0849d-9150-7286-80cb-2a254f99c5e1,2026-09-09 05:23:35.922447+00:00,yam_0_61,/nfs/data/sz_34/20260909/episode_20260909_052154_000_0df7e0b8.npy.mp4,N,N,N,dir_absent_on_deprod
01a0849e-1620-7fa7-897f-61f8e4f070bc,2026-09-09 05:24:09.173824+00:00,yam_0_61,/nfs/data/sz_34/20260909/episode_20260909_052228_000_b1559273.npy.mp4,N,N,N,dir_absent_on_deprod
01a0849e-be18-790a-8221-253d95961a7c,2026-09-09 05:24:47.499743+00:00,yam_0_61,/nfs/data/sz_34/20260909/episode_20260909_052311_000_1c2fd35c.npy.mp4,N,N,N,dir_absent_on_deprod
01a0849f-42e8-7e94-96fc-c96892ff7b75,2026-09-09 05:25:26.757914+00:00,yam_0_61,/nfs/data/sz_34/20260909/episode_20260909_052345_000_e8a5f056.npy.mp4,N,N,N,dir_absent_on_deprod
01a0849f-cf88-75de-a0ea-c0a92f144e55,2026-09-09 05:26:00.039403+00:00,yam_0_61,/nfs/data/sz_34/20260909/episode_20260909_052421_000_e6d53ff5.npy.mp4,N,N,N,dir_absent_on_deprod
01a084a0-5458-7a02-a28a-9199bca18fbb,2026-09-09 05:26:39.361375+00:00,yam_0_61,/nfs/data/sz_34/20260909/episode_20260909_052455_000_d0d167de.npy.mp4,N,N,N,dir_absent_on_deprod
01a084a0-ecb0-70dc-9015-c3d56c2ad4e6,2026-09-09 05:27:12.818604+00:00,yam_0_61,/nfs/data/sz_34/20260909/episode_20260909_052534_000_f34a2407.npy.mp4,N,N,N,dir_absent_on_deprod
01a084a1-69b0-73c3-9c94-9763f96252b8,2026-09-09 05:27:42.091246+00:00,yam_0_61,/nfs/data/sz_34/20260909/episode_20260909_052606_000_5fc8da18.npy.mp4,N,N,N,dir_absent_on_deprod
01a084a1-ea98-7a4b-b92f-6e9636635250,2026-09-09 05:28:15.361442+00:00,yam_0_61,/nfs/data/sz_34/20260909/episode_20260909_052639_000_ebf0af41.npy.mp4,N,N,N,dir_absent_on_deprod
01a084a2-6b80-7076-92d4-73a13b22e615,2026-09-09 05:28:54.642552+00:00,yam_0_61,/nfs/data/sz_34/20260909/episode_20260909_052712_000_dbad0e0f.npy.mp4,N,N,N,dir_absent_on_deprod
01a084a2-fc08-74c5-b131-d0e1cb58565e,2026-09-09 05:29:32.890489+00:00,yam_0_61,/nfs/data/sz_34/20260909/episode_20260909_052749_000_97b9336c.npy.mp4,N,N,N,dir_absent_on_deprod
01a084a3-8c90-7bd7-9fba-3a4d1ceea47c,2026-09-09 05:30:07.136755+00:00,yam_0_61,/nfs/data/sz_34/20260909/episode_20260909_052826_000_8140b1d2.npy.mp4,N,N,N,dir_absent_on_deprod
01a084a4-1d18-735a-ac1e-16018181e842,2026-09-09 05:30:45.370357+00:00,yam_0_61,/nfs/data/sz_34/20260909/episode_20260909_052903_000_a1bf9991.npy.mp4,N,N,N,dir_absent_on_deprod
01a084a4-a9b8-7d0a-b62d-e47550b0f44d,2026-09-09 05:31:19.628021+00:00,yam_0_61,/nfs/data/sz_34/20260909/episode_20260909_052939_000_6699c5bc.npy.mp4,N,N,N,dir_absent_on_deprod
01a084a5-2e88-7f78-90f6-3d69708f6acb,2026-09-09 05:31:53.911207+00:00,yam_0_61,/nfs/data/sz_34/20260909/episode_20260909_053013_000_7d48c44e.npy.mp4,N,N,N,dir_absent_on_deprod
01a084a5-bf10-79c3-8af6-ac70f8cca403,2026-09-09 05:32:32.199884+00:00,yam_0_61,/nfs/data/sz_34/20260909/episode_20260909_053050_000_d86391c9.npy.mp4,N,N,N,dir_absent_on_deprod
01a084a6-4f98-784f-b7c7-5c726af562ed,2026-09-09 05:33:06.460654+00:00,yam_0_61,/nfs/data/sz_34/20260909/episode_20260909_053127_000_fcbfed0e.npy.mp4,N,N,N,dir_absent_on_deprod
01a084a6-dc38-7549-ac89-995b688d98f4,2026-09-09 05:33:50.807155+00:00,yam_0_61,/nfs/data/sz_34/20260909/episode_20260909_053203_000_498bd341.npy.mp4,N,N,N,dir_absent_on_deprod
01a084a7-8048-7f01-a869-b239a53b2c01,2026-09-09 05:34:30.234416+00:00,yam_0_61,/nfs/data/sz_34/20260909/episode_20260909_053245_000_f278a6be.npy.mp4,N,N,N,dir_absent_on_deprod
01a084a8-14b8-7ae4-a65b-ddbd4e86dd8c,2026-09-09 05:35:09.056542+00:00,yam_0_61,/nfs/data/sz_34/20260909/episode_20260909_053323_000_ef2487f9.npy.mp4,N,N,N,dir_absent_on_deprod
01a084a8-b4e0-7133-8a2c-3a7ada4a8fa1,2026-09-09 05:35:48.346022+00:00,yam_0_61,/nfs/data/sz_34/20260909/episode_20260909_053404_000_ba6fbc53.npy.mp4,N,N,N,dir_absent_on_deprod
01a084a9-5508-7f4a-8735-b8e122b896a2,2026-09-09 05:36:26.612875+00:00,yam_0_61,/nfs/data/sz_34/20260909/episode_20260909_053445_000_6ebaf19a.npy.mp4,N,N,N,dir_absent_on_deprod
01a084a9-e590-7729-8df4-a3acbc5f9753,2026-09-09 05:37:11.968107+00:00,yam_0_61,/nfs/data/sz_34/20260909/episode_20260909_053522_000_8ca159cd.npy.mp4,N,N,N,dir_absent_on_deprod
01a084aa-89a0-7306-a0b3-8a3d2c3df93e,2026-09-09 05:37:45.590126+00:00,yam_0_61,/nfs/data/sz_34/20260909/episode_20260909_053604_000_1a7b56c1.npy.mp4,N,N,N,dir_absent_on_deprod
01a084ab-1a28-7335-8d94-60d34a8aefcb,2026-09-09 05:38:24.266251+00:00,yam_0_61,/nfs/data/sz_34/20260909/episode_20260909_053641_000_7804afdd.npy.mp4,N,N,N,dir_absent_on_deprod
01a084ab-b280-7a08-a3e5-3001c45df3bf,2026-09-09 05:39:03.711868+00:00,yam_0_61,/nfs/data/sz_34/20260909/episode_20260909_053720_000_a0404dad.npy.mp4,N,N,N,dir_absent_on_deprod
01a084ac-3f20-7b99-b03b-472c2c01eca3,2026-09-09 05:39:36.979094+00:00,yam_0_61,/nfs/data/sz_34/20260909/episode_20260909_053756_000_2dc8f4e9.npy.mp4,N,N,N,dir_absent_on_deprod
01a084ac-d390-7df2-844e-0722bcc7b40e,2026-09-09 05:40:16.247693+00:00,yam_0_61,/nfs/data/sz_34/20260909/episode_20260909_053834_000_de95bde0.npy.mp4,N,N,N,dir_absent_on_deprod
01a084ad-6be8-7bc8-8b52-2727cac33845,2026-09-09 05:41:00.542220+00:00,yam_0_61,/nfs/data/sz_34/20260909/episode_20260909_053913_000_77467e26.npy.mp4,N,N,N,dir_absent_on_deprod
01a084ae-0828-768f-9608-0fa1eb0a2b53,2026-09-09 05:41:34.837129+00:00,yam_0_61,/nfs/data/sz_34/20260909/episode_20260909_053953_000_84fe123e.npy.mp4,N,N,N,dir_absent_on_deprod
01a084ae-9c98-72ad-bd26-ab01e80dd184,2026-09-09 05:42:08.105782+00:00,yam_0_61,/nfs/data/sz_34/20260909/episode_20260909_054031_000_7751d60e.npy.mp4,N,N,N,dir_absent_on_deprod
01a084af-34f0-7e49-bd54-484b92453f1e,2026-09-09 05:42:51.393788+00:00,yam_0_61,/nfs/data/sz_34/20260909/episode_20260909_054110_000_57cffcfa.npy.mp4,N,N,N,dir_absent_on_deprod
01a084af-c960-7f75-967d-fdd1d98c3be7,2026-09-09 05:43:36.676353+00:00,yam_0_61,/nfs/data/sz_34/20260909/episode_20260909_054148_000_56d9a06b.npy.mp4,N,N,N,dir_absent_on_deprod
01a084b0-6d70-7721-9982-144861d7eefc,2026-09-09 05:44:14.949196+00:00,yam_0_61,/nfs/data/sz_34/20260909/episode_20260909_054230_000_2141e919.npy.mp4,N,N,N,dir_absent_on_deprod
01a084b1-1d38-7c8b-b776-ff638b960d7b,2026-09-09 05:44:54.375022+00:00,yam_0_61,/nfs/data/sz_34/20260909/episode_20260909_054315_000_c9dfb124.npy.mp4,N,N,N,dir_absent_on_deprod
01a084b1-9e20-70c0-9026-afae194e89b2,2026-09-09 05:45:27.644033+00:00,yam_0_61,/nfs/data/sz_34/20260909/episode_20260909_054348_000_ff2ce682.npy.mp4,N,N,N,dir_absent_on_deprod
01a084b2-2ac0-73da-a29f-2990d63dc0b3,2026-09-09 05:46:06.906043+00:00,yam_0_61,/nfs/data/sz_34/20260909/episode_20260909_054424_000_b6d60310.npy.mp4,N,N,N,dir_absent_on_deprod
01a084b2-bf30-70e4-bfc0-7e98ac578cfe,2026-09-09 05:46:40.174412+00:00,yam_0_61,/nfs/data/sz_34/20260909/episode_20260909_054502_000_b96dc847.npy.mp4,N,N,N,dir_absent_on_deprod
01a084b3-47e8-7b91-883d-f47252f59086,2026-09-09 05:47:19.445577+00:00,yam_0_61,/nfs/data/sz_34/20260909/episode_20260909_054537_000_9167f2df.npy.mp4,N,N,N,dir_absent_on_deprod
01a084b3-e428-7b11-a292-0d231e3bdb22,2026-09-09 05:47:58.698231+00:00,yam_0_61,/nfs/data/sz_34/20260909/episode_20260909_054617_000_5c386dc1.npy.mp4,N,N,N,dir_absent_on_deprod
01a084b4-7898-7a3a-8e8b-2b17b66195db,2026-09-09 05:48:31.944002+00:00,yam_0_61,/nfs/data/sz_34/20260909/episode_20260909_054655_000_6e46b7a1.npy.mp4,N,N,N,dir_absent_on_deprod
01a084b5-0150-72c5-aa18-c3a5712f9f4a,2026-09-09 05:49:16.193809+00:00,yam_0_61,/nfs/data/sz_34/20260909/episode_20260909_054730_000_d713c668.npy.mp4,N,N,N,dir_absent_on_deprod
01a084b5-a178-79b7-8eb1-8e00b595e131,2026-09-09 05:49:55.525421+00:00,yam_0_61,/nfs/data/sz_34/20260909/episode_20260909_054811_000_c1e3333b.npy.mp4,N,N,N,dir_absent_on_deprod
01a084b6-3db8-781a-9ff0-26dee3dc2d40,2026-09-09 05:50:34.879156+00:00,yam_0_61,/nfs/data/sz_34/20260909/episode_20260909_054851_000_5e461786.npy.mp4,N,N,N,dir_absent_on_deprod
01a084b6-d610-74a8-87cf-4140a60f36bf,2026-09-09 05:51:13.196961+00:00,yam_0_61,/nfs/data/sz_34/20260909/episode_20260909_054930_000_62aac924.npy.mp4,N,N,N,dir_absent_on_deprod
01a084b7-6698-7c5a-87d0-fbcada4bee3d,2026-09-09 05:51:47.506922+00:00,yam_0_61,/nfs/data/sz_34/20260909/episode_20260909_055007_000_714b40fb.npy.mp4,N,N,N,dir_absent_on_deprod
01a084b7-f720-7cae-92d8-3cd642e6ef80,2026-09-09 05:52:26.817978+00:00,yam_0_61,/nfs/data/sz_34/20260909/episode_20260909_055044_000_f8f3797a.npy.mp4,N,N,N,dir_absent_on_deprod
01a084b8-9748-7502-b8b5-14aa4403979e,2026-09-09 05:53:05.068636+00:00,yam_0_61,/nfs/data/sz_34/20260909/episode_20260909_055125_000_d6243f1b.npy.mp4,N,N,N,dir_absent_on_deprod
01a084b9-27d0-76c7-9610-5b5875e810b9,2026-09-09 05:53:44.345457+00:00,yam_0_61,/nfs/data/sz_34/20260909/episode_20260909_055202_000_5cd28f8f.npy.mp4,N,N,N,dir_absent_on_deprod
01a084b9-b858-7276-86de-99374654a804,2026-09-09 05:54:17.623761+00:00,yam_0_61,/nfs/data/sz_34/20260909/episode_20260909_055239_000_5cc1fd17.npy.mp4,N,N,N,dir_absent_on_deprod
01a084ba-44f8-7680-bc2f-10ba93ea81b7,2026-09-09 05:55:02.919034+00:00,yam_0_61,/nfs/data/sz_34/20260909/episode_20260909_055315_000_87415964.npy.mp4,N,N,N,dir_absent_on_deprod
01a084ba-e138-74d7-a07b-43dd6b79d662,2026-09-09 05:55:31.220744+00:00,yam_0_61,/nfs/data/sz_34/20260909/episode_20260909_055355_000_2eddbcd5.npy.mp4,N,N,N,dir_absent_on_deprod
01a084bb-5e38-7308-96ff-c2d2363dec55,2026-09-09 05:56:04.489350+00:00,yam_0_61,/nfs/data/sz_34/20260909/episode_20260909_055427_000_ed7997ee.npy.mp4,N,N,N,dir_absent_on_deprod
01a084bb-df20-7b3f-84cb-2b71dd89f2fb,2026-09-09 05:56:43.786078+00:00,yam_0_61,/nfs/data/sz_34/20260909/episode_20260909_055500_000_a7b328e1.npy.mp4,N,N,N,dir_absent_on_deprod
01a084bc-6bc0-76d1-8451-d585232ba813,2026-09-09 05:57:18.105104+00:00,yam_0_61,/nfs/data/sz_34/20260909/episode_20260909_055536_000_934e03e8.npy.mp4,N,N,N,dir_absent_on_deprod
01a084bc-fc48-74f8-848f-4ead0781d2b9,2026-09-09 05:57:51.490518+00:00,yam_0_61,/nfs/data/sz_34/20260909/episode_20260909_055613_000_7ddc2bbb.npy.mp4,N,N,N,dir_absent_on_deprod
01a084be-4850-7e34-9241-3f78db4495b5,2026-09-09 05:59:26.008323+00:00,yam_0_61,/nfs/data/sz_34/20260909/episode_20260909_055738_000_418009bd.npy.mp4,N,N,N,dir_absent_on_deprod
01a084be-e878-7f29-87b2-0c137dcea1ed,2026-09-09 06:00:00.341320+00:00,yam_0_61,/nfs/data/sz_34/20260909/episode_20260909_055819_000_d7a150c6.npy.mp4,N,N,N,dir_absent_on_deprod
01a084bf-88a0-7e0f-8acc-1147c37184bd,2026-09-09 06:00:43.776065+00:00,yam_0_61,/nfs/data/sz_34/20260909/episode_20260909_055900_000_416bb869.npy.mp4,N,N,N,dir_absent_on_deprod
01a084c0-1928-7cfd-af1c-2469a7cdeaa0,2026-09-09 06:01:18.242668+00:00,yam_0_61,/nfs/data/sz_34/20260909/episode_20260909_055937_000_98d94145.npy.mp4,N,N,N,dir_absent_on_deprod
01a084c0-a5c8-75f5-aa39-fda4e3f20905,2026-09-09 06:01:56.546792+00:00,yam_0_61,/nfs/data/sz_34/20260909/episode_20260909_060013_000_6ff2d475.npy.mp4,N,N,N,dir_absent_on_deprod
01a084c1-3268-7bc6-9070-0e5cae35bbe3,2026-09-09 06:02:30.855958+00:00,yam_0_61,/nfs/data/sz_34/20260909/episode_20260909_060049_000_2ba37070.npy.mp4,N,N,N,dir_absent_on_deprod
01a084c1-c6d8-706b-965e-09d49f20d1f3,2026-09-09 06:03:15.209692+00:00,yam_0_61,/nfs/data/sz_34/20260909/episode_20260909_060127_000_d7570f03.npy.mp4,N,N,N,dir_absent_on_deprod
01a084c2-6ae8-7e68-9425-1ee186cb87f4,2026-09-09 06:03:49.527075+00:00,yam_0_61,/nfs/data/sz_34/20260909/episode_20260909_060209_000_93d6c9c6.npy.mp4,N,N,N,dir_absent_on_deprod
01a084c2-fb70-7bc8-b8f3-3dffcd9eba04,2026-09-09 06:04:28.885465+00:00,yam_0_61,/nfs/data/sz_34/20260909/episode_20260909_060246_000_353624c7.npy.mp4,N,N,N,dir_absent_on_deprod
01a084c3-8fe0-7ee7-83bc-33ce32ea7ed9,2026-09-09 06:05:02.140653+00:00,yam_0_61,/nfs/data/sz_34/20260909/episode_20260909_060324_000_141d611c.npy.mp4,N,N,N,dir_absent_on_deprod
01a084c4-1898-7dfd-b327-86329409c482,2026-09-09 06:05:52.480013+00:00,yam_0_61,/nfs/data/sz_34/20260909/episode_20260909_060359_000_d4c0d1ec.npy.mp4,N,N,N,dir_absent_on_deprod
01a084c4-c860-7d93-b2dc-201df9d607ce,2026-09-09 06:06:32.231337+00:00,yam_0_61,/nfs/data/sz_34/20260909/episode_20260909_060444_000_d5ea5d3c.npy.mp4,N,N,N,dir_absent_on_deprod
01a084c5-7440-7427-aceb-f8cfc4988683,2026-09-09 06:07:11.762052+00:00,yam_0_61,/nfs/data/sz_34/20260909/episode_20260909_060528_000_fab38ee4.npy.mp4,N,N,N,dir_absent_on_deprod
01a084c6-0c98-7742-bc39-09246366258d,2026-09-09 06:07:56.033291+00:00,yam_0_61,/nfs/data/sz_34/20260909/episode_20260909_060607_000_a22617ab.npy.mp4,N,N,N,dir_absent_on_deprod
01a084c6-b878-79fd-ae7e-c328e3f532ce,2026-09-09 06:08:41.313750+00:00,yam_0_61,/nfs/data/sz_34/20260909/episode_20260909_060651_000_56fdd7bd.npy.mp4,N,N,N,dir_absent_on_deprod
01a084c7-6458-7b40-aff6-f420edd86f8e,2026-09-09 06:09:20.560302+00:00,yam_0_61,/nfs/data/sz_34/20260909/episode_20260909_060735_000_b8ee3d99.npy.mp4,N,N,N,dir_absent_on_deprod
01a084c7-fcb0-7d9a-b711-774fcaa50416,2026-09-09 06:09:59.835125+00:00,yam_0_61,/nfs/data/sz_34/20260909/episode_20260909_060814_000_8a58a83f.npy.mp4,N,N,N,dir_absent_on_deprod
01a084c8-9cd8-7f62-929f-c4e26905defb,2026-09-09 06:10:44.095400+00:00,yam_0_61,/nfs/data/sz_34/20260909/episode_20260909_060855_000_d7f7e286.npy.mp4,N,N,N,dir_absent_on_deprod
01a084c9-40e8-7edc-a080-cbad29650355,2026-09-09 06:11:24.345716+00:00,yam_0_61,/nfs/data/sz_34/20260909/episode_20260909_060937_000_96ea5c95.npy.mp4,N,N,N,dir_absent_on_deprod
01a084c9-e4f8-7fb7-9e05-ed40154056a7,2026-09-09 06:12:08.641455+00:00,yam_0_61,/nfs/data/sz_34/20260909/episode_20260909_061019_000_11e87018.npy.mp4,N,N,N,dir_absent_on_deprod
01a084ca-90d8-70ef-a256-836dda632c16,2026-09-09 06:12:47.914820+00:00,yam_0_61,/nfs/data/sz_34/20260909/episode_20260909_061103_000_e9d565fd.npy.mp4,N,N,N,dir_absent_on_deprod
01a084cb-2d18-7fa6-9aec-aed85e561cb5,2026-09-09 06:13:27.211304+00:00,yam_0_61,/nfs/data/sz_34/20260909/episode_20260909_061143_000_c4199eab.npy.mp4,N,N,N,dir_absent_on_deprod
01a084cb-cd40-7a7c-95c6-42f6bdcedd9f,2026-09-09 06:14:11.585440+00:00,yam_0_61,/nfs/data/sz_34/20260909/episode_20260909_061224_000_2ffaaffd.npy.mp4,N,N,N,dir_absent_on_deprod
01a084cc-7538-7142-8f5a-fd0e7fbf146e,2026-09-09 06:14:45.230791+00:00,yam_0_61,/nfs/data/sz_34/20260909/episode_20260909_061307_000_4d3cc89a.npy.mp4,N,N,N,dir_absent_on_deprod
01a084cd-01d8-7acc-913b-cbbcd9ed11bd,2026-09-09 06:15:29.575323+00:00,yam_0_61,/nfs/data/sz_34/20260909/episode_20260909_061343_000_7e9ccde3.npy.mp4,N,N,N,dir_absent_on_deprod
01a084cd-a200-7da1-93d6-dbee42297d04,2026-09-09 06:16:03.881217+00:00,yam_0_61,/nfs/data/sz_34/20260909/episode_20260909_061424_000_f75e9420.npy.mp4,N,N,N,dir_absent_on_deprod
01a084ce-3288-7209-a367-b89dd3c31fb3,2026-09-09 06:16:42.162204+00:00,yam_0_61,/nfs/data/sz_34/20260909/episode_20260909_061501_000_39b6db70.npy.mp4,N,N,N,dir_absent_on_deprod
01a084ce-c310-7d89-974c-13421bfe6c72,2026-09-09 06:17:21.426775+00:00,yam_0_61,/nfs/data/sz_34/20260909/episode_20260909_061538_000_68741212.npy.mp4,N,N,N,dir_absent_on_deprod
01a084cf-5f50-7134-b927-839259680c8f,2026-09-09 06:18:00.676233+00:00,yam_0_61,/nfs/data/sz_34/20260909/episode_20260909_061618_000_b801cd83.npy.mp4,N,N,N,dir_absent_on_deprod
01a084cf-f7a8-7fe4-9a66-21ab4fe07ee5,2026-09-09 06:18:39.981720+00:00,yam_0_61,/nfs/data/sz_34/20260909/episode_20260909_061657_000_c6874165.npy.mp4,N,N,N,dir_absent_on_deprod
01a084d0-9000-73a6-adb5-734c73e3a555,2026-09-09 06:19:18.301385+00:00,yam_0_61,/nfs/data/sz_34/20260909/episode_20260909_061736_000_0b956173.npy.mp4,N,N,N,dir_absent_on_deprod
01a084d1-2088-7c47-988b-7820da0d21d4,2026-09-09 06:19:57.573822+00:00,yam_0_61,/nfs/data/sz_34/20260909/episode_20260909_061813_000_122c0d9d.npy.mp4,N,N,N,dir_absent_on_deprod
01a084d1-b4f8-7ef0-b005-c8784c5edfd1,2026-09-09 06:20:31.865948+00:00,yam_0_61,/nfs/data/sz_34/20260909/episode_20260909_061851_000_f4a0a81f.npy.mp4,N,N,N,dir_absent_on_deprod
01a084d2-4580-7988-b947-010c033d875f,2026-09-09 06:21:11.157219+00:00,yam_0_61,/nfs/data/sz_34/20260909/episode_20260909_061928_000_90f9fe4e.npy.mp4,N,N,N,dir_absent_on_deprod
01a084d2-ddd8-7d65-a4ec-4f14638269d0,2026-09-09 06:21:49.442524+00:00,yam_0_61,/nfs/data/sz_34/20260909/episode_20260909_062007_000_b7677cb6.npy.mp4,N,N,N,dir_absent_on_deprod
01a084d3-7248-7278-8437-43387f80a350,2026-09-09 06:22:23.720582+00:00,yam_0_61,/nfs/data/sz_34/20260909/episode_20260909_062045_000_9232f116.npy.mp4,N,N,N,dir_absent_on_deprod
01a084d4-aeb0-7d85-8dcb-b9f77ae42ca9,2026-09-09 06:23:47.026168+00:00,yam_0_61,/nfs/data/sz_34/20260909/episode_20260909_062206_000_69f0d065.npy.mp4,N,N,N,dir_absent_on_deprod
01a084d5-9910-77b9-b7ae-a3ce64455b79,2026-09-09 06:24:51.343487+00:00,yam_0_61,/nfs/data/sz_34/20260909/episode_20260909_062306_000_076d0f17.npy.mp4,N,N,N,dir_absent_on_deprod
01a084d6-3938-744b-bc31-2fcb649f773b,2026-09-09 06:25:35.633315+00:00,yam_0_61,/nfs/data/sz_34/20260909/episode_20260909_062347_000_da371f88.npy.mp4,N,N,N,dir_absent_on_deprod
01a084d6-e130-7742-a823-679cba603e84,2026-09-09 06:26:14.884026+00:00,yam_0_61,/nfs/data/sz_34/20260909/episode_20260909_062430_000_d0fdf7f7.npy.mp4,N,N,N,dir_absent_on_deprod
01a084d7-7d70-704d-8051-b02816d37a3e,2026-09-09 06:26:54.130975+00:00,yam_0_61,/nfs/data/sz_34/20260909/episode_20260909_062510_000_4d1363aa.npy.mp4,N,N,N,dir_absent_on_deprod
01a084d8-1d98-7bf4-b81b-ab28bb1112ac,2026-09-09 06:27:33.412063+00:00,yam_0_61,/nfs/data/sz_34/20260909/episode_20260909_062551_000_1d01f091.npy.mp4,N,N,N,dir_absent_on_deprod
01a084d8-b208-7356-9ad6-cbbab3543cfe,2026-09-09 06:28:12.688087+00:00,yam_0_61,/nfs/data/sz_34/20260909/episode_20260909_062629_000_06e2eed1.npy.mp4,N,N,N,dir_absent_on_deprod
01a084d9-4290-7ac7-9ab4-fbeaac5f177f,2026-09-09 06:28:51.960986+00:00,yam_0_61,/nfs/data/sz_34/20260909/episode_20260909_062706_000_021e8e84.npy.mp4,N,N,N,dir_absent_on_deprod
01a084d9-ded0-710e-b2d6-11a2866e9a9a,2026-09-09 06:29:31.246776+00:00,yam_0_61,/nfs/data/sz_34/20260909/episode_20260909_062746_000_fbc48a72.npy.mp4,N,N,N,dir_absent_on_deprod
01a084da-7ef8-71d3-bf04-3e0708e2a9a5,2026-09-09 06:30:16.561651+00:00,yam_0_61,/nfs/data/sz_34/20260909/episode_20260909_062827_000_feae92c0.npy.mp4,N,N,N,dir_absent_on_deprod
01a084db-26f0-7558-943e-ce7d78a1ce81,2026-09-09 06:30:55.877649+00:00,yam_0_61,/nfs/data/sz_34/20260909/episode_20260909_062910_000_a18be477.npy.mp4,N,N,N,dir_absent_on_deprod
01a084db-bb60-7e57-9f08-47e576326350,2026-09-09 06:31:29.282265+00:00,yam_0_61,/nfs/data/sz_34/20260909/episode_20260909_062948_000_ea0b1cb0.npy.mp4,N,N,N,dir_absent_on_deprod
01a084dc-53b8-77e2-9ad6-3b23ca90445a,2026-09-09 06:32:13.700901+00:00,yam_0_61,/nfs/data/sz_34/20260909/episode_20260909_063027_000_57669a25.npy.mp4,N,N,N,dir_absent_on_deprod
01a084dc-ec10-7477-be2b-9ca65a51ba98,2026-09-09 06:32:53.997669+00:00,yam_0_61,/nfs/data/sz_34/20260909/episode_20260909_063106_000_3fa8249c.npy.mp4,N,N,N,dir_absent_on_deprod
01a084dd-8850-7399-9096-ec7cdb34ad6c,2026-09-09 06:33:33.314780+00:00,yam_0_61,/nfs/data/sz_34/20260909/episode_20260909_063146_000_3acd6e64.npy.mp4,N,N,N,dir_absent_on_deprod
01a084de-2490-70d9-b13f-e592fd1b3b36,2026-09-09 06:34:12.625481+00:00,yam_0_61,/nfs/data/sz_34/20260909/episode_20260909_063226_000_9a664acd.npy.mp4,N,N,N,dir_absent_on_deprod
01a084de-c4b8-765a-8360-2531359b31c4,2026-09-09 06:34:56.918834+00:00,yam_0_61,/nfs/data/sz_34/20260909/episode_20260909_063307_000_8cc89887.npy.mp4,N,N,N,dir_absent_on_deprod
01a084df-7098-7c2b-a818-c34862270a0a,2026-09-09 06:35:42.197324+00:00,yam_0_61,/nfs/data/sz_34/20260909/episode_20260909_063351_000_01c7f044.npy.mp4,N,N,N,dir_absent_on_deprod
01a084e0-1c78-7cba-8246-57256bcd41ea,2026-09-09 06:36:21.460055+00:00,yam_0_61,/nfs/data/sz_34/20260909/episode_20260909_063435_000_d0277923.npy.mp4,N,N,N,dir_absent_on_deprod
01a084e0-b8b8-72c9-94a6-309f5a59d2f0,2026-09-09 06:37:00.736625+00:00,yam_0_61,/nfs/data/sz_34/20260909/episode_20260909_063515_000_3a01f2ea.npy.mp4,N,N,N,dir_absent_on_deprod
01a084e1-58e0-77fe-87df-d1b4bde1b0ba,2026-09-09 06:37:39.995906+00:00,yam_0_61,/nfs/data/sz_34/20260909/episode_20260909_063556_000_5b0ef93c.npy.mp4,N,N,N,dir_absent_on_deprod
01a084e1-f908-713e-a917-b0ef38da9cf9,2026-09-09 06:38:24.242581+00:00,yam_0_61,/nfs/data/sz_34/20260909/episode_20260909_063637_000_9403e984.npy.mp4,N,N,N,dir_absent_on_deprod
01a084e2-a100-77bf-9d78-c18957b45345,2026-09-09 06:39:08.512733+00:00,yam_0_61,/nfs/data/sz_34/20260909/episode_20260909_063720_000_7b5ccd71.npy.mp4,N,N,N,dir_absent_on_deprod
01a084e3-4128-7388-a0d4-4fe3083709cf,2026-09-09 06:39:47.790874+00:00,yam_0_61,/nfs/data/sz_34/20260909/episode_20260909_063801_000_cf8a7bc3.npy.mp4,N,N,N,dir_absent_on_deprod
01a084e3-dd68-76cc-adf4-9cd8886f87a9,2026-09-09 06:40:27.088608+00:00,yam_0_61,/nfs/data/sz_34/20260909/episode_20260909_063841_000_a9221f3a.npy.mp4,N,N,N,dir_absent_on_deprod
01a084e4-75c0-76d4-9a3e-3b6388443b75,2026-09-09 06:41:06.354624+00:00,yam_0_61,/nfs/data/sz_34/20260909/episode_20260909_063920_000_fe9714c8.npy.mp4,N,N,N,dir_absent_on_deprod
01a084e5-1200-7983-9567-3db7d8f18748,2026-09-09 06:41:45.812270+00:00,yam_0_61,/nfs/data/sz_34/20260909/episode_20260909_064000_000_b11387e7.npy.mp4,N,N,N,dir_absent_on_deprod
01a084e5-aa58-7a99-b19d-511541ff5200,2026-09-09 06:42:25.176031+00:00,yam_0_61,/nfs/data/sz_34/20260909/episode_20260909_064039_000_34cca318.npy.mp4,N,N,N,dir_absent_on_deprod
01a084e6-4698-7024-9419-a2ee5f2d8402,2026-09-09 06:43:04.433120+00:00,yam_0_61,/nfs/data/sz_34/20260909/episode_20260909_064119_000_78d24a98.npy.mp4,N,N,N,dir_absent_on_deprod
01a084e6-def0-742d-a87f-d45074e379e4,2026-09-09 06:43:43.712929+00:00,yam_0_61,/nfs/data/sz_34/20260909/episode_20260909_064158_000_045828b7.npy.mp4,N,N,N,dir_absent_on_deprod
01a084e7-7748-7b85-b920-9b74ecd95cce,2026-09-09 06:44:22.988032+00:00,yam_0_61,/nfs/data/sz_34/20260909/episode_20260909_064237_000_30b318a8.npy.mp4,N,N,N,dir_absent_on_deprod
01a084e8-1770-78ff-8b5f-1d0d597100d2,2026-09-09 06:45:08.259989+00:00,yam_0_61,/nfs/data/sz_34/20260909/episode_20260909_064318_000_397eb11b.npy.mp4,N,N,N,dir_absent_on_deprod
01a084e8-bb80-7858-8298-b97eb8702f0b,2026-09-09 06:45:41.537233+00:00,yam_0_61,/nfs/data/sz_34/20260909/episode_20260909_064400_000_26fe3fae.npy.mp4,N,N,N,dir_absent_on_deprod
01a084e9-5ba8-79a1-a0f0-887d73dde75f,2026-09-09 06:46:25.782351+00:00,yam_0_61,/nfs/data/sz_34/20260909/episode_20260909_064441_000_333f94d9.npy.mp4,N,N,N,dir_absent_on_deprod
01a084eb-6718-70d1-af34-78a75d77e948,2026-09-09 06:48:39.093245+00:00,yam_0_61,/nfs/data/sz_34/20260909/episode_20260909_064655_000_d62aac76.npy.mp4,N,N,N,dir_absent_on_deprod
01a084ec-0b28-75be-8e48-ef7644f7b29b,2026-09-09 06:49:18.420765+00:00,yam_0_61,/nfs/data/sz_34/20260909/episode_20260909_064737_000_3a7bda1f.npy.mp4,N,N,N,dir_absent_on_deprod
01a084ec-9f98-764a-8c7d-b9d1787bf5d6,2026-09-09 06:49:57.699813+00:00,yam_0_61,/nfs/data/sz_34/20260909/episode_20260909_064815_000_32106215.npy.mp4,N,N,N,dir_absent_on_deprod
01a084ed-37f0-796f-a338-1a91a3e3fe77,2026-09-09 06:50:41.981468+00:00,yam_0_61,/nfs/data/sz_34/20260909/episode_20260909_064854_000_dee682f7.npy.mp4,N,N,N,dir_absent_on_deprod
01a084ed-dc00-7712-b3e9-781e71246f95,2026-09-09 06:51:21.248144+00:00,yam_0_61,/nfs/data/sz_34/20260909/episode_20260909_064936_000_083f8d10.npy.mp4,N,N,N,dir_absent_on_deprod
01a084ee-7c28-758f-bcf6-b233fac46a27,2026-09-09 06:52:05.529135+00:00,yam_0_61,/nfs/data/sz_34/20260909/episode_20260909_065017_000_7ac4771c.npy.mp4,N,N,N,dir_absent_on_deprod
01a084ef-2420-71fb-8874-29f9384e2aa6,2026-09-09 06:52:50.805637+00:00,yam_0_61,/nfs/data/sz_34/20260909/episode_20260909_065100_000_87c68538.npy.mp4,N,N,N,dir_absent_on_deprod
01a084ef-d000-7b99-a19a-796e94525a06,2026-09-09 06:53:30.156819+00:00,yam_0_61,/nfs/data/sz_34/20260909/episode_20260909_065144_000_84432ced.npy.mp4,N,N,N,dir_absent_on_deprod
01a084f0-6c40-74c2-bc05-64d985c3344b,2026-09-09 06:54:09.413915+00:00,yam_0_61,/nfs/data/sz_34/20260909/episode_20260909_065224_000_897cb308.npy.mp4,N,N,N,dir_absent_on_deprod
01a084f1-0498-74ec-992f-69b05014ff72,2026-09-09 06:54:48.669079+00:00,yam_0_61,/nfs/data/sz_34/20260909/episode_20260909_065303_000_9b9f888f.npy.mp4,N,N,N,dir_absent_on_deprod
01a084f1-9cf0-7c2a-9495-d7ced5ef8c84,2026-09-09 06:55:27.960205+00:00,yam_0_61,/nfs/data/sz_34/20260909/episode_20260909_065342_000_0b51b6fc.npy.mp4,N,N,N,dir_absent_on_deprod
01a084f2-3d18-7ce1-bc48-d7528093500f,2026-09-09 06:56:07.237770+00:00,yam_0_61,/nfs/data/sz_34/20260909/episode_20260909_065423_000_0a4e600e.npy.mp4,N,N,N,dir_absent_on_deprod
01a084f2-d958-7658-99ca-c9d146d43492,2026-09-09 06:56:51.540325+00:00,yam_0_61,/nfs/data/sz_34/20260909/episode_20260909_065503_000_4c5a3796.npy.mp4,N,N,N,dir_absent_on_deprod
01a084f3-8150-7614-88eb-d559536fa8ca,2026-09-09 06:57:35.822480+00:00,yam_0_61,/nfs/data/sz_34/20260909/episode_20260909_065546_000_8834227d.npy.mp4,N,N,N,dir_absent_on_deprod
01a084f4-2948-79c0-a44e-5a374e481730,2026-09-09 06:58:15.093342+00:00,yam_0_61,/nfs/data/sz_34/20260909/episode_20260909_065629_000_6d620346.npy.mp4,N,N,N,dir_absent_on_deprod
01a084f4-c588-7841-935d-0b71c804521d,2026-09-09 06:58:54.394376+00:00,yam_0_61,/nfs/data/sz_34/20260909/episode_20260909_065709_000_ad8100e9.npy.mp4,N,N,N,dir_absent_on_deprod
01a084f5-6998-7729-9a59-d0578fc096bb,2026-09-09 06:59:38.667355+00:00,yam_0_61,/nfs/data/sz_34/20260909/episode_20260909_065751_000_0ff8f2af.npy.mp4,N,N,N,dir_absent_on_deprod
01a084f6-0da8-7b23-b4b4-64ceb172e9ca,2026-09-09 07:00:12.958027+00:00,yam_0_61,/nfs/data/sz_34/20260909/episode_20260909_065833_000_3d7695de.npy.mp4,N,N,N,dir_absent_on_deprod
01a084f6-9a48-76a5-8c66-369f5afb4bfb,2026-09-09 07:00:57.301452+00:00,yam_0_61,/nfs/data/sz_34/20260909/episode_20260909_065909_000_bec7238e.npy.mp4,N,N,N,dir_absent_on_deprod
01a084f7-4240-7fa9-ad05-6aabb2c86cb1,2026-09-09 07:01:36.578939+00:00,yam_0_61,/nfs/data/sz_34/20260909/episode_20260909_065952_000_b7d18aa1.npy.mp4,N,N,N,dir_absent_on_deprod
01a084f7-e268-7a05-9880-c750008be157,2026-09-09 07:02:14.849313+00:00,yam_0_61,/nfs/data/sz_34/20260909/episode_20260909_070033_000_6a534911.npy.mp4,N,N,N,dir_absent_on_deprod
01a084f8-72f0-7f92-b029-8e57f919586b,2026-09-09 07:02:54.163079+00:00,yam_0_61,/nfs/data/sz_34/20260909/episode_20260909_070110_000_805d7bcd.npy.mp4,N,N,N,dir_absent_on_deprod
01a084f9-0b48-71be-93a0-a044c4a2275c,2026-09-09 07:03:33.630470+00:00,yam_0_61,/nfs/data/sz_34/20260909/episode_20260909_070149_000_3c9bba87.npy.mp4,N,N,N,dir_absent_on_deprod
01a084f9-b728-70a8-8576-4c9f56bc5c57,2026-09-09 07:04:17.160695+00:00,yam_0_61,/nfs/data/sz_34/20260909/episode_20260909_070233_000_ea854658.npy.mp4,N,N,N,dir_absent_on_deprod
01a084fa-4f80-7f74-b8d9-37e191dabf73,2026-09-09 07:05:02.548182+00:00,yam_0_61,/nfs/data/sz_34/20260909/episode_20260909_070312_000_625ac828.npy.mp4,N,N,N,dir_absent_on_deprod
01a084fa-f778-7a70-ac90-04a9cc961433,2026-09-09 07:05:41.902722+00:00,yam_0_61,/nfs/data/sz_34/20260909/episode_20260909_070355_000_f947f6fe.npy.mp4,N,N,N,dir_absent_on_deprod
01a084fb-9b88-7b55-8060-8c283351b179,2026-09-09 07:06:26.200723+00:00,yam_0_61,/nfs/data/sz_34/20260909/episode_20260909_070437_000_cece2269.npy.mp4,N,N,N,dir_absent_on_deprod
01a084fc-4768-7fbb-996d-8dc72ce3f491,2026-09-09 07:07:10.487034+00:00,yam_0_61,/nfs/data/sz_34/20260909/episode_20260909_070521_000_1ce6f874.npy.mp4,N,N,N,dir_absent_on_deprod
01a084fc-f348-7438-b791-efa247092f6f,2026-09-09 07:07:54.916645+00:00,yam_0_61,/nfs/data/sz_34/20260909/episode_20260909_070605_000_7689d3ac.npy.mp4,N,N,N,dir_absent_on_deprod
01a084fd-9758-785d-a056-689b7d5e4f0d,2026-09-09 07:08:34.825673+00:00,yam_0_61,/nfs/data/sz_34/20260909/episode_20260909_070647_000_5540a76e.npy.mp4,N,N,N,dir_absent_on_deprod
01a084fe-4338-7e62-8c7c-c89a6869bfae,2026-09-09 07:09:18.738176+00:00,yam_0_61,/nfs/data/sz_34/20260909/episode_20260909_070731_000_003484cc.npy.mp4,N,N,N,dir_absent_on_deprod
01a084fe-e360-76f6-9925-1a3b50f2dec5,2026-09-09 07:09:58.324626+00:00,yam_0_61,/nfs/data/sz_34/20260909/episode_20260909_070812_000_7577d876.npy.mp4,N,N,N,dir_absent_on_deprod
01a084ff-e918-7a6b-9da2-7035774048ce,2026-09-09 07:11:01.741105+00:00,yam_0_61,/nfs/data/sz_34/20260909/episode_20260909_070919_000_fb31dfda.npy.mp4,N,N,N,dir_absent_on_deprod
01a08500-8170-7e9d-aa31-98a8f88f8d76,2026-09-09 07:11:47.014182+00:00,yam_0_61,/nfs/data/sz_34/20260909/episode_20260909_070958_000_d7b686f1.npy.mp4,N,N,N,dir_absent_on_deprod
01a08501-2198-7284-aca6-15c33ff47b93,2026-09-09 07:12:20.335296+00:00,yam_0_61,/nfs/data/sz_34/20260909/episode_20260909_071039_000_a760d91e.npy.mp4,N,N,N,dir_absent_on_deprod
01a08501-a668-7891-bbcd-78b9acedf12d,2026-09-09 07:12:54.595037+00:00,yam_0_61,/nfs/data/sz_34/20260909/episode_20260909_071113_000_19046976.npy.mp4,N,N,N,dir_absent_on_deprod
01a08502-3ad8-73c3-bfbd-eb226d3c0aac,2026-09-09 07:13:33.895650+00:00,yam_0_61,/nfs/data/sz_34/20260909/episode_20260909_071151_000_c9439d01.npy.mp4,N,N,N,dir_absent_on_deprod
01a08502-cb60-7e58-a0c9-2c2098b36770,2026-09-09 07:14:13.191111+00:00,yam_0_61,/nfs/data/sz_34/20260909/episode_20260909_071228_000_15188abf.npy.mp4,N,N,N,dir_absent_on_deprod
01a08503-67a0-7909-8ea3-a53ae499d9d3,2026-09-09 07:14:47.448608+00:00,yam_0_61,/nfs/data/sz_34/20260909/episode_20260909_071308_000_ce0b2fbe.npy.mp4,N,N,N,dir_absent_on_deprod
01a08503-f440-761a-a358-3167293cc54e,2026-09-09 07:15:25.691699+00:00,yam_0_61,/nfs/data/sz_34/20260909/episode_20260909_071344_000_1913f0f9.npy.mp4,N,N,N,dir_absent_on_deprod
01a08504-8c98-7934-b701-7a9f193b31ec,2026-09-09 07:16:04.968001+00:00,yam_0_61,/nfs/data/sz_34/20260909/episode_20260909_071423_000_e42b3889.npy.mp4,N,N,N,dir_absent_on_deprod
01a08505-1938-7c59-867b-c8116fff0400,2026-09-09 07:16:44.227480+00:00,yam_0_61,/nfs/data/sz_34/20260909/episode_20260909_071459_000_2a086207.npy.mp4,N,N,N,dir_absent_on_deprod
01a08505-ada8-7725-9fbf-0dbc4a30e94c,2026-09-09 07:17:23.488326+00:00,yam_0_61,/nfs/data/sz_34/20260909/episode_20260909_071537_000_edf4079e.npy.mp4,N,N,N,dir_absent_on_deprod
01a08506-4600-7724-af14-0824809ef45f,2026-09-09 07:17:57.756681+00:00,yam_0_61,/nfs/data/sz_34/20260909/episode_20260909_071616_000_23bd31f7.npy.mp4,N,N,N,dir_absent_on_deprod
01a08506-da70-76bb-95f7-cffec4b3d2a7,2026-09-09 07:18:37.031241+00:00,yam_0_61,/nfs/data/sz_34/20260909/episode_20260909_071654_000_6925ea82.npy.mp4,N,N,N,dir_absent_on_deprod
01a08507-6710-7359-b71f-27ee9201ec7e,2026-09-09 07:19:10.423547+00:00,yam_0_61,/nfs/data/sz_34/20260909/episode_20260909_071730_000_4f7ac61c.npy.mp4,N,N,N,dir_absent_on_deprod
01a08509-3018-733e-ad12-8a7a7a6b39dc,2026-09-09 07:21:09.792548+00:00,yam_0_61,/nfs/data/sz_34/20260909/episode_20260909_071927_000_c5845e3a.npy.mp4,N,N,N,dir_absent_on_deprod
01a08509-c870-726a-8292-5b2fbb63e69f,2026-09-09 07:21:49.039989+00:00,yam_0_61,/nfs/data/sz_34/20260909/episode_20260909_072006_000_8f1f97d4.npy.mp4,N,N,N,dir_absent_on_deprod
01a0850a-5510-76ba-b7f6-5cfd4b2d209f,2026-09-09 07:22:23.298622+00:00,yam_0_61,/nfs/data/sz_34/20260909/episode_20260909_072042_000_aeaab5da.npy.mp4,N,N,N,dir_absent_on_deprod
01a0850a-e1b0-78d7-b824-a56fc2f4074a,2026-09-09 07:23:02.576674+00:00,yam_0_61,/nfs/data/sz_34/20260909/episode_20260909_072118_000_4e612b1a.npy.mp4,N,N,N,dir_absent_on_deprod
01a0850b-7620-7e5c-990b-f1602a91b44a,2026-09-09 07:23:36.816214+00:00,yam_0_61,/nfs/data/sz_34/20260909/episode_20260909_072156_000_8910745f.npy.mp4,N,N,N,dir_absent_on_deprod
01a0850c-02c0-7a80-955c-2176f703e9d4,2026-09-09 07:24:15.068006+00:00,yam_0_61,/nfs/data/sz_34/20260909/episode_20260909_072232_000_cf950153.npy.mp4,N,N,N,dir_absent_on_deprod
01a0850c-9b18-72fd-ac1a-eb5745220604,2026-09-09 07:24:55.339091+00:00,yam_0_61,/nfs/data/sz_34/20260909/episode_20260909_072311_000_f4dd2be5.npy.mp4,N,N,N,dir_absent_on_deprod
01a0850d-3758-7c07-8925-d7421690a482,2026-09-09 07:25:39.607167+00:00,yam_0_61,/nfs/data/sz_34/20260909/episode_20260909_072351_000_517029ab.npy.mp4,N,N,N,dir_absent_on_deprod
01a0850d-e338-7a2d-be3d-5eda922a08d9,2026-09-09 07:26:18.880209+00:00,yam_0_61,/nfs/data/sz_34/20260909/episode_20260909_072435_000_3bd7b166.npy.mp4,N,N,N,dir_absent_on_deprod
01a0850e-77a8-7f66-bdb8-4d0f5b3fede9,2026-09-09 07:26:58.137279+00:00,yam_0_61,/nfs/data/sz_34/20260909/episode_20260909_072513_000_17db765a.npy.mp4,N,N,N,dir_absent_on_deprod
01a0850f-13e8-7bb8-be6c-7a4e5acb6dcb,2026-09-09 07:27:37.376259+00:00,yam_0_61,/nfs/data/sz_34/20260909/episode_20260909_072553_000_586372c5.npy.mp4,N,N,N,dir_absent_on_deprod
01a0850f-b028-7e50-bfd2-075fe67ad89a,2026-09-09 07:28:16.619065+00:00,yam_0_61,/nfs/data/sz_34/20260909/episode_20260909_072633_000_81cc98f1.npy.mp4,N,N,N,dir_absent_on_deprod
01a08510-40b0-745c-89ea-9fdcaf0dc89e,2026-09-09 07:28:55.901149+00:00,yam_0_61,/nfs/data/sz_34/20260909/episode_20260909_072710_000_499519b6.npy.mp4,N,N,N,dir_absent_on_deprod
01a08510-d908-786b-b5f6-ebd0b9944670,2026-09-09 07:29:35.162676+00:00,yam_0_61,/nfs/data/sz_34/20260909/episode_20260909_072749_000_919f15ca.npy.mp4,N,N,N,dir_absent_on_deprod
01a08511-7930-7b1e-a641-eec69b8d0e18,2026-09-09 07:30:14.448924+00:00,yam_0_61,/nfs/data/sz_34/20260909/episode_20260909_072830_000_1f090ccb.npy.mp4,N,N,N,dir_absent_on_deprod
01a08512-1188-7860-9e69-ca5dd7718d07,2026-09-09 07:30:53.719741+00:00,yam_0_61,/nfs/data/sz_34/20260909/episode_20260909_072909_000_c463e9e5.npy.mp4,N,N,N,dir_absent_on_deprod
01a08512-a5f8-7b1d-bdd2-69de9b854010,2026-09-09 07:31:34.015139+00:00,yam_0_61,/nfs/data/sz_34/20260909/episode_20260909_072947_000_cce46f5e.npy.mp4,N,N,N,dir_absent_on_deprod
01a08513-4238-72e6-b3d3-039d20720590,2026-09-09 07:32:13.267533+00:00,yam_0_61,/nfs/data/sz_34/20260909/episode_20260909_073027_000_396a19b9.npy.mp4,N,N,N,dir_absent_on_deprod
01a08513-da90-7951-baa3-a8fcdd1e2e6d,2026-09-09 07:32:52.546110+00:00,yam_0_61,/nfs/data/sz_34/20260909/episode_20260909_073106_000_885f52cd.npy.mp4,N,N,N,dir_absent_on_deprod
01a08514-7ea0-7142-aa4d-2238bca5db71,2026-09-09 07:33:31.833548+00:00,yam_0_61,/nfs/data/sz_34/20260909/episode_20260909_073148_000_6a0f1349.npy.mp4,N,N,N,dir_absent_on_deprod
01a08515-1ae0-7812-89e8-469aa16e6b15,2026-09-09 07:34:10.148247+00:00,yam_0_61,/nfs/data/sz_34/20260909/episode_20260909_073228_000_fcf3aa41.npy.mp4,N,N,N,dir_absent_on_deprod
01a08515-a780-7dd5-b73c-7f47f1d2f40d,2026-09-09 07:34:44.456322+00:00,yam_0_61,/nfs/data/sz_34/20260909/episode_20260909_073304_000_dabfe336.npy.mp4,N,N,N,dir_absent_on_deprod
01a08516-3808-7960-9810-b86279758e7d,2026-09-09 07:35:23.813170+00:00,yam_0_61,/nfs/data/sz_34/20260909/episode_20260909_073341_000_23d0f48e.npy.mp4,N,N,N,dir_absent_on_deprod
01a08516-c4a8-707c-b34b-f8bc147fc8fd,2026-09-09 07:35:57.350941+00:00,yam_0_61,/nfs/data/sz_34/20260909/episode_20260909_073417_000_374f2926.npy.mp4,N,N,N,dir_absent_on_deprod
01a08517-5530-7631-9620-dbf16fbbb53d,2026-09-09 07:36:36.637219+00:00,yam_0_61,/nfs/data/sz_34/20260909/episode_20260909_073454_000_28076d15.npy.mp4,N,N,N,dir_absent_on_deprod
01a08517-dde8-78ef-a861-78f1bc513935,2026-09-09 07:37:09.914962+00:00,yam_0_61,/nfs/data/sz_34/20260909/episode_20260909_073529_000_c3e15f5c.npy.mp4,N,N,N,dir_absent_on_deprod
01a08518-66a0-7b16-8dc4-f57d756cea55,2026-09-09 07:37:50.194593+00:00,yam_0_61,/nfs/data/sz_34/20260909/episode_20260909_073604_000_e359a6ad.npy.mp4,N,N,N,dir_absent_on_deprod
01a08518-fef8-7b2c-ba09-d3a38816f16f,2026-09-09 07:38:23.453640+00:00,yam_0_61,/nfs/data/sz_34/20260909/episode_20260909_073643_000_c9f8f33f.npy.mp4,N,N,N,dir_absent_on_deprod
01a0851b-8768-75e8-8ab1-71afda47152f,2026-09-09 07:41:15.815549+00:00,yam_0_61,/nfs/data/sz_34/20260909/episode_20260909_073929_000_af71b257.npy.mp4,N,N,N,dir_absent_on_deprod
01a0851c-3b18-73a6-9a26-d3496b18ef83,2026-09-09 07:42:00.076606+00:00,yam_0_61,/nfs/data/sz_34/20260909/episode_20260909_074015_000_99dc0aab.npy.mp4,N,N,N,dir_absent_on_deprod
01a0851c-d370-72a3-a4bb-2e5e6f449fe1,2026-09-09 07:42:39.322318+00:00,yam_0_61,/nfs/data/sz_34/20260909/episode_20260909_074054_000_b93afb56.npy.mp4,N,N,N,dir_absent_on_deprod
01a08523-8260-7738-b014-e20d10c2274c,2026-09-09 07:50:00.889757+00:00,yam_0_61,/nfs/data/sz_34/20260909/episode_20260909_074812_000_8cfe7795.npy.mp4,N,N,N,dir_absent_on_deprod
01a08524-2670-738b-beb8-f87e1eb3869d,2026-09-09 07:50:40.271274+00:00,yam_0_61,/nfs/data/sz_34/20260909/episode_20260909_074854_000_dc2d853d.npy.mp4,N,N,N,dir_absent_on_deprod
01a08524-d250-7d58-a516-ddea9e6994a6,2026-09-09 07:51:18.779678+00:00,yam_0_61,/nfs/data/sz_34/20260909/episode_20260909_074938_000_cf5436e4.npy.mp4,N,N,N,dir_absent_on_deprod
01a08525-66c0-7b3d-b5ec-c259becdbad3,2026-09-09 07:52:09.232187+00:00,yam_0_61,/nfs/data/sz_34/20260909/episode_20260909_075016_000_d0fc2ce0.npy.mp4,N,N,N,dir_absent_on_deprod
01a08526-1a70-7dcc-9f5b-e7d14a407777,2026-09-09 07:52:48.552371+00:00,yam_0_61,/nfs/data/sz_34/20260909/episode_20260909_075102_000_08532e1a.npy.mp4,N,N,N,dir_absent_on_deprod
01a08526-c268-7424-9155-12cfc79acd7b,2026-09-09 07:53:32.877225+00:00,yam_0_61,/nfs/data/sz_34/20260909/episode_20260909_075145_000_0f21d1cd.npy.mp4,N,N,N,dir_absent_on_deprod
01a08527-5ea8-7a26-a53f-ad1db16a3ebd,2026-09-09 07:54:06.233675+00:00,yam_0_61,/nfs/data/sz_34/20260909/episode_20260909_075225_000_d8a7e7b9.npy.mp4,N,N,N,dir_absent_on_deprod
01a08527-eb48-721b-86f5-2ecc1e0e8b6c,2026-09-09 07:54:45.507640+00:00,yam_0_61,/nfs/data/sz_34/20260909/episode_20260909_075301_000_a78b8946.npy.mp4,N,N,N,dir_absent_on_deprod
01a08528-83a0-7b10-9a20-5284d9c3ac7d,2026-09-09 07:55:24.784168+00:00,yam_0_61,/nfs/data/sz_34/20260909/episode_20260909_075340_000_e05ae57d.npy.mp4,N,N,N,dir_absent_on_deprod
01a08529-27b0-762e-9007-ec6ab8e50160,2026-09-09 07:56:09.063722+00:00,yam_0_61,/nfs/data/sz_34/20260909/episode_20260909_075422_000_b5f0eb11.npy.mp4,N,N,N,dir_absent_on_deprod
01a08529-c7d8-7bfd-9dc8-2d9929a2d755,2026-09-09 07:56:43.368755+00:00,yam_0_61,/nfs/data/sz_34/20260909/episode_20260909_075503_000_f4672190.npy.mp4,N,N,N,dir_absent_on_deprod
01a0852a-5478-7bd9-83b7-1a833267ae2b,2026-09-09 07:57:22.637905+00:00,yam_0_61,/nfs/data/sz_34/20260909/episode_20260909_075539_000_eac3f2d8.npy.mp4,N,N,N,dir_absent_on_deprod
01a0852a-dd30-7855-a81c-257963c63cda,2026-09-09 07:57:55.902945+00:00,yam_0_61,/nfs/data/sz_34/20260909/episode_20260909_075614_000_048b9a69.npy.mp4,N,N,N,dir_absent_on_deprod
01a0852b-6db8-7d71-8aeb-59ef60358486,2026-09-09 07:58:35.170886+00:00,yam_0_61,/nfs/data/sz_34/20260909/episode_20260909_075651_000_d8e43422.npy.mp4,N,N,N,dir_absent_on_deprod
01a0852c-0de0-7038-83da-2acef0d05c9a,2026-09-09 07:59:09.427285+00:00,yam_0_61,/nfs/data/sz_34/20260909/episode_20260909_075732_000_8d4b2843.npy.mp4,N,N,N,dir_absent_on_deprod
01a0852c-92b0-7c12-8b45-65588c4ee453,2026-09-09 07:59:47.713468+00:00,yam_0_61,/nfs/data/sz_34/20260909/episode_20260909_075806_000_3e6e348a.npy.mp4,N,N,N,dir_absent_on_deprod
01a0852d-2720-768b-8032-5a230e53f71b,2026-09-09 08:00:26.988287+00:00,yam_0_61,/nfs/data/sz_34/20260909/episode_20260909_075844_000_2eaa33d1.npy.mp4,N,N,N,dir_absent_on_deprod
01a0852d-afd8-79fd-a490-1cdfbf33df92,2026-09-09 08:01:01.242371+00:00,yam_0_61,/nfs/data/sz_34/20260909/episode_20260909_075919_000_8aa49c76.npy.mp4,N,N,N,dir_absent_on_deprod
01a0852e-4448-74a6-9c27-82e70e100ef1,2026-09-09 08:01:34.491993+00:00,yam_0_61,/nfs/data/sz_34/20260909/episode_20260909_075957_000_2f1834ad.npy.mp4,N,N,N,dir_absent_on_deprod
01a0852e-cd00-7215-b5dd-0e2b4ae7bb76,2026-09-09 08:02:13.743565+00:00,yam_0_61,/nfs/data/sz_34/20260909/episode_20260909_080032_000_612eaf74.npy.mp4,N,N,N,dir_absent_on_deprod
01a0852f-59a0-7e9d-b48a-b4c01ef77b99,2026-09-09 08:02:52.995511+00:00,yam_0_61,/nfs/data/sz_34/20260909/episode_20260909_080108_000_38e975a9.npy.mp4,N,N,N,dir_absent_on_deprod
01a0852f-f9c8-71ce-8afa-15f8a946f79d,2026-09-09 08:03:32.313492+00:00,yam_0_61,/nfs/data/sz_34/20260909/episode_20260909_080149_000_6a81f943.npy.mp4,N,N,N,dir_absent_on_deprod
01a08530-99f0-7c16-b294-0f291e44cdc7,2026-09-09 08:04:10.592615+00:00,yam_0_61,/nfs/data/sz_34/20260909/episode_20260909_080230_000_4c2f4931.npy.mp4,N,N,N,dir_absent_on_deprod
01a08531-2690-7628-8dfa-0c80051eec9e,2026-09-09 08:04:49.849856+00:00,yam_0_61,/nfs/data/sz_34/20260909/episode_20260909_080306_000_e2a338e5.npy.mp4,N,N,N,dir_absent_on_deprod
01a08531-c6b8-7142-9e50-bda7c99754d7,2026-09-09 08:05:29.145390+00:00,yam_0_61,/nfs/data/sz_34/20260909/episode_20260909_080347_000_f2945db6.npy.mp4,N,N,N,dir_absent_on_deprod
01a08532-5b28-7f4d-9d06-d7f99aab1310,2026-09-09 08:06:08.428486+00:00,yam_0_61,/nfs/data/sz_34/20260909/episode_20260909_080425_000_ea51015a.npy.mp4,N,N,N,dir_absent_on_deprod
01a08532-e7c8-7c76-8372-2840373d0563,2026-09-09 08:06:41.692908+00:00,yam_0_61,/nfs/data/sz_34/20260909/episode_20260909_080501_000_865bdd0a.npy.mp4,N,N,N,dir_absent_on_deprod
01a08533-7468-7e6a-ae4c-fac5118195c0,2026-09-09 08:07:20.969281+00:00,yam_0_61,/nfs/data/sz_34/20260909/episode_20260909_080537_000_56b8d7d5.npy.mp4,N,N,N,dir_absent_on_deprod
01a08534-04f0-75d1-814c-a6fdb01a2e4d,2026-09-09 08:07:55.238931+00:00,yam_0_61,/nfs/data/sz_34/20260909/episode_20260909_080614_000_fccc2c9e.npy.mp4,N,N,N,dir_absent_on_deprod
01a08534-8da8-7130-a7c7-ecae61c7d887,2026-09-09 08:08:28.524212+00:00,yam_0_61,/nfs/data/sz_34/20260909/episode_20260909_080649_000_f5056f8d.npy.mp4,N,N,N,dir_absent_on_deprod
01a08535-1660-7c78-8e48-c4b331828f98,2026-09-09 08:09:02.806350+00:00,yam_0_61,/nfs/data/sz_34/20260909/episode_20260909_080724_000_0313390e.npy.mp4,N,N,N,dir_absent_on_deprod
01a08535-a300-7b03-bff4-80445a811ec2,2026-09-09 08:09:42.209769+00:00,yam_0_61,/nfs/data/sz_34/20260909/episode_20260909_080800_000_5ca2e98c.npy.mp4,N,N,N,dir_absent_on_deprod
01a08536-3b58-7550-984a-7bbdacd88e1e,2026-09-09 08:10:20.462738+00:00,yam_0_61,/nfs/data/sz_34/20260909/episode_20260909_080839_000_2622bfa3.npy.mp4,N,N,N,dir_absent_on_deprod
01a08536-c7f8-73b4-acec-3e238ffca335,2026-09-09 08:10:59.756831+00:00,yam_0_61,/nfs/data/sz_34/20260909/episode_20260909_080915_000_bb697eea.npy.mp4,N,N,N,dir_absent_on_deprod
01a08537-6050-716f-865f-855ec915e7d0,2026-09-09 08:11:39.033935+00:00,yam_0_61,/nfs/data/sz_34/20260909/episode_20260909_080954_000_2562f048.npy.mp4,N,N,N,dir_absent_on_deprod
01a08537-f8a8-7a1f-aad6-82af12a73dce,2026-09-09 08:12:13.279508+00:00,yam_0_61,/nfs/data/sz_34/20260909/episode_20260909_081033_000_5bb74af7.npy.mp4,N,N,N,dir_absent_on_deprod
01a08538-7990-7eed-99c6-ddc4c084c93b,2026-09-09 08:12:47.529130+00:00,yam_0_61,/nfs/data/sz_34/20260909/episode_20260909_081106_000_9e3e1c9d.npy.mp4,N,N,N,dir_absent_on_deprod
01a08539-0248-70a9-8f22-98fb04dfe322,2026-09-09 08:13:20.774836+00:00,yam_0_61,/nfs/data/sz_34/20260909/episode_20260909_081141_000_4a6d70a4.npy.mp4,N,N,N,dir_absent_on_deprod
01a08539-92d0-77ab-8e27-a1c6d47e9831,2026-09-09 08:14:00.047921+00:00,yam_0_61,/nfs/data/sz_34/20260909/episode_20260909_081218_000_ee63b64a.npy.mp4,N,N,N,dir_absent_on_deprod
01a0853a-2358-71e3-973a-52e5d49ba29b,2026-09-09 08:14:33.354014+00:00,yam_0_61,/nfs/data/sz_34/20260909/episode_20260909_081255_000_9d496e04.npy.mp4,N,N,N,dir_absent_on_deprod
01a0853a-a828-7738-8792-500986c706cc,2026-09-09 08:15:06.632229+00:00,yam_0_61,/nfs/data/sz_34/20260909/episode_20260909_081329_000_ca688ef4.npy.mp4,N,N,N,dir_absent_on_deprod
01a0853b-30e0-7c83-84e2-d2008989644e,2026-09-09 08:15:45.895359+00:00,yam_0_61,/nfs/data/sz_34/20260909/episode_20260909_081404_000_6fa9402f.npy.mp4,N,N,N,dir_absent_on_deprod
01a0853b-c168-7d5d-ac47-4a90e084fc87,2026-09-09 08:16:25.241712+00:00,yam_0_61,/nfs/data/sz_34/20260909/episode_20260909_081441_000_0ba8f51f.npy.mp4,N,N,N,dir_absent_on_deprod
