id,task_name,status,arm_type,station_type,duration_s,operator,overall_quality,annotation_quality,audit_result,data_purpose,created_at,updated_at,nfs_path
01a06013-78e0-7d59-90a2-790f3843da80,industrial packing,completed,yam,yam_0_61,39.9,huangrongbo,good,,,prod,2026-09-02 03:06:38.574924+00:00,2026-09-02 09:14:09.189018+00:00,/nfs/data/sz_44/20260902/episode_20260902_030444_000_aad65948.npy.mp4
01a06014-6728-7bf0-9087-3cff9a93966d,industrial packing,completed,yam,yam_0_61,38.0,huangrongbo,good,,,prod,2026-09-02 03:07:37.889632+00:00,2026-09-02 09:14:09.051925+00:00,/nfs/data/sz_44/20260902/episode_20260902_030545_000_12c4978d.npy.mp4
01a06015-f980-767d-88e3-cfefeccee90e,industrial packing,completed,yam,yam_0_61,40.6,huangrongbo,good,,,prod,2026-09-02 03:09:26.315420+00:00,2026-09-02 09:14:09.024744+00:00,/nfs/data/sz_44/20260902/episode_20260902_030728_000_7a7cabd4.npy.mp4
01a06016-b118-73e3-a66d-3375e2ee5a42,industrial packing,completed,yam,yam_0_61,36.0,huangrongbo,good,,,prod,2026-09-02 03:10:04.691532+00:00,2026-09-02 09:14:09.017557+00:00,/nfs/data/sz_44/20260902/episode_20260902_030815_000_cb7180f7.npy.mp4
01a06017-4d58-7e0d-8647-fe614b185a0b,industrial packing,completed,yam,yam_0_61,39.6,huangrongbo,good,,,prod,2026-09-02 03:10:49.051353+00:00,2026-09-02 09:14:08.887642+00:00,/nfs/data/sz_44/20260902/episode_20260902_030855_000_2aa62eeb.npy.mp4
01a06017-f938-7c59-9e10-9deaa8c1fc9d,industrial packing,completed,yam,yam_0_61,36.9,huangrongbo,good,,,prod,2026-09-02 03:11:27.376674+00:00,2026-09-02 09:14:08.202550+00:00,/nfs/data/sz_44/20260902/episode_20260902_030939_000_1d8298b0.npy.mp4
01a06018-a518-75b1-b9af-17f135f77dcd,industrial packing,completed,yam,yam_0_61,34.1,huangrongbo,good,,,prod,2026-09-02 03:12:10.740701+00:00,2026-09-02 09:14:07.958375+00:00,/nfs/data/sz_44/20260902/episode_20260902_031023_000_d44fbb5b.npy.mp4
01a06019-3988-71e2-973d-2f9030cea84c,industrial packing,completed,yam,yam_0_61,38.4,huangrongbo,good,,,prod,2026-09-02 03:12:54.038237+00:00,2026-09-02 09:14:07.900366+00:00,/nfs/data/sz_44/20260902/episode_20260902_031101_000_3f360df1.npy.mp4
01a06019-e568-7053-a089-9120e8c796f0,industrial packing,completed,yam,yam_0_61,37.1,huangrongbo,good,,,prod,2026-09-02 03:13:33.384844+00:00,2026-09-02 09:14:07.872320+00:00,/nfs/data/sz_44/20260902/episode_20260902_031145_000_0c412c1d.npy.mp4
01a0601a-8590-7468-976b-7f33098f3bc5,industrial packing,completed,yam,yam_0_61,38.6,huangrongbo,good,,,prod,2026-09-02 03:14:16.709409+00:00,2026-09-02 09:14:07.768938+00:00,/nfs/data/sz_44/20260902/episode_20260902_031226_000_72a33a77.npy.mp4
01a0601b-3940-7cea-9490-970f8f834652,industrial packing,completed,yam,yam_0_61,40.3,huangrongbo,good,,,prod,2026-09-02 03:15:06.023481+00:00,2026-09-02 09:14:07.304721+00:00,/nfs/data/sz_44/20260902/episode_20260902_031312_000_f70ba1d3.npy.mp4
01a0601b-e908-7a7a-bfa3-a5d47a1276bc,industrial packing,completed,yam,yam_0_61,40.3,huangrongbo,good,,,prod,2026-09-02 03:15:50.319753+00:00,2026-09-02 09:14:06.943654+00:00,/nfs/data/sz_44/20260902/episode_20260902_031357_000_9ba8a30f.npy.mp4
01a0601c-94e8-7e3a-ae79-2ce8e1b9de7a,industrial packing,completed,yam,yam_0_61,36.9,huangrongbo,good,,,prod,2026-09-02 03:16:29.620688+00:00,2026-09-02 09:14:00.028228+00:00,/nfs/data/sz_44/20260902/episode_20260902_031441_000_624e68e9.npy.mp4
01a0601d-3510-7014-9f38-c56908e4d048,industrial packing,completed,yam,yam_0_61,34.4,huangrongbo,good,,,prod,2026-09-02 03:17:06.950885+00:00,2026-09-02 09:13:59.910702+00:00,/nfs/data/sz_44/20260902/episode_20260902_031522_000_30290db0.npy.mp4
01a0601d-d920-7357-9408-a28a12dabfe2,industrial packing,completed,yam,yam_0_61,36.6,huangrongbo,good,,,prod,2026-09-02 03:17:56.306966+00:00,2026-09-02 09:13:59.816735+00:00,/nfs/data/sz_44/20260902/episode_20260902_031604_000_e82bffae.npy.mp4
01a0601e-7948-79ac-9a09-9b6d2b06ac40,industrial packing,completed,yam,yam_0_61,38.9,huangrongbo,good,,,prod,2026-09-02 03:18:35.608562+00:00,2026-09-02 09:13:59.350568+00:00,/nfs/data/sz_44/20260902/episode_20260902_031645_000_073633f3.npy.mp4
01a0601f-2140-7709-90b3-4e579f139e71,industrial packing,completed,yam,yam_0_61,32.7,huangrongbo,good,,,prod,2026-09-02 03:19:12.952354+00:00,2026-09-02 09:13:59.304368+00:00,/nfs/data/sz_44/20260902/episode_20260902_031728_000_35d2c2d1.npy.mp4
01a0601f-ade0-776e-9338-26e340d48bd6,industrial packing,completed,yam,yam_0_61,34.6,huangrongbo,good,,,prod,2026-09-02 03:19:51.280877+00:00,2026-09-02 09:13:59.109610+00:00,/nfs/data/sz_44/20260902/episode_20260902_031804_000_ecc60c89.npy.mp4
01a06022-0770-73fc-a85f-33deb0436932,industrial packing,completed,yam,yam_0_61,38.2,huangrongbo,good,,,prod,2026-09-02 03:22:28.756569+00:00,2026-09-02 09:13:58.955113+00:00,/nfs/data/sz_44/20260902/episode_20260902_032038_000_17cbc046.npy.mp4
01a06022-b350-7f19-9f01-2b79cc9eb02e,industrial packing,completed,yam,yam_0_61,36.1,huangrongbo,good,,,prod,2026-09-02 03:23:12.120951+00:00,2026-09-02 09:13:58.904297+00:00,/nfs/data/sz_44/20260902/episode_20260902_032122_000_c23bee53.npy.mp4
01a06023-5760-7c28-974b-eb54b864f4a8,industrial packing,completed,yam,yam_0_61,39.9,huangrongbo,good,,,prod,2026-09-02 03:23:56.445874+00:00,2026-09-02 09:13:58.808074+00:00,/nfs/data/sz_44/20260902/episode_20260902_032204_000_0771335f.npy.mp4
01a06024-0340-73da-83d8-64dfd0b6753e,industrial packing,completed,yam,yam_0_61,37.0,huangrongbo,good,,,prod,2026-09-02 03:24:40.816656+00:00,2026-09-02 09:13:58.195511+00:00,/nfs/data/sz_44/20260902/episode_20260902_032248_000_88585413.npy.mp4
01a06024-a368-7c95-931d-fa9d61f98abc,industrial packing,completed,yam,yam_0_61,36.0,huangrongbo,good,,,prod,2026-09-02 03:25:19.120061+00:00,2026-09-02 09:13:57.979838+00:00,/nfs/data/sz_44/20260902/episode_20260902_032329_000_7613f29f.npy.mp4
01a06025-4390-76ce-b892-72f6417922d2,industrial packing,completed,yam,yam_0_61,34.8,huangrongbo,good,,,prod,2026-09-02 03:25:58.420979+00:00,2026-09-02 09:13:57.889894+00:00,/nfs/data/sz_44/20260902/episode_20260902_032410_000_609cffb4.npy.mp4
01a06025-dbe8-75fe-91d1-d768e0f367fd,industrial packing,completed,yam,yam_0_61,35.5,huangrongbo,good,,,prod,2026-09-02 03:26:35.732034+00:00,2026-09-02 09:13:57.857974+00:00,/nfs/data/sz_44/20260902/episode_20260902_032449_000_d76697a4.npy.mp4
01a06026-7ff8-7386-ab48-9d8f82f3f36a,industrial packing,completed,yam,yam_0_61,34.5,huangrongbo,good,,,prod,2026-09-02 03:27:19.996116+00:00,2026-09-02 09:13:57.668639+00:00,/nfs/data/sz_44/20260902/episode_20260902_032531_000_8e3449d8.npy.mp4
01a06028-4ce8-7812-a273-0063659480d5,industrial packing,completed,yam,yam_0_61,35.4,huangrongbo,good,,,prod,2026-09-02 03:29:22.599436+00:00,2026-09-02 09:13:57.067469+00:00,/nfs/data/sz_44/20260902/episode_20260902_032729_000_dc00a860.npy.mp4
01a06028-e540-77cc-8b73-66187986efc7,industrial packing,completed,yam,yam_0_61,36.5,huangrongbo,good,,,prod,2026-09-02 03:29:55.889615+00:00,2026-09-02 09:13:56.927809+00:00,/nfs/data/sz_44/20260902/episode_20260902_032808_000_a428b3c0.npy.mp4
01a06029-8568-7573-be57-7513eae415ac,industrial packing,completed,yam,yam_0_61,40.2,huangrongbo,good,,,prod,2026-09-02 03:30:45.253714+00:00,2026-09-02 09:13:56.849821+00:00,/nfs/data/sz_44/20260902/episode_20260902_032849_000_95c10c7a.npy.mp4
01a0602a-3d00-7836-aeba-bacd82309452,industrial packing,completed,yam,yam_0_61,33.8,huangrongbo,good,,,prod,2026-09-02 03:31:23.568249+00:00,2026-09-02 09:13:56.358415+00:00,/nfs/data/sz_44/20260902/episode_20260902_032936_000_ae1c3f39.npy.mp4
01a0602a-d170-70e0-9182-e1293f797b2a,industrial packing,completed,yam,yam_0_61,34.9,huangrongbo,good,,,prod,2026-09-02 03:32:02.882800+00:00,2026-09-02 09:13:56.258315+00:00,/nfs/data/sz_44/20260902/episode_20260902_033014_000_f90268cf.npy.mp4
01a0602b-6db0-7f35-9d6f-bfecf5c6c79a,industrial packing,completed,yam,yam_0_61,35.4,huangrongbo,good,,,prod,2026-09-02 03:32:41.164239+00:00,2026-09-02 09:13:56.131824+00:00,/nfs/data/sz_44/20260902/episode_20260902_033054_000_eaecd8a8.npy.mp4
01a0602c-0608-717c-bf45-c238bb9bac70,industrial packing,completed,yam,yam_0_61,35.1,huangrongbo,good,,,prod,2026-09-02 03:33:18.493399+00:00,2026-09-02 09:13:55.979320+00:00,/nfs/data/sz_44/20260902/episode_20260902_033133_000_8ce51e8b.npy.mp4
01a0602c-a248-77bf-b00e-b7296c409f61,industrial packing,completed,yam,yam_0_61,34.2,huangrongbo,good,,,prod,2026-09-02 03:34:01.837450+00:00,2026-09-02 09:13:55.922842+00:00,/nfs/data/sz_44/20260902/episode_20260902_033213_000_a07819f3.npy.mp4
01a0602d-32d0-7ba5-9b27-63ddc1f6b695,industrial packing,completed,yam,yam_0_61,36.7,huangrongbo,good,,,prod,2026-09-02 03:34:41.185132+00:00,2026-09-02 09:13:55.859946+00:00,/nfs/data/sz_44/20260902/episode_20260902_033250_000_83a26f8f.npy.mp4
01a0602d-dac8-7a2b-892c-5f176058d009,industrial packing,completed,yam,yam_0_61,36.6,huangrongbo,good,,,prod,2026-09-02 03:35:24.457886+00:00,2026-09-02 09:13:55.264693+00:00,/nfs/data/sz_44/20260902/episode_20260902_033333_000_fea332ad.npy.mp4
01a06031-6120-7df2-bfb7-4db64a6e1bc4,industrial packing,completed,yam,yam_0_61,35.4,huangrongbo,good,,,prod,2026-09-02 03:39:10.007223+00:00,2026-09-02 09:13:54.995493+00:00,/nfs/data/sz_44/20260902/episode_20260902_033724_000_41dcffd4.npy.mp4
01a06031-f978-7faa-9922-350128ed4429,industrial packing,completed,yam,yam_0_61,35.2,huangrongbo,good,,,prod,2026-09-02 03:39:48.297122+00:00,2026-09-02 09:13:54.960473+00:00,/nfs/data/sz_44/20260902/episode_20260902_033803_000_13ad0dba.npy.mp4
01a06032-91d0-7f01-84f9-efb2f8292a87,industrial packing,completed,yam,yam_0_61,34.7,huangrongbo,good,,,prod,2026-09-02 03:40:31.615263+00:00,2026-09-02 09:13:54.867292+00:00,/nfs/data/sz_44/20260902/episode_20260902_033842_000_95c7c27f.npy.mp4
01a06033-31f8-769d-8a1f-6154e669c4d1,industrial packing,completed,yam,yam_0_61,41.2,huangrongbo,good,,,prod,2026-09-02 03:41:17.015991+00:00,2026-09-02 09:13:54.771535+00:00,/nfs/data/sz_44/20260902/episode_20260902_033923_000_710f74b9.npy.mp4
01a06033-e1c0-7f54-b6d9-e7f67c7d7f52,industrial packing,completed,yam,yam_0_61,33.2,huangrongbo,good,,,prod,2026-09-02 03:41:54.598261+00:00,2026-09-02 09:13:54.360445+00:00,/nfs/data/sz_44/20260902/episode_20260902_034008_000_2f52d60f.npy.mp4
01a06034-6e60-7098-9e7a-469efe068445,industrial packing,completed,yam,yam_0_61,36.9,huangrongbo,good,,,prod,2026-09-02 03:42:31.925524+00:00,2026-09-02 09:13:54.123222+00:00,/nfs/data/sz_44/20260902/episode_20260902_034044_000_5e3d5460.npy.mp4
01a06036-2f98-77de-98a8-e6aba5327ed5,industrial packing,completed,yam,yam_0_61,32.3,huangrongbo,good,,,prod,2026-09-02 03:44:25.497859+00:00,2026-09-02 09:13:53.925251+00:00,/nfs/data/sz_44/20260902/episode_20260902_034239_000_c0ee66df.npy.mp4
01a06036-bc38-7021-860d-c79358646380,industrial packing,completed,yam,yam_0_61,34.9,huangrongbo,good,,,prod,2026-09-02 03:45:03.826215+00:00,2026-09-02 09:13:53.891897+00:00,/nfs/data/sz_44/20260902/episode_20260902_034315_000_239e9ac4.npy.mp4
01a06037-5878-7402-a328-935fdc878611,industrial packing,completed,yam,yam_0_61,39.2,huangrongbo,good,,,prod,2026-09-02 03:45:47.510823+00:00,2026-09-02 09:13:53.371993+00:00,/nfs/data/sz_44/20260902/episode_20260902_034355_000_7170f65c.npy.mp4
01a06038-0c28-74ad-9e98-ea5f0441c1ee,industrial packing,completed,yam,yam_0_61,36.5,huangrongbo,good,,,prod,2026-09-02 03:46:31.088989+00:00,2026-09-02 09:13:53.339462+00:00,/nfs/data/sz_44/20260902/episode_20260902_034441_000_76f268a7.npy.mp4
01a06038-a868-7b97-ae3a-fd2b9b966fdd,industrial packing,completed,yam,yam_0_61,33.3,huangrongbo,good,,,prod,2026-09-02 03:47:09.530967+00:00,2026-09-02 09:13:53.099126+00:00,/nfs/data/sz_44/20260902/episode_20260902_034521_000_7121f423.npy.mp4
01a06039-3cd8-72a4-897f-f45e03a5bd28,industrial packing,completed,yam,yam_0_61,35.7,huangrongbo,good,,,prod,2026-09-02 03:47:47.963929+00:00,2026-09-02 09:13:52.941239+00:00,/nfs/data/sz_44/20260902/episode_20260902_034559_000_9bd96fc4.npy.mp4
01a06039-d530-72f3-ad69-1075d4f666bb,industrial packing,completed,yam,yam_0_61,33.9,huangrongbo,good,,,prod,2026-09-02 03:48:26.271870+00:00,2026-09-02 09:13:52.799400+00:00,/nfs/data/sz_44/20260902/episode_20260902_034638_000_5b6b53cf.npy.mp4
01a0603a-69a0-7d80-bff2-be631fecc97b,industrial packing,completed,yam,yam_0_61,38.5,huangrongbo,good,,,prod,2026-09-02 03:49:10.614158+00:00,2026-09-02 09:13:52.808548+00:00,/nfs/data/sz_44/20260902/episode_20260902_034716_000_8848e31f.npy.mp4
01a0603b-1968-7735-ada1-be848608383b,industrial packing,completed,yam,yam_0_61,33.9,huangrongbo,good,,,prod,2026-09-02 03:49:48.963591+00:00,2026-09-02 09:13:52.258821+00:00,/nfs/data/sz_44/20260902/episode_20260902_034801_000_6c1d6a94.npy.mp4
01a0603b-add8-7d87-8246-11161c30754d,industrial packing,completed,yam,yam_0_61,34.2,huangrongbo,good,,,prod,2026-09-02 03:50:27.302019+00:00,2026-09-02 09:13:52.233919+00:00,/nfs/data/sz_44/20260902/episode_20260902_034839_000_f69bb9c6.npy.mp4
01a0603c-4248-7fc6-a0a7-4d4a8147def6,industrial packing,completed,yam,yam_0_61,35.2,huangrongbo,good,,,prod,2026-09-02 03:51:05.610876+00:00,2026-09-02 09:13:52.035829+00:00,/nfs/data/sz_44/20260902/episode_20260902_034917_000_5e546b54.npy.mp4
01a0603c-daa0-7d00-b698-b871bc30bfd8,industrial packing,completed,yam,yam_0_61,35.2,huangrongbo,good,,,prod,2026-09-02 03:51:42.891173+00:00,2026-09-02 09:13:51.978141+00:00,/nfs/data/sz_44/20260902/episode_20260902_034956_000_c7343b1d.npy.mp4
01a0603e-cab8-7665-bdcf-246704ef4bce,industrial packing,completed,yam,yam_0_61,34.6,huangrongbo,good,,,prod,2026-09-02 03:53:51.345639+00:00,2026-09-02 09:13:51.821673+00:00,/nfs/data/sz_44/20260902/episode_20260902_035203_000_49686417.npy.mp4
01a0603f-6310-775e-b429-0ef62fe30038,industrial packing,completed,yam,yam_0_61,37.0,huangrongbo,good,,,prod,2026-09-02 03:54:30.658945+00:00,2026-09-02 09:13:51.928988+00:00,/nfs/data/sz_44/20260902/episode_20260902_035242_000_06040195.npy.mp4
01a06040-0338-778a-ba61-828c60efa30e,industrial packing,completed,yam,yam_0_61,33.7,huangrongbo,good,,,prod,2026-09-02 03:55:10.140104+00:00,2026-09-02 09:13:51.898315+00:00,/nfs/data/sz_44/20260902/episode_20260902_035323_000_b2b76dc4.npy.mp4
01a06040-93c0-7741-96a4-de1b585f9bc2,industrial packing,completed,yam,yam_0_61,38.3,huangrongbo,good,,,prod,2026-09-02 03:55:52.451233+00:00,2026-09-02 09:13:51.208038+00:00,/nfs/data/sz_44/20260902/episode_20260902_035400_000_0e8f8fdf.npy.mp4
01a06041-37d0-7866-97d3-612a5859ca07,industrial packing,completed,yam,yam_0_61,38.9,huangrongbo,good,,,prod,2026-09-02 03:56:37.773099+00:00,2026-09-02 09:13:50.980908+00:00,/nfs/data/sz_44/20260902/episode_20260902_035442_000_a158b801.npy.mp4
01a06041-dfc8-7e71-a1fc-bf4f96b7f9ef,industrial packing,completed,yam,yam_0_61,35.3,huangrongbo,good,,,prod,2026-09-02 03:57:16.137137+00:00,2026-09-02 09:13:50.914261+00:00,/nfs/data/sz_44/20260902/episode_20260902_035525_000_f9880300.npy.mp4
01a06042-7820-776f-a2f3-2f34e2bda896,industrial packing,completed,yam,yam_0_61,36.3,huangrongbo,good,,,prod,2026-09-02 03:57:54.619195+00:00,2026-09-02 09:13:50.861535+00:00,/nfs/data/sz_44/20260902/episode_20260902_035604_000_3b45906e.npy.mp4
01a06043-1460-78ab-bac0-9617ecf2a2b7,industrial packing,completed,yam,yam_0_61,35.9,huangrongbo,good,,,prod,2026-09-02 03:58:32.971881+00:00,2026-09-02 09:13:50.239880+00:00,/nfs/data/sz_44/20260902/episode_20260902_035644_000_ecd95a72.npy.mp4
01a06043-b0a0-77f2-b98d-970f65fc352b,industrial packing,completed,yam,yam_0_61,35.8,huangrongbo,good,,,prod,2026-09-02 03:59:12.486167+00:00,2026-09-02 09:13:50.015292+00:00,/nfs/data/sz_44/20260902/episode_20260902_035724_000_9d685250.npy.mp4
01a06044-48f8-74f2-83b4-9d3adeaef3b4,industrial packing,completed,yam,yam_0_61,39.8,huangrongbo,good,,,prod,2026-09-02 03:59:55.775401+00:00,2026-09-02 09:13:49.920909+00:00,/nfs/data/sz_44/20260902/episode_20260902_035803_000_9e023cd0.npy.mp4
01a06044-f4d8-72b3-8769-05bdb50ead0a,industrial packing,completed,yam,yam_0_61,38.9,huangrongbo,good,,,prod,2026-09-02 04:00:40.094260+00:00,2026-09-02 09:13:49.874980+00:00,/nfs/data/sz_44/20260902/episode_20260902_035847_000_fb1c0168.npy.mp4
01a06045-9cd0-726f-a104-b51228b7405a,industrial packing,completed,yam,yam_0_61,40.0,huangrongbo,good,,,prod,2026-09-02 04:01:24.492610+00:00,2026-09-02 09:13:49.280802+00:00,/nfs/data/sz_44/20260902/episode_20260902_035930_000_74323c4f.npy.mp4
01a06046-4c98-7936-8abf-9ba39e57a26b,industrial packing,completed,yam,yam_0_61,38.6,huangrongbo,good,,,prod,2026-09-02 04:02:08.909993+00:00,2026-09-02 09:13:49.308990+00:00,/nfs/data/sz_44/20260902/episode_20260902_040015_000_48a1ae97.npy.mp4
01a06046-f490-7e46-b3ed-14184a907602,industrial packing,completed,yam,yam_0_61,38.2,huangrongbo,good,,,prod,2026-09-02 04:02:48.214040+00:00,2026-09-02 09:13:49.002841+00:00,/nfs/data/sz_44/20260902/episode_20260902_040058_000_4631be91.npy.mp4
01a06047-98a0-7d4a-81a1-e892fecb54d2,industrial packing,completed,yam,yam_0_61,36.4,huangrongbo,good,,,prod,2026-09-02 04:03:30.521454+00:00,2026-09-02 09:13:48.972555+00:00,/nfs/data/sz_44/20260902/episode_20260902_040140_000_f727f212.npy.mp4
01a06048-5038-76e9-81d6-b95ea50c7e5e,industrial packing,completed,yam,yam_0_61,38.4,huangrongbo,good,,,prod,2026-09-02 04:04:20.028715+00:00,2026-09-02 09:13:48.823585+00:00,/nfs/data/sz_44/20260902/episode_20260902_040227_000_8b5c889f.npy.mp4
01a06048-f830-7464-aee4-190ba0ee0998,industrial packing,completed,yam,yam_0_61,38.1,huangrongbo,good,,,prod,2026-09-02 04:05:04.357812+00:00,2026-09-02 09:13:48.394721+00:00,/nfs/data/sz_44/20260902/episode_20260902_040310_000_48d3855c.npy.mp4
01a06049-9c40-788e-93a6-31fcd8ea2309,industrial packing,completed,yam,yam_0_61,36.8,huangrongbo,good,,,prod,2026-09-02 04:05:42.682394+00:00,2026-09-02 09:13:48.275389+00:00,/nfs/data/sz_44/20260902/episode_20260902_040352_000_fbb8b0d1.npy.mp4
01a0604a-3c68-7097-82a5-774b0d5fc71f,industrial packing,completed,yam,yam_0_61,37.2,huangrongbo,good,,,prod,2026-09-02 04:06:21.156790+00:00,2026-09-02 09:13:48.134719+00:00,/nfs/data/sz_44/20260902/episode_20260902_040433_000_f8d80e3a.npy.mp4
01a0604a-dc90-730b-876b-41a5da4c6dfd,industrial packing,completed,yam,yam_0_61,33.8,huangrongbo,good,,,prod,2026-09-02 04:06:58.693885+00:00,2026-09-02 09:13:48.029519+00:00,/nfs/data/sz_44/20260902/episode_20260902_040514_000_57074dd5.npy.mp4
01a0604b-80a0-77d3-9d41-f19c9c9aafba,industrial packing,completed,yam,yam_0_61,34.2,huangrongbo,good,,,prod,2026-09-02 04:07:42.016923+00:00,2026-09-02 09:13:47.903613+00:00,/nfs/data/sz_44/20260902/episode_20260902_040556_000_b4b73733.npy.mp4
01a0604c-1510-7a63-b8bb-4ba128c38266,industrial packing,completed,yam,yam_0_61,37.7,huangrongbo,good,,,prod,2026-09-02 04:08:26.312969+00:00,2026-09-02 09:13:47.923717+00:00,/nfs/data/sz_44/20260902/episode_20260902_040634_000_a406bcf7.npy.mp4
01a0604c-b538-7dea-ab4e-101b8244a7c4,industrial packing,completed,yam,yam_0_61,43.8,huangrongbo,good,,,prod,2026-09-02 04:09:16.666201+00:00,2026-09-02 09:13:47.929718+00:00,/nfs/data/sz_44/20260902/episode_20260902_040715_000_932db115.npy.mp4
01a0604d-6cd0-782f-a6a5-7bac2ff1fc83,industrial packing,completed,yam,yam_0_61,32.7,huangrongbo,good,,,prod,2026-09-02 04:09:48.911442+00:00,2026-09-02 09:13:47.395563+00:00,/nfs/data/sz_44/20260902/episode_20260902_040802_000_85c801ae.npy.mp4
01a0604e-2c38-7a32-8b93-4e6c1e54ea56,industrial packing,completed,yam,yam_0_61,35.9,huangrongbo,good,,,prod,2026-09-02 04:10:36.186583+00:00,2026-09-02 09:13:47.273168+00:00,/nfs/data/sz_44/20260902/episode_20260902_040851_000_4af25174.npy.mp4
01a06050-ef40-7c9e-91cc-3411f9498b88,industrial packing,completed,yam,yam_0_61,33.5,huangrongbo,good,,,prod,2026-09-02 04:13:39.728189+00:00,2026-09-02 09:13:47.001814+00:00,/nfs/data/sz_44/20260902/episode_20260902_041152_000_9d894b81.npy.mp4
01a06051-7fc8-740b-8ebe-a91b3a32b009,industrial packing,completed,yam,yam_0_61,35.7,huangrongbo,good,,,prod,2026-09-02 04:14:18.046501+00:00,2026-09-02 09:13:47.893309+00:00,/nfs/data/sz_44/20260902/episode_20260902_041229_000_e8b27b73.npy.mp4
01a06052-1c08-7348-a255-997eb47e35d6,industrial packing,completed,yam,yam_0_61,33.0,huangrongbo,good,,,prod,2026-09-02 04:14:56.403780+00:00,2026-09-02 09:13:46.537143+00:00,/nfs/data/sz_44/20260902/episode_20260902_041309_000_0a475949.npy.mp4
01a06052-ac90-7bf1-891f-69021c130e35,industrial packing,completed,yam,yam_0_61,36.0,huangrongbo,good,,,prod,2026-09-02 04:15:34.724143+00:00,2026-09-02 09:13:46.239846+00:00,/nfs/data/sz_44/20260902/episode_20260902_041346_000_4a0c46e0.npy.mp4
01a06053-48d0-7220-97e0-5c9ae1918af7,industrial packing,completed,yam,yam_0_61,35.7,huangrongbo,good,,,prod,2026-09-02 04:16:13.029377+00:00,2026-09-02 09:13:46.145416+00:00,/nfs/data/sz_44/20260902/episode_20260902_041426_000_58681842.npy.mp4
01a06053-e510-7bd4-ba5c-a7a7ff9746f5,industrial packing,completed,yam,yam_0_61,33.6,huangrongbo,good,,,prod,2026-09-02 04:16:50.349906+00:00,2026-09-02 09:13:46.013084+00:00,/nfs/data/sz_44/20260902/episode_20260902_041506_000_f1e0968b.npy.mp4
01a06054-8538-7c65-822f-e523b10c5f2a,industrial packing,completed,yam,yam_0_61,35.3,huangrongbo,good,,,prod,2026-09-02 04:17:33.673905+00:00,2026-09-02 09:13:45.951515+00:00,/nfs/data/sz_44/20260902/episode_20260902_041547_000_a67aac82.npy.mp4
01a06055-1d90-7982-898d-4acac5c0c25f,industrial packing,completed,yam,yam_0_61,38.1,huangrongbo,good,,,prod,2026-09-02 04:18:17.037812+00:00,2026-09-02 09:13:45.945380+00:00,/nfs/data/sz_44/20260902/episode_20260902_041626_000_d010298a.npy.mp4
01a06055-c588-72ba-a4a8-c10041789dfa,industrial packing,completed,yam,yam_0_61,38.1,huangrongbo,good,,,prod,2026-09-02 04:19:01.363358+00:00,2026-09-02 09:13:45.889887+00:00,/nfs/data/sz_44/20260902/episode_20260902_041709_000_f22dccbe.npy.mp4
01a06056-6998-7bdb-88a9-af810afc4d98,industrial packing,completed,yam,yam_0_61,36.6,huangrongbo,good,,,prod,2026-09-02 04:19:39.732755+00:00,2026-09-02 09:13:45.291008+00:00,/nfs/data/sz_44/20260902/episode_20260902_041751_000_d9a0204d.npy.mp4
01a06057-09c0-77d8-881b-491655d937bf,industrial packing,completed,yam,yam_0_61,37.6,huangrongbo,good,,,prod,2026-09-02 04:20:24.080841+00:00,2026-09-02 09:13:45.267924+00:00,/nfs/data/sz_44/20260902/episode_20260902_041832_000_19539a16.npy.mp4
01a06057-b988-7f16-b851-4828e8b63212,industrial packing,completed,yam,yam_0_61,32.9,huangrongbo,good,,,prod,2026-09-02 04:21:01.433082+00:00,2026-09-02 09:13:45.110329+00:00,/nfs/data/sz_44/20260902/episode_20260902_041917_000_040d80f5.npy.mp4
01a06058-4df8-7b40-af76-bb7d3bf0aad9,industrial packing,completed,yam,yam_0_61,36.3,huangrongbo,good,,,prod,2026-09-02 04:21:44.863153+00:00,2026-09-02 09:13:45.027715+00:00,/nfs/data/sz_44/20260902/episode_20260902_041955_000_c594fac7.npy.mp4
01a06058-ea38-767d-a9cf-2831335272c3,industrial packing,completed,yam,yam_0_61,37.4,huangrongbo,good,,,prod,2026-09-02 04:22:24.348990+00:00,2026-09-02 09:13:44.956225+00:00,/nfs/data/sz_44/20260902/episode_20260902_042035_000_f220340f.npy.mp4
01a06059-8a60-75f2-9d28-575ffb7fdce3,industrial packing,completed,yam,yam_0_61,30.8,huangrongbo,good,,,prod,2026-09-02 04:23:01.669251+00:00,2026-09-02 09:13:44.964546+00:00,/nfs/data/sz_44/20260902/episode_20260902_042116_000_139090f1.npy.mp4
01a0605a-1318-7fd4-9bc6-6343030a2d39,industrial packing,completed,yam,yam_0_61,35.5,huangrongbo,good,,,prod,2026-09-02 04:23:39.965156+00:00,2026-09-02 09:13:44.770210+00:00,/nfs/data/sz_44/20260902/episode_20260902_042151_000_1ea3a843.npy.mp4
01a0605a-af58-75dc-8bce-e0cc3660b08d,industrial packing,completed,yam,yam_0_61,31.6,huangrongbo,good,,,prod,2026-09-02 04:24:12.273321+00:00,2026-09-02 09:13:44.353829+00:00,/nfs/data/sz_44/20260902/episode_20260902_042231_000_750f7e4d.npy.mp4
01a0605b-3bf8-7ee6-9d55-2fa881be5018,industrial packing,completed,yam,yam_0_61,37.8,huangrongbo,good,,,prod,2026-09-02 04:25:00.642131+00:00,2026-09-02 09:13:44.125212+00:00,/nfs/data/sz_44/20260902/episode_20260902_042307_000_33ac6a2a.npy.mp4
01a0605b-e3f0-7a18-a005-df06ce64233f,industrial packing,completed,yam,yam_0_61,32.7,huangrongbo,good,,,prod,2026-09-02 04:25:32.924976+00:00,2026-09-02 09:13:43.905955+00:00,/nfs/data/sz_44/20260902/episode_20260902_042350_000_f9ab501b.npy.mp4
01a0605e-ca20-7ff1-b3fd-d38e73563cfc,industrial packing,completed,yam,yam_0_61,31.1,huangrongbo,good,,,prod,2026-09-02 04:28:39.438012+00:00,2026-09-02 09:13:43.868340+00:00,/nfs/data/sz_44/20260902/episode_20260902_042700_000_61ec7be1.npy.mp4
01a06060-6830-70cd-8b90-2d5171546c3c,industrial packing,completed,yam,yam_0_61,32.0,huangrongbo,good,,,prod,2026-09-02 04:30:27.813991+00:00,2026-09-02 06:42:29.822770+00:00,/nfs/data/sz_44/20260902/episode_20260902_042846_000_154add9f.npy.mp4
01a0608f-c148-79a9-af2e-6c624afda940,industrial packing,completed,yam,yam_0_61,38.3,huangrongbo,good,,,prod,2026-09-02 05:22:20.495689+00:00,2026-09-02 06:42:29.179364+00:00,/nfs/data/sz_44/20260902/episode_20260902_052029_000_fbbedcc1.npy.mp4
01a06090-6558-7571-a75f-56f2e1880b40,industrial packing,completed,yam,yam_0_61,39.3,huangrongbo,good,,,prod,2026-09-02 05:23:03.784781+00:00,2026-09-02 06:42:29.124378+00:00,/nfs/data/sz_44/20260902/episode_20260902_052111_000_dd2440af.npy.mp4
01a06091-7ab0-79f6-bb40-447eec06fc85,industrial packing,completed,yam,yam_0_61,35.2,huangrongbo,good,,,prod,2026-09-02 05:24:12.131902+00:00,2026-09-02 06:42:28.981948+00:00,/nfs/data/sz_44/20260902/episode_20260902_052222_000_c5d8ceec.npy.mp4
01a06092-1308-7d2b-a5f3-b22abe336814,industrial packing,completed,yam,yam_0_61,41.1,huangrongbo,good,,,prod,2026-09-02 05:24:56.427928+00:00,2026-09-02 06:42:28.903025+00:00,/nfs/data/sz_44/20260902/episode_20260902_052301_000_f99d0428.npy.mp4
01a06092-d658-7bbf-9aaa-d4f11f39b872,industrial packing,completed,yam,yam_0_61,39.2,huangrongbo,good,,,prod,2026-09-02 05:25:45.735025+00:00,2026-09-02 06:42:28.854348+00:00,/nfs/data/sz_44/20260902/episode_20260902_052351_000_6b4d4bc8.npy.mp4
01a06093-7e50-7796-817e-1e604714665f,industrial packing,completed,yam,yam_0_61,39.7,huangrongbo,good,,,prod,2026-09-02 05:26:30.020755+00:00,2026-09-02 06:42:28.336091+00:00,/nfs/data/sz_44/20260902/episode_20260902_052434_000_9c45faba.npy.mp4
01a06094-2a30-7b1e-8149-58a39d45dcb7,industrial packing,completed,yam,yam_0_61,36.9,huangrongbo,good,,,prod,2026-09-02 05:27:09.316315+00:00,2026-09-02 06:42:28.087838+00:00,/nfs/data/sz_44/20260902/episode_20260902_052518_000_26146369.npy.mp4
01a06094-c670-7772-9dd8-c04ba5e75826,industrial packing,completed,yam,yam_0_61,36.5,huangrongbo,good,,,prod,2026-09-02 05:27:48.621483+00:00,2026-09-02 06:42:28.036906+00:00,/nfs/data/sz_44/20260902/episode_20260902_052558_000_a8263977.npy.mp4
01a06095-62b0-77f5-859a-5dd1862f5899,industrial packing,completed,yam,yam_0_61,34.8,huangrongbo,good,,,prod,2026-09-02 05:28:26.926056+00:00,2026-09-02 06:42:27.917345+00:00,/nfs/data/sz_44/20260902/episode_20260902_052638_000_cdc4efb8.npy.mp4
01a06095-fb08-77c5-aaaa-fa24de7c54b6,industrial packing,completed,yam,yam_0_61,40.5,huangrongbo,good,,,prod,2026-09-02 05:29:11.239525+00:00,2026-09-02 06:42:27.792297+00:00,/nfs/data/sz_44/20260902/episode_20260902_052717_000_67b96a25.npy.mp4
01a06096-a6e8-79db-b735-649b3bfc7f17,industrial packing,completed,yam,yam_0_61,37.1,huangrongbo,good,,,prod,2026-09-02 05:29:49.564891+00:00,2026-09-02 06:42:27.919911+00:00,/nfs/data/sz_44/20260902/episode_20260902_052801_000_51fde3ea.npy.mp4
01a06097-4710-7374-b114-d9b83fd4ac9d,industrial packing,completed,yam,yam_0_61,38.2,huangrongbo,good,,,prod,2026-09-02 05:30:33.916147+00:00,2026-09-02 06:42:27.225893+00:00,/nfs/data/sz_44/20260902/episode_20260902_052842_000_fa654736.npy.mp4
01a06097-eb20-7c14-95c0-7629a0a5e9e1,industrial packing,completed,yam,yam_0_61,38.8,huangrongbo,good,,,prod,2026-09-02 05:31:18.339893+00:00,2026-09-02 06:42:26.974942+00:00,/nfs/data/sz_44/20260902/episode_20260902_052924_000_16087da4.npy.mp4
01a06098-9318-7859-b843-ba5cfa62c7b3,industrial packing,completed,yam,yam_0_61,32.4,huangrongbo,good,,,prod,2026-09-02 05:31:50.640035+00:00,2026-09-02 06:42:26.895364+00:00,/nfs/data/sz_44/20260902/episode_20260902_053007_000_b1954286.npy.mp4
01a06099-1fb8-78c0-a5af-35de57b1b92e,industrial packing,completed,yam,yam_0_61,33.8,huangrongbo,good,,,prod,2026-09-02 05:32:29.006299+00:00,2026-09-02 06:42:26.821434+00:00,/nfs/data/sz_44/20260902/episode_20260902_053043_000_e1cd6eb8.npy.mp4
01a06099-b428-74b9-baae-1ea169320613,industrial packing,completed,yam,yam_0_61,32.5,huangrongbo,good,,,prod,2026-09-02 05:33:06.348599+00:00,2026-09-02 06:42:26.356249+00:00,/nfs/data/sz_44/20260902/episode_20260902_053121_000_7534fa4b.npy.mp4
01a0609a-40c8-7876-b26b-a0ea0479a7d3,industrial packing,completed,yam,yam_0_61,28.6,huangrongbo,good,,,prod,2026-09-02 05:33:37.625048+00:00,2026-09-02 06:42:26.286711+00:00,/nfs/data/sz_44/20260902/episode_20260902_053157_000_71714db8.npy.mp4
01a0609c-ffe8-7e39-865e-13fd9dffb689,industrial packing,completed,yam,yam_0_61,30.4,huangrongbo,good,,,prod,2026-09-02 05:36:40.151864+00:00,2026-09-02 06:42:26.124727+00:00,/nfs/data/sz_44/20260902/episode_20260902_053457_000_4a9ee9fd.npy.mp4
01a0609d-84b8-7151-a5f8-ec69d9725d92,industrial packing,completed,yam,yam_0_61,35.7,huangrongbo,good,,,prod,2026-09-02 05:37:18.485152+00:00,2026-09-02 06:42:26.031557+00:00,/nfs/data/sz_44/20260902/episode_20260902_053531_000_bad15f52.npy.mp4
01a0609e-20f8-73b4-b237-6d0b6991ba05,industrial packing,completed,yam,yam_0_61,33.6,huangrongbo,good,,,prod,2026-09-02 05:37:56.789791+00:00,2026-09-02 06:42:26.182525+00:00,/nfs/data/sz_44/20260902/episode_20260902_053611_000_a3d115ec.npy.mp4
01a0609e-b950-7f14-af57-0dbcdbc47a94,industrial packing,completed,yam,yam_0_61,32.5,huangrongbo,good,,,prod,2026-09-02 05:38:34.096557+00:00,2026-09-02 06:42:25.853668+00:00,/nfs/data/sz_44/20260902/episode_20260902_053650_000_bb9f8c93.npy.mp4
01a0609f-5590-7707-b71f-dcad2b2edbda,industrial packing,completed,yam,yam_0_61,35.8,huangrongbo,good,,,prod,2026-09-02 05:39:16.420944+00:00,2026-09-02 06:42:25.241014+00:00,/nfs/data/sz_44/20260902/episode_20260902_053730_000_85ab9a7e.npy.mp4
01a0609f-ede8-7326-abb8-aa2729b6e837,industrial packing,completed,yam,yam_0_61,38.7,huangrongbo,good,,,prod,2026-09-02 05:40:00.725775+00:00,2026-09-02 06:42:25.153773+00:00,/nfs/data/sz_44/20260902/episode_20260902_053809_000_5c0f86ec.npy.mp4
01a060a0-95e0-7629-a764-8e5797ba9696,industrial packing,completed,yam,yam_0_61,36.1,huangrongbo,good,,,prod,2026-09-02 05:40:39.023675+00:00,2026-09-02 06:42:25.012804+00:00,/nfs/data/sz_44/20260902/episode_20260902_053852_000_f0f8af2d.npy.mp4
01a060a1-2e38-768b-b29c-19b3a668309c,industrial packing,completed,yam,yam_0_61,33.7,huangrongbo,good,,,prod,2026-09-02 05:41:17.357904+00:00,2026-09-02 06:42:24.884123+00:00,/nfs/data/sz_44/20260902/episode_20260902_053931_000_78784722.npy.mp4
01a060a1-c2a8-7d53-9073-47d2405960cb,industrial packing,completed,yam,yam_0_61,38.4,huangrongbo,good,,,prod,2026-09-02 05:42:01.694309+00:00,2026-09-02 06:42:24.849234+00:00,/nfs/data/sz_44/20260902/episode_20260902_054009_000_f7dfdb62.npy.mp4
01a060a2-66b8-7e26-9f96-7872a16b7b72,industrial packing,completed,yam,yam_0_61,36.9,huangrongbo,good,,,prod,2026-09-02 05:42:39.985262+00:00,2026-09-02 06:42:24.389756+00:00,/nfs/data/sz_44/20260902/episode_20260902_054051_000_0db007d1.npy.mp4
01a060a3-02f8-776f-ab09-60e1e9e18217,industrial packing,completed,yam,yam_0_61,41.7,huangrongbo,good,,,prod,2026-09-02 05:43:30.310010+00:00,2026-09-02 06:42:24.188027+00:00,/nfs/data/sz_44/20260902/episode_20260902_054131_000_c1fb3a20.npy.mp4
01a060a3-b6a8-72e9-a703-05690af882c3,industrial packing,completed,yam,yam_0_61,36.7,huangrongbo,good,,,prod,2026-09-02 05:44:08.608832+00:00,2026-09-02 06:42:24.118542+00:00,/nfs/data/sz_44/20260902/episode_20260902_054217_000_f5ec15be.npy.mp4
01a060a4-56d0-7cab-a3e7-d82f2e7b3cb3,industrial packing,completed,yam,yam_0_61,35.8,huangrongbo,good,,,prod,2026-09-02 05:44:46.932018+00:00,2026-09-02 06:42:24.288086+00:00,/nfs/data/sz_44/20260902/episode_20260902_054258_000_ec84422d.npy.mp4
01a060a4-ef28-7812-9cf8-520eb3f2a3aa,industrial packing,completed,yam,yam_0_61,37.3,huangrongbo,good,,,prod,2026-09-02 05:45:26.313466+00:00,2026-09-02 06:42:23.843064+00:00,/nfs/data/sz_44/20260902/episode_20260902_054337_000_37de0229.npy.mp4
01a060a5-8f50-7435-953a-d5fccadc1a39,industrial packing,completed,yam,yam_0_61,37.7,huangrongbo,good,,,prod,2026-09-02 05:46:09.736499+00:00,2026-09-02 06:42:23.904531+00:00,/nfs/data/sz_44/20260902/episode_20260902_054418_000_c989d0f9.npy.mp4
01a060a6-3360-7f26-8fac-793ae9b1c7af,industrial packing,completed,yam,yam_0_61,37.9,huangrongbo,good,,,prod,2026-09-02 05:46:53.082203+00:00,2026-09-02 06:42:23.249148+00:00,/nfs/data/sz_44/20260902/episode_20260902_054500_000_0d2083c2.npy.mp4
01a060a6-eaf8-7b17-bfe5-59e620bf41fd,industrial packing,completed,yam,yam_0_61,35.6,huangrongbo,good,,,prod,2026-09-02 05:47:36.400761+00:00,2026-09-02 06:42:23.041571+00:00,/nfs/data/sz_44/20260902/episode_20260902_054547_000_9266b38b.npy.mp4
01a060a7-8738-7d6a-8e0c-591c166d80da,industrial packing,completed,yam,yam_0_61,37.9,huangrongbo,good,,,prod,2026-09-02 05:48:15.696784+00:00,2026-09-02 06:42:23.021795+00:00,/nfs/data/sz_44/20260902/episode_20260902_054627_000_31980b01.npy.mp4
01a060a8-2b48-757f-a928-c7f317050d76,industrial packing,completed,yam,yam_0_61,37.6,huangrongbo,good,,,prod,2026-09-02 05:48:58.993460+00:00,2026-09-02 06:42:22.989076+00:00,/nfs/data/sz_44/20260902/episode_20260902_054709_000_f2aec9e8.npy.mp4
01a060a8-cb70-7184-a55e-c44bcf27d854,industrial packing,completed,yam,yam_0_61,35.0,huangrongbo,good,,,prod,2026-09-02 05:49:37.286880+00:00,2026-09-02 06:42:22.832702+00:00,/nfs/data/sz_44/20260902/episode_20260902_054750_000_40c60c05.npy.mp4
01a060a9-63c8-7bf3-a2b1-9ef318fda40b,industrial packing,completed,yam,yam_0_61,38.1,huangrongbo,good,,,prod,2026-09-02 05:50:21.586960+00:00,2026-09-02 06:42:22.860603+00:00,/nfs/data/sz_44/20260902/episode_20260902_054829_000_8d543ff8.npy.mp4
01a060aa-1390-72dd-af82-e44638d6697d,industrial packing,completed,yam,yam_0_61,31.3,huangrongbo,good,,,prod,2026-09-02 05:50:58.880245+00:00,2026-09-02 06:42:22.168182+00:00,/nfs/data/sz_44/20260902/episode_20260902_054914_000_461fffad.npy.mp4
01a060aa-9c48-7861-8db5-551fbb82acac,industrial packing,completed,yam,yam_0_61,33.2,huangrongbo,good,,,prod,2026-09-02 05:51:36.193089+00:00,2026-09-02 06:42:22.158844+00:00,/nfs/data/sz_44/20260902/episode_20260902_054949_000_bd6b7520.npy.mp4
01a060ab-4058-7d06-9601-e588b0e55fea,industrial packing,completed,yam,yam_0_61,32.7,huangrongbo,good,,,prod,2026-09-02 05:52:14.548010+00:00,2026-09-02 06:42:22.003159+00:00,/nfs/data/sz_44/20260902/episode_20260902_055031_000_e6d47f79.npy.mp4
01a060ab-d0e0-7876-8d50-93cb4ff3a7f5,industrial packing,completed,yam,yam_0_61,35.9,huangrongbo,good,,,prod,2026-09-02 05:52:57.863665+00:00,2026-09-02 06:42:21.944688+00:00,/nfs/data/sz_44/20260902/episode_20260902_055108_000_790d5139.npy.mp4
01a060ac-6d20-7138-bd2c-e812bc3cc9a6,industrial packing,completed,yam,yam_0_61,35.0,huangrongbo,good,,,prod,2026-09-02 05:53:36.176700+00:00,2026-09-02 06:42:21.799496+00:00,/nfs/data/sz_44/20260902/episode_20260902_055148_000_185ec6b3.npy.mp4
01a060ad-0578-7c31-b704-ed16a7144dad,industrial packing,completed,yam,yam_0_61,33.8,huangrongbo,good,,,prod,2026-09-02 05:54:13.548153+00:00,2026-09-02 06:42:21.876356+00:00,/nfs/data/sz_44/20260902/episode_20260902_055227_000_68ea70ab.npy.mp4
01a060ad-99e8-76a3-8aee-d53b78cad07f,industrial packing,completed,yam,yam_0_61,39.5,huangrongbo,good,,,prod,2026-09-02 05:54:59.964926+00:00,2026-09-02 06:42:21.290972+00:00,/nfs/data/sz_44/20260902/episode_20260902_055305_000_e2b1cef9.npy.mp4
01a060ae-41e0-7c93-a1d8-181b0bb73b08,industrial packing,completed,yam,yam_0_61,33.0,huangrongbo,good,,,prod,2026-09-02 05:55:36.323873+00:00,2026-09-02 06:42:21.111813+00:00,/nfs/data/sz_44/20260902/episode_20260902_055348_000_71260034.npy.mp4
01a060ae-d268-7dba-bf1f-9ae48b7e69c4,industrial packing,completed,yam,yam_0_61,37.6,huangrongbo,good,,,prod,2026-09-02 05:56:15.620150+00:00,2026-09-02 06:42:21.064597+00:00,/nfs/data/sz_44/20260902/episode_20260902_055425_000_516d830b.npy.mp4
01a060af-7678-7fb7-ae38-7015153fe040,industrial packing,completed,yam,yam_0_61,34.6,huangrongbo,good,,,prod,2026-09-02 05:56:52.977956+00:00,2026-09-02 06:42:20.887494+00:00,/nfs/data/sz_44/20260902/episode_20260902_055507_000_4d588c9d.npy.mp4
01a060b0-0ed0-7a06-a1ef-110928b905a6,industrial packing,completed,yam,yam_0_61,36.2,huangrongbo,good,,,prod,2026-09-02 05:57:36.315129+00:00,2026-09-02 06:42:20.988130+00:00,/nfs/data/sz_44/20260902/episode_20260902_055546_000_4862d9c9.npy.mp4
01a060b0-bab0-7aa4-a81e-52c11e46281d,industrial packing,completed,yam,yam_0_61,29.5,huangrongbo,good,,,prod,2026-09-02 05:58:08.628693+00:00,2026-09-02 06:42:20.841250+00:00,/nfs/data/sz_44/20260902/episode_20260902_055630_000_64f1c1f5.npy.mp4
01a060b1-3b98-7f63-b3c2-1a3c559aecb4,industrial packing,completed,yam,yam_0_61,36.7,huangrongbo,good,,,prod,2026-09-02 05:58:51.991895+00:00,2026-09-02 06:42:20.242240+00:00,/nfs/data/sz_44/20260902/episode_20260902_055703_000_563e2f8d.npy.mp4
01a060b1-dbc0-782e-a184-79ab6a8acc42,industrial packing,completed,yam,yam_0_61,32.5,huangrongbo,good,,,prod,2026-09-02 05:59:29.326949+00:00,2026-09-02 06:42:20.224027+00:00,/nfs/data/sz_44/20260902/episode_20260902_055744_000_7b31ae08.npy.mp4
01a060b2-7418-723d-9d3b-73ce30736c8c,industrial packing,completed,yam,yam_0_61,35.3,huangrongbo,good,,,prod,2026-09-02 06:00:12.711954+00:00,2026-09-02 06:42:20.054569+00:00,/nfs/data/sz_44/20260902/episode_20260902_055823_000_0c57806f.npy.mp4
01a060b3-0c70-7d76-b966-c73fadc10824,industrial packing,completed,yam,yam_0_61,37.1,huangrongbo,good,,,prod,2026-09-02 06:00:52.109744+00:00,2026-09-02 06:42:19.982259+00:00,/nfs/data/sz_44/20260902/episode_20260902_055902_000_3c488e2f.npy.mp4
01a060b3-b080-7267-afd6-6618cf716962,industrial packing,completed,yam,yam_0_61,35.8,huangrongbo,good,,,prod,2026-09-02 06:01:35.445410+00:00,2026-09-02 06:42:19.899179+00:00,/nfs/data/sz_44/20260902/episode_20260902_055944_000_9f1af974.npy.mp4
01a060b4-4cc0-711a-97da-40e6d2bbb126,industrial packing,completed,yam,yam_0_61,33.0,huangrongbo,good,,,prod,2026-09-02 06:02:07.748902+00:00,2026-09-02 06:42:19.918807+00:00,/nfs/data/sz_44/20260902/episode_20260902_060024_000_01d8b26f.npy.mp4
01a060b4-dd48-7e31-b8a5-bb3901725ad3,industrial packing,completed,yam,yam_0_61,31.6,huangrongbo,good,,,prod,2026-09-02 06:02:46.100554+00:00,2026-09-02 06:42:19.871377+00:00,/nfs/data/sz_44/20260902/episode_20260902_060101_000_02c48caf.npy.mp4
01a060b5-6600-7c1b-bd3a-c5f2035e4e49,industrial packing,completed,yam,yam_0_61,34.8,huangrongbo,good,,,prod,2026-09-02 06:03:24.423856+00:00,2026-09-02 06:42:19.192027+00:00,/nfs/data/sz_44/20260902/episode_20260902_060136_000_6de11caf.npy.mp4
01a060b5-fe58-70ec-9113-019f8b71d08d,industrial packing,completed,yam,yam_0_61,36.9,huangrongbo,good,,,prod,2026-09-02 06:04:08.756501+00:00,2026-09-02 06:42:19.021551+00:00,/nfs/data/sz_44/20260902/episode_20260902_060215_000_962b0153.npy.mp4
01a060b6-9e80-75f8-b864-7396c5af998b,industrial packing,completed,yam,yam_0_61,30.0,huangrongbo,good,,,prod,2026-09-02 06:04:35.060307+00:00,2026-09-02 06:42:18.990219+00:00,/nfs/data/sz_44/20260902/episode_20260902_060256_000_9cb5b7a9.npy.mp4
01a060b7-2350-7458-9aa1-9a3e02867627,industrial packing,completed,yam,yam_0_61,37.6,huangrongbo,good,,,prod,2026-09-02 06:05:19.380571+00:00,2026-09-02 06:42:18.833009+00:00,/nfs/data/sz_44/20260902/episode_20260902_060330_000_f4b66bac.npy.mp4
01a060b7-c760-75b9-990a-cc5688e0195f,industrial packing,completed,yam,yam_0_61,35.0,huangrongbo,good,,,prod,2026-09-02 06:06:02.679972+00:00,2026-09-02 06:42:18.912050+00:00,/nfs/data/sz_44/20260902/episode_20260902_060412_000_b3d47a34.npy.mp4
01a060b8-5fb8-7c6e-a2bb-ec29a65f3520,industrial packing,completed,yam,yam_0_61,33.8,huangrongbo,good,,,prod,2026-09-02 06:06:34.974612+00:00,2026-09-02 06:42:18.845617+00:00,/nfs/data/sz_44/20260902/episode_20260902_060451_000_746e3a0c.npy.mp4
01a060b8-f810-7904-a6f9-54eec3cb592e,industrial packing,completed,yam,yam_0_61,42.9,huangrongbo,good,,,prod,2026-09-02 06:07:30.264546+00:00,2026-09-02 06:42:18.168691+00:00,/nfs/data/sz_44/20260902/episode_20260902_060530_000_f93f7d49.npy.mp4
01a060bc-0168-7a52-9265-1a2b419dfbf0,industrial packing,completed,yam,yam_0_61,40.2,huangrongbo,good,,,prod,2026-09-02 06:10:42.800181+00:00,2026-09-02 06:42:18.130028+00:00,/nfs/data/sz_44/20260902/episode_20260902_060849_000_85428fc9.npy.mp4
01a060bc-b130-7e8b-9399-677162a7c3e0,industrial packing,completed,yam,yam_0_61,39.5,huangrongbo,good,,,prod,2026-09-02 06:11:27.120257+00:00,2026-09-02 06:42:17.968518+00:00,/nfs/data/sz_44/20260902/episode_20260902_060934_000_3c83f6b7.npy.mp4
01a060bd-5d10-7bc6-8828-b09832b0d710,industrial packing,completed,yam,yam_0_61,40.9,huangrongbo,good,,,prod,2026-09-02 06:12:10.549015+00:00,2026-09-02 06:42:17.915458+00:00,/nfs/data/sz_44/20260902/episode_20260902_061018_000_6c03ffeb.npy.mp4
01a060be-0cd8-741a-a232-0ce6ccde955c,industrial packing,completed,yam,yam_0_61,46.2,huangrongbo,good,,,prod,2026-09-02 06:13:06.041038+00:00,2026-09-02 06:42:17.781821+00:00,/nfs/data/sz_44/20260902/episode_20260902_061103_000_6a86b3e1.npy.mp4
01a060be-d410-7ecb-880f-ee59035597ce,industrial packing,completed,yam,yam_0_61,39.4,huangrongbo,good,,,prod,2026-09-02 06:13:45.400723+00:00,2026-09-02 06:42:17.362648+00:00,/nfs/data/sz_44/20260902/episode_20260902_061154_000_7c025b77.npy.mp4
01a060bf-83d8-70f6-9c4a-9b55ed0ae6dc,industrial packing,completed,yam,yam_0_61,40.2,huangrongbo,good,,,prod,2026-09-02 06:14:34.770227+00:00,2026-09-02 06:42:17.113579+00:00,/nfs/data/sz_44/20260902/episode_20260902_061239_000_c40dccfc.npy.mp4
01a060c0-2fb8-7303-86e8-7e101845f626,industrial packing,completed,yam,yam_0_61,36.6,huangrongbo,good,,,prod,2026-09-02 06:15:14.317831+00:00,2026-09-02 06:42:16.921988+00:00,/nfs/data/sz_44/20260902/episode_20260902_061323_000_69043934.npy.mp4
01a060c0-cfe0-7c03-8e98-2adf90cc8b86,industrial packing,completed,yam,yam_0_61,41.5,huangrongbo,good,,,prod,2026-09-02 06:15:57.642381+00:00,2026-09-02 06:42:16.928223+00:00,/nfs/data/sz_44/20260902/episode_20260902_061404_000_3810969f.npy.mp4
01a060c1-c210-77d4-af23-df09c5ae0a22,industrial packing,completed,yam,yam_0_61,32.3,huangrongbo,good,,,prod,2026-09-02 06:16:51.067850+00:00,2026-09-02 06:42:16.781591+00:00,/nfs/data/sz_44/20260902/episode_20260902_061506_000_6ab5c416.npy.mp4
01a060c2-4eb0-732c-8596-3838f5f2af0b,industrial packing,completed,yam,yam_0_61,41.5,huangrongbo,good,,,prod,2026-09-02 06:17:40.437793+00:00,2026-09-02 06:42:16.396663+00:00,/nfs/data/sz_44/20260902/episode_20260902_061542_000_b9cacefb.npy.mp4
01a060c2-fe78-7131-9481-1733e3a16ba1,industrial packing,completed,yam,yam_0_61,38.0,huangrongbo,good,,,prod,2026-09-02 06:18:18.722585+00:00,2026-09-02 06:42:16.246905+00:00,/nfs/data/sz_44/20260902/episode_20260902_061627_000_5252d8c0.npy.mp4
01a060c3-a288-7d33-aeb8-43f460a54c0e,industrial packing,completed,yam,yam_0_61,35.8,huangrongbo,good,,,prod,2026-09-02 06:18:57.033409+00:00,2026-09-02 06:42:16.018125+00:00,/nfs/data/sz_44/20260902/episode_20260902_061709_000_2dde73f0.npy.mp4
01a060c4-42b0-7edf-a9ee-fa0d317be923,industrial packing,completed,yam,yam_0_61,35.1,huangrongbo,good,,,prod,2026-09-02 06:19:35.392550+00:00,2026-09-02 06:42:15.954338+00:00,/nfs/data/sz_44/20260902/episode_20260902_061750_000_581c4e7c.npy.mp4
01a060c4-db08-7167-b04a-ee0e58f23e2a,industrial packing,completed,yam,yam_0_61,34.3,huangrongbo,good,,,prod,2026-09-02 06:20:18.731180+00:00,2026-09-02 06:42:15.788920+00:00,/nfs/data/sz_44/20260902/episode_20260902_061829_000_774ed256.npy.mp4
01a060c5-6f78-7908-9c28-13de14dac09a,industrial packing,completed,yam,yam_0_61,34.4,huangrongbo,good,,,prod,2026-09-02 06:20:57.139106+00:00,2026-09-02 06:42:16.351470+00:00,/nfs/data/sz_44/20260902/episode_20260902_061907_000_b000d380.npy.mp4
01a060c6-07d0-77b1-9697-c717f088dab0,industrial packing,completed,yam,yam_0_61,33.7,huangrongbo,good,,,prod,2026-09-02 06:21:29.460941+00:00,2026-09-02 06:42:15.096644+00:00,/nfs/data/sz_44/20260902/episode_20260902_061946_000_70b6fd7c.npy.mp4
01a060c6-9c40-7398-a285-9eef057c83b5,industrial packing,completed,yam,yam_0_61,40.3,huangrongbo,good,,,prod,2026-09-02 06:22:18.791365+00:00,2026-09-02 06:42:15.006144+00:00,/nfs/data/sz_44/20260902/episode_20260902_062024_000_3669e1b4.npy.mp4
01a060c7-4c08-70ca-94e7-fbefd78542cd,industrial packing,completed,yam,yam_0_61,33.2,huangrongbo,good,,,prod,2026-09-02 06:22:51.095183+00:00,2026-09-02 06:42:14.955794+00:00,/nfs/data/sz_44/20260902/episode_20260902_062109_000_6a38f156.npy.mp4
01a060c7-dc90-75ae-b04f-ff83b735cea9,industrial packing,completed,yam,yam_0_61,31.0,huangrongbo,good,,,prod,2026-09-02 06:23:28.386350+00:00,2026-09-02 06:42:14.840129+00:00,/nfs/data/sz_44/20260902/episode_20260902_062146_000_cfb0440d.npy.mp4
01a060ce-2dc0-7088-83fd-759e8ff0fdf2,industrial packing,completed,yam,yam_0_61,37.4,huangrongbo,good,,,prod,2026-09-02 06:30:32.299064+00:00,2026-09-02 06:42:14.360878+00:00,/nfs/data/sz_44/20260902/episode_20260902_062840_000_56cc6c4b.npy.mp4
01a060ce-cde8-7dce-b07f-57f8fddf7428,industrial packing,completed,yam,yam_0_61,37.0,huangrongbo,good,,,prod,2026-09-02 06:31:10.611318+00:00,2026-09-02 06:42:14.231061+00:00,/nfs/data/sz_44/20260902/episode_20260902_062921_000_283db714.npy.mp4
01a060cf-71f8-7879-9905-96568f61d93f,industrial packing,completed,yam,yam_0_61,39.2,huangrongbo,good,,,prod,2026-09-02 06:31:54.931408+00:00,2026-09-02 06:42:14.018058+00:00,/nfs/data/sz_44/20260902/episode_20260902_063003_000_f02fda4c.npy.mp4
01a060d0-21c0-7eb6-a01c-c229f33bd187,industrial packing,completed,yam,yam_0_61,39.8,huangrongbo,good,,,prod,2026-09-02 06:32:44.282277+00:00,2026-09-02 06:42:14.001190+00:00,/nfs/data/sz_44/20260902/episode_20260902_063048_000_eac79b72.npy.mp4
01a060d0-cda0-7c9c-aed8-4c1f0717aaaf,industrial packing,completed,yam,yam_0_61,37.8,huangrongbo,good,,,prod,2026-09-02 06:33:22.619124+00:00,2026-09-02 06:42:13.486096+00:00,/nfs/data/sz_44/20260902/episode_20260902_063132_000_57828ed8.npy.mp4
01a060d1-71b0-7d2b-8186-906ae77e3f5d,industrial packing,completed,yam,yam_0_61,35.4,huangrongbo,good,,,prod,2026-09-02 06:34:01.932148+00:00,2026-09-02 06:42:13.494153+00:00,/nfs/data/sz_44/20260902/episode_20260902_063214_000_8b62a2d3.npy.mp4
01a060d2-0a08-7e02-aa61-11b197951e77,industrial packing,completed,yam,yam_0_61,34.2,huangrongbo,good,,,prod,2026-09-02 06:34:39.242150+00:00,2026-09-02 06:42:13.312821+00:00,/nfs/data/sz_44/20260902/episode_20260902_063253_000_631e8efe.npy.mp4
01a060d2-e4c8-78ec-95b6-c5861477bc21,industrial packing,completed,yam,yam_0_61,31.5,huangrongbo,good,,,prod,2026-09-02 06:35:31.537807+00:00,2026-09-02 06:42:13.202177+00:00,/nfs/data/sz_44/20260902/episode_20260902_063349_000_e1a61e74.npy.mp4
01a060d4-5bc8-7344-8dbc-0949544a0e67,industrial packing,completed,yam,yam_0_61,35.4,huangrongbo,good,,,prod,2026-09-02 06:37:14.994009+00:00,2026-09-02 06:42:13.050815+00:00,/nfs/data/sz_44/20260902/episode_20260902_063525_000_862b857a.npy.mp4
01a060d4-f808-7b26-859d-bed20f124cd4,industrial packing,completed,yam,yam_0_61,31.7,huangrongbo,good,,,prod,2026-09-02 06:37:47.312447+00:00,2026-09-02 06:42:13.020639+00:00,/nfs/data/sz_44/20260902/episode_20260902_063605_000_b65d7751.npy.mp4
01a060d5-80c0-7a42-905f-6101633298e6,industrial packing,completed,yam,yam_0_61,35.3,huangrongbo,good,,,prod,2026-09-02 06:38:25.617004+00:00,2026-09-02 06:42:12.804220+00:00,/nfs/data/sz_44/20260902/episode_20260902_063640_000_e7fbfc28.npy.mp4
01a060d6-1d00-7821-a683-2da3aae061de,industrial packing,completed,yam,yam_0_61,32.6,huangrongbo,good,,,prod,2026-09-02 06:39:03.959664+00:00,2026-09-02 06:42:12.332760+00:00,/nfs/data/sz_44/20260902/episode_20260902_063720_000_c0d64892.npy.mp4
01a060d6-ad88-7549-8ffd-ca8f7bce801c,industrial packing,completed,yam,yam_0_61,35.0,huangrongbo,good,,,prod,2026-09-02 06:39:47.272419+00:00,2026-09-02 06:42:12.111614+00:00,/nfs/data/sz_44/20260902/episode_20260902_063757_000_7be2d38b.npy.mp4
01a060d7-45e0-709c-bb87-906a5c7ed1c5,industrial packing,completed,yam,yam_0_61,32.1,huangrongbo,good,,,prod,2026-09-02 06:40:20.594565+00:00,2026-09-02 06:42:12.098881+00:00,/nfs/data/sz_44/20260902/episode_20260902_063836_000_b865fdb7.npy.mp4
01a060d7-ce98-7323-842a-f4d6860f90aa,industrial packing,completed,yam,yam_0_61,30.4,huangrongbo,good,,,prod,2026-09-02 06:40:52.873577+00:00,2026-09-02 06:42:11.934219+00:00,/nfs/data/sz_44/20260902/episode_20260902_063911_000_7ead1f26.npy.mp4
01a060d8-5750-791d-964a-268a23dfc6ea,industrial packing,completed,yam,yam_0_61,31.6,huangrongbo,good,,,prod,2026-09-02 06:41:30.137584+00:00,2026-09-02 06:42:09.034782+00:00,/nfs/data/sz_44/20260902/episode_20260902_063946_000_e2a921bb.npy.mp4
01a060d9-c298-782c-8f11-8582d5f03b24,industrial packing,completed,yam,yam_0_61,34.3,huangrongbo,good,,,prod,2026-09-02 06:43:07.526601+00:00,2026-09-02 09:13:37.900961+00:00,/nfs/data/sz_44/20260902/episode_20260902_064119_000_ae48bc60.npy.mp4
01a060da-f730-73e1-9fb9-8e63e1546623,industrial packing,completed,yam,yam_0_61,32.9,huangrongbo,good,,,prod,2026-09-02 06:44:25.923040+00:00,2026-09-02 09:13:37.789763+00:00,/nfs/data/sz_44/20260902/episode_20260902_064238_000_4045885a.npy.mp4
01a060db-87b8-7f67-9735-eebd96753f00,industrial packing,completed,yam,yam_0_61,34.8,huangrongbo,good,,,prod,2026-09-02 06:45:04.246747+00:00,2026-09-02 09:13:37.810532+00:00,/nfs/data/sz_44/20260902/episode_20260902_064315_000_33429948.npy.mp4
01a060dc-2010-77e2-a1f2-8f12ba7577ed,industrial packing,completed,yam,yam_0_61,36.7,huangrongbo,good,,,prod,2026-09-02 06:45:42.558019+00:00,2026-09-02 09:13:37.220952+00:00,/nfs/data/sz_44/20260902/episode_20260902_064354_000_299882da.npy.mp4
01a060dc-bc50-7540-b5ae-cba6b2bc2dde,industrial packing,completed,yam,yam_0_61,30.7,huangrongbo,good,,,prod,2026-09-02 06:46:14.855416+00:00,2026-09-02 09:13:37.025416+00:00,/nfs/data/sz_44/20260902/episode_20260902_064434_000_614563cf.npy.mp4
01a060dd-4508-7067-9daf-8eda81d72561,industrial packing,completed,yam,yam_0_61,34.1,huangrongbo,good,,,prod,2026-09-02 06:46:53.155150+00:00,2026-09-02 09:13:36.930161+00:00,/nfs/data/sz_44/20260902/episode_20260902_064509_000_e7e0fd6b.npy.mp4
01a060dd-d590-7592-af95-ab3e4cc2cd8f,industrial packing,completed,yam,yam_0_61,30.8,huangrongbo,good,,,prod,2026-09-02 06:47:30.431803+00:00,2026-09-02 09:13:36.870387+00:00,/nfs/data/sz_44/20260902/episode_20260902_064546_000_b057040c.npy.mp4
01a060df-67e8-7287-9a84-c31ace7202bb,industrial packing,completed,yam,yam_0_61,35.7,huangrongbo,good,,,prod,2026-09-02 06:49:16.879828+00:00,2026-09-02 09:13:36.801697+00:00,/nfs/data/sz_44/20260902/episode_20260902_064729_000_b068f98b.npy.mp4
01a060e0-0428-70f7-a1ee-9920782b74d6,industrial packing,completed,yam,yam_0_61,32.6,huangrongbo,good,,,prod,2026-09-02 06:49:54.183321+00:00,2026-09-02 09:13:36.165771+00:00,/nfs/data/sz_44/20260902/episode_20260902_064809_000_cad08efb.npy.mp4
01a060e0-94b0-7ff2-a709-e09616da1648,industrial packing,completed,yam,yam_0_61,33.9,huangrongbo,good,,,prod,2026-09-02 06:50:32.499575+00:00,2026-09-02 09:13:35.956459+00:00,/nfs/data/sz_44/20260902/episode_20260902_064846_000_88a8e534.npy.mp4
01a060e1-34d8-7f14-90a0-22fd897053f8,industrial packing,completed,yam,yam_0_61,34.4,huangrongbo,good,,,prod,2026-09-02 06:51:15.876996+00:00,2026-09-02 09:13:35.905244+00:00,/nfs/data/sz_44/20260902/episode_20260902_064927_000_39973cf8.npy.mp4
01a060e1-cd30-7cff-ae57-72276d7a6594,industrial packing,completed,yam,yam_0_61,34.1,huangrongbo,good,,,prod,2026-09-02 06:51:53.203155+00:00,2026-09-02 09:13:35.807281+00:00,/nfs/data/sz_44/20260902/episode_20260902_065006_000_5d8c20d0.npy.mp4
01a060e2-7910-7785-b154-4c93d17cae7a,industrial packing,completed,yam,yam_0_61,31.4,huangrongbo,good,,,prod,2026-09-02 06:52:35.628399+00:00,2026-09-02 09:13:27.306510+00:00,/nfs/data/sz_44/20260902/episode_20260902_065050_000_a02839e7.npy.mp4
01a060e3-05b0-77ac-b27f-c860c86b6f66,industrial packing,completed,yam,yam_0_61,36.9,huangrongbo,good,,,prod,2026-09-02 06:53:13.924183+00:00,2026-09-02 09:13:27.222362+00:00,/nfs/data/sz_44/20260902/episode_20260902_065126_000_4869b78e.npy.mp4
01a060e3-a5d8-7195-95d8-78034394d4c1,industrial packing,completed,yam,yam_0_61,36.4,huangrongbo,good,,,prod,2026-09-02 06:53:58.217299+00:00,2026-09-02 09:13:26.983911+00:00,/nfs/data/sz_44/20260902/episode_20260902_065207_000_f29b24a4.npy.mp4
01a060e4-4600-71f9-9a9c-e284c5af5fe5,industrial packing,completed,yam,yam_0_61,36.9,huangrongbo,good,,,prod,2026-09-02 06:54:36.555011+00:00,2026-09-02 09:13:26.957717+00:00,/nfs/data/sz_44/20260902/episode_20260902_065248_000_40316e66.npy.mp4
01a060e4-e628-777d-9872-b292c0e7b9c4,industrial packing,completed,yam,yam_0_61,34.9,huangrongbo,good,,,prod,2026-09-02 06:55:18.908811+00:00,2026-09-02 09:13:26.831769+00:00,/nfs/data/sz_44/20260902/episode_20260902_065329_000_3eb273a3.npy.mp4
01a060e5-95f0-70eb-90a0-552bc61d90db,industrial packing,completed,yam,yam_0_61,32.6,huangrongbo,good,,,prod,2026-09-02 06:55:56.259463+00:00,2026-09-02 09:13:26.231445+00:00,/nfs/data/sz_44/20260902/episode_20260902_065414_000_313eb650.npy.mp4
01a060e6-2a60-7497-abf8-c2dac18083ff,industrial packing,completed,yam,yam_0_61,35.7,huangrongbo,good,,,prod,2026-09-02 06:56:40.576524+00:00,2026-09-02 09:13:25.998798+00:00,/nfs/data/sz_44/20260902/episode_20260902_065452_000_a5a9615f.npy.mp4
01a060e6-c6a0-7f95-8467-83140224ca4b,industrial packing,completed,yam,yam_0_61,37.5,huangrongbo,good,,,prod,2026-09-02 06:57:23.903059+00:00,2026-09-02 09:13:25.898285+00:00,/nfs/data/sz_44/20260902/episode_20260902_065532_000_b000c3d4.npy.mp4
01a060e7-6ab0-7d1b-a281-e0497d60af18,industrial packing,completed,yam,yam_0_61,35.1,huangrongbo,good,,,prod,2026-09-02 06:58:02.248065+00:00,2026-09-02 09:13:25.844967+00:00,/nfs/data/sz_44/20260902/episode_20260902_065614_000_377bf902.npy.mp4
01a060e8-06f0-7fa5-9ea6-b10fff6bc99c,industrial packing,completed,yam,yam_0_61,33.7,huangrongbo,good,,,prod,2026-09-02 06:58:40.548997+00:00,2026-09-02 09:13:25.269127+00:00,/nfs/data/sz_44/20260902/episode_20260902_065654_000_66e1ea79.npy.mp4
01a060e8-a718-7673-885c-579326bdcd11,industrial packing,completed,yam,yam_0_61,33.3,huangrongbo,good,,,prod,2026-09-02 06:59:17.883626+00:00,2026-09-02 09:13:25.087484+00:00,/nfs/data/sz_44/20260902/episode_20260902_065735_000_05215042.npy.mp4
01a060e9-6e50-75c8-8786-7867008282ca,industrial packing,completed,yam,yam_0_61,31.5,huangrongbo,good,,,prod,2026-09-02 07:00:10.273745+00:00,2026-09-02 09:13:25.066269+00:00,/nfs/data/sz_44/20260902/episode_20260902_065826_000_0f4e6cb6.npy.mp4
01a060e9-faf0-7725-bbca-9770f131fd5f,industrial packing,completed,yam,yam_0_61,38.1,huangrongbo,good,,,prod,2026-09-02 07:00:54.732566+00:00,2026-09-02 09:13:24.963785+00:00,/nfs/data/sz_44/20260902/episode_20260902_065902_000_54bf6434.npy.mp4
01a060ea-9f00-7f5c-b91d-becc43db32ac,industrial packing,completed,yam,yam_0_61,33.4,huangrongbo,good,,,prod,2026-09-02 07:01:27.316708+00:00,2026-09-02 09:13:24.942154+00:00,/nfs/data/sz_44/20260902/episode_20260902_065944_000_197fbf7b.npy.mp4
01a060eb-46f8-7778-b2df-b0ccd4400fac,industrial packing,completed,yam,yam_0_61,32.3,huangrongbo,good,,,prod,2026-09-02 07:02:09.443346+00:00,2026-09-02 09:13:24.770289+00:00,/nfs/data/sz_44/20260902/episode_20260902_070027_000_d0db0b5e.npy.mp4
01a060eb-d398-7f49-8226-3628d2bb951a,industrial packing,completed,yam,yam_0_61,33.5,huangrongbo,good,,,prod,2026-09-02 07:02:46.743283+00:00,2026-09-02 09:13:24.218877+00:00,/nfs/data/sz_44/20260902/episode_20260902_070103_000_347c3cb4.npy.mp4
01a060ec-6808-74e1-bb13-7426fe621296,industrial packing,completed,yam,yam_0_61,39.9,huangrongbo,good,,,prod,2026-09-02 07:03:36.277510+00:00,2026-09-02 09:13:23.982457+00:00,/nfs/data/sz_44/20260902/episode_20260902_070141_000_c6a51058.npy.mp4
01a060ed-17d0-7bfd-b2d2-b09f2f0fc787,industrial packing,completed,yam,yam_0_61,37.3,huangrongbo,good,,,prod,2026-09-02 07:04:14.722046+00:00,2026-09-02 09:13:23.949558+00:00,/nfs/data/sz_44/20260902/episode_20260902_070226_000_ab7e0bdb.npy.mp4
01a060ed-b7f8-74de-b1c9-48acff365ec1,industrial packing,completed,yam,yam_0_61,37.5,huangrongbo,good,,,prod,2026-09-02 07:04:58.192884+00:00,2026-09-02 09:13:23.834946+00:00,/nfs/data/sz_44/20260902/episode_20260902_070307_000_32baca53.npy.mp4
01a060ee-5c08-7a33-bcca-bb51f8ba86d6,industrial packing,completed,yam,yam_0_61,35.9,huangrongbo,good,,,prod,2026-09-02 07:05:37.507852+00:00,2026-09-02 09:13:23.257298+00:00,/nfs/data/sz_44/20260902/episode_20260902_070349_000_36efd805.npy.mp4
01a060ee-f848-75c4-9574-ec1688db2e89,industrial packing,completed,yam,yam_0_61,36.9,huangrongbo,good,,,prod,2026-09-02 07:06:20.833785+00:00,2026-09-02 09:13:23.005998+00:00,/nfs/data/sz_44/20260902/episode_20260902_070429_000_4fa060d0.npy.mp4
01a060ef-9c58-788b-9a8a-c0ef554ad2a4,industrial packing,completed,yam,yam_0_61,32.2,huangrongbo,good,,,prod,2026-09-02 07:06:53.155473+00:00,2026-09-02 09:13:22.897951+00:00,/nfs/data/sz_44/20260902/episode_20260902_070511_000_63b841ac.npy.mp4
01a060f0-28f8-79bb-9819-c36c42b78a8a,industrial packing,completed,yam,yam_0_61,39.3,huangrongbo,good,,,prod,2026-09-02 07:07:42.520561+00:00,2026-09-02 09:13:22.832961+00:00,/nfs/data/sz_44/20260902/episode_20260902_070547_000_0882d99a.npy.mp4
01a060f0-d4d8-7530-907e-bafcc9834033,industrial packing,completed,yam,yam_0_61,34.8,huangrongbo,good,,,prod,2026-09-02 07:08:20.851857+00:00,2026-09-02 09:13:22.299522+00:00,/nfs/data/sz_44/20260902/episode_20260902_070631_000_faca0f7b.npy.mp4
01a060f1-7118-7d59-8167-d0c891e6d3a6,industrial packing,completed,yam,yam_0_61,31.0,huangrongbo,good,,,prod,2026-09-02 07:08:53.183056+00:00,2026-09-02 09:13:22.262246+00:00,/nfs/data/sz_44/20260902/episode_20260902_070711_000_f6c31ce7.npy.mp4
01a060f1-f9d0-7e41-88e4-cda05d27e374,industrial packing,completed,yam,yam_0_61,34.3,huangrongbo,good,,,prod,2026-09-02 07:09:31.498234+00:00,2026-09-02 09:13:22.011775+00:00,/nfs/data/sz_44/20260902/episode_20260902_070746_000_81966258.npy.mp4
01a060f2-9228-707c-a3d6-c125edd0f0a7,industrial packing,completed,yam,yam_0_61,40.6,huangrongbo,good,,,prod,2026-09-02 07:10:20.817606+00:00,2026-09-02 09:13:21.895081+00:00,/nfs/data/sz_44/20260902/episode_20260902_070825_000_9afd4599.npy.mp4
01a060f3-41f0-74d2-ab2b-8f7f623c3cc1,industrial packing,completed,yam,yam_0_61,29.3,huangrongbo,good,,,prod,2026-09-02 07:10:52.103578+00:00,2026-09-02 09:13:21.853115+00:00,/nfs/data/sz_44/20260902/episode_20260902_070910_000_58f4946b.npy.mp4
01a060f6-5ae8-71e9-854c-b9e710237a92,industrial packing,completed,yam,yam_0_61,37.1,huangrongbo,good,,,prod,2026-09-02 07:14:25.677568+00:00,2026-09-02 09:13:21.320217+00:00,/nfs/data/sz_44/20260902/episode_20260902_071233_000_20b72c3b.npy.mp4
01a060f6-fb10-720e-809b-8d1494000500,industrial packing,completed,yam,yam_0_61,38.3,huangrongbo,good,,,prod,2026-09-02 07:15:04.984990+00:00,2026-09-02 09:13:21.094357+00:00,/nfs/data/sz_44/20260902/episode_20260902_071314_000_9c22c3db.npy.mp4
01a060f7-a308-7830-9b03-4e59de646e91,industrial packing,completed,yam,yam_0_61,34.6,huangrongbo,good,,,prod,2026-09-02 07:15:43.295685+00:00,2026-09-02 09:13:20.924098+00:00,/nfs/data/sz_44/20260902/episode_20260902_071357_000_4c506b14.npy.mp4
01a060f8-3778-7638-ad1e-3b6f54764306,industrial packing,completed,yam,yam_0_61,37.9,huangrongbo,good,,,prod,2026-09-02 07:16:26.623293+00:00,2026-09-02 09:13:20.908306+00:00,/nfs/data/sz_44/20260902/episode_20260902_071435_000_8251881a.npy.mp4
01a060f8-db88-77d9-8271-3bb05a291350,industrial packing,completed,yam,yam_0_61,32.4,huangrongbo,good,,,prod,2026-09-02 07:16:59.958085+00:00,2026-09-02 09:13:20.787092+00:00,/nfs/data/sz_44/20260902/episode_20260902_071517_000_12facd2d.npy.mp4
01a060f9-6828-7825-88e2-40caaea06d3a,industrial packing,completed,yam,yam_0_61,39.9,huangrongbo,good,,,prod,2026-09-02 07:17:49.677168+00:00,2026-09-02 09:13:20.169746+00:00,/nfs/data/sz_44/20260902/episode_20260902_071553_000_032da24f.npy.mp4
01a060fa-1408-7f05-b0fb-ba58e1fffae7,industrial packing,completed,yam,yam_0_61,36.9,huangrongbo,good,,,prod,2026-09-02 07:18:28.030354+00:00,2026-09-02 09:13:19.972848+00:00,/nfs/data/sz_44/20260902/episode_20260902_071637_000_56d39c4e.npy.mp4
01a060fa-b430-7555-b7bc-15a49b0a2ed9,industrial packing,completed,yam,yam_0_61,35.6,huangrongbo,good,,,prod,2026-09-02 07:19:07.394881+00:00,2026-09-02 09:13:19.920346+00:00,/nfs/data/sz_44/20260902/episode_20260902_071718_000_9719dc4a.npy.mp4
01a060fb-4c88-7bd2-948f-6b58bcc7808e,industrial packing,completed,yam,yam_0_61,32.4,huangrongbo,good,,,prod,2026-09-02 07:19:39.724536+00:00,2026-09-02 09:13:19.868392+00:00,/nfs/data/sz_44/20260902/episode_20260902_071757_000_c96e0137.npy.mp4
01a060fb-d928-7ffa-aaf0-d2c049822491,industrial packing,completed,yam,yam_0_61,33.9,huangrongbo,good,,,prod,2026-09-02 07:20:17.073745+00:00,2026-09-02 09:13:19.246993+00:00,/nfs/data/sz_44/20260902/episode_20260902_071833_000_7b5f8c45.npy.mp4
01a060fc-6d98-7f88-98bb-d6eedd13dc8b,industrial packing,completed,yam,yam_0_61,33.4,huangrongbo,good,,,prod,2026-09-02 07:20:55.403457+00:00,2026-09-02 09:13:19.017035+00:00,/nfs/data/sz_44/20260902/episode_20260902_071911_000_2dcc6652.npy.mp4
01a060fd-0208-7833-ac04-8ebdb0923483,industrial packing,completed,yam,yam_0_61,38.9,huangrongbo,good,,,prod,2026-09-02 07:21:38.719864+00:00,2026-09-02 09:13:18.978839+00:00,/nfs/data/sz_44/20260902/episode_20260902_071949_000_67f65efa.npy.mp4
01a060fd-aa00-741f-9788-70dec4eb99b1,industrial packing,completed,yam,yam_0_61,34.5,huangrongbo,good,,,prod,2026-09-02 07:22:17.074740+00:00,2026-09-02 09:13:18.897270+00:00,/nfs/data/sz_44/20260902/episode_20260902_072032_000_61851558.npy.mp4
01a060fe-3e70-776a-8c4d-b0bc3cfdda93,industrial packing,completed,yam,yam_0_61,32.6,huangrongbo,good,,,prod,2026-09-02 07:22:55.377850+00:00,2026-09-02 09:13:18.314988+00:00,/nfs/data/sz_44/20260902/episode_20260902_072110_000_6f24142b.npy.mp4
01a060fe-cb10-7f2a-bd9a-48f50c7dd447,industrial packing,completed,yam,yam_0_61,33.7,huangrongbo,good,,,prod,2026-09-02 07:23:32.682124+00:00,2026-09-02 09:13:18.081780+00:00,/nfs/data/sz_44/20260902/episode_20260902_072146_000_fe5a68d0.npy.mp4
01a060ff-5f80-710f-9bfb-fda0b10415dc,industrial packing,completed,yam,yam_0_61,31.3,huangrongbo,good,,,prod,2026-09-02 07:24:05.001848+00:00,2026-09-02 09:13:18.062883+00:00,/nfs/data/sz_44/20260902/episode_20260902_072224_000_3894493a.npy.mp4
01a060ff-e838-7f09-9625-18443ba2e267,industrial packing,completed,yam,yam_0_61,32.8,huangrongbo,good,,,prod,2026-09-02 07:24:43.309815+00:00,2026-09-02 09:13:17.930659+00:00,/nfs/data/sz_44/20260902/episode_20260902_072259_000_16e2262e.npy.mp4
01a06100-78c0-765d-8e12-a9572c879952,industrial packing,completed,yam,yam_0_61,35.3,huangrongbo,good,,,prod,2026-09-02 07:25:26.621614+00:00,2026-09-02 09:13:17.316911+00:00,/nfs/data/sz_44/20260902/episode_20260902_072336_000_70994b86.npy.mp4
01a06101-1500-7540-a199-ff4e1ed99973,industrial packing,completed,yam,yam_0_61,31.6,huangrongbo,good,,,prod,2026-09-02 07:25:59.917778+00:00,2026-09-02 09:13:17.114949+00:00,/nfs/data/sz_44/20260902/episode_20260902_072416_000_e367d9b5.npy.mp4
01a06101-9db8-780f-8373-75f2d1dba7f5,industrial packing,completed,yam,yam_0_61,33.1,huangrongbo,good,,,prod,2026-09-02 07:26:37.213401+00:00,2026-09-02 09:13:16.998947+00:00,/nfs/data/sz_44/20260902/episode_20260902_072451_000_1fcd70b3.npy.mp4
01a06102-2e40-7f02-b04f-6289532cc48e,industrial packing,completed,yam,yam_0_61,36.5,huangrongbo,good,,,prod,2026-09-02 07:27:15.523811+00:00,2026-09-02 09:13:16.974490+00:00,/nfs/data/sz_44/20260902/episode_20260902_072528_000_60e807fa.npy.mp4
01a06102-ce68-7fa0-a4af-6481ea391c73,industrial packing,completed,yam,yam_0_61,28.2,huangrongbo,good,,,prod,2026-09-02 07:27:47.845236+00:00,2026-09-02 09:13:16.912966+00:00,/nfs/data/sz_44/20260902/episode_20260902_072609_000_a147adbf.npy.mp4
01a06103-4780-7e68-9d3d-30ebe359b1ba,industrial packing,completed,yam,yam_0_61,41.5,huangrongbo,good,,,prod,2026-09-02 07:28:37.193728+00:00,2026-09-02 09:13:16.330200+00:00,/nfs/data/sz_44/20260902/episode_20260902_072640_000_eb2859ff.npy.mp4
01a06103-fb30-7cae-b084-9a60b97f6995,industrial packing,completed,yam,yam_0_61,34.4,huangrongbo,good,,,prod,2026-09-02 07:29:10.498318+00:00,2026-09-02 09:13:16.146840+00:00,/nfs/data/sz_44/20260902/episode_20260902_072726_000_a46b50be.npy.mp4
01a06104-8fa0-7012-a7ac-416f1b2a5a2e,industrial packing,completed,yam,yam_0_61,28.6,huangrongbo,good,,,prod,2026-09-02 07:29:41.824813+00:00,2026-09-02 09:13:16.179128+00:00,/nfs/data/sz_44/20260902/episode_20260902_072804_000_11c71c21.npy.mp4
01a06105-0ca0-7378-a469-968adc61ae2f,industrial packing,completed,yam,yam_0_61,33.0,huangrongbo,good,,,prod,2026-09-02 07:30:20.181101+00:00,2026-09-02 09:13:15.960932+00:00,/nfs/data/sz_44/20260902/episode_20260902_072836_000_c9a99eb9.npy.mp4
01a06105-9d28-7463-888e-3008522a273f,industrial packing,completed,yam,yam_0_61,34.2,huangrongbo,good,,,prod,2026-09-02 07:30:57.481347+00:00,2026-09-02 09:13:15.338687+00:00,/nfs/data/sz_44/20260902/episode_20260902_072913_000_02342f17.npy.mp4
01a06106-3198-7211-ab8c-521d1f66eb9b,industrial packing,completed,yam,yam_0_61,35.8,huangrongbo,good,,,prod,2026-09-02 07:31:40.830397+00:00,2026-09-02 09:13:15.108932+00:00,/nfs/data/sz_44/20260902/episode_20260902_072951_000_1ac780bc.npy.mp4
01a06106-cdd8-702b-9ee4-4efb1bc61bc1,industrial packing,completed,yam,yam_0_61,30.8,huangrongbo,good,,,prod,2026-09-02 07:32:13.153009+00:00,2026-09-02 09:13:14.984965+00:00,/nfs/data/sz_44/20260902/episode_20260902_073031_000_a470ab5b.npy.mp4
01a06107-5690-7a70-9f93-e9ef9b5420ee,industrial packing,completed,yam,yam_0_61,31.1,huangrongbo,good,,,prod,2026-09-02 07:32:51.481172+00:00,2026-09-02 09:13:14.901133+00:00,/nfs/data/sz_44/20260902/episode_20260902_073106_000_98a4a723.npy.mp4
01a06107-df48-7862-9112-84f243b39ee3,industrial packing,completed,yam,yam_0_61,30.0,huangrongbo,good,,,prod,2026-09-02 07:33:23.781509+00:00,2026-09-02 09:13:14.269147+00:00,/nfs/data/sz_44/20260902/episode_20260902_073141_000_cbc4805a.npy.mp4
01a06108-6418-7bb9-b539-0047f68d4e5e,industrial packing,completed,yam,yam_0_61,38.3,huangrongbo,good,,,prod,2026-09-02 07:34:08.095588+00:00,2026-09-02 09:13:14.043727+00:00,/nfs/data/sz_44/20260902/episode_20260902_073215_000_251b46b7.npy.mp4
01a06109-0828-772e-af4f-8c5deda1d8c3,industrial packing,completed,yam,yam_0_61,37.8,huangrongbo,good,,,prod,2026-09-02 07:34:46.387817+00:00,2026-09-02 09:13:14.004622+00:00,/nfs/data/sz_44/20260902/episode_20260902_073257_000_948c600d.npy.mp4
01a06109-ac38-7f12-bde5-b12efa796b4e,industrial packing,completed,yam,yam_0_61,35.5,huangrongbo,good,,,prod,2026-09-02 07:35:30.696357+00:00,2026-09-02 09:13:13.950364+00:00,/nfs/data/sz_44/20260902/episode_20260902_073339_000_910cd28b.npy.mp4
01a0610a-4878-7a50-b913-32602148a7a1,industrial packing,completed,yam,yam_0_61,32.5,huangrongbo,good,,,prod,2026-09-02 07:36:03.050573+00:00,2026-09-02 09:13:13.467255+00:00,/nfs/data/sz_44/20260902/episode_20260902_073419_000_015a8354.npy.mp4
01a0610a-d518-79d1-9ea3-f0bf172268ea,industrial packing,completed,yam,yam_0_61,38.8,huangrongbo,good,,,prod,2026-09-02 07:36:48.384585+00:00,2026-09-02 09:13:13.189287+00:00,/nfs/data/sz_44/20260902/episode_20260902_073455_000_c67203ba.npy.mp4
01a0610b-7928-7473-93b3-06e2b5ac31ce,industrial packing,completed,yam,yam_0_61,37.3,huangrongbo,good,,,prod,2026-09-02 07:37:26.734856+00:00,2026-09-02 09:13:13.008059+00:00,/nfs/data/sz_44/20260902/episode_20260902_073537_000_8b17820d.npy.mp4
01a0610d-ced0-7c1c-9b18-79f4415751ee,industrial packing,completed,yam,yam_0_61,35.5,huangrongbo,good,,,prod,2026-09-02 07:39:55.238410+00:00,2026-09-02 09:13:12.985377+00:00,/nfs/data/sz_44/20260902/episode_20260902_073810_000_3e05e7c4.npy.mp4
01a0610e-6728-7b61-b843-9ca66c5df210,industrial packing,completed,yam,yam_0_61,36.7,huangrongbo,good,,,prod,2026-09-02 07:40:39.565799+00:00,2026-09-02 09:13:12.837213+00:00,/nfs/data/sz_44/20260902/episode_20260902_073849_000_003e3814.npy.mp4
01a0610f-0368-78b1-8a61-87f31a1e58c6,industrial packing,completed,yam,yam_0_61,37.3,huangrongbo,good,,,prod,2026-09-02 07:41:17.866292+00:00,2026-09-02 09:13:12.195459+00:00,/nfs/data/sz_44/20260902/episode_20260902_073929_000_9a8cc8d3.npy.mp4
01a0610f-9fa8-7715-9c93-c4e8d7b04eef,industrial packing,completed,yam,yam_0_61,35.8,huangrongbo,good,,,prod,2026-09-02 07:41:56.184370+00:00,2026-09-02 09:13:12.033447+00:00,/nfs/data/sz_44/20260902/episode_20260902_074009_000_b97d7e6d.npy.mp4
01a06110-3be8-79c7-a18a-a634d00b4f41,industrial packing,completed,yam,yam_0_61,37.5,huangrongbo,good,,,prod,2026-09-02 07:42:40.498624+00:00,2026-09-02 09:13:12.029609+00:00,/nfs/data/sz_44/20260902/episode_20260902_074049_000_931b40e2.npy.mp4
01a06110-dff8-763d-b33f-7a0a7baaa0c4,industrial packing,completed,yam,yam_0_61,40.7,huangrongbo,good,,,prod,2026-09-02 07:43:24.791930+00:00,2026-09-02 09:13:11.865977+00:00,/nfs/data/sz_44/20260902/episode_20260902_074131_000_6d5a9d3b.npy.mp4
01a06111-8bd8-71f4-90e2-f24981d30261,industrial packing,completed,yam,yam_0_61,38.3,huangrongbo,good,,,prod,2026-09-02 07:44:08.118420+00:00,2026-09-02 09:13:11.244453+00:00,/nfs/data/sz_44/20260902/episode_20260902_074215_000_a3cd29fb.npy.mp4
01a06112-2fe8-7138-a0f5-a25766ebf01a,industrial packing,completed,yam,yam_0_61,35.5,huangrongbo,good,,,prod,2026-09-02 07:44:47.489349+00:00,2026-09-02 09:13:11.035487+00:00,/nfs/data/sz_44/20260902/episode_20260902_074257_000_f05d8156.npy.mp4
01a06112-cc28-731a-9b72-ed37d7a1a23a,industrial packing,completed,yam,yam_0_61,35.4,huangrongbo,good,,,prod,2026-09-02 07:45:25.862603+00:00,2026-09-02 09:13:11.004162+00:00,/nfs/data/sz_44/20260902/episode_20260902_074337_000_0e03c4f1.npy.mp4
01a06113-6098-7482-b250-c35bf266abcb,industrial packing,completed,yam,yam_0_61,35.8,huangrongbo,good,,,prod,2026-09-02 07:46:04.164387+00:00,2026-09-02 09:13:10.904028+00:00,/nfs/data/sz_44/20260902/episode_20260902_074415_000_8235150f.npy.mp4
01a06113-f8f0-742d-8f26-9f491519054e,industrial packing,completed,yam,yam_0_61,33.2,huangrongbo,good,,,prod,2026-09-02 07:46:42.494805+00:00,2026-09-02 09:13:10.402289+00:00,/nfs/data/sz_44/20260902/episode_20260902_074454_000_090c3913.npy.mp4
01a06114-8d60-7e0f-ad8a-014a45229ea0,industrial packing,completed,yam,yam_0_61,39.0,huangrongbo,good,,,prod,2026-09-02 07:47:26.800190+00:00,2026-09-02 09:13:10.341486+00:00,/nfs/data/sz_44/20260902/episode_20260902_074532_000_cd39ec49.npy.mp4
01a06115-3170-754e-a0d9-3f4638a2761e,industrial packing,completed,yam,yam_0_61,33.4,huangrongbo,good,,,prod,2026-09-02 07:47:59.068135+00:00,2026-09-02 09:13:10.226885+00:00,/nfs/data/sz_44/20260902/episode_20260902_074614_000_0de83e7d.npy.mp4
01a06115-c5e0-7c36-bac9-31d84da324ce,industrial packing,completed,yam,yam_0_61,45.1,huangrongbo,good,,,prod,2026-09-02 07:48:54.448254+00:00,2026-09-02 09:13:10.179812+00:00,/nfs/data/sz_44/20260902/episode_20260902_074652_000_db4778b0.npy.mp4
01a06116-8548-7a31-b8bc-cb6f3cd4ef3d,industrial packing,completed,yam,yam_0_61,35.0,huangrongbo,good,,,prod,2026-09-02 07:49:27.778007+00:00,2026-09-02 09:13:09.989525+00:00,/nfs/data/sz_44/20260902/episode_20260902_074741_000_09d921ae.npy.mp4
01a06117-19b8-7575-916d-1a75fdfcebbf,industrial packing,completed,yam,yam_0_61,33.4,huangrongbo,good,,,prod,2026-09-02 07:50:06.110987+00:00,2026-09-02 09:13:10.228761+00:00,/nfs/data/sz_44/20260902/episode_20260902_074819_000_de9ef460.npy.mp4
01a06117-aa40-712c-bd75-4253bac23628,industrial packing,completed,yam,yam_0_61,33.0,huangrongbo,good,,,prod,2026-09-02 07:50:39.429101+00:00,2026-09-02 09:13:09.986310+00:00,/nfs/data/sz_44/20260902/episode_20260902_074856_000_e6a350ec.npy.mp4
01a06118-3ac8-7273-99e2-bf46bbda2cb9,industrial packing,completed,yam,yam_0_61,33.3,huangrongbo,good,,,prod,2026-09-02 07:51:17.738723+00:00,2026-09-02 09:13:09.211739+00:00,/nfs/data/sz_44/20260902/episode_20260902_074933_000_16ca2aa0.npy.mp4
01a06118-c768-7c2a-ad4e-18ddd21c2a3f,industrial packing,completed,yam,yam_0_61,39.7,huangrongbo,good,,,prod,2026-09-02 07:52:01.000198+00:00,2026-09-02 09:13:08.996111+00:00,/nfs/data/sz_44/20260902/episode_20260902_075009_000_e554cef8.npy.mp4
01a0611a-7518-71ee-bf3b-80d1385409db,industrial packing,completed,yam,yam_0_61,33.4,huangrongbo,good,,,prod,2026-09-02 07:53:43.436269+00:00,2026-09-02 09:13:08.899396+00:00,/nfs/data/sz_44/20260902/episode_20260902_075159_000_75c4b061.npy.mp4
01a0611b-05a0-72ab-9106-43e37fba96c3,industrial packing,completed,yam,yam_0_61,32.5,huangrongbo,good,,,prod,2026-09-02 07:54:21.760636+00:00,2026-09-02 09:13:08.845962+00:00,/nfs/data/sz_44/20260902/episode_20260902_075236_000_4aab7f59.npy.mp4
01a0611b-9240-7ee1-8900-80feaeecb494,industrial packing,completed,yam,yam_0_61,31.9,huangrongbo,good,,,prod,2026-09-02 07:54:54.054377+00:00,2026-09-02 09:13:08.301321+00:00,/nfs/data/sz_44/20260902/episode_20260902_075312_000_70a7c059.npy.mp4
01a0611c-1af8-799f-9150-c32f337027f7,industrial packing,completed,yam,yam_0_61,37.1,huangrongbo,good,,,prod,2026-09-02 07:55:38.355414+00:00,2026-09-02 09:13:08.210063+00:00,/nfs/data/sz_44/20260902/episode_20260902_075347_000_18b0f9fc.npy.mp4
01a0611c-bb20-7b54-a110-e62d296ed2dd,industrial packing,completed,yam,yam_0_61,36.2,huangrongbo,good,,,prod,2026-09-02 07:56:16.685511+00:00,2026-09-02 09:13:08.053944+00:00,/nfs/data/sz_44/20260902/episode_20260902_075428_000_031a42a3.npy.mp4
01a0611d-5760-7061-8669-0124b1a5ac1c,industrial packing,completed,yam,yam_0_61,34.7,huangrongbo,good,,,prod,2026-09-02 07:56:55.005724+00:00,2026-09-02 09:13:08.003266+00:00,/nfs/data/sz_44/20260902/episode_20260902_075508_000_0abcde66.npy.mp4
01a0611d-efb8-7a44-a014-97e51b3d2487,industrial packing,completed,yam,yam_0_61,36.0,huangrongbo,good,,,prod,2026-09-02 07:57:38.380410+00:00,2026-09-02 09:13:07.851743+00:00,/nfs/data/sz_44/20260902/episode_20260902_075547_000_f3c6e377.npy.mp4
01a0611e-97b0-7174-88e7-9090e5ad312d,industrial packing,completed,yam,yam_0_61,34.9,huangrongbo,good,,,prod,2026-09-02 07:58:16.674764+00:00,2026-09-02 09:13:07.961826+00:00,/nfs/data/sz_44/20260902/episode_20260902_075630_000_4f78a2bb.npy.mp4
01a0611f-3008-704b-aa2c-f2aa6cb1520f,industrial packing,completed,yam,yam_0_61,38.7,huangrongbo,good,,,prod,2026-09-02 07:59:00.993763+00:00,2026-09-02 09:13:07.823606+00:00,/nfs/data/sz_44/20260902/episode_20260902_075709_000_f798e813.npy.mp4
01a0611f-d418-7b15-a7b8-f5107b22f035,industrial packing,completed,yam,yam_0_61,34.2,huangrongbo,good,,,prod,2026-09-02 07:59:39.295856+00:00,2026-09-02 09:13:07.200494+00:00,/nfs/data/sz_44/20260902/episode_20260902_075751_000_259ab51e.npy.mp4
01a06120-6888-7619-958b-631432a14948,industrial packing,completed,yam,yam_0_61,37.7,huangrongbo,good,,,prod,2026-09-02 08:00:17.584040+00:00,2026-09-02 09:13:06.981297+00:00,/nfs/data/sz_44/20260902/episode_20260902_075829_000_809b3cc3.npy.mp4
01a06121-0c98-7f2c-8688-ee372ca11dc1,industrial packing,completed,yam,yam_0_61,32.7,huangrongbo,good,,,prod,2026-09-02 08:00:54.858776+00:00,2026-09-02 09:13:06.915099+00:00,/nfs/data/sz_44/20260902/episode_20260902_075911_000_619a407a.npy.mp4
01a06123-0098-7674-b139-05a1b1468f8a,industrial packing,completed,yam,yam_0_61,35.3,huangrongbo,good,,,prod,2026-09-02 08:03:05.425552+00:00,2026-09-02 09:13:06.375371+00:00,/nfs/data/sz_44/20260902/episode_20260902_080119_000_9e685ce4.npy.mp4
01a06123-98f0-7566-b744-a52f20e5db10,industrial packing,completed,yam,yam_0_61,36.9,huangrongbo,good,,,prod,2026-09-02 08:03:49.759862+00:00,2026-09-02 09:13:06.366525+00:00,/nfs/data/sz_44/20260902/episode_20260902_080158_000_86dfda4c.npy.mp4
01a06124-3918-7031-8fd2-d4d8130fcba0,industrial packing,completed,yam,yam_0_61,36.1,huangrongbo,good,,,prod,2026-09-02 08:04:28.157371+00:00,2026-09-02 09:13:06.139890+00:00,/nfs/data/sz_44/20260902/episode_20260902_080239_000_903f204b.npy.mp4
01a06124-d558-738c-bc1b-73b392c6a079,industrial packing,completed,yam,yam_0_61,35.9,huangrongbo,good,,,prod,2026-09-02 08:05:06.653586+00:00,2026-09-02 09:12:52.451579+00:00,/nfs/data/sz_44/20260902/episode_20260902_080319_000_87f2d552.npy.mp4
01a06125-7198-7ab0-95c1-610641e62a39,industrial packing,completed,yam,yam_0_61,38.4,huangrongbo,good,,,prod,2026-09-02 08:05:50.979221+00:00,2026-09-02 09:12:52.335600+00:00,/nfs/data/sz_44/20260902/episode_20260902_080359_000_c4c00909.npy.mp4
01a06126-15a8-760d-bf06-ebf00f847d3d,industrial packing,completed,yam,yam_0_61,38.4,huangrongbo,good,,,prod,2026-09-02 08:06:35.285016+00:00,2026-09-02 09:12:52.224267+00:00,/nfs/data/sz_44/20260902/episode_20260902_080441_000_e8370b7a.npy.mp4
01a06126-c188-72f9-a5a6-ffc444a8c018,industrial packing,completed,yam,yam_0_61,31.6,huangrongbo,good,,,prod,2026-09-02 08:07:07.643810+00:00,2026-09-02 09:12:52.009155+00:00,/nfs/data/sz_44/20260902/episode_20260902_080525_000_0726c956.npy.mp4
01a06127-4a40-7329-950f-32b35851dc30,industrial packing,completed,yam,yam_0_61,37.5,huangrongbo,good,,,prod,2026-09-02 08:07:52.198208+00:00,2026-09-02 09:12:51.957835+00:00,/nfs/data/sz_44/20260902/episode_20260902_080600_000_74ce87e9.npy.mp4
01a06127-ee50-7f28-a689-5fb52b685b4e,industrial packing,completed,yam,yam_0_61,40.4,huangrongbo,good,,,prod,2026-09-02 08:08:36.619675+00:00,2026-09-02 09:12:51.383677+00:00,/nfs/data/sz_44/20260902/episode_20260902_080642_000_dc62153e.npy.mp4
01a06128-9a30-74b9-b4b8-9dddf0c1eacf,industrial packing,completed,yam,yam_0_61,41.7,huangrongbo,good,,,prod,2026-09-02 08:09:20.909222+00:00,2026-09-02 09:12:51.368469+00:00,/nfs/data/sz_44/20260902/episode_20260902_080726_000_589e259d.npy.mp4
01a0612a-3070-7911-8c75-f238094e6ad3,industrial packing,completed,yam,yam_0_61,32.8,huangrongbo,good,,,prod,2026-09-02 08:10:54.361077+00:00,2026-09-02 09:12:51.140900+00:00,/nfs/data/sz_44/20260902/episode_20260902_080910_000_03b4f7a9.npy.mp4
01a0612a-c0f8-7fa0-a51a-53aad1fafd26,industrial packing,completed,yam,yam_0_61,32.3,huangrongbo,good,,,prod,2026-09-02 08:11:31.760943+00:00,2026-09-02 09:12:51.077157+00:00,/nfs/data/sz_44/20260902/episode_20260902_080947_000_b32b5dbf.npy.mp4
01a0612b-4d98-7421-a71b-e98efa75219d,industrial packing,completed,yam,yam_0_61,31.3,huangrongbo,good,,,prod,2026-09-02 08:12:04.058965+00:00,2026-09-02 09:12:50.855750+00:00,/nfs/data/sz_44/20260902/episode_20260902_081023_000_2367dc19.npy.mp4
01a0612b-d650-7c3a-9c5e-db2fe85d7e09,industrial packing,completed,yam,yam_0_61,38.8,huangrongbo,good,,,prod,2026-09-02 08:12:48.391052+00:00,2026-09-02 09:12:50.428276+00:00,/nfs/data/sz_44/20260902/episode_20260902_081058_000_ae64dc05.npy.mp4
01a0612c-7e48-7a99-9662-a58593659162,industrial packing,completed,yam,yam_0_61,33.9,huangrongbo,good,,,prod,2026-09-02 08:13:25.686109+00:00,2026-09-02 09:12:50.354412+00:00,/nfs/data/sz_44/20260902/episode_20260902_081141_000_7a9892a1.npy.mp4
01a0612d-12b8-74b0-8020-a362171d9919,industrial packing,completed,yam,yam_0_61,35.4,huangrongbo,good,,,prod,2026-09-02 08:14:09.078790+00:00,2026-09-02 09:12:50.102586+00:00,/nfs/data/sz_44/20260902/episode_20260902_081219_000_40d6a353.npy.mp4
01a0612d-ab10-7ae4-bbbc-52d9efe33afd,industrial packing,completed,yam,yam_0_61,34.3,huangrongbo,good,,,prod,2026-09-02 08:14:42.371762+00:00,2026-09-02 09:12:50.037888+00:00,/nfs/data/sz_44/20260902/episode_20260902_081258_000_ce4487d4.npy.mp4
01a0612e-3f80-79c3-b06c-2ee378b1caf4,industrial packing,completed,yam,yam_0_61,32.5,huangrongbo,good,,,prod,2026-09-02 08:15:19.726139+00:00,2026-09-02 09:12:49.841921+00:00,/nfs/data/sz_44/20260902/episode_20260902_081336_000_e088847c.npy.mp4
01a0612e-cc20-76ef-bed1-d359e125cae9,industrial packing,completed,yam,yam_0_61,34.4,huangrongbo,good,,,prod,2026-09-02 08:15:58.021811+00:00,2026-09-02 09:12:49.537540+00:00,/nfs/data/sz_44/20260902/episode_20260902_081412_000_3c00cfab.npy.mp4
01a0612f-7800-7799-91a1-a74af6fa4343,industrial packing,completed,yam,yam_0_61,42.2,huangrongbo,good,,,prod,2026-09-02 08:16:52.380356+00:00,2026-09-02 09:12:49.424703+00:00,/nfs/data/sz_44/20260902/episode_20260902_081456_000_1e5b892a.npy.mp4
01a06130-2f98-7a1a-981e-3b7ac0352779,industrial packing,completed,yam,yam_0_61,35.1,huangrongbo,good,,,prod,2026-09-02 08:17:30.706544+00:00,2026-09-02 09:12:49.331968+00:00,/nfs/data/sz_44/20260902/episode_20260902_081543_000_5eed0453.npy.mp4
01a06130-c408-72fb-b7c2-06238b7e65fb,industrial packing,completed,yam,yam_0_61,34.7,huangrongbo,good,,,prod,2026-09-02 08:18:09.050825+00:00,2026-09-02 09:12:49.107883+00:00,/nfs/data/sz_44/20260902/episode_20260902_081621_000_96a5d2bf.npy.mp4
01a06131-5878-706c-912e-6b361bb08492,industrial packing,completed,yam,yam_0_61,34.8,huangrongbo,good,,,prod,2026-09-02 08:18:47.394060+00:00,2026-09-02 09:12:49.120336+00:00,/nfs/data/sz_44/20260902/episode_20260902_081659_000_32c6398c.npy.mp4
01a06131-ece8-7199-b73b-8ccfab25901b,industrial packing,completed,yam,yam_0_61,34.0,huangrongbo,good,,,prod,2026-09-02 08:19:25.698902+00:00,2026-09-02 09:12:48.104656+00:00,/nfs/data/sz_44/20260902/episode_20260902_081737_000_c245420a.npy.mp4
01a06132-8158-7ecb-9d4c-3aef60b9cbdd,industrial packing,completed,yam,yam_0_61,35.5,huangrongbo,good,,,prod,2026-09-02 08:20:04.011000+00:00,2026-09-02 09:12:48.087921+00:00,/nfs/data/sz_44/20260902/episode_20260902_081815_000_bdff4b22.npy.mp4
01a06133-19b0-7570-bfcb-70567cd91466,industrial packing,completed,yam,yam_0_61,36.0,huangrongbo,good,,,prod,2026-09-02 08:20:42.328299+00:00,2026-09-02 09:12:47.985225+00:00,/nfs/data/sz_44/20260902/episode_20260902_081854_000_d408e69c.npy.mp4
01a06133-b9d8-7846-895e-70e96371d0bf,industrial packing,completed,yam,yam_0_61,30.1,huangrongbo,good,,,prod,2026-09-02 08:21:14.622362+00:00,2026-09-02 09:12:47.990567+00:00,/nfs/data/sz_44/20260902/episode_20260902_081935_000_fd1ac6c1.npy.mp4
01a06134-3ea8-750f-a327-156e508ce0ed,industrial packing,completed,yam,yam_0_61,35.6,huangrongbo,good,,,prod,2026-09-02 08:21:57.954799+00:00,2026-09-02 09:12:47.433344+00:00,/nfs/data/sz_44/20260902/episode_20260902_082009_000_b735b304.npy.mp4
01a06134-d700-7cd2-9ac3-cc2d965cfadb,industrial packing,completed,yam,yam_0_61,28.2,huangrongbo,good,,,prod,2026-09-02 08:22:29.296004+00:00,2026-09-02 09:12:47.237317+00:00,/nfs/data/sz_44/20260902/episode_20260902_082048_000_1d336fdb.npy.mp4
01a06135-5400-7b1d-8ca7-a1479b7f1372,industrial packing,completed,yam,yam_0_61,36.6,huangrongbo,good,,,prod,2026-09-02 08:23:08.660692+00:00,2026-09-02 09:12:46.944322+00:00,/nfs/data/sz_44/20260902/episode_20260902_082120_000_c751d439.npy.mp4
01a06135-f040-753c-9e20-014455cd8632,industrial packing,completed,yam,yam_0_61,36.5,huangrongbo,good,,,prod,2026-09-02 08:23:51.991307+00:00,2026-09-02 09:12:46.888908+00:00,/nfs/data/sz_44/20260902/episode_20260902_082200_000_aa08677c.npy.mp4
01a06136-8c80-72d3-99e7-e1bb9bb3addb,industrial packing,completed,yam,yam_0_61,35.4,huangrongbo,good,,,prod,2026-09-02 08:24:30.307688+00:00,2026-09-02 09:12:46.328530+00:00,/nfs/data/sz_44/20260902/episode_20260902_082240_000_90992797.npy.mp4
01a06137-24d8-735b-b774-5f7683df3444,industrial packing,completed,yam,yam_0_61,36.8,huangrongbo,good,,,prod,2026-09-02 08:25:08.605600+00:00,2026-09-02 09:12:46.029483+00:00,/nfs/data/sz_44/20260902/episode_20260902_082319_000_83d04ee1.npy.mp4
01a06137-c118-7cc5-8271-e2e04ba8c50f,industrial packing,completed,yam,yam_0_61,33.1,huangrongbo,good,,,prod,2026-09-02 08:25:46.932264+00:00,2026-09-02 09:12:45.885597+00:00,/nfs/data/sz_44/20260902/episode_20260902_082359_000_bf7e3848.npy.mp4
01a06138-51a0-7b8a-8f0f-4c53a10ce55b,industrial packing,completed,yam,yam_0_61,33.6,huangrongbo,good,,,prod,2026-09-02 08:26:24.212818+00:00,2026-09-02 09:12:45.769021+00:00,/nfs/data/sz_44/20260902/episode_20260902_082436_000_951e977a.npy.mp4
01a06138-e228-7f46-9282-1b3be961779e,industrial packing,completed,yam,yam_0_61,35.1,huangrongbo,good,,,prod,2026-09-02 08:27:03.526028+00:00,2026-09-02 09:12:45.354652+00:00,/nfs/data/sz_44/20260902/episode_20260902_082513_000_dc18c4c8.npy.mp4
01a06139-7e68-7ff3-9bc2-8216ea29892a,industrial packing,completed,yam,yam_0_61,31.8,huangrongbo,good,,,prod,2026-09-02 08:27:35.871676+00:00,2026-09-02 09:12:45.188897+00:00,/nfs/data/sz_44/20260902/episode_20260902_082553_000_6d9196b8.npy.mp4
01a0613a-0720-78a1-bc1b-6b78f365a20b,industrial packing,completed,yam,yam_0_61,41.2,huangrongbo,good,,,prod,2026-09-02 08:28:25.358063+00:00,2026-09-02 09:12:45.004868+00:00,/nfs/data/sz_44/20260902/episode_20260902_082628_000_79e8c38a.npy.mp4
01a0613a-beb8-7769-9c8e-a5047c0ffd12,industrial packing,completed,yam,yam_0_61,29.5,huangrongbo,good,,,prod,2026-09-02 08:28:57.701861+00:00,2026-09-02 09:12:44.997403+00:00,/nfs/data/sz_44/20260902/episode_20260902_082715_000_b9fa8881.npy.mp4
01a0613b-3fa0-7711-b2ce-e11647aac2f5,industrial packing,completed,yam,yam_0_61,41.2,huangrongbo,good,,,prod,2026-09-02 08:29:43.038153+00:00,2026-09-02 09:12:45.005258+00:00,/nfs/data/sz_44/20260902/episode_20260902_082748_000_18e264d6.npy.mp4
01a0613b-eb80-7960-b218-7a4d3b3f855a,industrial packing,completed,yam,yam_0_61,35.3,huangrongbo,good,,,prod,2026-09-02 08:30:21.346924+00:00,2026-09-02 09:12:44.392816+00:00,/nfs/data/sz_44/20260902/episode_20260902_082832_000_20367293.npy.mp4
01a0613c-8f90-76ab-a342-7f69c7d9ba0e,industrial packing,completed,yam,yam_0_61,35.5,huangrongbo,good,,,prod,2026-09-02 08:31:04.664801+00:00,2026-09-02 09:12:44.282092+00:00,/nfs/data/sz_44/20260902/episode_20260902_082914_000_87c3160b.npy.mp4
01a0613d-2fb8-7445-873a-df062560f22c,industrial packing,completed,yam,yam_0_61,33.8,huangrongbo,good,,,prod,2026-09-02 08:31:42.929858+00:00,2026-09-02 09:12:44.187369+00:00,/nfs/data/sz_44/20260902/episode_20260902_082955_000_ddc28235.npy.mp4
01a0613d-c040-74d5-aca7-d678d9065e8a,industrial packing,completed,yam,yam_0_61,31.3,huangrongbo,good,,,prod,2026-09-02 08:32:15.185945+00:00,2026-09-02 09:12:44.030075+00:00,/nfs/data/sz_44/20260902/episode_20260902_083032_000_ccddbfd2.npy.mp4
01a0613f-46e0-7204-9af1-d0d0de1a8ac2,industrial packing,completed,yam,yam_0_61,33.9,huangrongbo,good,,,prod,2026-09-02 08:33:57.651637+00:00,2026-09-02 09:12:43.954145+00:00,/nfs/data/sz_44/20260902/episode_20260902_083212_000_e15e2371.npy.mp4
01a0613f-d768-714c-ab0d-a6ce669a0d3b,industrial packing,completed,yam,yam_0_61,32.9,huangrongbo,good,,,prod,2026-09-02 08:34:35.961715+00:00,2026-09-02 09:12:43.325839+00:00,/nfs/data/sz_44/20260902/episode_20260902_083249_000_c02dd823.npy.mp4
01a06140-67f0-7b49-9f82-5d38a3d9e8ec,industrial packing,completed,yam,yam_0_61,35.6,huangrongbo,good,,,prod,2026-09-02 08:35:14.308040+00:00,2026-09-02 09:12:43.133462+00:00,/nfs/data/sz_44/20260902/episode_20260902_083326_000_2b8c66c3.npy.mp4
01a06141-0048-7e52-9b28-9abf6c2d3268,industrial packing,completed,yam,yam_0_61,32.1,huangrongbo,good,,,prod,2026-09-02 08:35:46.551544+00:00,2026-09-02 09:12:43.015716+00:00,/nfs/data/sz_44/20260902/episode_20260902_083405_000_d8facc80.npy.mp4
01a06142-adf8-7a72-9624-ba0a30c18a4a,industrial packing,completed,yam,yam_0_61,32.3,huangrongbo,good,,,prod,2026-09-02 08:37:42.021085+00:00,2026-09-02 09:12:43.007376+00:00,/nfs/data/sz_44/20260902/episode_20260902_083555_000_d7c7abfa.npy.mp4
01a06143-3e80-7be5-8101-a6364588430f,industrial packing,completed,yam,yam_0_61,33.8,huangrongbo,good,,,prod,2026-09-02 08:38:20.380268+00:00,2026-09-02 09:12:42.870347+00:00,/nfs/data/sz_44/20260902/episode_20260902_083632_000_9b238ed7.npy.mp4
01a06143-d2f0-7ffe-bc48-aaf01b6198cc,industrial packing,completed,yam,yam_0_61,30.7,huangrongbo,good,,,prod,2026-09-02 08:38:52.672730+00:00,2026-09-02 09:12:42.329463+00:00,/nfs/data/sz_44/20260902/episode_20260902_083710_000_28ab5b8f.npy.mp4
01a06144-5ba8-77d9-ac65-d44cec712789,industrial packing,completed,yam,yam_0_61,33.7,huangrongbo,good,,,prod,2026-09-02 08:39:30.006704+00:00,2026-09-02 09:12:42.187817+00:00,/nfs/data/sz_44/20260902/episode_20260902_083745_000_9aec75a2.npy.mp4
01a06144-f018-7d99-8aea-19121a9843b3,industrial packing,completed,yam,yam_0_61,33.2,huangrongbo,good,,,prod,2026-09-02 08:40:08.315314+00:00,2026-09-02 09:12:42.074125+00:00,/nfs/data/sz_44/20260902/episode_20260902_083823_000_4e4c18fd.npy.mp4
01a06145-8488-7624-817f-9f11ff21a229,industrial packing,completed,yam,yam_0_61,36.4,huangrongbo,good,,,prod,2026-09-02 08:40:52.704085+00:00,2026-09-02 09:12:42.055300+00:00,/nfs/data/sz_44/20260902/episode_20260902_083901_000_c3b7d594.npy.mp4
01a06146-20c8-78e4-a55e-88b30ef9daf7,industrial packing,completed,yam,yam_0_61,28.8,huangrongbo,good,,,prod,2026-09-02 08:41:18.983689+00:00,2026-09-02 09:12:41.863102+00:00,/nfs/data/sz_44/20260902/episode_20260902_083941_000_e9b5696d.npy.mp4
01a06146-a1b0-7aa6-84e4-ada8602d37a2,industrial packing,completed,yam,yam_0_61,28.4,huangrongbo,good,,,prod,2026-09-02 08:41:50.276528+00:00,2026-09-02 09:12:41.753547+00:00,/nfs/data/sz_44/20260902/episode_20260902_084014_000_7758ed8f.npy.mp4
01a06147-2a68-76c0-8c56-620e90d51d14,industrial packing,completed,yam,yam_0_61,26.3,huangrongbo,good,,,prod,2026-09-02 08:42:26.574900+00:00,2026-09-02 09:12:41.601736+00:00,/nfs/data/sz_44/20260902/episode_20260902_084049_000_0c73b797.npy.mp4
01a06147-ab50-7bdb-867f-47ee385b707a,industrial packing,completed,yam,yam_0_61,25.7,huangrongbo,good,,,prod,2026-09-02 08:42:57.910864+00:00,2026-09-02 09:12:41.546096+00:00,/nfs/data/sz_44/20260902/episode_20260902_084122_000_a07c42df.npy.mp4
01a06148-1c98-790e-a1a4-78f3ca4eee82,industrial packing,completed,yam,yam_0_61,31.7,huangrongbo,good,,,prod,2026-09-02 08:43:36.223707+00:00,2026-09-02 09:12:41.554574+00:00,/nfs/data/sz_44/20260902/episode_20260902_084151_000_0ec513c6.npy.mp4
01a06148-a550-7dba-8354-cabd4a7da899,industrial packing,completed,yam,yam_0_61,33.5,huangrongbo,good,,,prod,2026-09-02 08:44:14.544551+00:00,2026-09-02 09:12:40.918451+00:00,/nfs/data/sz_44/20260902/episode_20260902_084226_000_21c29052.npy.mp4
01a06149-39c0-70c7-a2b4-078a934cb12b,industrial packing,completed,yam,yam_0_61,31.6,huangrongbo,good,,,prod,2026-09-02 08:44:46.831925+00:00,2026-09-02 09:12:40.762439+00:00,/nfs/data/sz_44/20260902/episode_20260902_084304_000_9c2f5936.npy.mp4
01a06149-c278-7267-9a45-fbe3592624af,industrial packing,completed,yam,yam_0_61,31.6,huangrongbo,good,,,prod,2026-09-02 08:45:25.198669+00:00,2026-09-02 09:12:40.697114+00:00,/nfs/data/sz_44/20260902/episode_20260902_084339_000_37a7d952.npy.mp4
01a0614a-4b30-710e-be4d-807346a33210,industrial packing,completed,yam,yam_0_61,31.3,huangrongbo,good,,,prod,2026-09-02 08:45:57.526318+00:00,2026-09-02 09:12:40.366862+00:00,/nfs/data/sz_44/20260902/episode_20260902_084414_000_6ecb2515.npy.mp4
01a0614a-d3e8-731b-9bfd-64100b1b16ee,industrial packing,completed,yam,yam_0_61,32.8,huangrongbo,good,,,prod,2026-09-02 08:46:34.938039+00:00,2026-09-02 09:12:40.071550+00:00,/nfs/data/sz_44/20260902/episode_20260902_084449_000_43a81917.npy.mp4
01a0614b-6088-78eb-869b-e47283dc790a,industrial packing,completed,yam,yam_0_61,29.5,huangrongbo,good,,,prod,2026-09-02 08:47:07.236894+00:00,2026-09-02 09:12:39.857737+00:00,/nfs/data/sz_44/20260902/episode_20260902_084525_000_fa717278.npy.mp4
01a0614b-e558-78f2-a1ca-88b82aef8484,industrial packing,completed,yam,yam_0_61,28.1,huangrongbo,good,,,prod,2026-09-02 08:47:39.564753+00:00,2026-09-02 09:12:39.565460+00:00,/nfs/data/sz_44/20260902/episode_20260902_084559_000_3a00d1f0.npy.mp4
01a0614c-6a28-71eb-b961-d550fca145a8,industrial packing,completed,yam,yam_0_61,27.4,huangrongbo,good,,,prod,2026-09-02 08:48:10.861696+00:00,2026-09-02 09:12:39.714387+00:00,/nfs/data/sz_44/20260902/episode_20260902_084633_000_245b403d.npy.mp4
01a0614c-eb10-72dc-8771-7ee6b44039b4,industrial packing,completed,yam,yam_0_61,30.9,huangrongbo,good,,,prod,2026-09-02 08:48:48.193671+00:00,2026-09-02 09:12:39.126653+00:00,/nfs/data/sz_44/20260902/episode_20260902_084706_000_51a5fb41.npy.mp4
01a0614d-77b0-75e6-9576-ecb78d6a66bd,industrial packing,completed,yam,yam_0_61,33.5,huangrongbo,good,,,prod,2026-09-02 08:49:30.515821+00:00,2026-09-02 09:12:38.872293+00:00,/nfs/data/sz_44/20260902/episode_20260902_084742_000_0199a74f.npy.mp4
01a0614e-13f0-72b9-8e34-f883603b5c3f,industrial packing,completed,yam,yam_0_61,33.3,huangrongbo,good,,,prod,2026-09-02 08:50:08.822777+00:00,2026-09-02 09:12:38.590183+00:00,/nfs/data/sz_44/20260902/episode_20260902_084822_000_c7ca0a02.npy.mp4
01a0614e-a478-7eec-9621-592ab3f88b22,industrial packing,completed,yam,yam_0_61,36.5,huangrongbo,good,,,prod,2026-09-02 08:50:46.139698+00:00,2026-09-02 09:12:38.673783+00:00,/nfs/data/sz_44/20260902/episode_20260902_084859_000_0b028000.npy.mp4
01a0614f-4888-78c2-b25b-036ca4a43a03,industrial packing,completed,yam,yam_0_61,31.7,huangrongbo,good,,,prod,2026-09-02 08:51:24.462042+00:00,2026-09-02 09:12:38.461696+00:00,/nfs/data/sz_44/20260902/episode_20260902_084941_000_729d0939.npy.mp4
01a0614f-d528-76ef-80b2-c2c5a4e48faf,industrial packing,completed,yam,yam_0_61,28.0,huangrongbo,good,,,prod,2026-09-02 08:51:55.759351+00:00,2026-09-02 09:12:38.416114+00:00,/nfs/data/sz_44/20260902/episode_20260902_085017_000_0c5d657b.npy.mp4
01a06150-5228-76c5-956f-7a8c4a6ce44c,industrial packing,completed,yam,yam_0_61,32.0,huangrongbo,good,,,prod,2026-09-02 08:52:34.066786+00:00,2026-09-02 09:12:37.762964+00:00,/nfs/data/sz_44/20260902/episode_20260902_085049_000_1c81367d.npy.mp4
01a06150-dae0-77d1-9657-865f4c9c5d1b,industrial packing,completed,yam,yam_0_61,29.8,huangrongbo,good,,,prod,2026-09-02 08:53:06.378295+00:00,2026-09-02 09:12:37.748511+00:00,/nfs/data/sz_44/20260902/episode_20260902_085124_000_4639e67c.npy.mp4
01a06151-5bc8-789b-99f4-de2bf0436690,industrial packing,completed,yam,yam_0_61,31.0,huangrongbo,good,,,prod,2026-09-02 08:53:38.674925+00:00,2026-09-02 09:12:37.325148+00:00,/nfs/data/sz_44/20260902/episode_20260902_085157_000_be142f79.npy.mp4
01a06151-e480-76e3-bfde-eeee055e1134,industrial packing,completed,yam,yam_0_61,30.2,huangrongbo,good,,,prod,2026-09-02 08:54:16.000482+00:00,2026-09-02 09:12:37.443001+00:00,/nfs/data/sz_44/20260902/episode_20260902_085232_000_2e7bc1c3.npy.mp4
01a06152-6950-7c98-a293-24bc1427dd83,industrial packing,completed,yam,yam_0_61,31.5,huangrongbo,good,,,prod,2026-09-02 08:54:48.318077+00:00,2026-09-02 09:12:36.829709+00:00,/nfs/data/sz_44/20260902/episode_20260902_085306_000_3ca5cc28.npy.mp4
01a06152-f208-7f67-ac5f-91ece9c12d38,industrial packing,completed,yam,yam_0_61,30.5,huangrongbo,good,,,prod,2026-09-02 08:55:20.639997+00:00,2026-09-02 09:12:36.790579+00:00,/nfs/data/sz_44/20260902/episode_20260902_085341_000_119d1e73.npy.mp4
01a06153-8290-721e-9e83-0c111560e71c,industrial packing,completed,yam,yam_0_61,31.2,huangrongbo,good,,,prod,2026-09-02 08:56:02.979535+00:00,2026-09-02 09:12:36.763056+00:00,/nfs/data/sz_44/20260902/episode_20260902_085418_000_5c225f75.npy.mp4
01a06154-0b48-77ee-a900-bc78ee207cbc,industrial packing,completed,yam,yam_0_61,37.3,huangrongbo,good,,,prod,2026-09-02 08:56:42.320062+00:00,2026-09-02 09:12:36.547686+00:00,/nfs/data/sz_44/20260902/episode_20260902_085453_000_e0858af8.npy.mp4
01a06154-ab70-7190-adce-4c3d8187774d,industrial packing,completed,yam,yam_0_61,33.4,huangrongbo,good,,,prod,2026-09-02 08:57:19.720174+00:00,2026-09-02 09:12:36.537857+00:00,/nfs/data/sz_44/20260902/episode_20260902_085534_000_565c1237.npy.mp4
01a06155-3bf8-78c2-aecb-59b40805f723,industrial packing,completed,yam,yam_0_61,35.1,huangrongbo,good,,,prod,2026-09-02 08:57:58.184394+00:00,2026-09-02 09:12:35.971378+00:00,/nfs/data/sz_44/20260902/episode_20260902_085611_000_19c45e80.npy.mp4
01a06155-d068-7ac6-8b2f-8a246ac531c2,industrial packing,completed,yam,yam_0_61,28.7,huangrongbo,good,,,prod,2026-09-02 08:58:30.510796+00:00,2026-09-02 09:12:35.772091+00:00,/nfs/data/sz_44/20260902/episode_20260902_085649_000_737d150a.npy.mp4
01a06156-4d68-7a78-90c4-82c29f67b91c,industrial packing,completed,yam,yam_0_61,29.8,huangrongbo,good,,,prod,2026-09-02 08:59:02.843608+00:00,2026-09-02 09:12:35.720767+00:00,/nfs/data/sz_44/20260902/episode_20260902_085721_000_a9fbc034.npy.mp4
01a06156-d238-7823-aa02-4b5dcf52a6f7,industrial packing,completed,yam,yam_0_61,36.5,huangrongbo,good,,,prod,2026-09-02 08:59:47.224319+00:00,2026-09-02 09:12:35.593484+00:00,/nfs/data/sz_44/20260902/episode_20260902_085755_000_40c6188c.npy.mp4
01a06157-6e78-761c-b666-76326849d184,industrial packing,completed,yam,yam_0_61,29.9,huangrongbo,good,,,prod,2026-09-02 09:00:13.553790+00:00,2026-09-02 09:12:35.329951+00:00,/nfs/data/sz_44/20260902/episode_20260902_085835_000_c0199df9.npy.mp4
01a06157-ef60-75ab-b5a4-006923cb03b1,industrial packing,completed,yam,yam_0_61,33.9,huangrongbo,good,,,prod,2026-09-02 09:00:56.857789+00:00,2026-09-02 09:12:35.368698+00:00,/nfs/data/sz_44/20260902/episode_20260902_085908_000_74f7b07f.npy.mp4
01a06158-83d0-7918-a685-bbd480b0af4f,industrial packing,completed,yam,yam_0_61,31.1,huangrongbo,good,,,prod,2026-09-02 09:01:29.133977+00:00,2026-09-02 09:12:35.220017+00:00,/nfs/data/sz_44/20260902/episode_20260902_085946_000_b56e933c.npy.mp4
01a06159-c808-7d6b-b55b-7d04d5e596c5,industrial packing,completed,yam,yam_0_61,34.6,huangrongbo,good,,,prod,2026-09-02 09:02:57.553499+00:00,2026-09-02 09:12:34.262957+00:00,/nfs/data/sz_44/20260902/episode_20260902_090109_000_a7b68ff6.npy.mp4
01a0615a-5c78-7551-b27e-1b49f90b21ee,industrial packing,completed,yam,yam_0_61,33.5,huangrongbo,good,,,prod,2026-09-02 09:03:35.906545+00:00,2026-09-02 09:12:33.993766+00:00,/nfs/data/sz_44/20260902/episode_20260902_090147_000_b7a67e20.npy.mp4
01a0615a-fca0-7f0d-a8f1-aa837c51c707,industrial packing,completed,yam,yam_0_61,30.2,huangrongbo,good,,,prod,2026-09-02 09:04:07.239626+00:00,2026-09-02 09:12:33.934071+00:00,/nfs/data/sz_44/20260902/episode_20260902_090228_000_98954ad0.npy.mp4
01a0615b-8170-7431-86b7-07517825e66d,industrial packing,completed,yam,yam_0_61,35.1,huangrongbo,good,,,prod,2026-09-02 09:04:50.565110+00:00,2026-09-02 09:12:33.859574+00:00,/nfs/data/sz_44/20260902/episode_20260902_090302_000_88ae9b46.npy.mp4
01a0615c-19c8-770a-84e6-0499fb6232cd,industrial packing,completed,yam,yam_0_61,39.4,huangrongbo,good,,,prod,2026-09-02 09:05:34.937170+00:00,2026-09-02 09:12:33.375462+00:00,/nfs/data/sz_44/20260902/episode_20260902_090341_000_e7add9bf.npy.mp4
01a0615c-bdd8-7e3a-851c-a477353dfb1b,industrial packing,completed,yam,yam_0_61,34.1,huangrongbo,good,,,prod,2026-09-02 09:06:08.276980+00:00,2026-09-02 09:12:33.158178+00:00,/nfs/data/sz_44/20260902/episode_20260902_090423_000_d14ce2a6.npy.mp4
01a0615d-5248-75c5-a880-9491d415158c,industrial packing,completed,yam,yam_0_61,37.6,huangrongbo,good,,,prod,2026-09-02 09:06:51.614832+00:00,2026-09-02 09:12:32.965393+00:00,/nfs/data/sz_44/20260902/episode_20260902_090501_000_788a64ff.npy.mp4
01a0615d-f270-7b19-908b-bbdb46d74249,industrial packing,completed,yam,yam_0_61,35.6,huangrongbo,good,,,prod,2026-09-02 09:07:30.927526+00:00,2026-09-02 09:12:32.990610+00:00,/nfs/data/sz_44/20260902/episode_20260902_090542_000_4c1237f1.npy.mp4
01a0615e-8ac8-7e17-bf0c-c054ba49e39f,industrial packing,completed,yam,yam_0_61,32.5,huangrongbo,good,,,prod,2026-09-02 09:08:03.234584+00:00,2026-09-02 09:12:32.369998+00:00,/nfs/data/sz_44/20260902/episode_20260902_090621_000_cfaaec57.npy.mp4
01a0615f-1768-7075-9e93-d7dd2305174d,industrial packing,completed,yam,yam_0_61,29.3,huangrongbo,good,,,prod,2026-09-02 09:08:40.550715+00:00,2026-09-02 09:12:32.192694+00:00,/nfs/data/sz_44/20260902/episode_20260902_090657_000_4a372b00.npy.mp4
01a0615f-9850-7221-b7fe-54012c8d9f3f,industrial packing,completed,yam,yam_0_61,34.0,huangrongbo,good,,,prod,2026-09-02 09:09:18.949045+00:00,2026-09-02 09:12:32.022130+00:00,/nfs/data/sz_44/20260902/episode_20260902_090730_000_12d3563c.npy.mp4
01a06160-28d8-774d-afde-0fe86bf30240,industrial packing,completed,yam,yam_0_61,34.3,huangrongbo,good,,,prod,2026-09-02 09:09:57.319266+00:00,2026-09-02 09:12:31.953117+00:00,/nfs/data/sz_44/20260902/episode_20260902_090807_000_6c3b3060.npy.mp4
01a06160-bd48-70d6-9b23-563744c3cbda,industrial packing,completed,yam,yam_0_61,34.1,huangrongbo,good,,,prod,2026-09-02 09:10:29.619814+00:00,2026-09-02 09:12:31.890514+00:00,/nfs/data/sz_44/20260902/episode_20260902_090845_000_5dc8678d.npy.mp4
01a06161-51b8-71fb-a739-386ffe9c7ef9,industrial packing,completed,yam,yam_0_61,31.0,huangrongbo,good,,,prod,2026-09-02 09:11:06.909854+00:00,2026-09-02 09:12:31.385122+00:00,/nfs/data/sz_44/20260902/episode_20260902_090923_000_3718fd3d.npy.mp4
01a06162-e410-7093-9096-4dca4a493a39,industrial packing,completed,yam,yam_0_61,35.4,huangrongbo,good,,,prod,2026-09-02 09:12:56.477357+00:00,2026-09-02 11:01:54.262163+00:00,/nfs/data/sz_44/20260902/episode_20260902_091106_000_f6ff8644.npy.mp4
01a06163-8050-7305-a4c5-97ae172b095c,industrial packing,completed,yam,yam_0_61,29.7,huangrongbo,good,,,prod,2026-09-02 09:13:28.832460+00:00,2026-09-02 11:01:57.682861+00:00,/nfs/data/sz_44/20260902/episode_20260902_091146_000_55791ea5.npy.mp4
01a06164-0908-78b8-b6fb-f3ea6abf9281,industrial packing,completed,yam,yam_0_61,32.7,huangrongbo,good,,,prod,2026-09-02 09:14:07.165838+00:00,2026-09-02 11:01:54.401031+00:00,/nfs/data/sz_44/20260902/episode_20260902_091221_000_44375f4e.npy.mp4
01a06164-9990-7210-b078-ceda7b493702,industrial packing,completed,yam,yam_0_61,31.9,huangrongbo,good,,,prod,2026-09-02 09:14:39.463911+00:00,2026-09-02 11:04:40.351383+00:00,/nfs/data/sz_44/20260902/episode_20260902_091258_000_6ab766ee.npy.mp4
01a06165-2630-7470-b232-40bbe0b7da43,industrial packing,completed,yam,yam_0_61,35.7,huangrongbo,good,,,prod,2026-09-02 09:15:22.706128+00:00,2026-09-02 11:04:40.192827+00:00,/nfs/data/sz_44/20260902/episode_20260902_091334_000_dc239d1d.npy.mp4
01a06165-d9e0-7fbe-bef3-f5ac35ab462b,industrial packing,completed,yam,yam_0_61,29.4,huangrongbo,good,,,prod,2026-09-02 09:16:03.309254+00:00,2026-09-02 11:04:39.837866+00:00,/nfs/data/sz_44/20260902/episode_20260902_091420_000_a79db88a.npy.mp4
01a06166-5eb0-7f68-ad1a-cab3366e7691,industrial packing,completed,yam,yam_0_61,33.0,huangrongbo,good,,,prod,2026-09-02 09:16:41.638991+00:00,2026-09-02 11:04:39.584011+00:00,/nfs/data/sz_44/20260902/episode_20260902_091454_000_74d933d8.npy.mp4
01a06166-ef38-7048-beee-fc2ffbe8c9fa,industrial packing,completed,yam,yam_0_61,35.5,huangrongbo,good,,,prod,2026-09-02 09:17:19.986822+00:00,2026-09-02 11:04:39.537572+00:00,/nfs/data/sz_44/20260902/episode_20260902_091531_000_76284ac0.npy.mp4
01a06167-8b78-7871-8519-7b35eaef2916,industrial packing,completed,yam,yam_0_61,34.5,huangrongbo,good,,,prod,2026-09-02 09:17:58.326407+00:00,2026-09-02 11:04:39.253752+00:00,/nfs/data/sz_44/20260902/episode_20260902_091611_000_39a3efd9.npy.mp4
01a06168-23d0-7463-aff1-5bf8c34b121d,industrial packing,completed,yam,yam_0_61,36.8,huangrongbo,good,,,prod,2026-09-02 09:18:36.682180+00:00,2026-09-02 11:04:39.217366+00:00,/nfs/data/sz_44/20260902/episode_20260902_091650_000_97ba4fc3.npy.mp4
01a06168-c7e0-7f5f-a07f-021fe3202e01,industrial packing,completed,yam,yam_0_61,35.0,huangrongbo,good,,,prod,2026-09-02 09:19:20.009993+00:00,2026-09-02 11:04:38.704632+00:00,/nfs/data/sz_44/20260902/episode_20260902_091732_000_7836211f.npy.mp4
01a06169-6038-7a89-857f-c0b5d73ae60e,industrial packing,completed,yam,yam_0_61,35.0,huangrongbo,good,,,prod,2026-09-02 09:19:58.382698+00:00,2026-09-02 11:04:38.498624+00:00,/nfs/data/sz_44/20260902/episode_20260902_091811_000_c594db92.npy.mp4
01a06169-f4a8-7ace-bb98-acc363611242,industrial packing,completed,yam,yam_0_61,31.1,huangrongbo,good,,,prod,2026-09-02 09:20:30.722235+00:00,2026-09-02 11:04:38.178886+00:00,/nfs/data/sz_44/20260902/episode_20260902_091849_000_82eb7184.npy.mp4
01a0616a-8148-7499-8942-b29156d830a7,industrial packing,completed,yam,yam_0_61,33.6,huangrongbo,good,,,prod,2026-09-02 09:21:13.031060+00:00,2026-09-02 11:04:37.793937+00:00,/nfs/data/sz_44/20260902/episode_20260902_091925_000_3c36c67e.npy.mp4
01a0616b-11d0-7ad4-822e-79ca504b2ebe,industrial packing,completed,yam,yam_0_61,29.1,huangrongbo,good,,,prod,2026-09-02 09:21:40.312361+00:00,2026-09-02 11:04:38.168473+00:00,/nfs/data/sz_44/20260902/episode_20260902_092002_000_ef8b2f08.npy.mp4
01a0616b-9e70-74b2-852f-2a134a6feb37,industrial packing,completed,yam,yam_0_61,33.9,huangrongbo,good,,,prod,2026-09-02 09:22:22.654277+00:00,2026-09-02 11:04:37.525134+00:00,/nfs/data/sz_44/20260902/episode_20260902_092038_000_84ad34c6.npy.mp4
01a0616c-2ef8-7eb7-8c56-57c6ccc577f9,industrial packing,completed,yam,yam_0_61,32.1,huangrongbo,good,,,prod,2026-09-02 09:23:00.022958+00:00,2026-09-02 11:04:37.435679+00:00,/nfs/data/sz_44/20260902/episode_20260902_092115_000_bde88b63.npy.mp4
01a0616c-bb98-72a8-b780-605bb939fcd7,industrial packing,completed,yam,yam_0_61,31.2,huangrongbo,good,,,prod,2026-09-02 09:23:32.366348+00:00,2026-09-02 11:04:37.198697+00:00,/nfs/data/sz_44/20260902/episode_20260902_092151_000_aaa76069.npy.mp4
01a0616d-4450-7aa0-90fe-99df21bdd235,industrial packing,completed,yam,yam_0_61,38.2,huangrongbo,good,,,prod,2026-09-02 09:24:16.726837+00:00,2026-09-02 11:04:36.938701+00:00,/nfs/data/sz_44/20260902/episode_20260902_092226_000_7770c782.npy.mp4
01a0616d-e860-7a0d-872b-ae313ed56b97,industrial packing,completed,yam,yam_0_61,29.3,huangrongbo,good,,,prod,2026-09-02 09:24:49.077259+00:00,2026-09-02 11:04:37.046541+00:00,/nfs/data/sz_44/20260902/episode_20260902_092308_000_b9c98e5e.npy.mp4
01a0616e-6d30-7a9e-99d8-3894af533e20,industrial packing,completed,yam,yam_0_61,33.8,huangrongbo,good,,,prod,2026-09-02 09:25:26.446318+00:00,2026-09-02 11:04:37.108502+00:00,/nfs/data/sz_44/20260902/episode_20260902_092342_000_d4be2e47.npy.mp4
01a0616e-fdb8-72b2-afd1-1dffe3f94287,industrial packing,completed,yam,yam_0_61,32.4,huangrongbo,good,,,prod,2026-09-02 09:26:04.886989+00:00,2026-09-02 11:04:36.238247+00:00,/nfs/data/sz_44/20260902/episode_20260902_092419_000_9e7b8fd2.npy.mp4
01a0616f-8a58-7b48-a388-812d9a12dda5,industrial packing,completed,yam,yam_0_61,32.5,huangrongbo,good,,,prod,2026-09-02 09:26:42.514270+00:00,2026-09-02 11:04:36.040161+00:00,/nfs/data/sz_44/20260902/episode_20260902_092455_000_cdf04f18.npy.mp4
01a06170-16f8-7190-9273-93f9aeb3535d,industrial packing,completed,yam,yam_0_61,34.2,huangrongbo,good,,,prod,2026-09-02 09:27:20.838360+00:00,2026-09-02 11:04:35.835067+00:00,/nfs/data/sz_44/20260902/episode_20260902_092531_000_54e7deaf.npy.mp4
01a06170-ab68-7817-874b-32fe1b662566,industrial packing,completed,yam,yam_0_61,34.8,huangrongbo,good,,,prod,2026-09-02 09:27:59.146992+00:00,2026-09-02 11:04:36.061081+00:00,/nfs/data/sz_44/20260902/episode_20260902_092609_000_14a92801.npy.mp4
01a06171-43c0-7bd1-94f6-7e54df065d59,industrial packing,completed,yam,yam_0_61,28.6,huangrongbo,good,,,prod,2026-09-02 09:28:25.438659+00:00,2026-09-02 11:04:35.813642+00:00,/nfs/data/sz_44/20260902/episode_20260902_092648_000_c1ee495c.npy.mp4
01a06171-c0c0-76fe-8852-6cec9535efd2,industrial packing,completed,yam,yam_0_61,32.4,huangrongbo,good,,,prod,2026-09-02 09:29:03.699366+00:00,2026-09-02 11:04:35.437466+00:00,/nfs/data/sz_44/20260902/episode_20260902_092720_000_733466e8.npy.mp4
01a06175-cbe8-79cf-b1fb-68d2949a6979,industrial packing,completed,yam,yam_0_61,29.5,huangrongbo,good,,,prod,2026-09-02 09:33:25.434277+00:00,2026-09-02 11:04:35.276114+00:00,/nfs/data/sz_44/20260902/episode_20260902_093145_000_faee1f39.npy.mp4
01a06176-50b8-7b18-b4e0-a4b1a0935148,industrial packing,completed,yam,yam_0_61,32.1,huangrongbo,good,,,prod,2026-09-02 09:34:03.740539+00:00,2026-09-02 11:04:35.096831+00:00,/nfs/data/sz_44/20260902/episode_20260902_093219_000_ff41ea12.npy.mp4
01a06176-d970-771a-a2b5-122d501d0580,industrial packing,completed,yam,yam_0_61,27.3,huangrongbo,good,,,prod,2026-09-02 09:34:30.056361+00:00,2026-09-02 11:04:34.996854+00:00,/nfs/data/sz_44/20260902/episode_20260902_093254_000_1965a8c2.npy.mp4
01a06177-5288-76db-812f-0327df797043,industrial packing,completed,yam,yam_0_61,26.6,huangrongbo,good,,,prod,2026-09-02 09:35:01.366195+00:00,2026-09-02 11:04:34.875415+00:00,/nfs/data/sz_44/20260902/episode_20260902_093325_000_10c8db3e.npy.mp4
01a06177-cba0-7477-a501-346a02995fc2,industrial packing,completed,yam,yam_0_61,32.1,huangrongbo,good,,,prod,2026-09-02 09:35:39.676389+00:00,2026-09-02 11:04:34.569535+00:00,/nfs/data/sz_44/20260902/episode_20260902_093356_000_50fa5695.npy.mp4
01a06178-5840-704b-bfa9-d0105fcd3a1f,industrial packing,completed,yam,yam_0_61,27.2,huangrongbo,good,,,prod,2026-09-02 09:36:11.054147+00:00,2026-09-02 11:04:34.472270+00:00,/nfs/data/sz_44/20260902/episode_20260902_093432_000_7bcc2661.npy.mp4
01a06178-d158-74ad-8e32-fb4531b89cb9,industrial packing,completed,yam,yam_0_61,30.2,huangrongbo,good,,,prod,2026-09-02 09:36:43.442453+00:00,2026-09-02 11:04:34.225249+00:00,/nfs/data/sz_44/20260902/episode_20260902_093503_000_15635bcb.npy.mp4
01a06179-5628-770e-a4c1-9e96b7501d0c,industrial packing,completed,yam,yam_0_61,29.9,huangrongbo,good,,,prod,2026-09-02 09:37:20.765078+00:00,2026-09-02 11:04:34.070867+00:00,/nfs/data/sz_44/20260902/episode_20260902_093537_000_a403bd9b.npy.mp4
01a06179-daf8-70b7-ba80-4417678482a9,industrial packing,completed,yam,yam_0_61,28.7,huangrongbo,good,,,prod,2026-09-02 09:37:53.114106+00:00,2026-09-02 11:04:33.700142+00:00,/nfs/data/sz_44/20260902/episode_20260902_093611_000_ba1cb714.npy.mp4
01a0617a-57f8-7a4a-a94c-5c59ea69f56c,industrial packing,completed,yam,yam_0_61,31.1,huangrongbo,good,,,prod,2026-09-02 09:38:25.408774+00:00,2026-09-02 11:04:34.087971+00:00,/nfs/data/sz_44/20260902/episode_20260902_093643_000_c58ddf1b.npy.mp4
01a0617a-e0b0-79c7-bed1-9964ab231588,industrial packing,completed,yam,yam_0_61,34.6,huangrongbo,good,,,prod,2026-09-02 09:39:02.729361+00:00,2026-09-02 11:04:33.098105+00:00,/nfs/data/sz_44/20260902/episode_20260902_093718_000_ffac1b67.npy.mp4
01a0617b-7908-7b94-b743-0a5bcad525fc,industrial packing,completed,yam,yam_0_61,27.6,huangrongbo,good,,,prod,2026-09-02 09:39:35.049180+00:00,2026-09-02 11:04:33.326335+00:00,/nfs/data/sz_44/20260902/episode_20260902_093757_000_b57f5272.npy.mp4
01a0617b-f608-7d56-b2fa-a9dfecce8720,industrial packing,completed,yam,yam_0_61,25.7,huangrongbo,good,,,prod,2026-09-02 09:40:05.340531+00:00,2026-09-02 11:04:33.132761+00:00,/nfs/data/sz_44/20260902/episode_20260902_093829_000_86390573.npy.mp4
01a0617c-6f20-77f2-b43e-1e8d5786b54d,industrial packing,completed,yam,yam_0_61,27.6,huangrongbo,good,,,prod,2026-09-02 09:40:37.638948+00:00,2026-09-02 11:04:33.045178+00:00,/nfs/data/sz_44/20260902/episode_20260902_093900_000_2943e8c8.npy.mp4
01a0617c-e838-7b1a-904e-a5b3fde3514f,industrial packing,completed,yam,yam_0_61,33.5,huangrongbo,good,,,prod,2026-09-02 09:41:14.956215+00:00,2026-09-02 11:04:32.673387+00:00,/nfs/data/sz_44/20260902/episode_20260902_093931_000_a07d0857.npy.mp4
01a0617d-7ca8-7926-8c5f-69cf98fffdc9,industrial packing,completed,yam,yam_0_61,30.5,huangrongbo,good,,,prod,2026-09-02 09:41:52.269563+00:00,2026-09-02 11:04:32.279924+00:00,/nfs/data/sz_44/20260902/episode_20260902_094009_000_d3de3966.npy.mp4
01a0617e-0178-702a-b7b5-c64c112806ce,industrial packing,completed,yam,yam_0_61,30.1,huangrongbo,good,,,prod,2026-09-02 09:42:24.568380+00:00,2026-09-02 11:04:31.902382+00:00,/nfs/data/sz_44/20260902/episode_20260902_094043_000_73ce5526.npy.mp4
01a0617e-8648-7956-b1b2-4a0650f1a752,industrial packing,completed,yam,yam_0_61,30.3,huangrongbo,good,,,prod,2026-09-02 09:42:56.885832+00:00,2026-09-02 11:04:31.903993+00:00,/nfs/data/sz_44/20260902/episode_20260902_094117_000_8e1203a2.npy.mp4
01a0617f-0b18-7fc0-93b4-8daacb2ec72c,industrial packing,completed,yam,yam_0_61,27.2,huangrongbo,good,,,prod,2026-09-02 09:43:28.211623+00:00,2026-09-02 11:04:31.548011+00:00,/nfs/data/sz_44/20260902/episode_20260902_094151_000_339d1fd4.npy.mp4
01a0617f-8430-7d60-b1f0-77c74f69cd73,industrial packing,completed,yam,yam_0_61,26.1,huangrongbo,good,,,prod,2026-09-02 09:44:00.529008+00:00,2026-09-02 11:04:31.812507+00:00,/nfs/data/sz_44/20260902/episode_20260902_094222_000_36821fa3.npy.mp4
01a0617f-f960-7302-832e-bea9c69b99f2,industrial packing,completed,yam,yam_0_61,30.2,huangrongbo,good,,,prod,2026-09-02 09:44:31.831923+00:00,2026-09-02 11:04:31.827550+00:00,/nfs/data/sz_44/20260902/episode_20260902_094252_000_b5a129ad.npy.mp4
01a06180-7e30-7af4-9654-4ef790d39e71,industrial packing,completed,yam,yam_0_61,28.9,huangrongbo,good,,,prod,2026-09-02 09:45:04.309963+00:00,2026-09-02 11:04:31.306166+00:00,/nfs/data/sz_44/20260902/episode_20260902_094326_000_28037138.npy.mp4
01a06180-fb30-771e-9d88-a92393f16bd5,industrial packing,completed,yam,yam_0_61,29.4,huangrongbo,good,,,prod,2026-09-02 09:45:41.990315+00:00,2026-09-02 11:04:30.858994+00:00,/nfs/data/sz_44/20260902/episode_20260902_094358_000_592729a7.npy.mp4
01a06181-7c18-79a8-a85c-50af98b55241,industrial packing,completed,yam,yam_0_61,28.0,huangrongbo,good,,,prod,2026-09-02 09:46:08.415241+00:00,2026-09-02 11:04:30.886254+00:00,/nfs/data/sz_44/20260902/episode_20260902_094431_000_da17e2eb.npy.mp4
01a06181-f918-7a8e-8a83-864884f0d748,industrial packing,completed,yam,yam_0_61,27.4,huangrongbo,good,,,prod,2026-09-02 09:46:39.748823+00:00,2026-09-02 11:04:30.518748+00:00,/nfs/data/sz_44/20260902/episode_20260902_094503_000_c6ba2526.npy.mp4
01a06182-7230-716a-b422-4b2691d5afea,industrial packing,completed,yam,yam_0_61,30.4,huangrongbo,good,,,prod,2026-09-02 09:47:17.134879+00:00,2026-09-02 11:04:30.712745+00:00,/nfs/data/sz_44/20260902/episode_20260902_094534_000_d294117f.npy.mp4
01a06182-f700-7d52-ac9f-acd920bee61e,industrial packing,completed,yam,yam_0_61,29.3,huangrongbo,good,,,prod,2026-09-02 09:47:48.515231+00:00,2026-09-02 11:04:30.265844+00:00,/nfs/data/sz_44/20260902/episode_20260902_094608_000_e8e23ca3.npy.mp4
01a06183-77e8-7fbf-92d4-ebf0583b8a4d,industrial packing,completed,yam,yam_0_61,30.2,huangrongbo,good,,,prod,2026-09-02 09:48:20.810704+00:00,2026-09-02 11:04:29.455477+00:00,/nfs/data/sz_44/20260902/episode_20260902_094641_000_ef7c2be7.npy.mp4
01a06183-fcb8-71d0-9d53-292215cb5c81,industrial packing,completed,yam,yam_0_61,25.8,huangrongbo,good,,,prod,2026-09-02 09:48:52.116462+00:00,2026-09-02 11:04:29.301053+00:00,/nfs/data/sz_44/20260902/episode_20260902_094715_000_b10d521d.npy.mp4
01a06184-6e00-742d-b636-32531af3c415,industrial packing,completed,yam,yam_0_61,30.0,huangrongbo,good,,,prod,2026-09-02 09:49:24.429150+00:00,2026-09-02 11:04:29.917322+00:00,/nfs/data/sz_44/20260902/episode_20260902_094744_000_642010f9.npy.mp4
01a06184-fe88-77c4-8e4e-be874bdbeec9,industrial packing,completed,yam,yam_0_61,26.3,huangrongbo,good,,,prod,2026-09-02 09:49:54.719085+00:00,2026-09-02 11:04:28.591469+00:00,/nfs/data/sz_44/20260902/episode_20260902_094821_000_d4a0b83c.npy.mp4
01a06185-77a0-75cb-8a8c-6e71fd54aa00,industrial packing,completed,yam,yam_0_61,31.2,huangrongbo,good,,,prod,2026-09-02 09:50:33.050220+00:00,2026-09-02 11:04:28.975272+00:00,/nfs/data/sz_44/20260902/episode_20260902_094852_000_060c1c8f.npy.mp4
01a06185-fc70-72b4-86e8-df9fc3a08b7b,industrial packing,completed,yam,yam_0_61,29.0,huangrongbo,good,,,prod,2026-09-02 09:51:04.377202+00:00,2026-09-02 11:04:28.640189+00:00,/nfs/data/sz_44/20260902/episode_20260902_094926_000_b5654ada.npy.mp4
01a06186-7d58-73ac-9f2d-e92d269cb443,industrial packing,completed,yam,yam_0_61,31.2,huangrongbo,good,,,prod,2026-09-02 09:51:41.718143+00:00,2026-09-02 11:04:27.809574+00:00,/nfs/data/sz_44/20260902/episode_20260902_094959_000_19e834f8.npy.mp4
01a06187-0610-7f92-848e-0f70d419740e,industrial packing,completed,yam,yam_0_61,30.3,huangrongbo,good,,,prod,2026-09-02 09:52:14.046223+00:00,2026-09-02 11:04:28.039212+00:00,/nfs/data/sz_44/20260902/episode_20260902_095034_000_d9aece2d.npy.mp4
01a06187-8ae0-75d0-9b74-0ea8a50eb63d,industrial packing,completed,yam,yam_0_61,33.1,huangrongbo,good,,,prod,2026-09-02 09:52:51.390326+00:00,2026-09-02 11:04:27.350341+00:00,/nfs/data/sz_44/20260902/episode_20260902_095108_000_b7878b76.npy.mp4
01a06188-1b68-7a20-8ac5-5044309c8db4,industrial packing,completed,yam,yam_0_61,32.7,huangrongbo,good,,,prod,2026-09-02 09:53:28.754334+00:00,2026-09-02 11:04:27.461255+00:00,/nfs/data/sz_44/20260902/episode_20260902_095145_000_284e4cb2.npy.mp4
01a06188-abf0-748a-b9ce-df339e4a5086,industrial packing,completed,yam,yam_0_61,33.6,huangrongbo,good,,,prod,2026-09-02 09:54:06.088508+00:00,2026-09-02 11:04:26.758239+00:00,/nfs/data/sz_44/20260902/episode_20260902_095222_000_d63a5f65.npy.mp4
01a06189-3c78-7c0d-aea5-865993bf3929,industrial packing,completed,yam,yam_0_61,33.0,huangrongbo,good,,,prod,2026-09-02 09:54:44.408383+00:00,2026-09-02 11:04:26.493452+00:00,/nfs/data/sz_44/20260902/episode_20260902_095259_000_afc5ea9c.npy.mp4
01a06189-c918-7273-9a63-3467b5858dc7,industrial packing,completed,yam,yam_0_61,35.0,huangrongbo,good,,,prod,2026-09-02 09:55:22.724769+00:00,2026-09-02 11:04:26.777904+00:00,/nfs/data/sz_44/20260902/episode_20260902_095335_000_9895b5fb.npy.mp4
01a0618a-6170-7242-b419-cbc916916135,industrial packing,completed,yam,yam_0_61,30.6,huangrongbo,good,,,prod,2026-09-02 09:55:55.024957+00:00,2026-09-02 11:04:26.067183+00:00,/nfs/data/sz_44/20260902/episode_20260902_095414_000_4693dc46.npy.mp4
01a0618a-e640-7510-b7db-c387f10911e7,industrial packing,completed,yam,yam_0_61,27.8,huangrongbo,good,,,prod,2026-09-02 09:56:26.327619+00:00,2026-09-02 11:04:26.047935+00:00,/nfs/data/sz_44/20260902/episode_20260902_095448_000_7c0a29d1.npy.mp4
01a0618b-6340-7ca3-a2ba-affda8bd09bb,industrial packing,completed,yam,yam_0_61,28.4,huangrongbo,good,,,prod,2026-09-02 09:56:57.643267+00:00,2026-09-02 11:04:25.395938+00:00,/nfs/data/sz_44/20260902/episode_20260902_095520_000_b38fb8de.npy.mp4
01a0618b-e040-7b80-9a9b-a6540598b4ba,industrial packing,completed,yam,yam_0_61,30.0,huangrongbo,good,,,prod,2026-09-02 09:57:34.993942+00:00,2026-09-02 11:04:25.380468+00:00,/nfs/data/sz_44/20260902/episode_20260902_095552_000_b63ff1c9.npy.mp4
01a0618c-6510-7709-a215-d3832d058235,industrial packing,completed,yam,yam_0_61,27.9,huangrongbo,good,,,prod,2026-09-02 09:58:07.405849+00:00,2026-09-02 11:04:25.443778+00:00,/nfs/data/sz_44/20260902/episode_20260902_095626_000_659c1c23.npy.mp4
01a0618c-de28-7f42-9e0b-2bed65e0b16e,industrial packing,completed,yam,yam_0_61,32.5,huangrongbo,good,,,prod,2026-09-02 09:58:39.715578+00:00,2026-09-02 11:04:24.554060+00:00,/nfs/data/sz_44/20260902/episode_20260902_095657_000_82757995.npy.mp4
01a0618d-6ac8-75f7-ac75-1012fed5fd7f,industrial packing,completed,yam,yam_0_61,31.3,huangrongbo,good,,,prod,2026-09-02 09:59:17.064718+00:00,2026-09-02 11:04:24.295230+00:00,/nfs/data/sz_44/20260902/episode_20260902_095733_000_4f7b7f24.npy.mp4
01a0618d-f380-74b0-88cf-fdeebb14ddab,industrial packing,completed,yam,yam_0_61,32.6,huangrongbo,good,,,prod,2026-09-02 09:59:55.450941+00:00,2026-09-02 11:03:42.725760+00:00,/nfs/data/sz_44/20260902/episode_20260902_095808_000_6e135071.npy.mp4
01a0618e-8408-7fea-97a9-5ce7a2c05eaf,industrial packing,completed,yam,yam_0_61,30.4,huangrongbo,good,,,prod,2026-09-02 10:00:27.753834+00:00,2026-09-02 11:03:42.289537+00:00,/nfs/data/sz_44/20260902/episode_20260902_095845_000_ed9556da.npy.mp4
01a0618f-04f0-7277-a43b-ae57e3fc670e,industrial packing,completed,yam,yam_0_61,28.9,huangrongbo,good,,,prod,2026-09-02 10:01:00.043874+00:00,2026-09-02 11:03:41.895712+00:00,/nfs/data/sz_44/20260902/episode_20260902_095918_000_fc5c637b.npy.mp4
01a0618f-85d8-7cd6-b77e-68c97e7ee671,industrial packing,completed,yam,yam_0_61,29.3,huangrongbo,good,,,prod,2026-09-02 10:01:32.502306+00:00,2026-09-02 11:03:41.701180+00:00,/nfs/data/sz_44/20260902/episode_20260902_095951_000_00076336.npy.mp4
01a06190-06c0-7669-b140-b679fbe7afb5,industrial packing,completed,yam,yam_0_61,31.5,huangrongbo,good,,,prod,2026-09-02 10:02:10.112656+00:00,2026-09-02 11:03:41.554562+00:00,/nfs/data/sz_44/20260902/episode_20260902_100024_000_3b791486.npy.mp4
01a06193-1bd0-7764-a636-b1188a957727,industrial packing,completed,yam,yam_0_61,36.5,huangrongbo,good,,,prod,2026-09-02 10:05:37.115577+00:00,2026-09-02 11:03:40.888030+00:00,/nfs/data/sz_44/20260902/episode_20260902_100346_000_b82d0aa2.npy.mp4
01a06193-b810-77dc-9772-4ed25b0814db,industrial packing,completed,yam,yam_0_61,34.5,huangrongbo,good,,,prod,2026-09-02 10:06:10.464011+00:00,2026-09-02 11:03:40.556226+00:00,/nfs/data/sz_44/20260902/episode_20260902_100426_000_622709b0.npy.mp4
01a06194-4c80-78fa-a341-b52e550d6263,industrial packing,completed,yam,yam_0_61,32.4,huangrongbo,good,,,prod,2026-09-02 10:06:46.777758+00:00,2026-09-02 11:03:40.816151+00:00,/nfs/data/sz_44/20260902/episode_20260902_100504_000_03ac5522.npy.mp4
01a06195-0be8-7156-aa85-913ba37dcdf1,industrial packing,completed,yam,yam_0_61,32.2,huangrongbo,good,,,prod,2026-09-02 10:07:40.149484+00:00,2026-09-02 11:03:40.475868+00:00,/nfs/data/sz_44/20260902/episode_20260902_100553_000_d1b2df49.npy.mp4
01a06195-9888-70b8-ad03-0eed71495905,industrial packing,completed,yam,yam_0_61,32.7,huangrongbo,good,,,prod,2026-09-02 10:08:12.471963+00:00,2026-09-02 11:03:40.214107+00:00,/nfs/data/sz_44/20260902/episode_20260902_100629_000_3189b184.npy.mp4
01a06196-2910-73b3-bf9d-f4de14d8b919,industrial packing,completed,yam,yam_0_61,34.0,huangrongbo,good,,,prod,2026-09-02 10:08:50.800554+00:00,2026-09-02 11:03:39.668466+00:00,/nfs/data/sz_44/20260902/episode_20260902_100706_000_14b6ac33.npy.mp4
01a06196-b998-739d-ae5e-5565b2518b46,industrial packing,completed,yam,yam_0_61,31.1,huangrongbo,good,,,prod,2026-09-02 10:09:28.171685+00:00,2026-09-02 11:03:38.976949+00:00,/nfs/data/sz_44/20260902/episode_20260902_100743_000_5efee43a.npy.mp4
01a06197-4250-7093-828c-00d80b0e97f5,industrial packing,completed,yam,yam_0_61,28.2,huangrongbo,good,,,prod,2026-09-02 10:09:59.535890+00:00,2026-09-02 11:03:38.781119+00:00,/nfs/data/sz_44/20260902/episode_20260902_100818_000_f14a4501.npy.mp4
01a06197-bf50-7735-bd97-5dd8524f9e35,industrial packing,completed,yam,yam_0_61,30.0,huangrongbo,good,,,prod,2026-09-02 10:10:31.888123+00:00,2026-09-02 11:03:38.793236+00:00,/nfs/data/sz_44/20260902/episode_20260902_100850_000_69d8324e.npy.mp4
01a06198-4420-71fd-acc2-90e0e163aa52,industrial packing,completed,yam,yam_0_61,32.6,huangrongbo,good,,,prod,2026-09-02 10:11:10.238466+00:00,2026-09-02 11:03:38.433863+00:00,/nfs/data/sz_44/20260902/episode_20260902_100924_000_7938c73f.npy.mp4
01a06198-d0c0-7749-a2c0-626c3d46654b,industrial packing,completed,yam,yam_0_61,31.8,huangrongbo,good,,,prod,2026-09-02 10:11:42.548668+00:00,2026-09-02 11:03:38.081444+00:00,/nfs/data/sz_44/20260902/episode_20260902_101000_000_91530c85.npy.mp4
01a06199-5d60-76dc-a9b1-ff2c548b4384,industrial packing,completed,yam,yam_0_61,32.0,huangrongbo,good,,,prod,2026-09-02 10:12:19.870151+00:00,2026-09-02 11:03:37.507530+00:00,/nfs/data/sz_44/20260902/episode_20260902_101036_000_8230d170.npy.mp4
01a06199-ea00-7cef-a00e-dafeac435fd8,industrial packing,completed,yam,yam_0_61,30.7,huangrongbo,good,,,prod,2026-09-02 10:12:52.161863+00:00,2026-09-02 11:03:37.216203+00:00,/nfs/data/sz_44/20260902/episode_20260902_101112_000_ee5371b2.npy.mp4
01a0619a-6ed0-7f99-8b66-8dbf8c3a5fda,industrial packing,completed,yam,yam_0_61,29.6,huangrongbo,good,,,prod,2026-09-02 10:13:29.497695+00:00,2026-09-02 11:03:37.147206+00:00,/nfs/data/sz_44/20260902/episode_20260902_101146_000_45a8068a.npy.mp4
01a0619a-efb8-768f-9d97-958290d0bfb1,industrial packing,completed,yam,yam_0_61,30.0,huangrongbo,good,,,prod,2026-09-02 10:14:01.816909+00:00,2026-09-02 11:03:37.084723+00:00,/nfs/data/sz_44/20260902/episode_20260902_101219_000_1e5c309b.npy.mp4
01a0619b-7488-7842-bceb-d7b866f8a4e2,industrial packing,completed,yam,yam_0_61,30.6,huangrongbo,good,,,prod,2026-09-02 10:14:34.135688+00:00,2026-09-02 11:03:36.738237+00:00,/nfs/data/sz_44/20260902/episode_20260902_101253_000_b10f4558.npy.mp4
01a0619b-f958-7a1a-a6da-28e23029b4b9,industrial packing,completed,yam,yam_0_61,33.1,huangrongbo,good,,,prod,2026-09-02 10:15:11.448051+00:00,2026-09-02 11:03:36.221864+00:00,/nfs/data/sz_44/20260902/episode_20260902_101327_000_e083c849.npy.mp4
01a0619c-91b0-7a4d-8e1a-e3d8fae46f43,industrial packing,completed,yam,yam_0_61,29.6,huangrongbo,good,,,prod,2026-09-02 10:15:48.796381+00:00,2026-09-02 11:03:35.936349+00:00,/nfs/data/sz_44/20260902/episode_20260902_101406_000_08105973.npy.mp4
01a0619d-1298-7ca9-b680-a54eb2b5163d,industrial packing,completed,yam,yam_0_61,32.0,huangrongbo,good,,,prod,2026-09-02 10:16:21.086837+00:00,2026-09-02 11:03:35.969527+00:00,/nfs/data/sz_44/20260902/episode_20260902_101439_000_5129cea6.npy.mp4
01a0619d-9f38-7170-af15-ce82eb9ecdb7,industrial packing,completed,yam,yam_0_61,31.9,huangrongbo,good,,,prod,2026-09-02 10:16:59.395116+00:00,2026-09-02 11:03:35.782241+00:00,/nfs/data/sz_44/20260902/episode_20260902_101515_000_85db0752.npy.mp4
01a0619e-2bd8-7482-87f5-05e90f3481de,industrial packing,completed,yam,yam_0_61,33.2,huangrongbo,good,,,prod,2026-09-02 10:17:36.667970+00:00,2026-09-02 11:03:35.750701+00:00,/nfs/data/sz_44/20260902/episode_20260902_101551_000_65a2fbaa.npy.mp4
01a0619e-bc60-76bc-b825-498de9638374,industrial packing,completed,yam,yam_0_61,26.8,huangrongbo,good,,,prod,2026-09-02 10:18:03.931001+00:00,2026-09-02 11:03:34.902330+00:00,/nfs/data/sz_44/20260902/episode_20260902_101628_000_f4dd2551.npy.mp4
01a061a0-4300-7006-a76a-4136e46ecac3,industrial packing,completed,yam,yam_0_61,30.6,huangrongbo,good,,,prod,2026-09-02 10:19:52.436180+00:00,2026-09-02 11:03:33.630413+00:00,/nfs/data/sz_44/20260902/episode_20260902_101808_000_392815ac.npy.mp4
01a061a0-cbb8-7f8e-a493-6361421786fe,industrial packing,completed,yam,yam_0_61,30.1,huangrongbo,good,,,prod,2026-09-02 10:20:24.733057+00:00,2026-09-02 11:03:33.922947+00:00,/nfs/data/sz_44/20260902/episode_20260902_101843_000_3bedac24.npy.mp4
01a061a1-5088-7580-91d8-9fe32910b397,industrial packing,completed,yam,yam_0_61,32.2,huangrongbo,good,,,prod,2026-09-02 10:21:02.051140+00:00,2026-09-02 11:03:33.705745+00:00,/nfs/data/sz_44/20260902/episode_20260902_101917_000_1c05bab0.npy.mp4
01a061a1-e110-7e1c-b202-4fbf782f9fb1,industrial packing,completed,yam,yam_0_61,30.4,huangrongbo,good,,,prod,2026-09-02 10:21:34.423936+00:00,2026-09-02 11:03:34.208520+00:00,/nfs/data/sz_44/20260902/episode_20260902_101954_000_f8a22721.npy.mp4
01a061a2-69c8-78f7-9497-d6915188b922,industrial packing,completed,yam,yam_0_61,28.3,huangrongbo,good,,,prod,2026-09-02 10:22:05.741356+00:00,2026-09-02 11:03:32.357617+00:00,/nfs/data/sz_44/20260902/episode_20260902_102029_000_b4c70028.npy.mp4
01a061a2-e6c8-77c7-9e40-fc4d69ba1e1c,industrial packing,completed,yam,yam_0_61,26.2,huangrongbo,good,,,prod,2026-09-02 10:22:38.076207+00:00,2026-09-02 11:03:32.197160+00:00,/nfs/data/sz_44/20260902/episode_20260902_102101_000_370ea754.npy.mp4
01a061a3-5bf8-7ed2-8be9-f7e43b70ee79,industrial packing,completed,yam,yam_0_61,30.4,huangrongbo,good,,,prod,2026-09-02 10:23:15.473641+00:00,2026-09-02 11:03:31.101170+00:00,/nfs/data/sz_44/20260902/episode_20260902_102131_000_dfb2f8ae.npy.mp4
01a061a3-e898-7c8c-8315-ace9c66f17a7,industrial packing,completed,yam,yam_0_61,34.7,huangrongbo,good,,,prod,2026-09-02 10:23:52.876369+00:00,2026-09-02 11:03:32.019273+00:00,/nfs/data/sz_44/20260902/episode_20260902_102207_000_3a7b4d35.npy.mp4
01a061a4-80f0-765a-9a04-01dd677ac9e8,industrial packing,completed,yam,yam_0_61,31.1,huangrongbo,good,,,prod,2026-09-02 10:24:30.239191+00:00,2026-09-02 11:03:30.449195+00:00,/nfs/data/sz_44/20260902/episode_20260902_102246_000_981a8e83.npy.mp4
01a061a5-1d30-734c-bced-442cb5dba61e,industrial packing,completed,yam,yam_0_61,24.3,huangrongbo,good,,,prod,2026-09-02 10:25:00.572053+00:00,2026-09-02 11:03:30.512711+00:00,/nfs/data/sz_44/20260902/episode_20260902_102326_000_c0443935.npy.mp4
01a061a5-8a90-7a82-affb-f86eadf47160,industrial packing,completed,yam,yam_0_61,32.6,huangrongbo,good,,,prod,2026-09-02 10:25:38.976824+00:00,2026-09-02 11:03:29.540014+00:00,/nfs/data/sz_44/20260902/episode_20260902_102354_000_98de4b1d.npy.mp4
01a061a6-1730-7922-8ccb-2be9f5383b2d,industrial packing,completed,yam,yam_0_61,29.1,huangrongbo,good,,,prod,2026-09-02 10:26:11.302566+00:00,2026-09-02 11:03:29.003123+00:00,/nfs/data/sz_44/20260902/episode_20260902_102430_000_e2f81a50.npy.mp4
01a061a6-9818-712d-a9aa-656bd18042f0,industrial packing,completed,yam,yam_0_61,32.7,huangrongbo,good,,,prod,2026-09-02 10:26:49.610720+00:00,2026-09-02 11:03:28.137385+00:00,/nfs/data/sz_44/20260902/episode_20260902_102503_000_80e1ff2b.npy.mp4
01a061a7-28a0-7cb3-882b-549d11ab24ac,industrial packing,completed,yam,yam_0_61,31.6,huangrongbo,good,,,prod,2026-09-02 10:27:21.909299+00:00,2026-09-02 11:03:28.448812+00:00,/nfs/data/sz_44/20260902/episode_20260902_102540_000_327cb4d5.npy.mp4
01a061a7-b540-7d03-86d0-b708d52360d5,industrial packing,completed,yam,yam_0_61,30.7,huangrongbo,good,,,prod,2026-09-02 10:27:59.244008+00:00,2026-09-02 11:03:28.011014+00:00,/nfs/data/sz_44/20260902/episode_20260902_102616_000_b8024985.npy.mp4
01a061a8-3a10-73cf-9112-c2c8225f8166,industrial packing,completed,yam,yam_0_61,30.3,huangrongbo,good,,,prod,2026-09-02 10:28:31.593695+00:00,2026-09-02 11:03:27.213762+00:00,/nfs/data/sz_44/20260902/episode_20260902_102650_000_9873afa2.npy.mp4
01a061a8-bee0-7dc9-ac05-fae6fcdea86e,industrial packing,completed,yam,yam_0_61,31.1,huangrongbo,good,,,prod,2026-09-02 10:29:09.957858+00:00,2026-09-02 11:03:27.468146+00:00,/nfs/data/sz_44/20260902/episode_20260902_102724_000_c806464e.npy.mp4
01a061a9-4798-7ab6-b5e8-960402baf881,industrial packing,completed,yam,yam_0_61,26.9,huangrongbo,good,,,prod,2026-09-02 10:29:36.260311+00:00,2026-09-02 11:03:26.688387+00:00,/nfs/data/sz_44/20260902/episode_20260902_102759_000_1ee0c073.npy.mp4
01a061a9-c0b0-73ab-aaf5-9efd98c30046,industrial packing,completed,yam,yam_0_61,24.8,huangrongbo,good,,,prod,2026-09-02 10:30:02.564361+00:00,2026-09-02 11:03:26.791109+00:00,/nfs/data/sz_44/20260902/episode_20260902_102830_000_29f32b4d.npy.mp4
01a061aa-2e10-796c-a7a2-17913e546ac6,industrial packing,completed,yam,yam_0_61,29.7,huangrongbo,good,,,prod,2026-09-02 10:30:39.940093+00:00,2026-09-02 11:03:26.910595+00:00,/nfs/data/sz_44/20260902/episode_20260902_102858_000_37275c03.npy.mp4
01a061aa-aef8-750b-8fc3-f18ea68d33fc,industrial packing,completed,yam,yam_0_61,28.4,huangrongbo,good,,,prod,2026-09-02 10:31:11.349828+00:00,2026-09-02 11:03:24.764738+00:00,/nfs/data/sz_44/20260902/episode_20260902_102931_000_c31bc607.npy.mp4
01a061ac-25f8-7499-bb2c-9674476fa37f,industrial packing,completed,yam,yam_0_61,26.7,huangrongbo,good,,,prod,2026-09-02 10:32:44.857514+00:00,2026-09-02 11:03:24.776623+00:00,/nfs/data/sz_44/20260902/episode_20260902_103107_000_6c3ddbdc.npy.mp4
01a061ac-9f10-7479-b25e-c2e34a6a9f96,industrial packing,completed,yam,yam_0_61,31.2,huangrongbo,good,,,prod,2026-09-02 10:33:21.188149+00:00,2026-09-02 11:03:24.620870+00:00,/nfs/data/sz_44/20260902/episode_20260902_103138_000_ce254e45.npy.mp4
01a061ad-3b50-7505-8c66-ec89d60684e1,industrial packing,completed,yam,yam_0_61,28.1,huangrongbo,good,,,prod,2026-09-02 10:33:58.557640+00:00,2026-09-02 11:03:23.745298+00:00,/nfs/data/sz_44/20260902/episode_20260902_103218_000_a1002e7f.npy.mp4
01a061ad-c020-7d49-a8e8-d1bd8e60c737,industrial packing,completed,yam,yam_0_61,26.8,huangrongbo,good,,,prod,2026-09-02 10:34:29.970942+00:00,2026-09-02 11:03:23.359577+00:00,/nfs/data/sz_44/20260902/episode_20260902_103252_000_0f586763.npy.mp4
01a061ae-3938-70c5-8335-9d1243891776,industrial packing,completed,yam,yam_0_61,32.8,huangrongbo,good,,,prod,2026-09-02 10:35:07.584925+00:00,2026-09-02 11:03:23.015967+00:00,/nfs/data/sz_44/20260902/episode_20260902_103323_000_894e3aea.npy.mp4
01a061ae-c9c0-76da-ac8c-8660688117fc,industrial packing,completed,yam,yam_0_61,32.5,huangrongbo,good,,,prod,2026-09-02 10:35:45.454520+00:00,2026-09-02 11:03:21.622498+00:00,/nfs/data/sz_44/20260902/episode_20260902_103400_000_b99fee29.npy.mp4
01a061af-5a48-70d7-a641-53adb277cbd0,industrial packing,completed,yam,yam_0_61,29.3,huangrongbo,good,,,prod,2026-09-02 10:36:17.559313+00:00,2026-09-02 11:03:21.455104+00:00,/nfs/data/sz_44/20260902/episode_20260902_103437_000_919cd6e6.npy.mp4
01a061af-db30-71a7-af69-acc7e591c1e0,industrial packing,completed,yam,yam_0_61,30.6,huangrongbo,good,,,prod,2026-09-02 10:36:50.064803+00:00,2026-09-02 11:03:21.360865+00:00,/nfs/data/sz_44/20260902/episode_20260902_103510_000_a8fbe3ea.npy.mp4
01a061b0-6000-725b-a9ce-f438342acb93,industrial packing,completed,yam,yam_0_61,31.5,huangrongbo,good,,,prod,2026-09-02 10:37:27.676793+00:00,2026-09-02 11:03:20.614396+00:00,/nfs/data/sz_44/20260902/episode_20260902_103544_000_7d635fad.npy.mp4
01a061b0-e8b8-793b-86ef-38d417fa104a,industrial packing,completed,yam,yam_0_61,31.8,huangrongbo,good,,,prod,2026-09-02 10:38:05.031309+00:00,2026-09-02 11:03:20.873982+00:00,/nfs/data/sz_44/20260902/episode_20260902_103619_000_dbd8594e.npy.mp4
01a061b1-7558-7459-99d8-19c2556e4597,industrial packing,completed,yam,yam_0_61,27.7,huangrongbo,good,,,prod,2026-09-02 10:38:31.328869+00:00,2026-09-02 11:03:19.192601+00:00,/nfs/data/sz_44/20260902/episode_20260902_103655_000_11522c2c.npy.mp4
01a061b1-f258-7d73-8b8d-b04420bddd93,industrial packing,completed,yam,yam_0_61,30.0,huangrongbo,good,,,prod,2026-09-02 10:39:09.802904+00:00,2026-09-02 11:03:19.260155+00:00,/nfs/data/sz_44/20260902/episode_20260902_103727_000_c15bf3e5.npy.mp4
01a061b2-7728-7ee0-923d-95da21b9c672,industrial packing,completed,yam,yam_0_61,28.9,huangrongbo,good,,,prod,2026-09-02 10:39:41.269089+00:00,2026-09-02 11:03:20.950965+00:00,/nfs/data/sz_44/20260902/episode_20260902_103801_000_989feaf3.npy.mp4
01a061b2-f428-7dd0-ae1b-92416c00c9a9,industrial packing,completed,yam,yam_0_61,29.0,huangrongbo,good,,,prod,2026-09-02 10:40:13.607338+00:00,2026-09-02 11:03:18.433745+00:00,/nfs/data/sz_44/20260902/episode_20260902_103833_000_3ed5589e.npy.mp4
01a061b3-7510-7174-839a-394c527a49d2,industrial packing,completed,yam,yam_0_61,26.9,huangrongbo,good,,,prod,2026-09-02 10:40:45.156837+00:00,2026-09-02 11:03:17.462170+00:00,/nfs/data/sz_44/20260902/episode_20260902_103906_000_30a72211.npy.mp4
01a061b3-ea40-7e08-939f-8f3a84240941,industrial packing,completed,yam,yam_0_61,28.8,huangrongbo,good,,,prod,2026-09-02 10:41:17.610869+00:00,2026-09-02 11:03:17.686476+00:00,/nfs/data/sz_44/20260902/episode_20260902_103936_000_e70f98f7.npy.mp4
01a061b4-6f10-723a-abef-de93a0fa9f77,industrial packing,completed,yam,yam_0_61,27.1,huangrongbo,good,,,prod,2026-09-02 10:41:48.946342+00:00,2026-09-02 11:03:16.228017+00:00,/nfs/data/sz_44/20260902/episode_20260902_104010_000_81a8a6c0.npy.mp4
01a061b4-e828-7c08-975c-0a5a56b9272d,industrial packing,completed,yam,yam_0_61,31.1,huangrongbo,good,,,prod,2026-09-02 10:42:21.372603+00:00,2026-09-02 11:03:15.955980+00:00,/nfs/data/sz_44/20260902/episode_20260902_104041_000_25be90f4.npy.mp4
01a061b5-6cf8-76a3-9f49-031be8ce90fc,industrial packing,completed,yam,yam_0_61,30.6,huangrongbo,good,,,prod,2026-09-02 10:42:58.935733+00:00,2026-09-02 11:03:13.546818+00:00,/nfs/data/sz_44/20260902/episode_20260902_104115_000_d75b5951.npy.mp4
01a061b5-f5b0-705c-950b-1197c8e43307,industrial packing,completed,yam,yam_0_61,29.9,huangrongbo,good,,,prod,2026-09-02 10:43:31.368502+00:00,2026-09-02 11:03:15.213066+00:00,/nfs/data/sz_44/20260902/episode_20260902_104150_000_9d5f4e75.npy.mp4
01a061b6-7a80-701a-a3f4-d6b2fcb155a2,industrial packing,completed,yam,yam_0_61,29.2,huangrongbo,good,,,prod,2026-09-02 10:44:03.770281+00:00,2026-09-02 11:03:22.194708+00:00,/nfs/data/sz_44/20260902/episode_20260902_104224_000_910d5375.npy.mp4
01a061b6-fb68-74c3-a542-ad6be59d78a8,industrial packing,completed,yam,yam_0_61,26.7,huangrongbo,good,,,prod,2026-09-02 10:44:35.158299+00:00,2026-09-02 11:03:13.832966+00:00,/nfs/data/sz_44/20260902/episode_20260902_104257_000_2e91a10f.npy.mp4
01a061b7-7098-72a4-a11b-c7b0b5747385,industrial packing,completed,yam,yam_0_61,30.1,huangrongbo,good,,,prod,2026-09-02 10:45:06.573446+00:00,2026-09-02 11:03:12.507613+00:00,/nfs/data/sz_44/20260902/episode_20260902_104327_000_79cfa62d.npy.mp4
01a061b7-f568-7d49-b174-9b055317b17a,industrial packing,completed,yam,yam_0_61,27.2,huangrongbo,good,,,prod,2026-09-02 10:45:37.909909+00:00,2026-09-02 11:03:11.526874+00:00,/nfs/data/sz_44/20260902/episode_20260902_104401_000_2d5185fa.npy.mp4
01a061b8-6e80-7a80-91b2-5b659a50c493,industrial packing,completed,yam,yam_0_61,32.0,huangrongbo,good,,,prod,2026-09-02 10:46:16.221131+00:00,2026-09-02 11:03:08.417132+00:00,/nfs/data/sz_44/20260902/episode_20260902_104432_000_dd3a9ff0.npy.mp4
01a061b8-fb20-7930-a36d-4d316e216867,industrial packing,completed,yam,yam_0_61,31.6,huangrongbo,good,,,prod,2026-09-02 10:46:53.554165+00:00,2026-09-02 11:03:10.069436+00:00,/nfs/data/sz_44/20260902/episode_20260902_104508_000_1f5f3557.npy.mp4
01a061b9-83d8-7cbb-aea3-59c8bb59303f,industrial packing,completed,yam,yam_0_61,33.0,huangrongbo,good,,,prod,2026-09-02 10:47:26.854256+00:00,2026-09-02 11:03:09.089336+00:00,/nfs/data/sz_44/20260902/episode_20260902_104543_000_99f2b11c.npy.mp4
01a061ba-1460-7f01-b668-b645e72fa916,industrial packing,completed,yam,yam_0_61,29.3,huangrongbo,good,,,prod,2026-09-02 10:47:58.170333+00:00,2026-09-02 11:03:08.776915+00:00,/nfs/data/sz_44/20260902/episode_20260902_104620_000_2f35536a.npy.mp4
01a061ba-9160-772f-840b-7d3127289743,industrial packing,completed,yam,yam_0_61,27.4,huangrongbo,good,,,prod,2026-09-02 10:48:30.619238+00:00,2026-09-02 11:03:05.684082+00:00,/nfs/data/sz_44/20260902/episode_20260902_104652_000_db8212bb.npy.mp4
01a061bb-0a78-78e3-a6ae-66897c9d18a6,industrial packing,completed,yam,yam_0_61,25.1,huangrongbo,good,,,prod,2026-09-02 10:48:55.928210+00:00,2026-09-02 11:03:06.655328+00:00,/nfs/data/sz_44/20260902/episode_20260902_104723_000_0e74b986.npy.mp4
01a061bb-7bc0-7b3a-88c3-3a1be1b9b14c,industrial packing,completed,yam,yam_0_61,32.5,huangrongbo,good,,,prod,2026-09-02 10:49:39.358178+00:00,2026-09-02 11:03:04.943214+00:00,/nfs/data/sz_44/20260902/episode_20260902_104752_000_e2ba043e.npy.mp4
01a061bc-0860-7c3a-a4f8-cabf1a8df5c3,industrial packing,completed,yam,yam_0_61,29.1,huangrongbo,good,,,prod,2026-09-02 10:50:05.651912+00:00,2026-09-02 11:03:05.477150+00:00,/nfs/data/sz_44/20260902/episode_20260902_104828_000_caeed121.npy.mp4
01a061bc-8948-77b8-b95f-1e6ed12b72e7,industrial packing,completed,yam,yam_0_61,28.0,huangrongbo,good,,,prod,2026-09-02 10:50:37.986876+00:00,2026-09-02 11:03:04.357091+00:00,/nfs/data/sz_44/20260902/episode_20260902_104901_000_833d41bd.npy.mp4
01a061bd-0260-7352-b9b7-903bb3026021,industrial packing,completed,yam,yam_0_61,28.8,huangrongbo,good,,,prod,2026-09-02 10:51:15.326021+00:00,2026-09-02 11:03:03.995112+00:00,/nfs/data/sz_44/20260902/episode_20260902_104932_000_a820b0c3.npy.mp4
01a061bd-8348-7920-8726-d32f35f6f04e,industrial packing,completed,yam,yam_0_61,30.3,huangrongbo,good,,,prod,2026-09-02 10:51:47.657245+00:00,2026-09-02 11:03:04.087925+00:00,/nfs/data/sz_44/20260902/episode_20260902_105005_000_069bcf55.npy.mp4
01a061be-0818-734c-8ac3-6bbf00c5c551,industrial packing,completed,yam,yam_0_61,31.9,huangrongbo,good,,,prod,2026-09-02 10:52:26.001201+00:00,2026-09-02 11:03:03.155157+00:00,/nfs/data/sz_44/20260902/episode_20260902_105039_000_6e28421d.npy.mp4
01a061be-94b8-7c6b-9255-f1190a912283,industrial packing,completed,yam,yam_0_61,31.2,huangrongbo,good,,,prod,2026-09-02 10:52:58.355270+00:00,2026-09-02 11:03:02.321795+00:00,/nfs/data/sz_44/20260902/episode_20260902_105115_000_7396d9b4.npy.mp4
01a061bf-1d70-72fb-aa0f-55fd577e4bb0,industrial packing,completed,yam,yam_0_61,27.3,huangrongbo,good,,,prod,2026-09-02 10:53:29.685345+00:00,2026-09-02 11:03:01.594232+00:00,/nfs/data/sz_44/20260902/episode_20260902_105150_000_2ebeac8c.npy.mp4
01a061bf-9688-7797-bb0f-105ff3c035fb,industrial packing,completed,yam,yam_0_61,30.4,huangrongbo,good,,,prod,2026-09-02 10:54:02.019416+00:00,2026-09-02 11:03:02.286490+00:00,/nfs/data/sz_44/20260902/episode_20260902_105221_000_b9e3fbd9.npy.mp4
01a061c0-1f40-7ab0-babc-d5dd936b37f9,industrial packing,completed,yam,yam_0_61,30.3,huangrongbo,good,,,prod,2026-09-02 10:54:40.362808+00:00,2026-09-02 11:03:02.446615+00:00,/nfs/data/sz_44/20260902/episode_20260902_105256_000_35b969d5.npy.mp4
01a061c0-a410-752b-aca2-db6cabda5f09,industrial packing,completed,yam,yam_0_61,27.4,huangrongbo,good,,,prod,2026-09-02 10:55:06.692126+00:00,2026-09-02 11:03:01.176897+00:00,/nfs/data/sz_44/20260902/episode_20260902_105330_000_2532db02.npy.mp4
01a061c1-1d28-7b8c-8ac8-f0f1aff6095d,industrial packing,completed,yam,yam_0_61,33.2,huangrongbo,good,,,prod,2026-09-02 10:55:44.358421+00:00,2026-09-02 11:03:00.663024+00:00,/nfs/data/sz_44/20260902/episode_20260902_105401_000_f11e2921.npy.mp4
01a061c1-adb0-7bf3-a3c1-eec2850d5eed,industrial packing,completed,yam,yam_0_61,26.1,huangrongbo,good,,,prod,2026-09-02 10:56:15.841864+00:00,2026-09-02 11:03:01.025821+00:00,/nfs/data/sz_44/20260902/episode_20260902_105438_000_1f1dd134.npy.mp4
01a061c2-1ef8-7623-a554-9fc54729eca9,industrial packing,completed,yam,yam_0_61,27.7,huangrongbo,good,,,prod,2026-09-02 10:56:47.314177+00:00,2026-09-02 11:03:00.584234+00:00,/nfs/data/sz_44/20260902/episode_20260902_105507_000_b17846b6.npy.mp4
01a061c2-9bf8-7552-adf5-a4c1c6841c25,industrial packing,completed,yam,yam_0_61,33.1,huangrongbo,good,,,prod,2026-09-02 10:57:25.738058+00:00,2026-09-02 11:02:59.310801+00:00,/nfs/data/sz_44/20260902/episode_20260902_105539_000_9d11701b.npy.mp4
01a061c3-2c80-7658-8462-7585051e417f,industrial packing,completed,yam,yam_0_61,31.1,huangrongbo,good,,,prod,2026-09-02 10:57:57.027629+00:00,2026-09-02 11:02:59.319261+00:00,/nfs/data/sz_44/20260902/episode_20260902_105616_000_09f923e9.npy.mp4
01a061c3-b920-7515-8a8f-48eba4492684,industrial packing,completed,yam,yam_0_61,28.9,huangrongbo,good,,,prod,2026-09-02 10:58:36.598409+00:00,2026-09-02 14:06:06.633466+00:00,/nfs/data/sz_44/20260902/episode_20260902_105652_000_00979bbf.npy.mp4
01a061c4-3620-71e6-a4b9-21d1b431dc03,industrial packing,completed,yam,yam_0_61,28.8,huangrongbo,good,,,prod,2026-09-02 10:59:18.162852+00:00,2026-09-02 11:02:57.632138+00:00,/nfs/data/sz_44/20260902/episode_20260902_105724_000_da4818b0.npy.mp4
01a061c4-b708-71bd-8912-23162698210d,industrial packing,completed,yam,yam_0_61,34.2,huangrongbo,good,,,prod,2026-09-02 10:59:50.771274+00:00,2026-09-02 11:02:55.567897+00:00,/nfs/data/sz_44/20260902/episode_20260902_105757_000_c2848647.npy.mp4
01a061c5-4b78-7480-a6a0-e1c302e7de00,industrial packing,completed,yam,yam_0_61,28.8,huangrongbo,good,,,prod,2026-09-02 11:00:17.865004+00:00,2026-09-02 11:02:56.039954+00:00,/nfs/data/sz_44/20260902/episode_20260902_105835_000_fa905eee.npy.mp4
01a061c5-cc60-79a9-969c-c0259e863a62,industrial packing,completed,yam,yam_0_61,34.7,huangrongbo,good,,,prod,2026-09-02 11:00:55.720613+00:00,2026-09-02 11:02:54.847197+00:00,/nfs/data/sz_44/20260902/episode_20260902_105908_000_3c5aef21.npy.mp4
01a061c6-64b8-744c-a31d-65e3bfbff532,industrial packing,completed,yam,yam_0_61,31.7,huangrongbo,good,,,prod,2026-09-02 11:01:33.825235+00:00,2026-09-02 11:02:55.031092+00:00,/nfs/data/sz_44/20260902/episode_20260902_105947_000_c6c6f3ee.npy.mp4
01a06283-f028-7bf0-91ef-3ddbc9e31ce7,industrial packing,completed,yam,yam_0_61,38.0,yinli,good,,,prod,2026-09-02 14:28:40.323584+00:00,2026-09-03 00:30:31.303377+00:00,/nfs/data/sz_44/20260902/episode_20260902_142649_000_2422a6b0.npy.mp4
01a06287-3030-79af-91ad-c0b2dabb9a14,industrial packing,completed,yam,yam_0_61,39.4,yinli,good,,,prod,2026-09-02 14:32:12.801967+00:00,2026-09-03 00:30:31.091007+00:00,/nfs/data/sz_44/20260902/episode_20260902_143022_000_2f405dab.npy.mp4
01a06289-bc88-753a-877f-1144cc42ad05,industrial packing,completed,yam,yam_0_61,42.1,yinli,good,,,prod,2026-09-02 14:35:07.418491+00:00,2026-09-03 00:30:30.884766+00:00,/nfs/data/sz_44/20260902/episode_20260902_143309_000_818d47cc.npy.mp4
01a0628a-7bf0-772e-b085-e32c90e5f6ff,industrial packing,completed,yam,yam_0_61,50.0,yinli,good,,,prod,2026-09-02 14:36:04.869153+00:00,2026-09-03 00:30:30.203816+00:00,/nfs/data/sz_44/20260902/episode_20260902_143358_000_fd1457ff.npy.mp4
01a0628b-52c8-7175-bd24-772ac0b9a347,industrial packing,completed,yam,yam_0_61,42.5,yinli,good,,,prod,2026-09-02 14:36:49.250826+00:00,2026-09-03 00:30:30.002117+00:00,/nfs/data/sz_44/20260902/episode_20260902_143453_000_cc2ed9a3.npy.mp4
01a0628c-0e48-77b0-8a85-f4aa112b858f,industrial packing,completed,yam,yam_0_61,54.9,yinli,good,,,prod,2026-09-02 14:37:51.614276+00:00,2026-09-03 00:30:29.878268+00:00,/nfs/data/sz_44/20260902/episode_20260902_143541_000_ee58bc0e.npy.mp4
01a0628c-f8a8-7ea9-ba97-c63a05a0831c,industrial packing,completed,yam,yam_0_61,54.0,yinli,good,,,prod,2026-09-02 14:38:54.058008+00:00,2026-09-03 00:30:29.288374+00:00,/nfs/data/sz_44/20260902/episode_20260902_143641_000_f626d9a2.npy.mp4
01a0628d-e308-7540-93d1-6ebf716c7952,industrial packing,completed,yam,yam_0_61,55.3,yinli,good,,,prod,2026-09-02 14:39:51.459015+00:00,2026-09-03 00:30:29.077487+00:00,/nfs/data/sz_44/20260902/episode_20260902_143741_000_23318607.npy.mp4
01a0628e-cd68-75b9-bff8-847490ff190b,industrial packing,completed,yam,yam_0_61,54.2,yinli,good,,,prod,2026-09-02 14:40:54.845951+00:00,2026-09-03 00:30:28.871813+00:00,/nfs/data/sz_44/20260902/episode_20260902_143841_000_1d03498d.npy.mp4
01a0628f-b7c8-7a5f-911c-89cc2ecb73b9,industrial packing,completed,yam,yam_0_61,58.3,yinli,good,,,prod,2026-09-02 14:41:58.769161+00:00,2026-09-03 00:30:28.362728+00:00,/nfs/data/sz_44/20260902/episode_20260902_143941_000_a2871ab1.npy.mp4
01a06290-b5b0-7232-99d5-4afa1a24d103,industrial packing,completed,yam,yam_0_61,62.9,yinli,good,,,prod,2026-09-02 14:43:08.321786+00:00,2026-09-03 00:30:28.103331+00:00,/nfs/data/sz_44/20260902/episode_20260902_144046_000_00c3712c.npy.mp4
01a06291-bf50-75ac-82c5-199d610325ff,industrial packing,completed,yam,yam_0_61,54.8,yinli,good,,,prod,2026-09-02 14:44:05.670412+00:00,2026-09-03 00:30:27.872000+00:00,/nfs/data/sz_44/20260902/episode_20260902_144154_000_a41d8426.npy.mp4
01a06292-b950-7168-b597-3dbac0a054a0,industrial packing,completed,yam,yam_0_61,51.3,yinli,good,,,prod,2026-09-02 14:45:08.100139+00:00,2026-09-03 00:30:27.185218+00:00,/nfs/data/sz_44/20260902/episode_20260902_144258_000_713424f0.npy.mp4
01a06293-9410-743c-a35a-68734225c022,industrial packing,completed,yam,yam_0_61,58.0,yinli,good,,,prod,2026-09-02 14:46:11.488910+00:00,2026-09-03 00:30:26.976075+00:00,/nfs/data/sz_44/20260902/episode_20260902_144354_000_61263152.npy.mp4
01a06294-8a28-7cef-a22b-643299271886,industrial packing,completed,yam,yam_0_61,48.2,yinli,good,,,prod,2026-09-02 14:47:02.840599+00:00,2026-09-03 00:30:26.373332+00:00,/nfs/data/sz_44/20260902/episode_20260902_144457_000_03b4aafe.npy.mp4
01a06295-5d18-7203-9796-6f105a61891f,industrial packing,completed,yam,yam_0_61,61.1,yinli,good,,,prod,2026-09-02 14:48:11.238697+00:00,2026-09-03 00:30:26.147949+00:00,/nfs/data/sz_44/20260902/episode_20260902_144551_000_3ac0f019.npy.mp4
01a06296-9598-70fb-9fb9-d05bdef16c0c,industrial packing,completed,yam,yam_0_61,60.0,yinli,good,,,prod,2026-09-02 14:49:29.647571+00:00,2026-09-03 00:30:25.921528+00:00,/nfs/data/sz_44/20260902/episode_20260902_144711_000_5737f3ba.npy.mp4
01a06297-9380-7254-aaa5-76039ecdd01c,industrial packing,completed,yam,yam_0_61,59.5,yinli,good,,,prod,2026-09-02 14:50:34.053997+00:00,2026-09-03 00:30:25.893689+00:00,/nfs/data/sz_44/20260902/episode_20260902_144816_000_db807d4d.npy.mp4
01a06298-9168-7206-b790-a97afd726413,industrial packing,completed,yam,yam_0_61,63.1,yinli,good,,,prod,2026-09-02 14:51:43.483521+00:00,2026-09-03 00:30:25.293857+00:00,/nfs/data/sz_44/20260902/episode_20260902_144921_000_17df1048.npy.mp4
01a06299-9b08-7aa4-912f-864d73cb3b3e,industrial packing,completed,yam,yam_0_61,54.8,yinli,good,,,prod,2026-09-02 14:52:41.844868+00:00,2026-09-03 00:30:25.065994+00:00,/nfs/data/sz_44/20260902/episode_20260902_145029_000_f53ae161.npy.mp4
01a0629a-8568-78ff-b127-0e5165a94546,industrial packing,completed,yam,yam_0_61,57.2,yinli,good,,,prod,2026-09-02 14:53:45.214299+00:00,2026-09-03 00:30:24.897323+00:00,/nfs/data/sz_44/20260902/episode_20260902_145129_000_f270dac8.npy.mp4
01a0629b-7798-79e1-9d1e-0649975b9ffe,industrial packing,completed,yam,yam_0_61,58.3,yinli,good,,,prod,2026-09-02 14:54:49.596188+00:00,2026-09-03 00:30:24.395331+00:00,/nfs/data/sz_44/20260902/episode_20260902_145231_000_701de338.npy.mp4
01a0629c-7580-7540-8205-086542086753,industrial packing,completed,yam,yam_0_61,53.5,yinli,good,,,prod,2026-09-02 14:55:47.013544+00:00,2026-09-03 00:30:24.172711+00:00,/nfs/data/sz_44/20260902/episode_20260902_145336_000_e7f793b8.npy.mp4
01a0629d-5fe0-7adc-9ca2-454f1d9d5f51,industrial packing,completed,yam,yam_0_61,51.9,yinli,good,,,prod,2026-09-02 14:56:43.437346+00:00,2026-09-03 00:30:23.970366+00:00,/nfs/data/sz_44/20260902/episode_20260902_145436_000_2c2ee86e.npy.mp4
01a0629e-55f8-7668-8178-7050c5b448c8,industrial packing,completed,yam,yam_0_61,53.3,yinli,good,,,prod,2026-09-02 14:57:50.932941+00:00,2026-09-03 00:30:23.271682+00:00,/nfs/data/sz_44/20260902/episode_20260902_145539_000_9d61172c.npy.mp4
01a0629f-4440-7d68-9768-7fae77aef083,industrial packing,completed,yam,yam_0_61,59.1,yinli,good,,,prod,2026-09-02 14:58:58.313405+00:00,2026-09-03 00:30:23.043705+00:00,/nfs/data/sz_44/20260902/episode_20260902_145640_000_60219d49.npy.mp4
01a062a2-5950-7288-b516-2563112a9b97,industrial packing,completed,yam,yam_0_61,48.7,yinli,good,,,prod,2026-09-02 15:02:04.044807+00:00,2026-09-03 00:30:22.960203+00:00,/nfs/data/sz_44/20260902/episode_20260902_150002_000_d74ec54c.npy.mp4
01a062a3-2c40-7f8e-99b3-f6677e1a4de8,industrial packing,completed,yam,yam_0_61,48.8,yinli,good,,,prod,2026-09-02 15:03:00.425473+00:00,2026-09-03 00:30:22.290487+00:00,/nfs/data/sz_44/20260902/episode_20260902_150056_000_b75253fa.npy.mp4
01a062a4-0ed0-761e-bf6b-69537a1475f7,industrial packing,completed,yam,yam_0_61,54.0,yinli,good,,,prod,2026-09-02 15:04:02.872443+00:00,2026-09-03 00:30:22.063064+00:00,/nfs/data/sz_44/20260902/episode_20260902_150154_000_1b8162c7.npy.mp4
01a062a4-fd18-7661-a4c0-7be3cc4e4341,industrial packing,completed,yam,yam_0_61,44.0,yinli,good,,,prod,2026-09-02 15:04:53.230396+00:00,2026-09-03 00:30:21.876746+00:00,/nfs/data/sz_44/20260902/episode_20260902_150255_000_a04709b3.npy.mp4
01a062a5-d008-785b-8f0f-f915b9fdf6f0,industrial packing,completed,yam,yam_0_61,48.0,yinli,good,,,prod,2026-09-02 15:05:54.631057+00:00,2026-09-03 00:30:21.377544+00:00,/nfs/data/sz_44/20260902/episode_20260902_150349_000_935760ce.npy.mp4
01a062a6-a6e0-7e1d-8b73-38b7602e16e5,industrial packing,completed,yam,yam_0_61,50.7,yinli,good,,,prod,2026-09-02 15:06:52.011362+00:00,2026-09-03 00:30:21.152311+00:00,/nfs/data/sz_44/20260902/episode_20260902_150444_000_695f75af.npy.mp4
01a062a7-7db8-70ec-b172-1e1e5b187c91,industrial packing,completed,yam,yam_0_61,48.8,yinli,good,,,prod,2026-09-02 15:07:43.454422+00:00,2026-09-03 00:30:20.925202+00:00,/nfs/data/sz_44/20260902/episode_20260902_150539_000_e27da27d.npy.mp4
01a062a8-4cc0-79f9-ac79-d458f007be44,industrial packing,completed,yam,yam_0_61,51.1,yinli,good,,,prod,2026-09-02 15:08:38.793782+00:00,2026-09-03 00:30:20.263581+00:00,/nfs/data/sz_44/20260902/episode_20260902_150632_000_83589068.npy.mp4
01a062a9-5e30-7f9a-8560-afc772721907,industrial packing,completed,yam,yam_0_61,48.2,yinli,good,,,prod,2026-09-02 15:09:47.209455+00:00,2026-09-03 00:30:20.051904+00:00,/nfs/data/sz_44/20260902/episode_20260902_150742_000_7cd33d20.npy.mp4
01a062aa-3508-7598-9e11-4e36aee8180e,industrial packing,completed,yam,yam_0_61,54.8,yinli,good,,,prod,2026-09-02 15:10:45.588184+00:00,2026-09-03 00:30:19.875011+00:00,/nfs/data/sz_44/20260902/episode_20260902_150837_000_30407e9b.npy.mp4
01a062ab-7940-7f06-846b-2997947db60c,industrial packing,completed,yam,yam_0_61,52.7,yinli,good,,,prod,2026-09-02 15:12:08.098241+00:00,2026-09-03 00:30:19.329275+00:00,/nfs/data/sz_44/20260902/episode_20260902_151000_000_64d00c33.npy.mp4
01a062ac-5fb8-7105-9074-5af891c390c3,industrial packing,completed,yam,yam_0_61,55.2,yinli,good,,,prod,2026-09-02 15:13:10.466367+00:00,2026-09-03 00:30:19.095396+00:00,/nfs/data/sz_44/20260902/episode_20260902_151059_000_0abd6d4d.npy.mp4
01a062ad-4630-7e51-86ed-a13e59c98ef0,industrial packing,completed,yam,yam_0_61,55.5,yinli,good,,,prod,2026-09-02 15:14:13.795861+00:00,2026-09-03 00:30:18.898405+00:00,/nfs/data/sz_44/20260902/episode_20260902_151158_000_f39f8c21.npy.mp4
01a062af-6528-7c60-b214-ba2f078bff39,industrial packing,completed,yam,yam_0_61,53.2,yinli,good,,,prod,2026-09-02 15:16:27.408819+00:00,2026-09-03 00:30:18.374331+00:00,/nfs/data/sz_44/20260902/episode_20260902_151417_000_5a7f7cd8.npy.mp4
01a062b0-4f88-7134-8a27-023d4c78c194,industrial packing,completed,yam,yam_0_61,51.3,yinli,good,,,prod,2026-09-02 15:17:24.797078+00:00,2026-09-03 00:30:18.132537+00:00,/nfs/data/sz_44/20260902/episode_20260902_151517_000_0ccc5f9d.npy.mp4
01a062b1-3600-778b-a0dd-a6ab096f2eb7,industrial packing,completed,yam,yam_0_61,55.5,yinli,good,,,prod,2026-09-02 15:18:27.188997+00:00,2026-09-03 00:30:17.892411+00:00,/nfs/data/sz_44/20260902/episode_20260902_151616_000_63554fcb.npy.mp4
01a062b2-2448-70cf-a913-a217c08ce50a,industrial packing,completed,yam,yam_0_61,50.5,yinli,good,,,prod,2026-09-02 15:19:22.561132+00:00,2026-09-03 00:30:17.184639+00:00,/nfs/data/sz_44/20260902/episode_20260902_151717_000_bfbb8c59.npy.mp4
01a062b3-4558-7acf-a511-682be49d35fb,industrial packing,completed,yam,yam_0_61,54.3,yinli,good,,,prod,2026-09-02 15:20:39.983398+00:00,2026-09-03 00:30:16.948071+00:00,/nfs/data/sz_44/20260902/episode_20260902_151831_000_ba66411c.npy.mp4
01a062b4-4340-74bb-a2c0-b64d57d840d7,industrial packing,completed,yam,yam_0_61,48.9,yinli,good,,,prod,2026-09-02 15:21:41.327470+00:00,2026-09-03 00:30:11.094995+00:00,/nfs/data/sz_44/20260902/episode_20260902_151936_000_d37d42ba.npy.mp4
01a062b5-25d0-72bb-96f7-9d004f1f94c3,industrial packing,completed,yam,yam_0_61,46.7,yinli,good,,,prod,2026-09-02 15:22:36.705681+00:00,2026-09-03 00:30:10.880384+00:00,/nfs/data/sz_44/20260902/episode_20260902_152034_000_1563680f.npy.mp4
01a062b5-ed08-7c7f-88df-7d289f0a7abe,industrial packing,completed,yam,yam_0_61,52.1,yinli,good,,,prod,2026-09-02 15:23:33.074304+00:00,2026-09-03 00:30:10.214445+00:00,/nfs/data/sz_44/20260902/episode_20260902_152125_000_53048165.npy.mp4
01a062b6-eaf0-7067-862b-a669c9c5d571,industrial packing,completed,yam,yam_0_61,48.8,yinli,good,,,prod,2026-09-02 15:24:34.452051+00:00,2026-09-03 00:30:09.992598+00:00,/nfs/data/sz_44/20260902/episode_20260902_152230_000_896d8067.npy.mp4
01a062b7-bde0-7196-a435-7f0a8ebbd615,industrial packing,completed,yam,yam_0_61,55.6,yinli,good,,,prod,2026-09-02 15:25:36.828722+00:00,2026-09-03 00:30:09.875514+00:00,/nfs/data/sz_44/20260902/episode_20260902_152324_000_e67ad6f7.npy.mp4
01a062b8-bfb0-7c41-8640-2c3171675ceb,industrial packing,completed,yam,yam_0_61,56.1,yinli,good,,,prod,2026-09-02 15:26:45.209255+00:00,2026-09-03 00:30:09.338677+00:00,/nfs/data/sz_44/20260902/episode_20260902_152430_000_6b925cd4.npy.mp4
01a062b9-adf8-7d8c-a337-2a64d0fdf88d,industrial packing,completed,yam,yam_0_61,51.2,yinli,good,,,prod,2026-09-02 15:27:37.557810+00:00,2026-09-03 00:30:09.112866+00:00,/nfs/data/sz_44/20260902/episode_20260902_152531_000_c53e65c3.npy.mp4
01a062ba-8ca0-70a7-99b8-9e364cbc89b1,industrial packing,completed,yam,yam_0_61,52.9,yinli,good,,,prod,2026-09-02 15:28:38.915941+00:00,2026-09-03 00:30:08.900927+00:00,/nfs/data/sz_44/20260902/episode_20260902_152628_000_7d7ec4b7.npy.mp4
01a062bb-9258-7ec5-8b65-a5d31fae3983,industrial packing,completed,yam,yam_0_61,58.0,yinli,good,,,prod,2026-09-02 15:29:52.309052+00:00,2026-09-03 00:30:08.195381+00:00,/nfs/data/sz_44/20260902/episode_20260902_152735_000_b4deb3e5.npy.mp4
01a062bc-8c58-7902-9f38-be79020a726e,industrial packing,completed,yam,yam_0_61,56.2,yinli,good,,,prod,2026-09-02 15:30:55.741111+00:00,2026-09-03 00:30:07.954052+00:00,/nfs/data/sz_44/20260902/episode_20260902_152839_000_a1d577ae.npy.mp4
01a062bd-7aa0-7de4-8bd2-57d045f9ac87,industrial packing,completed,yam,yam_0_61,55.5,yinli,good,,,prod,2026-09-02 15:31:54.098204+00:00,2026-09-03 00:30:07.287929+00:00,/nfs/data/sz_44/20260902/episode_20260902_152940_000_fef6d014.npy.mp4
01a062be-68e8-78f5-b6d3-90fddcc948d5,industrial packing,completed,yam,yam_0_61,57.3,yinli,good,,,prod,2026-09-02 15:32:57.477738+00:00,2026-09-03 00:30:07.080278+00:00,/nfs/data/sz_44/20260902/episode_20260902_153041_000_85218886.npy.mp4
01a062bf-5b18-7d0a-b7a6-0b0bd5d3bb63,industrial packing,completed,yam,yam_0_61,58.6,yinli,good,,,prod,2026-09-02 15:34:00.881870+00:00,2026-09-03 00:30:06.892071+00:00,/nfs/data/sz_44/20260902/episode_20260902_153143_000_8f665459.npy.mp4
01a062c0-64b8-7289-a6b6-cf53bd0aa7ce,industrial packing,completed,yam,yam_0_61,55.8,yinli,good,,,prod,2026-09-02 15:35:03.261085+00:00,2026-09-03 00:30:06.348076+00:00,/nfs/data/sz_44/20260902/episode_20260902_153251_000_67a040be.npy.mp4
01a062c1-56e8-77a8-b677-89abfd0f6df9,industrial packing,completed,yam,yam_0_61,61.3,yinli,good,,,prod,2026-09-02 15:36:11.658408+00:00,2026-09-03 00:30:06.125789+00:00,/nfs/data/sz_44/20260902/episode_20260902_153353_000_5bc2ddf0.npy.mp4
01a062c2-9f08-7c0f-a8b8-fe080e46467e,industrial packing,completed,yam,yam_0_61,51.0,yinli,good,,,prod,2026-09-02 15:37:24.082145+00:00,2026-09-03 00:30:05.895655+00:00,/nfs/data/sz_44/20260902/episode_20260902_153517_000_b53e28f3.npy.mp4
01a062c3-79c8-7d19-993d-38e80b0af6c4,industrial packing,completed,yam,yam_0_61,53.6,yinli,good,,,prod,2026-09-02 15:38:26.493666+00:00,2026-09-03 00:30:05.219020+00:00,/nfs/data/sz_44/20260902/episode_20260902_153613_000_8e060b93.npy.mp4
01a062c4-6428-7291-884b-a26b312f3ea3,industrial packing,completed,yam,yam_0_61,51.6,yinli,good,,,prod,2026-09-02 15:39:24.876858+00:00,2026-09-03 00:30:05.002982+00:00,/nfs/data/sz_44/20260902/episode_20260902_153713_000_2ff5f15c.npy.mp4
01a062c5-42d0-789f-87e5-95ff7bd45a08,industrial packing,completed,yam,yam_0_61,56.2,yinli,good,,,prod,2026-09-02 15:40:22.228289+00:00,2026-09-03 00:30:04.878631+00:00,/nfs/data/sz_44/20260902/episode_20260902_153810_000_3475934d.npy.mp4
01a062c6-3500-7e64-afd4-a158042d6731,industrial packing,completed,yam,yam_0_61,57.3,yinli,good,,,prod,2026-09-02 15:41:25.660583+00:00,2026-09-03 00:30:04.296681+00:00,/nfs/data/sz_44/20260902/episode_20260902_153912_000_f81cb43a.npy.mp4
01a062c7-2f00-7dce-b31d-ad88572a35bd,industrial packing,completed,yam,yam_0_61,55.9,yinli,good,,,prod,2026-09-02 15:42:28.051572+00:00,2026-09-03 00:30:04.057642+00:00,/nfs/data/sz_44/20260902/episode_20260902_154016_000_db4f7736.npy.mp4
01a062c8-1d48-7ad1-8f09-e4074e94a684,industrial packing,completed,yam,yam_0_61,55.7,yinli,good,,,prod,2026-09-02 15:43:32.457342+00:00,2026-09-03 00:30:03.890605+00:00,/nfs/data/sz_44/20260902/episode_20260902_154117_000_442a8173.npy.mp4
01a062c9-07a8-7507-a3db-225991fcafe0,industrial packing,completed,yam,yam_0_61,55.1,yinli,good,,,prod,2026-09-02 15:44:29.856568+00:00,2026-09-03 00:30:03.379729+00:00,/nfs/data/sz_44/20260902/episode_20260902_154217_000_a92470cc.npy.mp4
01a062c9-f9d8-7a69-92e4-a839d50ce4f0,industrial packing,completed,yam,yam_0_61,52.9,yinli,good,,,prod,2026-09-02 15:45:28.224362+00:00,2026-09-03 00:30:03.160829+00:00,/nfs/data/sz_44/20260902/episode_20260902_154319_000_a08bf1dd.npy.mp4
01a062ca-d880-7f0b-a0da-9cc79af00d5b,industrial packing,completed,yam,yam_0_61,60.3,yinli,good,,,prod,2026-09-02 15:46:37.612380+00:00,2026-09-03 00:30:02.935225+00:00,/nfs/data/sz_44/20260902/episode_20260902_154416_000_d0839846.npy.mp4
01a062cb-d668-79b4-ae93-119fdc7db655,industrial packing,completed,yam,yam_0_61,59.5,yinli,good,,,prod,2026-09-02 15:47:42.038725+00:00,2026-09-03 00:30:02.284027+00:00,/nfs/data/sz_44/20260902/episode_20260902_154521_000_f5f1ec49.npy.mp4
01a062cc-d068-7b61-9b1d-9df5d1ee297d,industrial packing,completed,yam,yam_0_61,59.3,yinli,good,,,prod,2026-09-02 15:48:46.426265+00:00,2026-09-03 00:30:02.040274+00:00,/nfs/data/sz_44/20260902/episode_20260902_154625_000_4b0a1567.npy.mp4
01a062cd-ca68-7e88-824e-1933add44418,industrial packing,completed,yam,yam_0_61,58.6,yinli,good,,,prod,2026-09-02 15:49:44.769344+00:00,2026-09-03 00:30:01.901639+00:00,/nfs/data/sz_44/20260902/episode_20260902_154729_000_4515f642.npy.mp4
01a062ce-c850-7182-93fd-86469c03531c,industrial packing,completed,yam,yam_0_61,52.6,yinli,good,,,prod,2026-09-02 15:50:42.155917+00:00,2026-09-03 00:30:01.375657+00:00,/nfs/data/sz_44/20260902/episode_20260902_154834_000_c1afa057.npy.mp4
01a062cf-a6f8-7392-b761-5ba60bd1924c,industrial packing,completed,yam,yam_0_61,58.6,yinli,good,,,prod,2026-09-02 15:51:51.569474+00:00,2026-09-03 00:30:01.145163+00:00,/nfs/data/sz_44/20260902/episode_20260902_154931_000_11ff42f8.npy.mp4
01a062d0-a8c8-7632-85a2-42bea183ff71,industrial packing,completed,yam,yam_0_61,58.7,yinli,good,,,prod,2026-09-02 15:52:55.926281+00:00,2026-09-03 00:30:00.924371+00:00,/nfs/data/sz_44/20260902/episode_20260902_155037_000_ee93d2f3.npy.mp4
01a062d1-9ee0-7028-a1fc-14a367602dde,industrial packing,completed,yam,yam_0_61,59.1,yinli,good,,,prod,2026-09-02 15:54:00.341744+00:00,2026-09-03 00:30:00.872081+00:00,/nfs/data/sz_44/20260902/episode_20260902_155140_000_08d0bf2c.npy.mp4
01a062d2-98e0-77d4-86fb-671fd9c03fa8,industrial packing,completed,yam,yam_0_61,60.1,yinli,good,,,prod,2026-09-02 15:55:04.733012+00:00,2026-09-03 00:30:00.252564+00:00,/nfs/data/sz_44/20260902/episode_20260902_155244_000_344f7c28.npy.mp4
01a062d3-96c8-7460-87c0-b085d6cb9fe5,industrial packing,completed,yam,yam_0_61,57.0,yinli,good,,,prod,2026-09-02 15:56:02.090273+00:00,2026-09-03 00:30:00.055197+00:00,/nfs/data/sz_44/20260902/episode_20260902_155349_000_06d129cd.npy.mp4
01a062d6-61a0-7737-870d-48e7632f1265,industrial packing,completed,yam,yam_0_61,57.1,yinli,good,,,prod,2026-09-02 15:59:10.755705+00:00,2026-09-03 00:29:59.906194+00:00,/nfs/data/sz_44/20260902/episode_20260902_155652_000_84872a36.npy.mp4
01a062d7-6370-7118-b933-cbfe73c5a73a,industrial packing,completed,yam,yam_0_61,56.3,yinli,good,,,prod,2026-09-02 16:00:14.135893+00:00,2026-09-03 00:29:59.393165+00:00,/nfs/data/sz_44/20260902/episode_20260902_155758_000_a016ba27.npy.mp4
01a062d8-51b8-722a-bebc-52712826018f,industrial packing,completed,yam,yam_0_61,56.1,yinli,good,,,prod,2026-09-02 16:01:10.478801+00:00,2026-09-03 00:29:59.145990+00:00,/nfs/data/sz_44/20260902/episode_20260902_155859_000_40fc5eb5.npy.mp4
01a062d9-5b58-79c8-8d2a-799587a51bc9,industrial packing,completed,yam,yam_0_61,60.2,yinli,good,,,prod,2026-09-02 16:02:24.884678+00:00,2026-09-03 00:29:58.945026+00:00,/nfs/data/sz_44/20260902/episode_20260902_160007_000_3bd7b068.npy.mp4
01a062da-5558-7d52-9113-0e756837aef4,industrial packing,completed,yam,yam_0_61,53.6,yinli,good,,,prod,2026-09-02 16:03:23.210857+00:00,2026-09-03 00:29:58.281710+00:00,/nfs/data/sz_44/20260902/episode_20260902_160111_000_cb44ad3d.npy.mp4
01a062dc-2a18-7245-a4de-aa0900e8e90a,industrial packing,completed,yam,yam_0_61,53.5,yinli,good,,,prod,2026-09-02 16:05:20.706899+00:00,2026-09-03 00:29:58.076171+00:00,/nfs/data/sz_44/20260902/episode_20260902_160311_000_02f68198.npy.mp4
01a062dd-4358-7c9d-a4c3-4cde9c0892c3,industrial packing,completed,yam,yam_0_61,49.8,yinli,good,,,prod,2026-09-02 16:06:27.084609+00:00,2026-09-03 00:29:57.877940+00:00,/nfs/data/sz_44/20260902/episode_20260902_160423_000_56c0b428.npy.mp4
01a062de-25e8-7a42-bd0e-52ad820ff02e,industrial packing,completed,yam,yam_0_61,51.5,yinli,good,,,prod,2026-09-02 16:07:29.494180+00:00,2026-09-03 00:29:57.211588+00:00,/nfs/data/sz_44/20260902/episode_20260902_160521_000_3ce4eebf.npy.mp4
01a062df-00a8-7daf-a5b8-bf63fe699f2f,industrial packing,completed,yam,yam_0_61,53.4,yinli,good,,,prod,2026-09-02 16:08:27.867403+00:00,2026-09-03 00:29:56.977499+00:00,/nfs/data/sz_44/20260902/episode_20260902_160617_000_ab08a5ad.npy.mp4
01a062df-df50-7b39-9820-617dbc8028e1,industrial packing,completed,yam,yam_0_61,55.0,yinli,good,,,prod,2026-09-02 16:09:26.229564+00:00,2026-09-03 00:29:56.366723+00:00,/nfs/data/sz_44/20260902/episode_20260902_160714_000_08a75654.npy.mp4
01a062e0-c9b0-7244-ad3e-b7f8d02524f0,industrial packing,completed,yam,yam_0_61,57.5,yinli,good,,,prod,2026-09-02 16:10:30.631898+00:00,2026-09-03 00:29:56.132698+00:00,/nfs/data/sz_44/20260902/episode_20260902_160814_000_19a5bb11.npy.mp4
01a062e1-bbe0-716b-b614-daa30059b27b,industrial packing,completed,yam,yam_0_61,54.8,yinli,good,,,prod,2026-09-02 16:11:27.028363+00:00,2026-09-03 00:29:55.908481+00:00,/nfs/data/sz_44/20260902/episode_20260902_160916_000_ef17c662.npy.mp4
01a062e3-9870-7d52-a338-5d51a9de9a0c,industrial packing,completed,yam,yam_0_61,20.2,yinli,good,,,prod,2026-09-02 16:12:46.820064+00:00,2026-09-03 00:29:55.261930+00:00,/nfs/data/sz_44/20260902/episode_20260902_161118_000_57465e90.npy.mp4
01a062e4-1570-737b-9c33-08433055bd39,industrial packing,completed,yam,yam_0_61,49.4,yinli,good,,,prod,2026-09-02 16:13:58.231459+00:00,2026-09-03 00:29:55.060031+00:00,/nfs/data/sz_44/20260902/episode_20260902_161150_000_734e21ed.npy.mp4
01a062e4-ec48-7418-b975-ceff3a9614ac,industrial packing,completed,yam,yam_0_61,51.0,yinli,good,,,prod,2026-09-02 16:14:56.590173+00:00,2026-09-03 00:29:54.908026+00:00,/nfs/data/sz_44/20260902/episode_20260902_161245_000_eb539c77.npy.mp4
01a062e5-c708-74e5-9ed5-ea70cb38c2c9,industrial packing,completed,yam,yam_0_61,50.0,yinli,good,,,prod,2026-09-02 16:15:48.937823+00:00,2026-09-03 00:29:54.406713+00:00,/nfs/data/sz_44/20260902/episode_20260902_161341_000_fa067ebf.npy.mp4
01a062e6-9de0-787a-89c7-6b195b0a7c7e,industrial packing,completed,yam,yam_0_61,46.5,yinli,good,,,prod,2026-09-02 16:16:40.280550+00:00,2026-09-03 00:29:54.170598+00:00,/nfs/data/sz_44/20260902/episode_20260902_161436_000_99d4c116.npy.mp4
01a062e7-6518-7fff-9fb5-2aa20962368d,industrial packing,completed,yam,yam_0_61,55.7,yinli,good,,,prod,2026-09-02 16:17:44.660516+00:00,2026-09-03 00:29:53.936307+00:00,/nfs/data/sz_44/20260902/episode_20260902_161527_000_2deca555.npy.mp4
01a062e8-5360-73b0-9493-2f0600557129,industrial packing,completed,yam,yam_0_61,69.4,yinli,good,,,prod,2026-09-02 16:19:00.072791+00:00,2026-09-03 00:29:53.299563+00:00,/nfs/data/sz_44/20260902/episode_20260902_161628_000_333baac7.npy.mp4
01a062e9-7c40-7091-9586-bdda3c73d3d7,industrial packing,completed,yam,yam_0_61,55.2,yinli,good,,,prod,2026-09-02 16:19:58.443165+00:00,2026-09-03 00:29:53.079716+00:00,/nfs/data/sz_44/20260902/episode_20260902_161744_000_ada7ca41.npy.mp4
01a062ea-7a28-79c4-87cc-841dfdf15b1e,industrial packing,completed,yam,yam_0_61,58.2,yinli,good,,,prod,2026-09-02 16:21:07.834625+00:00,2026-09-03 00:29:52.878421+00:00,/nfs/data/sz_44/20260902/episode_20260902_161849_000_41cdb51c.npy.mp4
01a062eb-6c58-7398-8055-5849567ff5a6,industrial packing,completed,yam,yam_0_61,57.1,yinli,good,,,prod,2026-09-02 16:22:06.206975+00:00,2026-09-03 00:29:52.241820+00:00,/nfs/data/sz_44/20260902/episode_20260902_161951_000_bbc4226e.npy.mp4
01a062ec-5e88-733c-b0cb-eba47fc63598,industrial packing,completed,yam,yam_0_61,55.4,yinli,good,,,prod,2026-09-02 16:23:03.575176+00:00,2026-09-03 00:29:52.023389+00:00,/nfs/data/sz_44/20260902/episode_20260902_162053_000_306b26bc.npy.mp4
01a062ed-4cd0-7524-af0b-615ffce2de9f,industrial packing,completed,yam,yam_0_61,56.2,yinli,good,,,prod,2026-09-02 16:24:06.939300+00:00,2026-09-03 00:29:51.902808+00:00,/nfs/data/sz_44/20260902/episode_20260902_162154_000_b2ae3570.npy.mp4
01a062ee-3b18-7cf9-84c9-61e20e4a6d92,industrial packing,completed,yam,yam_0_61,59.7,yinli,good,,,prod,2026-09-02 16:25:15.357255+00:00,2026-09-03 00:29:51.376653+00:00,/nfs/data/sz_44/20260902/episode_20260902_162255_000_917255be.npy.mp4
01a062ef-6bc8-757f-a6a9-9515a7997096,industrial packing,completed,yam,yam_0_61,53.7,yinli,good,,,prod,2026-09-02 16:26:22.757872+00:00,2026-09-03 00:29:51.191851+00:00,/nfs/data/sz_44/20260902/episode_20260902_162413_000_a568a443.npy.mp4
01a062f0-61e0-74c1-a440-0fc8c5a22275,industrial packing,completed,yam,yam_0_61,57.4,yinli,good,,,prod,2026-09-02 16:27:31.177002+00:00,2026-09-03 00:29:50.951799+00:00,/nfs/data/sz_44/20260902/episode_20260902_162516_000_51cd4711.npy.mp4
01a062f1-5410-765a-8faf-aa4ae3d36213,industrial packing,completed,yam,yam_0_61,50.8,yinli,good,,,prod,2026-09-02 16:28:23.568149+00:00,2026-09-03 00:29:50.293179+00:00,/nfs/data/sz_44/20260902/episode_20260902_162618_000_ed7335cf.npy.mp4
01a062f2-2ed0-73f3-8f95-17ec22ef7d35,industrial packing,completed,yam,yam_0_61,59.6,yinli,good,,,prod,2026-09-02 16:29:31.960918+00:00,2026-09-03 00:29:50.073687+00:00,/nfs/data/sz_44/20260902/episode_20260902_162714_000_14e41089.npy.mp4
01a062f3-28d0-7889-8a8c-06e33de0421c,industrial packing,completed,yam,yam_0_61,51.7,yinli,good,,,prod,2026-09-02 16:30:30.395934+00:00,2026-09-03 00:29:49.865983+00:00,/nfs/data/sz_44/20260902/episode_20260902_162818_000_b29c8132.npy.mp4
01a062f4-0390-7766-b109-fc42f57b7aee,industrial packing,completed,yam,yam_0_61,54.0,yinli,good,,,prod,2026-09-02 16:31:28.790082+00:00,2026-09-03 00:29:49.232000+00:00,/nfs/data/sz_44/20260902/episode_20260902_162914_000_8871a723.npy.mp4
01a062f4-edf0-7334-a4d0-bf8566c8be25,industrial packing,completed,yam,yam_0_61,58.8,yinli,good,,,prod,2026-09-02 16:32:32.224451+00:00,2026-09-03 00:29:49.016296+00:00,/nfs/data/sz_44/20260902/episode_20260902_163014_000_d4916556.npy.mp4
01a062f5-e408-714e-938f-803c48ca7994,industrial packing,completed,yam,yam_0_61,55.7,yinli,good,,,prod,2026-09-02 16:33:30.631181+00:00,2026-09-03 00:29:48.898719+00:00,/nfs/data/sz_44/20260902/episode_20260902_163117_000_1b909a41.npy.mp4
01a062f6-ce68-7314-82be-7a50ad79f61c,industrial packing,completed,yam,yam_0_61,55.8,yinli,good,,,prod,2026-09-02 16:34:29.025319+00:00,2026-09-03 00:29:48.386670+00:00,/nfs/data/sz_44/20260902/episode_20260902_163217_000_f6905f45.npy.mp4
01a062f7-c480-715e-a49c-06d616c27d4c,industrial packing,completed,yam,yam_0_61,51.6,yinli,good,,,prod,2026-09-02 16:35:30.400897+00:00,2026-09-03 00:29:48.174978+00:00,/nfs/data/sz_44/20260902/episode_20260902_163320_000_17b0e6ce.npy.mp4
01a062f9-04d0-75de-824e-099a6474fcaf,industrial packing,completed,yam,yam_0_61,57.4,yinli,good,,,prod,2026-09-02 16:36:59.844509+00:00,2026-09-03 00:29:47.950024+00:00,/nfs/data/sz_44/20260902/episode_20260902_163442_000_b995de77.npy.mp4
01a062f9-f700-7b40-b387-2ff0193903d5,industrial packing,completed,yam,yam_0_61,49.8,yinli,good,,,prod,2026-09-02 16:37:51.207273+00:00,2026-09-03 00:29:47.315648+00:00,/nfs/data/sz_44/20260902/episode_20260902_163544_000_6a7c12a9.npy.mp4
01a062fa-cdd8-7633-8fbd-82d06ab78b47,industrial packing,completed,yam,yam_0_61,53.9,yinli,good,,,prod,2026-09-02 16:38:49.562148+00:00,2026-09-03 00:29:47.111578+00:00,/nfs/data/sz_44/20260902/episode_20260902_163639_000_b867ba59.npy.mp4
01a062fb-c008-7a13-b9bb-09bec4ee4e73,industrial packing,completed,yam,yam_0_61,58.3,yinli,good,,,prod,2026-09-02 16:39:57.968677+00:00,2026-09-03 00:29:46.886596+00:00,/nfs/data/sz_44/20260902/episode_20260902_163741_000_c6cf36d1.npy.mp4
01a062fc-b620-7772-b7ef-3a88c0f7a153,industrial packing,completed,yam,yam_0_61,59.2,yinli,good,,,prod,2026-09-02 16:41:02.359116+00:00,2026-09-03 00:29:46.275053+00:00,/nfs/data/sz_44/20260902/episode_20260902_163844_000_dff4dbc8.npy.mp4
01a062fd-b020-7e15-807f-e81736828b40,industrial packing,completed,yam,yam_0_61,55.4,yinli,good,,,prod,2026-09-02 16:42:00.724771+00:00,2026-09-03 00:29:46.069914+00:00,/nfs/data/sz_44/20260902/episode_20260902_163948_000_616d42d5.npy.mp4
01a062fe-a250-7e41-9be2-f94b03f55ef5,industrial packing,completed,yam,yam_0_61,57.8,yinli,good,,,prod,2026-09-02 16:43:09.121959+00:00,2026-09-03 00:29:45.892988+00:00,/nfs/data/sz_44/20260902/episode_20260902_164050_000_37d328d4.npy.mp4
01a062ff-9c50-7462-87cb-2a194c9570b9,industrial packing,completed,yam,yam_0_61,52.2,yinli,good,,,prod,2026-09-02 16:44:01.468365+00:00,2026-09-03 00:29:45.301131+00:00,/nfs/data/sz_44/20260902/episode_20260902_164154_000_77a38e1c.npy.mp4
01a06300-8a98-7d73-b2c7-5b4d65bc4d4c,industrial packing,completed,yam,yam_0_61,54.6,yinli,good,,,prod,2026-09-02 16:45:09.867015+00:00,2026-09-03 00:29:45.100615+00:00,/nfs/data/sz_44/20260902/episode_20260902_164255_000_2eb9de69.npy.mp4
01a06301-7110-708d-8b5f-79cc2ff61d1a,industrial packing,completed,yam,yam_0_61,54.2,yinli,good,,,prod,2026-09-02 16:46:08.252872+00:00,2026-09-03 00:29:44.866242+00:00,/nfs/data/sz_44/20260902/episode_20260902_164354_000_05c34331.npy.mp4
01a06302-53a0-79b9-ae3f-42e8ea60986b,industrial packing,completed,yam,yam_0_61,50.7,yinli,good,,,prod,2026-09-02 16:47:00.612805+00:00,2026-09-03 00:29:44.254022+00:00,/nfs/data/sz_44/20260902/episode_20260902_164452_000_2158620f.npy.mp4
01a06303-3248-75c2-90c3-cc0b64463270,industrial packing,completed,yam,yam_0_61,41.7,yinli,good,,,prod,2026-09-02 16:47:45.932770+00:00,2026-09-03 00:29:44.030947+00:00,/nfs/data/sz_44/20260902/episode_20260902_164549_000_4b46edbf.npy.mp4
01a06303-e5f8-75f1-a0ec-be17a78b0443,industrial packing,completed,yam,yam_0_61,50.2,yinli,good,,,prod,2026-09-02 16:48:42.290898+00:00,2026-09-03 00:29:43.887183+00:00,/nfs/data/sz_44/20260902/episode_20260902_164635_000_2f009b08.npy.mp4
01a06304-c888-736f-a1b8-72a1549c3dc4,industrial packing,completed,yam,yam_0_61,58.2,yinli,good,,,prod,2026-09-02 16:49:50.667506+00:00,2026-09-03 00:29:43.245071+00:00,/nfs/data/sz_44/20260902/episode_20260902_164733_000_b62fab8e.npy.mp4
01a06305-d9f8-744e-93ad-40475e96b8a3,industrial packing,completed,yam,yam_0_61,59.6,yinli,good,,,prod,2026-09-02 16:50:58.049087+00:00,2026-09-03 00:29:43.068875+00:00,/nfs/data/sz_44/20260902/episode_20260902_164843_000_ba9a645b.npy.mp4
01a06306-fb08-77e7-8a62-d708acb03029,industrial packing,completed,yam,yam_0_61,53.1,yinli,good,,,prod,2026-09-02 16:52:05.431093+00:00,2026-09-03 00:29:42.878215+00:00,/nfs/data/sz_44/20260902/episode_20260902_164957_000_a7b99686.npy.mp4
01a06307-ed38-74cc-806d-ba28dd54986d,industrial packing,completed,yam,yam_0_61,50.6,yinli,good,,,prod,2026-09-02 16:53:07.751049+00:00,2026-09-03 00:29:42.326704+00:00,/nfs/data/sz_44/20260902/episode_20260902_165059_000_254a9268.npy.mp4
01a0630a-0460-7179-b0bb-d1872b448d0b,industrial packing,completed,yam,yam_0_61,45.5,yinli,good,,,prod,2026-09-02 16:55:20.413044+00:00,2026-09-03 00:29:42.139636+00:00,/nfs/data/sz_44/20260902/episode_20260902_165316_000_6dea2424.npy.mp4
01a0630a-cb98-7cbb-b71f-df2ce4481f47,industrial packing,completed,yam,yam_0_61,46.5,yinli,good,,,prod,2026-09-02 16:56:11.828653+00:00,2026-09-03 00:29:41.970533+00:00,/nfs/data/sz_44/20260902/episode_20260902_165407_000_bc13ad7b.npy.mp4
01a0630b-96b8-7f73-b415-51d9eb73db88,industrial packing,completed,yam,yam_0_61,54.5,yinli,good,,,prod,2026-09-02 16:57:09.219262+00:00,2026-09-03 00:29:41.855701+00:00,/nfs/data/sz_44/20260902/episode_20260902_165459_000_c6ff7b02.npy.mp4
01a0630c-94a0-76a3-8963-5411c88f1fee,industrial packing,completed,yam,yam_0_61,44.5,yinli,good,,,prod,2026-09-02 16:58:03.597210+00:00,2026-09-03 00:29:41.260880+00:00,/nfs/data/sz_44/20260902/episode_20260902_165604_000_cb072d18.npy.mp4
01a0630d-b5b0-715a-82bb-61f86c5ee587,industrial packing,completed,yam,yam_0_61,49.2,yinli,good,,,prod,2026-09-02 16:59:26.025124+00:00,2026-09-03 00:29:41.075062+00:00,/nfs/data/sz_44/20260902/episode_20260902_165718_000_d2cd9d3c.npy.mp4
01a0630e-8c88-7e26-8759-dbf04e1bc2e3,industrial packing,completed,yam,yam_0_61,48.6,yinli,good,,,prod,2026-09-02 17:00:18.370205+00:00,2026-09-03 00:29:40.898017+00:00,/nfs/data/sz_44/20260902/episode_20260902_165813_000_9be868fc.npy.mp4
01a0630f-5b90-7c88-a838-0f54c83ca094,industrial packing,completed,yam,yam_0_61,50.1,yinli,good,,,prod,2026-09-02 17:01:15.784976+00:00,2026-09-03 00:29:40.362842+00:00,/nfs/data/sz_44/20260902/episode_20260902_165906_000_515cbbd7.npy.mp4
01a06310-45f0-72db-9e01-5f4033f309ec,industrial packing,completed,yam,yam_0_61,51.8,yinli,good,,,prod,2026-09-02 17:02:18.228932+00:00,2026-09-03 00:29:40.219764+00:00,/nfs/data/sz_44/20260902/episode_20260902_170006_000_dffc3679.npy.mp4
01a06311-2880-71ae-81bd-a944a1087bd5,industrial packing,completed,yam,yam_0_61,43.9,yinli,good,,,prod,2026-09-02 17:03:03.608000+00:00,2026-09-03 00:29:40.018338+00:00,/nfs/data/sz_44/20260902/episode_20260902_170104_000_3fe09a09.npy.mp4
01a06311-fb70-75a4-a169-0bc05a0c39bb,industrial packing,completed,yam,yam_0_61,45.4,yinli,good,,,prod,2026-09-02 17:04:00.049642+00:00,2026-09-03 00:29:39.900258+00:00,/nfs/data/sz_44/20260902/episode_20260902_170158_000_cd085414.npy.mp4
01a06312-c2a8-77c4-a8b8-e3052bb49abd,industrial packing,completed,yam,yam_0_61,47.3,yinli,good,,,prod,2026-09-02 17:04:51.389578+00:00,2026-09-03 00:29:39.295485+00:00,/nfs/data/sz_44/20260902/episode_20260902_170249_000_22a6fcc7.npy.mp4
01a06313-91b0-7503-be00-9b4a0a6c873e,industrial packing,completed,yam,yam_0_61,53.9,yinli,good,,,prod,2026-09-02 17:05:54.763617+00:00,2026-09-03 00:29:39.129454+00:00,/nfs/data/sz_44/20260902/episode_20260902_170342_000_d7248bd3.npy.mp4
01a06314-83e0-7614-9ede-4d3fd2f006be,industrial packing,completed,yam,yam_0_61,50.9,yinli,good,,,prod,2026-09-02 17:06:52.125694+00:00,2026-09-03 00:29:38.929621+00:00,/nfs/data/sz_44/20260902/episode_20260902_170444_000_ae4b5cd0.npy.mp4
01a06315-5ea0-75d7-bf0b-0e80eebf7c9e,industrial packing,completed,yam,yam_0_61,56.9,yinli,good,,,prod,2026-09-02 17:07:56.473933+00:00,2026-09-03 00:29:31.038105+00:00,/nfs/data/sz_44/20260902/episode_20260902_170540_000_22a4c516.npy.mp4
01a06316-54b8-7c08-9ca0-43a8629ddfb7,industrial packing,completed,yam,yam_0_61,56.0,yinli,good,,,prod,2026-09-02 17:09:00.860334+00:00,2026-09-03 00:29:30.862111+00:00,/nfs/data/sz_44/20260902/episode_20260902_170643_000_7964ac2d.npy.mp4
01a06317-4eb8-7816-ab2d-522c00dd84ef,industrial packing,completed,yam,yam_0_61,43.2,yinli,good,,,prod,2026-09-02 17:09:46.187891+00:00,2026-09-03 00:29:30.263673+00:00,/nfs/data/sz_44/20260902/episode_20260902_170747_000_f718aa13.npy.mp4
01a06318-15f0-78dc-b52d-8e313b562a30,industrial packing,completed,yam,yam_0_61,36.5,yinli,good,,,prod,2026-09-02 17:10:29.497751+00:00,2026-09-03 00:29:30.076214+00:00,/nfs/data/sz_44/20260902/episode_20260902_170838_000_53d71c82.npy.mp4
01a0631c-bd58-7c58-90ee-55b24a2596bc,industrial packing,completed,yam,yam_0_61,30.8,yinli,good,,,prod,2026-09-02 17:15:25.254252+00:00,2026-09-03 00:29:29.885557+00:00,/nfs/data/sz_44/20260902/episode_20260902_171343_000_c8056dae.npy.mp4
01a0631e-c8c8-72c6-ba42-6d58f1df20ae,industrial packing,completed,yam,yam_0_61,33.5,yinli,good,,,prod,2026-09-02 17:17:42.806705+00:00,2026-09-03 00:29:29.303449+00:00,/nfs/data/sz_44/20260902/episode_20260902_171557_000_2ac89cdc.npy.mp4
01a06321-c668-7e16-ad86-ea62adbd0ccc,industrial packing,completed,yam,yam_0_61,42.7,yinli,good,,,prod,2026-09-02 17:21:12.522239+00:00,2026-09-03 00:29:29.134720+00:00,/nfs/data/sz_44/20260902/episode_20260902_171913_000_6cfdd833.npy.mp4
01a06323-3980-76b2-8521-233ad941b61b,industrial packing,completed,yam,yam_0_61,38.8,yinli,good,,,prod,2026-09-02 17:22:40.938244+00:00,2026-09-03 00:29:28.951537+00:00,/nfs/data/sz_44/20260902/episode_20260902_172048_000_ff1b5f77.npy.mp4
01a06324-d790-7c6b-9910-3df406884063,industrial packing,completed,yam,yam_0_61,41.8,yinli,good,,,prod,2026-09-02 17:24:30.436790+00:00,2026-09-03 00:29:28.361477+00:00,/nfs/data/sz_44/20260902/episode_20260902_172234_000_5d76828b.npy.mp4
01a06325-d190-7f54-bb7e-edc13fd25d66,industrial packing,completed,yam,yam_0_61,41.8,yinli,good,,,prod,2026-09-02 17:25:34.878500+00:00,2026-09-03 00:29:28.169973+00:00,/nfs/data/sz_44/20260902/episode_20260902_172338_000_17156bf0.npy.mp4
01a06326-a868-73f6-afa3-7fe6d44fb0d3,industrial packing,completed,yam,yam_0_61,46.2,yinli,good,,,prod,2026-09-02 17:26:35.491660+00:00,2026-09-03 00:29:27.941956+00:00,/nfs/data/sz_44/20260902/episode_20260902_172433_000_715f5a87.npy.mp4
01a06327-a268-78e8-8bb6-c84f98de7d52,industrial packing,completed,yam,yam_0_61,41.2,yinli,good,,,prod,2026-09-02 17:27:30.047623+00:00,2026-09-03 00:29:27.371039+00:00,/nfs/data/sz_44/20260902/episode_20260902_172537_000_99c28380.npy.mp4
01a06328-f640-7082-8777-c17b7287fb8d,industrial packing,completed,yam,yam_0_61,34.8,yinli,good,,,prod,2026-09-02 17:28:52.550870+00:00,2026-09-03 00:29:27.179065+00:00,/nfs/data/sz_44/20260902/episode_20260902_172704_000_1db5edc7.npy.mp4
01a0632a-bb60-710c-9e7f-4db51c7a5ede,industrial packing,completed,yam,yam_0_61,43.2,yinli,good,,,prod,2026-09-02 17:30:57.028417+00:00,2026-09-03 00:29:26.992118+00:00,/nfs/data/sz_44/20260902/episode_20260902_172900_000_b3bc01ef.npy.mp4
01a0632c-6cf8-7a3a-b599-223e131a062a,industrial packing,completed,yam,yam_0_61,51.3,yinli,good,,,prod,2026-09-02 17:32:58.571795+00:00,2026-09-03 00:29:26.867229+00:00,/nfs/data/sz_44/20260902/episode_20260902_173051_000_4fc6517d.npy.mp4
01a0632e-68c8-7868-9ee5-13d148ac0ef6,industrial packing,completed,yam,yam_0_61,42.0,yinli,good,,,prod,2026-09-02 17:34:58.150636+00:00,2026-09-03 00:29:26.196418+00:00,/nfs/data/sz_44/20260902/episode_20260902_173301_000_6c8ada51.npy.mp4
01a0633c-b108-77a7-9a43-1694eeec8f6e,industrial packing,completed,yam,yam_0_61,33.7,yinli,good,,,prod,2026-09-02 17:50:22.602623+00:00,2026-09-03 00:29:26.010891+00:00,/nfs/data/sz_44/20260902/episode_20260902_174837_000_79e82f9b.npy.mp4
01a0633e-04e0-7fa9-bd45-1bacf09bfb8d,industrial packing,completed,yam,yam_0_61,49.2,yinli,good,,,prod,2026-09-02 17:52:08.044273+00:00,2026-09-03 00:29:25.876077+00:00,/nfs/data/sz_44/20260902/episode_20260902_175004_000_0855dc13.npy.mp4
01a06340-4318-70e1-b6b0-c876d51df256,industrial packing,completed,yam,yam_0_61,21.4,yinli,good,,,prod,2026-09-02 17:54:03.542407+00:00,2026-09-03 00:29:25.238288+00:00,/nfs/data/sz_44/20260902/episode_20260902_175231_000_ae559a3c.npy.mp4
01a06343-5058-7165-bc49-ef0d791a16d0,industrial packing,completed,yam,yam_0_61,33.6,yinli,good,,,prod,2026-09-02 17:57:36.322321+00:00,2026-09-03 00:29:25.046900+00:00,/nfs/data/sz_44/20260902/episode_20260902_175551_000_bf9e1814.npy.mp4
01a06345-38a0-760d-bdf0-240292bae973,industrial packing,completed,yam,yam_0_61,29.6,yinli,good,,,prod,2026-09-02 17:59:37.983288+00:00,2026-09-03 00:29:24.863031+00:00,/nfs/data/sz_44/20260902/episode_20260902_175756_000_8d71acfc.npy.mp4
01a06345-f038-70ad-a92f-9668c94f6291,industrial packing,completed,yam,yam_0_61,51.9,yinli,good,,,prod,2026-09-02 18:00:53.373667+00:00,2026-09-03 00:29:24.285596+00:00,/nfs/data/sz_44/20260902/episode_20260902_175843_000_f91d239f.npy.mp4
01a06347-3c40-73b4-ab4f-485979c97a6d,industrial packing,completed,yam,yam_0_61,39.0,yinli,good,,,prod,2026-09-02 18:02:01.776186+00:00,2026-09-03 00:29:24.082247+00:00,/nfs/data/sz_44/20260902/episode_20260902_180008_000_2a983c87.npy.mp4
01a06348-1ae8-71ff-86fb-8416e6a2ca60,industrial packing,completed,yam,yam_0_61,45.0,yinli,good,,,prod,2026-09-02 18:03:06.175113+00:00,2026-09-03 00:29:23.888488+00:00,/nfs/data/sz_44/20260902/episode_20260902_180105_000_d81b07cb.npy.mp4
01a06349-5368-7703-8ed7-b02293839769,industrial packing,completed,yam,yam_0_61,41.4,yinli,good,,,prod,2026-09-02 18:04:20.579252+00:00,2026-09-03 00:29:23.314998+00:00,/nfs/data/sz_44/20260902/episode_20260902_180225_000_eee6cfe0.npy.mp4
01a0634a-fd30-777d-82f9-b3a66e9cfb2e,industrial packing,completed,yam,yam_0_61,32.5,yinli,good,,,prod,2026-09-02 18:05:58.047605+00:00,2026-09-03 00:29:23.110082+00:00,/nfs/data/sz_44/20260902/episode_20260902_180414_000_8941d9e6.npy.mp4
01a0634b-a140-7ba1-9217-25ba26fdbe30,industrial packing,completed,yam,yam_0_61,34.2,yinli,good,,,prod,2026-09-02 18:06:41.381034+00:00,2026-09-03 00:29:22.919471+00:00,/nfs/data/sz_44/20260902/episode_20260902_180456_000_317d441f.npy.mp4
01a0634c-be68-779b-b74a-1b7cffe07f11,industrial packing,completed,yam,yam_0_61,30.5,yinli,good,,,prod,2026-09-02 18:07:53.821887+00:00,2026-09-03 00:29:22.346939+00:00,/nfs/data/sz_44/20260902/episode_20260902_180609_000_178e1d8f.npy.mp4
01a0634d-4720-77be-be0d-acfd27a3cd3d,industrial packing,completed,yam,yam_0_61,28.7,yinli,good,,,prod,2026-09-02 18:08:26.101085+00:00,2026-09-03 00:29:22.143088+00:00,/nfs/data/sz_44/20260902/episode_20260902_180644_000_f833f7ef.npy.mp4
01a0634d-cfd8-7af5-883f-98d6f9d581a4,industrial packing,completed,yam,yam_0_61,34.2,yinli,good,,,prod,2026-09-02 18:09:03.406463+00:00,2026-09-03 00:29:21.948853+00:00,/nfs/data/sz_44/20260902/episode_20260902_180719_000_7b5fec80.npy.mp4
01a0634f-2f68-7ad6-aa8c-0d503a17b984,industrial packing,completed,yam,yam_0_61,30.6,yinli,good,,,prod,2026-09-02 18:10:30.827665+00:00,2026-09-03 00:29:21.342102+00:00,/nfs/data/sz_44/20260902/episode_20260902_180849_000_aed04835.npy.mp4
01a0634f-c7c0-7c7b-9631-dea2553af110,industrial packing,completed,yam,yam_0_61,32.5,yinli,good,,,prod,2026-09-02 18:11:14.149171+00:00,2026-09-03 00:29:21.178612+00:00,/nfs/data/sz_44/20260902/episode_20260902_180928_000_26e010f9.npy.mp4
01a06350-6018-71a7-b3b8-8e7b3663bc75,industrial packing,completed,yam,yam_0_61,35.5,yinli,good,,,prod,2026-09-02 18:11:57.467577+00:00,2026-09-03 00:29:20.947602+00:00,/nfs/data/sz_44/20260902/episode_20260902_181007_000_f90363e4.npy.mp4
01a06351-9898-78e9-9849-0ae540766236,industrial packing,completed,yam,yam_0_61,35.0,yinli,good,,,prod,2026-09-02 18:13:15.901053+00:00,2026-09-03 00:29:20.376129+00:00,/nfs/data/sz_44/20260902/episode_20260902_181127_000_769c2a9b.npy.mp4
01a06352-34d8-7648-9de4-365898d6aa65,industrial packing,completed,yam,yam_0_61,36.6,yinli,good,,,prod,2026-09-02 18:13:54.215026+00:00,2026-09-03 00:29:20.184898+00:00,/nfs/data/sz_44/20260902/episode_20260902_181207_000_c3f65f8e.npy.mp4
01a06352-e888-7271-825c-b68ae79c11a9,industrial packing,completed,yam,yam_0_61,29.3,yinli,good,,,prod,2026-09-02 18:14:30.541658+00:00,2026-09-03 00:29:19.991487+00:00,/nfs/data/sz_44/20260902/episode_20260902_181253_000_bec5125f.npy.mp4
01a06353-ee40-7384-8e8d-eeac7942db20,industrial packing,completed,yam,yam_0_61,37.9,yinli,good,,,prod,2026-09-02 18:15:48.952385+00:00,2026-09-03 00:29:19.874141+00:00,/nfs/data/sz_44/20260902/episode_20260902_181400_000_864b6303.npy.mp4
01a06354-b190-757e-8d5b-02438e2e0382,industrial packing,completed,yam,yam_0_61,40.9,yinli,good,,,prod,2026-09-02 18:16:43.313187+00:00,2026-09-03 00:29:19.233512+00:00,/nfs/data/sz_44/20260902/episode_20260902_181450_000_d52f8fa7.npy.mp4
01a06356-8650-70ca-8fc3-8bfb257db8e3,industrial packing,completed,yam,yam_0_61,40.6,yinli,good,,,prod,2026-09-02 18:18:42.870157+00:00,2026-09-03 00:29:19.032931+00:00,/nfs/data/sz_44/20260902/episode_20260902_181650_000_68b13574.npy.mp4
01a06357-3618-7c5b-a30e-e9eb769a80dd,industrial packing,completed,yam,yam_0_61,42.1,yinli,good,,,prod,2026-09-02 18:19:33.230448+00:00,2026-09-03 00:29:18.866013+00:00,/nfs/data/sz_44/20260902/episode_20260902_181735_000_038755d2.npy.mp4
01a06357-f198-78de-8d95-9c053de809ac,industrial packing,completed,yam,yam_0_61,47.5,yinli,good,,,prod,2026-09-02 18:20:28.590348+00:00,2026-09-03 00:29:18.269774+00:00,/nfs/data/sz_44/20260902/episode_20260902_181823_000_7a23c20f.npy.mp4
01a06358-d428-7327-9427-60cb32dfec10,industrial packing,completed,yam,yam_0_61,44.5,yinli,good,,,prod,2026-09-02 18:21:18.961267+00:00,2026-09-03 00:29:18.081071+00:00,/nfs/data/sz_44/20260902/episode_20260902_181921_000_46184667.npy.mp4
01a0635a-7238-7010-bf10-0b0cd6aafdf3,industrial packing,completed,yam,yam_0_61,39.5,yinli,good,,,prod,2026-09-02 18:23:03.461333+00:00,2026-09-03 00:29:17.913563+00:00,/nfs/data/sz_44/20260902/episode_20260902_182107_000_564af0a6.npy.mp4
01a0635b-2200-7250-8f45-1730b8d57e0f,industrial packing,completed,yam,yam_0_61,44.0,yinli,good,,,prod,2026-09-02 18:23:48.845096+00:00,2026-09-03 00:29:17.291895+00:00,/nfs/data/sz_44/20260902/episode_20260902_182152_000_0ed5373b.npy.mp4
01a0635c-0c60-7d06-b6d9-731f094e4132,industrial packing,completed,yam,yam_0_61,36.7,yinli,good,,,prod,2026-09-02 18:24:43.218794+00:00,2026-09-03 00:29:17.119325+00:00,/nfs/data/sz_44/20260902/episode_20260902_182252_000_e10cf4e9.npy.mp4
01a0635c-ac88-7861-9348-b75fb95974f0,industrial packing,completed,yam,yam_0_61,38.9,yinli,good,,,prod,2026-09-02 18:25:26.756176+00:00,2026-09-03 00:29:16.908169+00:00,/nfs/data/sz_44/20260902/episode_20260902_182333_000_2bbbbe4d.npy.mp4
01a0635d-77a8-7072-ad75-b03c753b574d,industrial packing,completed,yam,yam_0_61,45.3,yinli,good,,,prod,2026-09-02 18:26:28.158911+00:00,2026-09-03 00:29:16.335102+00:00,/nfs/data/sz_44/20260902/episode_20260902_182425_000_285f6c81.npy.mp4
01a0635e-3af8-7440-bd3e-185149554808,industrial packing,completed,yam,yam_0_61,38.4,yinli,good,,,prod,2026-09-02 18:27:07.490162+00:00,2026-09-03 00:29:16.157648+00:00,/nfs/data/sz_44/20260902/episode_20260902_182515_000_c2d68dde.npy.mp4
01a0635e-f290-794c-8e65-6f74ce9a4e96,industrial packing,completed,yam,yam_0_61,35.4,yinli,good,,,prod,2026-09-02 18:27:50.845256+00:00,2026-09-03 00:29:16.962134+00:00,/nfs/data/sz_44/20260902/episode_20260902_182602_000_46ff4280.npy.mp4
01a0635f-92b8-712f-a473-0a2fdb6930f1,industrial packing,completed,yam,yam_0_61,54.8,yinli,good,,,prod,2026-09-02 18:28:54.341148+00:00,2026-09-03 00:29:15.367659+00:00,/nfs/data/sz_44/20260902/episode_20260902_182643_000_90b00eb3.npy.mp4
01a06360-88d0-7a49-900b-74efb76a8bc2,industrial packing,completed,yam,yam_0_61,38.8,yinli,good,,,prod,2026-09-02 18:29:37.893833+00:00,2026-09-03 00:29:15.168761+00:00,/nfs/data/sz_44/20260902/episode_20260902_182746_000_992ffec8.npy.mp4
01a06361-3898-7ae6-abd3-f400db2489ae,industrial packing,completed,yam,yam_0_61,37.2,yinli,good,,,prod,2026-09-02 18:30:22.286019+00:00,2026-09-03 00:29:14.967202+00:00,/nfs/data/sz_44/20260902/episode_20260902_182831_000_a4e866b2.npy.mp4
01a06361-ec48-7f4d-b453-b1409108505e,industrial packing,completed,yam,yam_0_61,34.0,yinli,good,,,prod,2026-09-02 18:31:04.625763+00:00,2026-09-03 00:29:14.406383+00:00,/nfs/data/sz_44/20260902/episode_20260902_182917_000_4163d458.npy.mp4
01a06362-9828-740a-abbb-f6586a350750,industrial packing,completed,yam,yam_0_61,41.6,yinli,good,,,prod,2026-09-02 18:31:53.973475+00:00,2026-09-03 00:29:14.213445+00:00,/nfs/data/sz_44/20260902/episode_20260902_183001_000_3db549aa.npy.mp4
01a06363-5b78-75c6-92af-b658a72d3cbe,industrial packing,completed,yam,yam_0_61,34.6,yinli,good,,,prod,2026-09-02 18:32:38.367006+00:00,2026-09-03 00:29:14.012260+00:00,/nfs/data/sz_44/20260902/episode_20260902_183051_000_f4fac026.npy.mp4
01a06363-f3d0-7227-87b1-90832e609cc0,industrial packing,completed,yam,yam_0_61,40.9,yinli,good,,,prod,2026-09-02 18:33:27.715947+00:00,2026-09-03 00:29:13.887025+00:00,/nfs/data/sz_44/20260902/episode_20260902_183130_000_8f6f7dd9.npy.mp4
01a06364-c2d8-7e9c-9918-5b081808b3ef,industrial packing,completed,yam,yam_0_61,32.3,yinli,good,,,prod,2026-09-02 18:34:05.000649+00:00,2026-09-03 00:29:13.244665+00:00,/nfs/data/sz_44/20260902/episode_20260902_183223_000_241515a8.npy.mp4
01a06365-5360-7692-b220-24f9d77a05f5,industrial packing,completed,yam,yam_0_61,43.0,yinli,good,,,prod,2026-09-02 18:35:01.424217+00:00,2026-09-03 00:29:13.077482+00:00,/nfs/data/sz_44/20260902/episode_20260902_183300_000_12b38804.npy.mp4
01a06366-0ee0-7b95-8b6a-665e18e4fffa,industrial packing,completed,yam,yam_0_61,43.2,yinli,good,,,prod,2026-09-02 18:35:46.867220+00:00,2026-09-03 00:29:12.876188+00:00,/nfs/data/sz_44/20260902/episode_20260902_183348_000_231a5907.npy.mp4
01a06366-ca60-71fe-a0ee-059411069f03,industrial packing,completed,yam,yam_0_61,42.9,yinli,good,,,prod,2026-09-02 18:36:32.297967+00:00,2026-09-03 00:29:12.317893+00:00,/nfs/data/sz_44/20260902/episode_20260902_183436_000_cdcc93f3.npy.mp4
01a06368-87b0-7e14-9852-96285812b9c9,industrial packing,completed,yam,yam_0_61,39.9,yinli,good,,,prod,2026-09-02 18:38:28.197245+00:00,2026-09-03 00:29:12.117703+00:00,/nfs/data/sz_44/20260902/episode_20260902_183630_000_cb39f740.npy.mp4
01a06369-3f48-7f94-8e65-30af87e70f01,industrial packing,completed,yam,yam_0_61,42.8,yinli,good,,,prod,2026-09-02 18:39:18.540558+00:00,2026-09-03 00:29:11.909059+00:00,/nfs/data/sz_44/20260902/episode_20260902_183717_000_8f9b20b5.npy.mp4
01a0636a-0298-798c-9ce2-c6c2d0d4d2d8,industrial packing,completed,yam,yam_0_61,36.1,yinli,good,,,prod,2026-09-02 18:39:56.931207+00:00,2026-09-03 00:29:11.372857+00:00,/nfs/data/sz_44/20260902/episode_20260902_183807_000_2885d23e.npy.mp4
01a0636b-bfe8-705e-aecb-735c233cfc8b,industrial packing,completed,yam,yam_0_61,40.7,yinli,good,,,prod,2026-09-02 18:41:55.591121+00:00,2026-09-03 00:29:11.201390+00:00,/nfs/data/sz_44/20260902/episode_20260902_184001_000_4dcd1a75.npy.mp4
01a0636c-92d8-7ffa-879b-b5952745dce4,industrial packing,completed,yam,yam_0_61,36.1,yinli,good,,,prod,2026-09-02 18:42:44.936719+00:00,2026-09-03 00:29:11.006219+00:00,/nfs/data/sz_44/20260902/episode_20260902_184055_000_7886502b.npy.mp4
01a0636d-3300-7e36-92ed-05d4ea23a67c,industrial packing,completed,yam,yam_0_61,46.8,yinli,good,,,prod,2026-09-02 18:43:36.302103+00:00,2026-09-03 00:29:10.868534+00:00,/nfs/data/sz_44/20260902/episode_20260902_184136_000_9a1b2b34.npy.mp4
01a0636e-0208-71f2-ba62-37ac24b54652,industrial packing,completed,yam,yam_0_61,44.6,yinli,good,,,prod,2026-09-02 18:44:32.682210+00:00,2026-09-03 00:29:10.267195+00:00,/nfs/data/sz_44/20260902/episode_20260902_184229_000_a085f8dc.npy.mp4
01a0636e-cd28-7fe6-ae74-4ac4091628e7,industrial packing,completed,yam,yam_0_61,46.1,yinli,good,,,prod,2026-09-02 18:45:24.084057+00:00,2026-09-03 00:29:10.076955+00:00,/nfs/data/sz_44/20260902/episode_20260902_184321_000_6322dbaa.npy.mp4
01a0636f-9c30-7117-846e-df4efaf65689,industrial packing,completed,yam,yam_0_61,44.1,yinli,good,,,prod,2026-09-02 18:46:14.424396+00:00,2026-09-03 00:29:09.875710+00:00,/nfs/data/sz_44/20260902/episode_20260902_184414_000_a1ac623a.npy.mp4
01a06370-6750-7b8f-8e6a-ccca11a034e3,industrial packing,completed,yam,yam_0_61,47.5,yinli,good,,,prod,2026-09-02 18:47:11.797882+00:00,2026-09-03 00:29:09.312650+00:00,/nfs/data/sz_44/20260902/episode_20260902_184506_000_623302c3.npy.mp4
01a06371-3270-7d27-81a0-3bb07ef20514,industrial packing,completed,yam,yam_0_61,47.5,yinli,good,,,prod,2026-09-02 18:48:03.176386+00:00,2026-09-03 00:29:09.135045+00:00,/nfs/data/sz_44/20260902/episode_20260902_184558_000_aedcc13b.npy.mp4
01a06372-0948-7fbe-89be-975ac5e79d96,industrial packing,completed,yam,yam_0_61,55.3,yinli,good,,,prod,2026-09-02 18:49:07.558042+00:00,2026-09-03 00:29:08.949392+00:00,/nfs/data/sz_44/20260902/episode_20260902_184653_000_a750c5d1.npy.mp4
01a06372-fb78-798c-af89-95077ecc78ec,industrial packing,completed,yam,yam_0_61,50.0,yinli,good,,,prod,2026-09-02 18:49:58.928959+00:00,2026-09-03 00:29:08.861077+00:00,/nfs/data/sz_44/20260902/episode_20260902_184755_000_abbe7a4b.npy.mp4
01a06373-e1f0-79cc-8273-ec94d17529e9,industrial packing,completed,yam,yam_0_61,44.8,yinli,good,,,prod,2026-09-02 18:50:54.300164+00:00,2026-09-03 00:29:08.230396+00:00,/nfs/data/sz_44/20260902/episode_20260902_184854_000_a395912b.npy.mp4
01a06374-b8c8-7b42-8956-28659d093f3e,industrial packing,completed,yam,yam_0_61,48.1,yinli,good,,,prod,2026-09-02 18:51:55.691853+00:00,2026-09-03 00:29:08.019694+00:00,/nfs/data/sz_44/20260902/episode_20260902_184949_000_635a6de8.npy.mp4
01a06375-87d0-7c57-ae30-a1111f0eb1db,industrial packing,completed,yam,yam_0_61,51.7,yinli,good,,,prod,2026-09-02 18:52:52.067063+00:00,2026-09-03 00:29:07.876938+00:00,/nfs/data/sz_44/20260902/episode_20260902_185042_000_afb7ac7c.npy.mp4
01a06376-cff0-7750-8cd7-ae0bf3f60683,industrial packing,completed,yam,yam_0_61,46.4,yinli,good,,,prod,2026-09-02 18:54:07.501496+00:00,2026-09-03 00:29:07.288543+00:00,/nfs/data/sz_44/20260902/episode_20260902_185206_000_4090ccc3.npy.mp4
01a06378-23c8-7969-8493-7910c5691b9c,industrial packing,completed,yam,yam_0_61,51.8,yinli,good,,,prod,2026-09-02 18:55:44.935470+00:00,2026-09-03 00:29:07.106958+00:00,/nfs/data/sz_44/20260902/episode_20260902_185333_000_c6953a09.npy.mp4
01a06379-0270-73ec-a196-aa2574abb3f9,industrial packing,completed,yam,yam_0_61,44.3,yinli,good,,,prod,2026-09-02 18:56:31.287039+00:00,2026-09-03 00:29:06.918005+00:00,/nfs/data/sz_44/20260902/episode_20260902_185430_000_f4a80022.npy.mp4
01a06379-c1d8-73bb-9c0f-39de51c72b10,industrial packing,completed,yam,yam_0_61,45.8,yinli,good,,,prod,2026-09-02 18:57:22.666319+00:00,2026-09-03 00:29:06.374563+00:00,/nfs/data/sz_44/20260902/episode_20260902_185519_000_6fd18105.npy.mp4
01a0637a-8528-79da-9a7d-2780133a7e58,industrial packing,completed,yam,yam_0_61,43.3,yinli,good,,,prod,2026-09-02 18:58:08.992349+00:00,2026-09-03 00:29:06.180987+00:00,/nfs/data/sz_44/20260902/episode_20260902_185609_000_f28fc4d8.npy.mp4
01a0637b-40a8-7df3-a4e3-f61ea7343205,industrial packing,completed,yam,yam_0_61,56.2,yinli,good,,,prod,2026-09-02 18:59:11.398939+00:00,2026-09-03 00:29:05.999404+00:00,/nfs/data/sz_44/20260902/episode_20260902_185657_000_cd24ff66.npy.mp4
01a0637c-4a48-70fd-8f9f-84079a2ecb9c,industrial packing,completed,yam,yam_0_61,50.8,yinli,good,,,prod,2026-09-02 19:00:13.830929+00:00,2026-09-03 00:29:05.883234+00:00,/nfs/data/sz_44/20260902/episode_20260902_185805_000_841bce97.npy.mp4
01a0637d-2120-7371-b35f-d9ad16737f32,industrial packing,completed,yam,yam_0_61,43.6,yinli,good,,,prod,2026-09-02 19:01:00.216963+00:00,2026-09-03 00:29:05.286596+00:00,/nfs/data/sz_44/20260902/episode_20260902_185900_000_e4e2f549.npy.mp4
01a0637d-e088-76d4-9516-a8f0e5b5bf69,industrial packing,completed,yam,yam_0_61,43.5,yinli,good,,,prod,2026-09-02 19:01:50.564379+00:00,2026-09-03 00:29:05.106361+00:00,/nfs/data/sz_44/20260902/episode_20260902_185949_000_4ef2a13e.npy.mp4
01a0637e-9c08-74e6-be35-de2b5992f09b,industrial packing,completed,yam,yam_0_61,52.0,yinli,good,,,prod,2026-09-02 19:02:48.924824+00:00,2026-09-03 00:29:04.928214+00:00,/nfs/data/sz_44/20260902/episode_20260902_190037_000_00613dc0.npy.mp4
01a0637f-7ab0-7b67-b270-a7aff3ed8223,industrial packing,completed,yam,yam_0_61,43.6,yinli,good,,,prod,2026-09-02 19:03:34.251989+00:00,2026-09-03 00:29:04.374948+00:00,/nfs/data/sz_44/20260902/episode_20260902_190134_000_2a2b315d.npy.mp4
01a06380-3630-79c4-9407-c848c4cf9528,industrial packing,completed,yam,yam_0_61,45.5,yinli,good,,,prod,2026-09-02 19:04:25.615239+00:00,2026-09-03 00:29:04.212630+00:00,/nfs/data/sz_44/20260902/episode_20260902_190222_000_ed3ef325.npy.mp4
01a06381-0150-74e4-9162-b37546e7d77c,industrial packing,completed,yam,yam_0_61,43.4,yinli,good,,,prod,2026-09-02 19:05:10.955988+00:00,2026-09-03 00:29:04.022457+00:00,/nfs/data/sz_44/20260902/episode_20260902_190314_000_1cb92588.npy.mp4
01a06381-b8e8-76a8-be30-a5ea0b7c9221,industrial packing,completed,yam,yam_0_61,52.0,yinli,good,,,prod,2026-09-02 19:06:13.422373+00:00,2026-09-03 00:29:03.846827+00:00,/nfs/data/sz_44/20260902/episode_20260902_190401_000_d80af511.npy.mp4
01a06382-93a8-7950-9b1d-d14269d8a16c,industrial packing,completed,yam,yam_0_61,47.1,yinli,good,,,prod,2026-09-02 19:06:59.778128+00:00,2026-09-03 00:29:03.269263+00:00,/nfs/data/sz_44/20260902/episode_20260902_190457_000_06983f70.npy.mp4
01a06383-62b0-7911-a204-6e505dd5e492,industrial packing,completed,yam,yam_0_61,52.2,yinli,good,,,prod,2026-09-02 19:08:01.156559+00:00,2026-09-03 00:29:03.093256+00:00,/nfs/data/sz_44/20260902/episode_20260902_190550_000_bcee2349.npy.mp4
01a06386-b258-74db-ad02-fc86fb0f6f7a,industrial packing,completed,yam,yam_0_61,36.1,yinli,good,,,prod,2026-09-02 19:11:14.836440+00:00,2026-09-03 00:29:02.902680+00:00,/nfs/data/sz_44/20260902/episode_20260902_190927_000_ffafae03.npy.mp4
01a06387-5668-78d0-8129-1bc4c8935852,industrial packing,completed,yam,yam_0_61,39.5,yinli,good,,,prod,2026-09-02 19:12:05.164204+00:00,2026-09-03 00:29:02.377844+00:00,/nfs/data/sz_44/20260902/episode_20260902_191009_000_f89bd844.npy.mp4
01a06388-0248-7655-b631-b4e058284db2,industrial packing,completed,yam,yam_0_61,38.4,yinli,good,,,prod,2026-09-02 19:12:44.511239+00:00,2026-09-03 00:29:02.180156+00:00,/nfs/data/sz_44/20260902/episode_20260902_191053_000_89d080cf.npy.mp4
01a06388-a658-748e-a5f0-e3062ec86612,industrial packing,completed,yam,yam_0_61,43.3,yinli,good,,,prod,2026-09-02 19:13:34.976083+00:00,2026-09-03 00:29:02.007629+00:00,/nfs/data/sz_44/20260902/episode_20260902_191135_000_b0c063c4.npy.mp4
01a06389-69a8-7311-8362-5cbe2dc11cd2,industrial packing,completed,yam,yam_0_61,50.4,yinli,good,,,prod,2026-09-02 19:14:32.338142+00:00,2026-09-03 00:29:01.871128+00:00,/nfs/data/sz_44/20260902/episode_20260902_191225_000_5571ec18.npy.mp4
01a0638a-4080-73a6-a154-cb62806bba63,industrial packing,completed,yam,yam_0_61,47.3,yinli,good,,,prod,2026-09-02 19:15:23.682683+00:00,2026-09-03 00:29:01.284893+00:00,/nfs/data/sz_44/20260902/episode_20260902_191320_000_cd13fe50.npy.mp4
01a0638b-0f88-7361-b29a-ce5937220bb0,industrial packing,completed,yam,yam_0_61,56.8,yinli,good,,,prod,2026-09-02 19:16:28.077611+00:00,2026-09-03 00:28:53.254118+00:00,/nfs/data/sz_44/20260902/episode_20260902_191413_000_06d2f445.npy.mp4
01a0638b-fdd0-7493-9e15-49733d921ab7,industrial packing,completed,yam,yam_0_61,49.8,yinli,good,,,prod,2026-09-02 19:17:18.447510+00:00,2026-09-03 00:28:53.057198+00:00,/nfs/data/sz_44/20260902/episode_20260902_191514_000_3e18ca8f.npy.mp4
01a0638c-ec18-7221-8324-1e7825cafb88,industrial packing,completed,yam,yam_0_61,50.9,yinli,good,,,prod,2026-09-02 19:18:20.857008+00:00,2026-09-03 00:28:52.894230+00:00,/nfs/data/sz_44/20260902/episode_20260902_191615_000_07a07053.npy.mp4
01a0638d-c6d8-7600-a3e5-042832f37a99,industrial packing,completed,yam,yam_0_61,54.4,yinli,good,,,prod,2026-09-02 19:19:24.272976+00:00,2026-09-03 00:28:52.335175+00:00,/nfs/data/sz_44/20260902/episode_20260902_191711_000_53665708.npy.mp4
01a0638e-b520-7123-a8ff-4629c9e103d7,industrial packing,completed,yam,yam_0_61,57.0,yinli,good,,,prod,2026-09-02 19:20:27.686524+00:00,2026-09-03 00:28:52.153213+00:00,/nfs/data/sz_44/20260902/episode_20260902_191812_000_86523802.npy.mp4
01a0638f-ab38-7a00-b2cf-a4eefb8c61aa,industrial packing,completed,yam,yam_0_61,53.6,yinli,good,,,prod,2026-09-02 19:21:25.081654+00:00,2026-09-03 00:28:51.946145+00:00,/nfs/data/sz_44/20260902/episode_20260902_191915_000_90f85f13.npy.mp4
01a06390-a150-739f-b4d0-014ea6b0a8bc,industrial packing,completed,yam,yam_0_61,53.7,yinli,good,,,prod,2026-09-02 19:22:27.479631+00:00,2026-09-03 00:28:51.385553+00:00,/nfs/data/sz_44/20260902/episode_20260902_192018_000_9389fda2.npy.mp4
01a06391-8bb0-7948-a11b-17ce4d3c775b,industrial packing,completed,yam,yam_0_61,55.4,yinli,good,,,prod,2026-09-02 19:23:30.880352+00:00,2026-09-03 00:28:51.175082+00:00,/nfs/data/sz_44/20260902/episode_20260902_192118_000_45211232.npy.mp4
01a06392-7610-7359-ad4c-7f9f2430047f,industrial packing,completed,yam,yam_0_61,52.5,yinli,good,,,prod,2026-09-02 19:24:28.207107+00:00,2026-09-03 00:28:50.968387+00:00,/nfs/data/sz_44/20260902/episode_20260902_192218_000_685f69f0.npy.mp4
01a06394-2f78-78d6-ae6e-79ac064d05fc,industrial packing,completed,yam,yam_0_61,49.0,yinli,good,,,prod,2026-09-02 19:26:20.758095+00:00,2026-09-03 00:28:50.383212+00:00,/nfs/data/sz_44/20260902/episode_20260902_192411_000_e7d3bfd3.npy.mp4
01a06395-0268-7c43-96d4-3761a3a932e7,industrial packing,completed,yam,yam_0_61,48.3,yinli,good,,,prod,2026-09-02 19:27:12.114254+00:00,2026-09-03 00:28:50.190451+00:00,/nfs/data/sz_44/20260902/episode_20260902_192505_000_2b6f1223.npy.mp4
01a06395-e8e0-7667-ad12-c09acf751df3,industrial packing,completed,yam,yam_0_61,47.4,yinli,good,,,prod,2026-09-02 19:28:08.491790+00:00,2026-09-03 00:28:49.996994+00:00,/nfs/data/sz_44/20260902/episode_20260902_192604_000_c4d1a465.npy.mp4
01a06396-bbd0-7ddf-9462-b65e1fbe345e,industrial packing,completed,yam,yam_0_61,46.1,yinli,good,,,prod,2026-09-02 19:28:59.818984+00:00,2026-09-03 00:28:49.878208+00:00,/nfs/data/sz_44/20260902/episode_20260902_192658_000_b2171399.npy.mp4
01a06397-8308-7d34-bad4-44699ee0c8a6,industrial packing,completed,yam,yam_0_61,54.8,yinli,good,,,prod,2026-09-02 19:30:03.207308+00:00,2026-09-03 00:28:49.226065+00:00,/nfs/data/sz_44/20260902/episode_20260902_192749_000_6c83613c.npy.mp4
01a06398-7150-7742-bd59-f5249d5d5982,industrial packing,completed,yam,yam_0_61,60.2,yinli,good,,,prod,2026-09-02 19:31:07.613964+00:00,2026-09-03 00:28:49.053643+00:00,/nfs/data/sz_44/20260902/episode_20260902_192850_000_c1e19897.npy.mp4
01a06399-7320-7ef6-9a0a-fdd1b7025ce7,industrial packing,completed,yam,yam_0_61,52.4,yinli,good,,,prod,2026-09-02 19:32:05.029770+00:00,2026-09-03 00:28:48.865969+00:00,/nfs/data/sz_44/20260902/episode_20260902_192956_000_630b7b0f.npy.mp4
01a0639a-51c8-7ec7-bda4-eae925ebc41a,industrial packing,completed,yam,yam_0_61,46.6,yinli,good,,,prod,2026-09-02 19:32:55.399259+00:00,2026-09-03 00:28:48.303200+00:00,/nfs/data/sz_44/20260902/episode_20260902_193053_000_18b12796.npy.mp4
01a0639b-6338-70b5-a7f6-8dab4ad19bc8,industrial packing,completed,yam,yam_0_61,53.2,yinli,good,,,prod,2026-09-02 19:34:12.849761+00:00,2026-09-03 00:28:48.103242+00:00,/nfs/data/sz_44/20260902/episode_20260902_193203_000_5b680ca0.npy.mp4
01a0639c-6120-707a-93df-df8c35b50a7c,industrial packing,completed,yam,yam_0_61,60.7,yinli,good,,,prod,2026-09-02 19:35:27.276102+00:00,2026-09-03 00:28:47.894845+00:00,/nfs/data/sz_44/20260902/episode_20260902_193308_000_77d62581.npy.mp4
01a0639d-66d8-7c37-a66b-9be7ec4139cc,industrial packing,completed,yam,yam_0_61,52.6,yinli,good,,,prod,2026-09-02 19:36:24.669446+00:00,2026-09-03 00:28:47.319111+00:00,/nfs/data/sz_44/20260902/episode_20260902_193415_000_677df9fc.npy.mp4
01a0639e-4968-711d-b038-f21b6ad1cf7e,industrial packing,completed,yam,yam_0_61,56.3,yinli,good,,,prod,2026-09-02 19:37:28.057113+00:00,2026-09-03 00:28:47.116832+00:00,/nfs/data/sz_44/20260902/episode_20260902_193513_000_d7250e93.npy.mp4
01a0639f-37b0-734d-a034-3dc18f033b1a,industrial packing,completed,yam,yam_0_61,53.9,yinli,good,,,prod,2026-09-02 19:38:24.414199+00:00,2026-09-03 00:28:46.916585+00:00,/nfs/data/sz_44/20260902/episode_20260902_193614_000_c90ea963.npy.mp4
01a063a0-6478-786d-ac22-ff3ec3c537fe,industrial packing,completed,yam,yam_0_61,50.0,yinli,good,,,prod,2026-09-02 19:39:36.827706+00:00,2026-09-03 00:28:46.349239+00:00,/nfs/data/sz_44/20260902/episode_20260902_193731_000_45cd40af.npy.mp4
01a063a1-3f38-7023-9229-bb68b88f2ec5,industrial packing,completed,yam,yam_0_61,57.6,yinli,good,,,prod,2026-09-02 19:40:46.231969+00:00,2026-09-03 00:28:46.129731+00:00,/nfs/data/sz_44/20260902/episode_20260902_193827_000_8174dbd0.npy.mp4
01a063a2-3550-7e80-a003-f870fd5562b5,industrial packing,completed,yam,yam_0_61,52.9,yinli,good,,,prod,2026-09-02 19:41:37.616168+00:00,2026-09-03 00:28:45.940490+00:00,/nfs/data/sz_44/20260902/episode_20260902_193930_000_17d5e564.npy.mp4
01a063a3-1fb0-7035-8e7d-75a34d67c8f9,industrial packing,completed,yam,yam_0_61,52.5,yinli,good,,,prod,2026-09-02 19:42:41.052729+00:00,2026-09-03 00:28:45.364150+00:00,/nfs/data/sz_44/20260902/episode_20260902_194030_000_d00ce45f.npy.mp4
01a063a4-0240-73bf-a8ab-107b50be050e,industrial packing,completed,yam,yam_0_61,57.1,yinli,good,,,prod,2026-09-02 19:43:44.493232+00:00,2026-09-03 00:28:45.159888+00:00,/nfs/data/sz_44/20260902/episode_20260902_194128_000_a5796778.npy.mp4
01a063a4-f088-775e-b89e-e7a2eae5c356,industrial packing,completed,yam,yam_0_61,54.6,yinli,good,,,prod,2026-09-02 19:44:42.902746+00:00,2026-09-03 00:28:44.954334+00:00,/nfs/data/sz_44/20260902/episode_20260902_194229_000_f7333748.npy.mp4
01a063a5-dae8-74b5-a8c9-5cde7b3f2603,industrial packing,completed,yam,yam_0_61,59.8,yinli,good,,,prod,2026-09-02 19:45:47.307752+00:00,2026-09-03 00:28:44.384487+00:00,/nfs/data/sz_44/20260902/episode_20260902_194329_000_bf679185.npy.mp4
01a063a6-d4e8-7910-bbbb-5e7dfcda252c,industrial packing,completed,yam,yam_0_61,57.6,yinli,good,,,prod,2026-09-02 19:46:50.699850+00:00,2026-09-03 00:28:44.179881+00:00,/nfs/data/sz_44/20260902/episode_20260902_194433_000_b95603e8.npy.mp4
01a063a7-cb00-7f6f-a15d-7890a62454f9,industrial packing,completed,yam,yam_0_61,57.7,yinli,good,,,prod,2026-09-02 19:47:55.074284+00:00,2026-09-03 00:28:43.960695+00:00,/nfs/data/sz_44/20260902/episode_20260902_194536_000_66d446c8.npy.mp4
01a063a8-ccd0-7b41-a5dc-e5b2a51e6ded,industrial packing,completed,yam,yam_0_61,54.7,yinli,good,,,prod,2026-09-02 19:48:51.446622+00:00,2026-09-03 00:28:43.397809+00:00,/nfs/data/sz_44/20260902/episode_20260902_194642_000_2280607a.npy.mp4
01a063a9-d670-7bda-a4b2-f2a0a48de657,industrial packing,completed,yam,yam_0_61,56.8,yinli,good,,,prod,2026-09-02 19:50:05.878668+00:00,2026-09-03 00:28:43.197178+00:00,/nfs/data/sz_44/20260902/episode_20260902_194750_000_0b0832b9.npy.mp4
01a063aa-c4b8-74ac-b9d8-77a2917acbe9,industrial packing,completed,yam,yam_0_61,56.1,yinli,good,,,prod,2026-09-02 19:51:04.293453+00:00,2026-09-03 00:28:42.980520+00:00,/nfs/data/sz_44/20260902/episode_20260902_194851_000_14c64b17.npy.mp4
01a063ab-b300-7221-a388-f419f8afb53b,industrial packing,completed,yam,yam_0_61,52.1,yinli,good,,,prod,2026-09-02 19:52:01.646276+00:00,2026-09-03 00:28:42.402079+00:00,/nfs/data/sz_44/20260902/episode_20260902_194952_000_538b354f.npy.mp4
01a063ac-9978-7af3-9804-6ffe0df6bb56,industrial packing,completed,yam,yam_0_61,55.6,yinli,good,,,prod,2026-09-02 19:53:04.228660+00:00,2026-09-03 00:28:42.217522+00:00,/nfs/data/sz_44/20260902/episode_20260902_195051_000_a1eae5ee.npy.mp4
01a063ad-9378-7558-bf14-03ea45ce65fd,industrial packing,completed,yam,yam_0_61,54.6,yinli,good,,,prod,2026-09-02 19:54:07.634313+00:00,2026-09-03 00:28:42.024269+00:00,/nfs/data/sz_44/20260902/episode_20260902_195155_000_12796118.npy.mp4
01a063ae-79f0-77d1-922a-7bcc9752a56a,industrial packing,completed,yam,yam_0_61,50.6,yinli,good,,,prod,2026-09-02 19:54:59.982553+00:00,2026-09-03 00:28:41.853483+00:00,/nfs/data/sz_44/20260902/episode_20260902_195254_000_e837f427.npy.mp4
01a063af-50c8-7249-8dad-22074931a88c,industrial packing,completed,yam,yam_0_61,53.4,yinli,good,,,prod,2026-09-02 19:56:03.363034+00:00,2026-09-03 00:28:41.252464+00:00,/nfs/data/sz_44/20260902/episode_20260902_195349_000_1b546198.npy.mp4
01a063b0-3f10-7f0e-aa0f-22c40c6677b7,industrial packing,completed,yam,yam_0_61,53.6,yinli,good,,,prod,2026-09-02 19:57:01.749832+00:00,2026-09-03 00:28:41.073859+00:00,/nfs/data/sz_44/20260902/episode_20260902_195450_000_43fc3db3.npy.mp4
01a063b1-21a0-7e38-a36f-95b552a57461,industrial packing,completed,yam,yam_0_61,55.8,yinli,good,,,prod,2026-09-02 19:58:04.169921+00:00,2026-09-03 00:28:40.885258+00:00,/nfs/data/sz_44/20260902/episode_20260902_195548_000_ae14d8fd.npy.mp4
01a063b2-2370-7cd0-b92d-ef535a75347b,industrial packing,completed,yam,yam_0_61,54.1,yinli,good,,,prod,2026-09-02 19:59:07.563584+00:00,2026-09-03 00:28:40.313692+00:00,/nfs/data/sz_44/20260902/episode_20260902_195654_000_7cd5221b.npy.mp4
01a063b3-1d70-71ce-a60b-6554890ad353,industrial packing,completed,yam,yam_0_61,54.3,yinli,good,,,prod,2026-09-02 20:00:09.995462+00:00,2026-09-03 00:28:40.110867+00:00,/nfs/data/sz_44/20260902/episode_20260902_195758_000_bf3deec9.npy.mp4
01a063b4-03e8-7e13-b8b0-98d6d439256e,industrial packing,completed,yam,yam_0_61,56.7,yinli,good,,,prod,2026-09-02 20:01:14.400316+00:00,2026-09-03 00:28:39.923207+00:00,/nfs/data/sz_44/20260902/episode_20260902_195857_000_8d8c9af2.npy.mp4
01a063b4-f230-716d-89b1-2769626b1e9c,industrial packing,completed,yam,yam_0_61,53.8,yinli,good,,,prod,2026-09-02 20:02:13.257105+00:00,2026-09-03 00:28:39.343285+00:00,/nfs/data/sz_44/20260902/episode_20260902_195958_000_8c349c53.npy.mp4
01a063b5-d4c0-71ed-95a4-bb68983e226e,industrial packing,completed,yam,yam_0_61,56.0,yinli,good,,,prod,2026-09-02 20:03:11.724547+00:00,2026-09-03 00:28:39.196527+00:00,/nfs/data/sz_44/20260902/episode_20260902_200056_000_7ad0037b.npy.mp4
01a063b6-c308-75f7-9cd0-536b0a517596,industrial packing,completed,yam,yam_0_61,50.5,yinli,good,,,prod,2026-09-02 20:04:04.071015+00:00,2026-09-03 00:28:38.986920+00:00,/nfs/data/sz_44/20260902/episode_20260902_200157_000_62c2fe95.npy.mp4
01a063b7-95f8-7b3d-b8f4-84a9e09c2f0d,industrial packing,completed,yam,yam_0_61,54.1,yinli,good,,,prod,2026-09-02 20:05:01.458941+00:00,2026-09-03 00:28:38.848207+00:00,/nfs/data/sz_44/20260902/episode_20260902_200251_000_cf5daec9.npy.mp4
01a063b8-8c10-7bcb-b080-e9e0049cfb56,industrial packing,completed,yam,yam_0_61,49.5,yinli,good,,,prod,2026-09-02 20:05:57.844185+00:00,2026-09-03 00:28:38.229463+00:00,/nfs/data/sz_44/20260902/episode_20260902_200354_000_bc221c9f.npy.mp4
01a063b9-6ea0-7734-8057-a99d50f2852f,industrial packing,completed,yam,yam_0_61,48.5,yinli,good,,,prod,2026-09-02 20:06:59.274237+00:00,2026-09-03 00:28:38.022986+00:00,/nfs/data/sz_44/20260902/episode_20260902_200452_000_4d371d65.npy.mp4
01a063ba-4190-7135-a6ce-ced5c30e3f67,industrial packing,completed,yam,yam_0_61,55.9,yinli,good,,,prod,2026-09-02 20:08:03.658326+00:00,2026-09-03 00:28:37.861380+00:00,/nfs/data/sz_44/20260902/episode_20260902_200546_000_fb7bb74e.npy.mp4
01a063bb-2bf0-7add-93bb-29cd933ec19e,industrial packing,completed,yam,yam_0_61,53.5,yinli,good,,,prod,2026-09-02 20:08:56.048178+00:00,2026-09-03 00:28:37.238179+00:00,/nfs/data/sz_44/20260902/episode_20260902_200646_000_9b18883c.npy.mp4
01a063bc-0e80-7ecf-bfe3-739aa908f244,industrial packing,completed,yam,yam_0_61,48.4,yinli,good,,,prod,2026-09-02 20:09:46.386847+00:00,2026-09-03 00:28:37.030375+00:00,/nfs/data/sz_44/20260902/episode_20260902_200744_000_2ff6a631.npy.mp4
01a063bd-00b0-7f68-92be-43db326f2e65,industrial packing,completed,yam,yam_0_61,48.7,yinli,good,,,prod,2026-09-02 20:10:52.751732+00:00,2026-09-03 00:28:36.868622+00:00,/nfs/data/sz_44/20260902/episode_20260902_200846_000_5ec4c442.npy.mp4
01a063be-7f80-796e-8207-55fc9903379f,industrial packing,completed,yam,yam_0_61,45.3,yinli,good,,,prod,2026-09-02 20:12:23.204272+00:00,2026-09-03 00:28:36.306904+00:00,/nfs/data/sz_44/20260902/episode_20260902_201024_000_d1e3f438.npy.mp4
01a063bf-3ee8-74d7-ad25-8e1d9c0e084f,industrial packing,completed,yam,yam_0_61,47.5,yinli,good,,,prod,2026-09-02 20:13:14.484221+00:00,2026-09-03 00:28:36.095352+00:00,/nfs/data/sz_44/20260902/episode_20260902_201113_000_50dca50b.npy.mp4
01a063c1-0020-7da9-8dbc-6d91d2a787be,industrial packing,completed,yam,yam_0_61,46.5,yinli,good,,,prod,2026-09-02 20:15:09.074074+00:00,2026-09-03 00:28:35.889828+00:00,/nfs/data/sz_44/20260902/episode_20260902_201308_000_3174e466.npy.mp4
01a063c1-cf28-7ebb-9c93-5ac5e958cb46,industrial packing,completed,yam,yam_0_61,49.7,yinli,good,,,prod,2026-09-02 20:16:05.437402+00:00,2026-09-03 00:28:35.347524+00:00,/nfs/data/sz_44/20260902/episode_20260902_201401_000_feefc286.npy.mp4
01a063c2-cd10-781e-b8f7-492579eaa558,industrial packing,completed,yam,yam_0_61,49.1,yinli,good,,,prod,2026-09-02 20:17:12.819510+00:00,2026-09-03 00:28:35.161574+00:00,/nfs/data/sz_44/20260902/episode_20260902_201506_000_bf30e293.npy.mp4
01a063c3-a000-71ca-b583-3df1cac4024e,industrial packing,completed,yam,yam_0_61,53.3,yinli,good,,,prod,2026-09-02 20:18:11.178072+00:00,2026-09-03 00:28:34.958251+00:00,/nfs/data/sz_44/20260902/episode_20260902_201600_000_77ef635f.npy.mp4
01a063c4-8290-7ff7-9db5-50eac521b4ff,industrial packing,completed,yam,yam_0_61,45.3,yinli,good,,,prod,2026-09-02 20:18:56.542070+00:00,2026-09-03 00:28:34.383242+00:00,/nfs/data/sz_44/20260902/episode_20260902_201658_000_3e5de020.npy.mp4
01a063c5-5198-7d8c-8a1c-8e98962f1031,industrial packing,completed,yam,yam_0_61,45.0,yinli,good,,,prod,2026-09-02 20:19:52.921368+00:00,2026-09-03 00:28:34.190733+00:00,/nfs/data/sz_44/20260902/episode_20260902_201751_000_19a9dea2.npy.mp4
01a063c6-1100-71c2-a17e-e2493355734e,industrial packing,completed,yam,yam_0_61,54.9,yinli,good,,,prod,2026-09-02 20:20:51.340084+00:00,2026-09-03 00:28:34.011116+00:00,/nfs/data/sz_44/20260902/episode_20260902_201840_000_81cc370a.npy.mp4
01a063c6-fb60-7404-b889-ada115b419c1,industrial packing,completed,yam,yam_0_61,48.0,yinli,good,,,prod,2026-09-02 20:21:42.732207+00:00,2026-09-03 00:28:33.865550+00:00,/nfs/data/sz_44/20260902/episode_20260902_201940_000_c8792eb2.npy.mp4
01a063c7-ce50-7aea-bc60-1a0b6df2b7f5,industrial packing,completed,yam,yam_0_61,55.7,yinli,good,,,prod,2026-09-02 20:22:46.156944+00:00,2026-09-03 00:28:33.294511+00:00,/nfs/data/sz_44/20260902/episode_20260902_202034_000_059ca4ad.npy.mp4
01a063c8-cc38-74a6-8e7b-114f6a0a1054,industrial packing,completed,yam,yam_0_61,48.5,yinli,good,,,prod,2026-09-02 20:23:42.537903+00:00,2026-09-03 00:28:33.105025+00:00,/nfs/data/sz_44/20260902/episode_20260902_202139_000_1d47ae34.npy.mp4
01a063c9-aae0-7e82-89d6-b0866edc2eea,industrial packing,completed,yam,yam_0_61,48.4,yinli,good,,,prod,2026-09-02 20:24:39.905189+00:00,2026-09-03 00:28:32.901595+00:00,/nfs/data/sz_44/20260902/episode_20260902_202236_000_167f9b95.npy.mp4
01a063ca-79e8-7f3c-aab5-3d36f8077c5c,industrial packing,completed,yam,yam_0_61,56.4,yinli,good,,,prod,2026-09-02 20:25:43.313410+00:00,2026-09-03 00:28:32.367158+00:00,/nfs/data/sz_44/20260902/episode_20260902_202329_000_cc075fb2.npy.mp4
01a063cb-6830-72a5-88f2-e806a1510a05,industrial packing,completed,yam,yam_0_61,50.4,yinli,good,,,prod,2026-09-02 20:26:35.672203+00:00,2026-09-03 00:28:32.179261+00:00,/nfs/data/sz_44/20260902/episode_20260902_202430_000_dfcf1d6c.npy.mp4
01a063cc-3f08-7bb2-8c4b-f219e497f543,industrial packing,completed,yam,yam_0_61,55.8,yinli,good,,,prod,2026-09-02 20:27:40.085999+00:00,2026-09-03 00:28:31.995741+00:00,/nfs/data/sz_44/20260902/episode_20260902_202525_000_6558a4ee.npy.mp4
01a063cd-2968-7bc5-929b-13ef8318cf52,industrial packing,completed,yam,yam_0_61,58.5,yinli,good,,,prod,2026-09-02 20:28:42.491721+00:00,2026-09-03 00:28:31.867408+00:00,/nfs/data/sz_44/20260902/episode_20260902_202625_000_b677492f.npy.mp4
01a063ce-8510-7b67-9716-775e91649eff,industrial packing,completed,yam,yam_0_61,46.0,yinli,good,,,prod,2026-09-02 20:29:53.902233+00:00,2026-09-03 00:28:31.300276+00:00,/nfs/data/sz_44/20260902/episode_20260902_202754_000_2f95d092.npy.mp4
01a063cf-4860-774e-851b-415faad23065,industrial packing,completed,yam,yam_0_61,52.5,yinli,good,,,prod,2026-09-02 20:30:56.289097+00:00,2026-09-03 00:28:31.100082+00:00,/nfs/data/sz_44/20260902/episode_20260902_202844_000_c7e7a8fe.npy.mp4
01a063d0-2708-70b3-ad47-56c9a64fc683,industrial packing,completed,yam,yam_0_61,50.5,yinli,good,,,prod,2026-09-02 20:31:48.634594+00:00,2026-09-03 00:28:30.922182+00:00,/nfs/data/sz_44/20260902/episode_20260902_202941_000_57836cb1.npy.mp4
01a063d0-fde0-72fe-8fd4-95624fba2e2a,industrial packing,completed,yam,yam_0_61,49.0,yinli,good,,,prod,2026-09-02 20:32:39.966196+00:00,2026-09-03 00:28:30.403927+00:00,/nfs/data/sz_44/20260902/episode_20260902_203036_000_9625b524.npy.mp4
01a063d1-f3f8-7232-bbb3-c35b5da4e898,industrial packing,completed,yam,yam_0_61,54.8,yinli,good,,,prod,2026-09-02 20:33:53.475907+00:00,2026-09-03 00:28:30.216854+00:00,/nfs/data/sz_44/20260902/episode_20260902_203139_000_258a777e.npy.mp4
01a063d2-de58-7416-bb6d-eb8ebeb39f0a,industrial packing,completed,yam,yam_0_61,46.4,yinli,good,,,prod,2026-09-02 20:34:39.959272+00:00,2026-09-03 00:28:30.048718+00:00,/nfs/data/sz_44/20260902/episode_20260902_203239_000_8a86ab99.npy.mp4
01a063d3-b148-7827-9f12-3e22c5004f04,industrial packing,completed,yam,yam_0_61,54.0,yinli,good,,,prod,2026-09-02 20:35:48.453545+00:00,2026-09-03 00:28:29.868651+00:00,/nfs/data/sz_44/20260902/episode_20260902_203333_000_eb04cfe4.npy.mp4
01a063d4-9ba8-799a-a67b-af1ea0954a7b,industrial packing,completed,yam,yam_0_61,63.0,yinli,good,,,prod,2026-09-02 20:36:58.920599+00:00,2026-09-03 00:28:29.343463+00:00,/nfs/data/sz_44/20260902/episode_20260902_203433_000_2ba85635.npy.mp4
01a063d5-a548-781d-9260-6275c4910a76,industrial packing,completed,yam,yam_0_61,60.1,yinli,good,,,prod,2026-09-02 20:37:57.422219+00:00,2026-09-03 00:28:29.163908+00:00,/nfs/data/sz_44/20260902/episode_20260902_203541_000_51dceb7b.npy.mp4
01a063d6-b6b8-7575-beaf-681d0be3cc62,industrial packing,completed,yam,yam_0_61,51.1,yinli,good,,,prod,2026-09-02 20:38:59.816001+00:00,2026-09-03 00:28:29.003336+00:00,/nfs/data/sz_44/20260902/episode_20260902_203651_000_b2b23591.npy.mp4
01a063d7-8d90-7a25-b4a9-6027b8ea285c,industrial packing,completed,yam,yam_0_61,49.5,yinli,good,,,prod,2026-09-02 20:39:51.162740+00:00,2026-09-03 00:28:28.880773+00:00,/nfs/data/sz_44/20260902/episode_20260902_203746_000_3cac0d38.npy.mp4
01a063d8-7bd8-7b06-931e-c6c4ac074d93,industrial packing,completed,yam,yam_0_61,46.2,yinli,good,,,prod,2026-09-02 20:40:47.535778+00:00,2026-09-03 00:28:28.293087+00:00,/nfs/data/sz_44/20260902/episode_20260902_203847_000_6cec5fa1.npy.mp4
01a063d9-4310-7495-8cad-45164f6ebb0a,industrial packing,completed,yam,yam_0_61,60.3,yinli,good,,,prod,2026-09-02 20:41:56.961469+00:00,2026-09-03 00:28:28.112158+00:00,/nfs/data/sz_44/20260902/episode_20260902_203938_000_8af5c164.npy.mp4
01a063da-3d10-7329-b6c8-582c95aa5aa4,industrial packing,completed,yam,yam_0_61,54.5,yinli,good,,,prod,2026-09-02 20:42:55.345794+00:00,2026-09-03 00:28:27.940901+00:00,/nfs/data/sz_44/20260902/episode_20260902_204042_000_06f2bede.npy.mp4
01a063db-2770-7fda-a8d9-e8b858f5afce,industrial packing,completed,yam,yam_0_61,52.9,yinli,good,,,prod,2026-09-02 20:43:52.934091+00:00,2026-09-03 00:28:27.390912+00:00,/nfs/data/sz_44/20260902/episode_20260902_204142_000_9cae0b2a.npy.mp4
01a063dc-0de8-73e6-8881-67493b433342,industrial packing,completed,yam,yam_0_61,51.0,yinli,good,,,prod,2026-09-02 20:44:49.761101+00:00,2026-09-03 00:28:27.212350+00:00,/nfs/data/sz_44/20260902/episode_20260902_204241_000_0929a1be.npy.mp4
01a063dc-e4c0-7d32-800a-cc1c422837af,industrial packing,completed,yam,yam_0_61,58.7,yinli,good,,,prod,2026-09-02 20:45:54.264046+00:00,2026-09-03 00:28:27.061226+00:00,/nfs/data/sz_44/20260902/episode_20260902_204336_000_b52daae7.npy.mp4
01a063dd-e690-7b95-a5a0-e92de3d465c8,industrial packing,completed,yam,yam_0_61,37.9,yinli,good,,,prod,2026-09-02 20:46:32.739309+00:00,2026-09-03 00:28:26.883144+00:00,/nfs/data/sz_44/20260902/episode_20260902_204442_000_5c5e9055.npy.mp4
01a063de-8e88-7fda-8bb4-37c6ef3ebd9e,industrial packing,completed,yam,yam_0_61,36.8,yinli,good,,,prod,2026-09-02 20:47:16.097824+00:00,2026-09-03 00:28:26.344151+00:00,/nfs/data/sz_44/20260902/episode_20260902_204525_000_56ece585.npy.mp4
01a063df-3680-7200-8ed4-29fefc70744f,industrial packing,completed,yam,yam_0_61,61.6,yinli,good,,,prod,2026-09-02 20:48:31.609029+00:00,2026-09-03 00:28:26.165721+00:00,/nfs/data/sz_44/20260902/episode_20260902_204608_000_42bffda6.npy.mp4
01a063e0-4020-74ae-9e5d-1ccbef92d691,industrial packing,completed,yam,yam_0_61,44.9,yinli,good,,,prod,2026-09-02 20:49:16.964502+00:00,2026-09-03 00:28:26.023346+00:00,/nfs/data/sz_44/20260902/episode_20260902_204716_000_f742573c.npy.mp4
01a063e1-0b40-70eb-a9fe-042ab906a79e,industrial packing,completed,yam,yam_0_61,38.5,yinli,good,,,prod,2026-09-02 20:50:01.326998+00:00,2026-09-03 00:28:25.886718+00:00,/nfs/data/sz_44/20260902/episode_20260902_204808_000_d759dbc5.npy.mp4
01a063e1-bef0-72c6-a867-06909caa7b29,industrial packing,completed,yam,yam_0_61,33.2,yinli,good,,,prod,2026-09-02 20:50:40.660569+00:00,2026-09-03 00:28:25.359013+00:00,/nfs/data/sz_44/20260902/episode_20260902_204854_000_594af76d.npy.mp4
01a063e2-4f78-702e-9416-d601383cc4bc,industrial packing,completed,yam,yam_0_61,40.5,yinli,good,,,prod,2026-09-02 20:51:25.010985+00:00,2026-09-03 00:28:25.201335+00:00,/nfs/data/sz_44/20260902/episode_20260902_204931_000_c7cd9a18.npy.mp4
01a063e3-0328-7c5a-bfa8-d0e3bb5f369e,industrial packing,completed,yam,yam_0_61,28.1,yinli,good,,,prod,2026-09-02 20:51:57.334547+00:00,2026-09-03 00:28:24.895527+00:00,/nfs/data/sz_44/20260902/episode_20260902_205017_000_4faaef43.npy.mp4
01a063e3-8be0-7fb0-9344-bacea06d95c0,industrial packing,completed,yam,yam_0_61,25.6,yinli,good,,,prod,2026-09-02 20:52:28.635792+00:00,2026-09-03 00:28:24.356128+00:00,/nfs/data/sz_44/20260902/episode_20260902_205052_000_965e8e89.npy.mp4
01a063e4-0110-71bb-b7ac-61bc637f2289,industrial packing,completed,yam,yam_0_61,33.2,yinli,good,,,prod,2026-09-02 20:53:06.972767+00:00,2026-09-03 00:28:24.176448+00:00,/nfs/data/sz_44/20260902/episode_20260902_205122_000_b02a5488.npy.mp4
01a063e4-bc90-7668-8694-495e54f772cf,industrial packing,completed,yam,yam_0_61,31.1,yinli,good,,,prod,2026-09-02 20:53:54.523556+00:00,2026-09-03 00:28:24.009333+00:00,/nfs/data/sz_44/20260902/episode_20260902_205210_000_17c0c266.npy.mp4
01a063e5-5100-7d06-80fa-65129b887c4d,industrial packing,completed,yam,yam_0_61,30.5,yinli,good,,,prod,2026-09-02 20:54:32.857295+00:00,2026-09-03 00:28:12.884204+00:00,/nfs/data/sz_44/20260902/episode_20260902_205248_000_d677d7ed.npy.mp4
01a063e5-dda0-7794-b8f1-27aedf5bf664,industrial packing,completed,yam,yam_0_61,32.3,yinli,good,,,prod,2026-09-02 20:55:11.195479+00:00,2026-09-03 00:28:12.334220+00:00,/nfs/data/sz_44/20260902/episode_20260902_205324_000_be4f495d.npy.mp4
01a063e6-6e28-7800-b725-9ed5a525f0ba,industrial packing,completed,yam,yam_0_61,33.0,yinli,good,,,prod,2026-09-02 20:55:49.550049+00:00,2026-09-03 00:28:12.157716+00:00,/nfs/data/sz_44/20260902/episode_20260902_205401_000_219c679f.npy.mp4
01a063e7-1238-791d-a0e7-6362aee2c504,industrial packing,completed,yam,yam_0_61,31.5,yinli,good,,,prod,2026-09-02 20:56:26.858798+00:00,2026-09-03 00:28:11.990656+00:00,/nfs/data/sz_44/20260902/episode_20260902_205443_000_176d046e.npy.mp4
01a063e7-aa90-717c-bdcf-f3f5490d565e,industrial packing,completed,yam,yam_0_61,36.1,yinli,good,,,prod,2026-09-02 20:57:10.180634+00:00,2026-09-03 00:28:11.869666+00:00,/nfs/data/sz_44/20260902/episode_20260902_205522_000_828fa954.npy.mp4
01a063e8-4ab8-7332-8407-2c3476a5997f,industrial packing,completed,yam,yam_0_61,38.4,yinli,good,,,prod,2026-09-02 20:57:54.517439+00:00,2026-09-03 00:28:11.262736+00:00,/nfs/data/sz_44/20260902/episode_20260902_205603_000_0b759f50.npy.mp4
01a063e8-f698-7430-8216-5b47cccf371d,industrial packing,completed,yam,yam_0_61,30.8,yinli,good,,,prod,2026-09-02 20:58:26.842614+00:00,2026-09-03 00:28:11.094361+00:00,/nfs/data/sz_44/20260902/episode_20260902_205647_000_81f666f1.npy.mp4
01a063e9-8b08-7b39-b08f-a66bf2423033,industrial packing,completed,yam,yam_0_61,31.0,yinli,good,,,prod,2026-09-02 20:59:10.269466+00:00,2026-09-03 00:28:10.905519+00:00,/nfs/data/sz_44/20260902/episode_20260902_205725_000_14ea8f50.npy.mp4
01a063ea-17a8-7164-9abd-cc92a31c5124,industrial packing,completed,yam,yam_0_61,31.8,yinli,good,,,prod,2026-09-02 20:59:42.592038+00:00,2026-09-03 00:28:10.874491+00:00,/nfs/data/sz_44/20260902/episode_20260902_205801_000_e405a4e8.npy.mp4
01a063ea-a830-74e4-b2f0-224c26cf5091,industrial packing,completed,yam,yam_0_61,34.3,yinli,good,,,prod,2026-09-02 21:00:25.986184+00:00,2026-09-03 00:28:10.269918+00:00,/nfs/data/sz_44/20260902/episode_20260902_205838_000_a32f4553.npy.mp4
01a063eb-4470-701c-92cc-1c45683ca6c5,industrial packing,completed,yam,yam_0_61,41.9,yinli,good,,,prod,2026-09-02 21:01:16.327088+00:00,2026-09-03 00:28:10.123081+00:00,/nfs/data/sz_44/20260902/episode_20260902_205918_000_ab6aba4d.npy.mp4
01a063ec-03d8-73da-8837-a8707baf1064,industrial packing,completed,yam,yam_0_61,45.1,yinli,good,,,prod,2026-09-02 21:02:06.697395+00:00,2026-09-03 00:28:09.943180+00:00,/nfs/data/sz_44/20260902/episode_20260902_210007_000_2e5a5dd1.npy.mp4
01a063ec-d6c8-7db5-80a6-d6f007d781a5,industrial packing,completed,yam,yam_0_61,34.6,yinli,good,,,prod,2026-09-02 21:02:50.030166+00:00,2026-09-03 00:28:09.885628+00:00,/nfs/data/sz_44/20260902/episode_20260902_210101_000_38dec5d9.npy.mp4
01a063ed-82a8-7fb4-a58d-1edef96198a7,industrial packing,completed,yam,yam_0_61,41.8,yinli,good,,,prod,2026-09-02 21:03:40.372034+00:00,2026-09-03 00:28:09.292229+00:00,/nfs/data/sz_44/20260902/episode_20260902_210145_000_13e8e3e4.npy.mp4
01a063ee-3e28-7b96-aba8-7673529fa4b7,industrial packing,completed,yam,yam_0_61,37.1,yinli,good,,,prod,2026-09-02 21:04:23.611396+00:00,2026-09-03 00:28:09.173598+00:00,/nfs/data/sz_44/20260902/episode_20260902_210233_000_f7987f14.npy.mp4
01a063f0-2288-7608-a727-bec6820937dd,industrial packing,completed,yam,yam_0_61,40.2,yinli,good,,,prod,2026-09-02 21:06:31.186820+00:00,2026-09-03 00:28:09.009618+00:00,/nfs/data/sz_44/20260902/episode_20260902_210437_000_2820e777.npy.mp4
01a063f0-d638-7113-804c-31112d2a20bc,industrial packing,completed,yam,yam_0_61,31.7,yinli,good,,,prod,2026-09-02 21:07:08.984789+00:00,2026-09-03 00:28:08.876771+00:00,/nfs/data/sz_44/20260902/episode_20260902_210523_000_63369720.npy.mp4
01a063f1-7e30-75bd-bb8f-1ca86efa358c,industrial packing,completed,yam,yam_0_61,33.8,yinli,good,,,prod,2026-09-02 21:07:51.303855+00:00,2026-09-03 00:28:08.367405+00:00,/nfs/data/sz_44/20260902/episode_20260902_210606_000_04379935.npy.mp4
01a063f2-2240-7532-b6e0-5a8da23e4975,industrial packing,completed,yam,yam_0_61,34.9,yinli,good,,,prod,2026-09-02 21:08:35.669534+00:00,2026-09-03 00:28:08.196347+00:00,/nfs/data/sz_44/20260902/episode_20260902_210648_000_ebfb5ef5.npy.mp4
01a063f2-be80-7468-ac61-fe630ca7ffc6,industrial packing,completed,yam,yam_0_61,41.8,yinli,good,,,prod,2026-09-02 21:09:26.035761+00:00,2026-09-03 00:28:08.021750+00:00,/nfs/data/sz_44/20260902/episode_20260902_210728_000_bfad66c9.npy.mp4
01a063f3-7618-7f1a-93b8-644262443e64,industrial packing,completed,yam,yam_0_61,39.5,yinli,good,,,prod,2026-09-02 21:10:11.373143+00:00,2026-09-03 00:28:07.889044+00:00,/nfs/data/sz_44/20260902/episode_20260902_210815_000_2f9a5453.npy.mp4
01a063f4-29c8-782d-aff6-488bfa68af01,industrial packing,completed,yam,yam_0_61,38.5,yinli,good,,,prod,2026-09-02 21:10:55.705993+00:00,2026-09-03 00:28:07.312657+00:00,/nfs/data/sz_44/20260902/episode_20260902_210901_000_c1f547d2.npy.mp4
01a063f4-d5a8-74dd-895e-62e09fed7b1f,industrial packing,completed,yam,yam_0_61,40.2,yinli,good,,,prod,2026-09-02 21:11:40.004525+00:00,2026-09-03 00:28:07.065516+00:00,/nfs/data/sz_44/20260902/episode_20260902_210945_000_c9664404.npy.mp4
01a063f5-9510-7153-99f7-4521114c1b83,industrial packing,completed,yam,yam_0_61,35.4,yinli,good,,,prod,2026-09-02 21:12:23.327161+00:00,2026-09-03 00:28:06.888855+00:00,/nfs/data/sz_44/20260902/episode_20260902_211034_000_0293dae9.npy.mp4
01a063f6-40f0-757a-9cc9-1447cc53dd79,industrial packing,completed,yam,yam_0_61,40.9,yinli,good,,,prod,2026-09-02 21:13:12.672670+00:00,2026-09-03 00:28:06.245591+00:00,/nfs/data/sz_44/20260902/episode_20260902_211118_000_9d8c6ddb.npy.mp4
01a063f7-0440-7e6b-a6c8-fa9ff2eed547,industrial packing,completed,yam,yam_0_61,34.6,yinli,good,,,prod,2026-09-02 21:13:56.037261+00:00,2026-09-03 00:28:06.054388+00:00,/nfs/data/sz_44/20260902/episode_20260902_211208_000_aaf2d8d7.npy.mp4
01a063f7-a850-7f32-b359-a68ee176ee62,industrial packing,completed,yam,yam_0_61,40.5,yinli,good,,,prod,2026-09-02 21:14:45.602206+00:00,2026-09-03 00:28:05.869193+00:00,/nfs/data/sz_44/20260902/episode_20260902_211250_000_f7453cf7.npy.mp4
01a063f8-5c00-74b5-a29b-bed1b2471af3,industrial packing,completed,yam,yam_0_61,39.1,yinli,good,,,prod,2026-09-02 21:15:29.938694+00:00,2026-09-03 00:28:05.192077+00:00,/nfs/data/sz_44/20260902/episode_20260902_211336_000_01e0bcb6.npy.mp4
01a063f9-07e0-7cc9-aa49-30bbdba0ec7d,industrial packing,completed,yam,yam_0_61,38.3,yinli,good,,,prod,2026-09-02 21:16:14.282507+00:00,2026-09-03 00:28:04.978107+00:00,/nfs/data/sz_44/20260902/episode_20260902_211420_000_c2d578b1.npy.mp4
01a063f9-afd8-794a-ac76-dcb807ac22f1,industrial packing,completed,yam,yam_0_61,38.1,yinli,good,,,prod,2026-09-02 21:16:53.601441+00:00,2026-09-03 00:28:04.416063+00:00,/nfs/data/sz_44/20260902/episode_20260902_211503_000_34de2ac7.npy.mp4
01a063fa-5bb8-7fd6-a190-a4f0b4bd3083,industrial packing,completed,yam,yam_0_61,39.1,yinli,good,,,prod,2026-09-02 21:17:37.906456+00:00,2026-09-03 00:28:04.192088+00:00,/nfs/data/sz_44/20260902/episode_20260902_211547_000_f81c2e59.npy.mp4
01a063fb-0b80-71c7-9f96-993272c4d55a,industrial packing,completed,yam,yam_0_61,46.4,yinli,good,,,prod,2026-09-02 21:18:34.288250+00:00,2026-09-03 00:28:03.952869+00:00,/nfs/data/sz_44/20260902/episode_20260902_211632_000_426432c3.npy.mp4
01a063fb-d6a0-78db-aac2-0d7ec163fa10,industrial packing,completed,yam,yam_0_61,37.0,yinli,good,,,prod,2026-09-02 21:19:12.608729+00:00,2026-09-03 00:28:03.332881+00:00,/nfs/data/sz_44/20260902/episode_20260902_211724_000_337dbea9.npy.mp4
01a063fc-8668-738e-94c4-dfe6aa01e404,industrial packing,completed,yam,yam_0_61,33.8,yinli,good,,,prod,2026-09-02 21:19:55.939736+00:00,2026-09-03 00:28:03.134208+00:00,/nfs/data/sz_44/20260902/episode_20260902_211809_000_5225743c.npy.mp4
01a063fd-1ec0-75da-8a11-82724c666a1e,industrial packing,completed,yam,yam_0_61,42.4,yinli,good,,,prod,2026-09-02 21:20:45.267618+00:00,2026-09-03 00:28:02.924514+00:00,/nfs/data/sz_44/20260902/episode_20260902_211848_000_3d1e0595.npy.mp4
01a063fd-da40-7776-b10e-5e9ed9c8ef86,industrial packing,completed,yam,yam_0_61,37.0,yinli,good,,,prod,2026-09-02 21:21:23.598196+00:00,2026-09-03 00:28:02.335945+00:00,/nfs/data/sz_44/20260902/episode_20260902_211936_000_c02aa28d.npy.mp4
01a063fe-8a08-79e4-aaf2-3c25532ded2e,industrial packing,completed,yam,yam_0_61,39.0,yinli,good,,,prod,2026-09-02 21:22:12.981463+00:00,2026-09-03 00:28:02.140746+00:00,/nfs/data/sz_44/20260902/episode_20260902_212021_000_41df48df.npy.mp4
01a063ff-41a0-7346-a9e8-bbeb7fa56241,industrial packing,completed,yam,yam_0_61,35.1,yinli,good,,,prod,2026-09-02 21:22:56.328817+00:00,2026-09-03 00:28:01.894556+00:00,/nfs/data/sz_44/20260902/episode_20260902_212108_000_a1791fa0.npy.mp4
01a063ff-dde0-7578-8d0d-56dffecb9d53,industrial packing,completed,yam,yam_0_61,34.5,yinli,good,,,prod,2026-09-02 21:23:34.671659+00:00,2026-09-03 00:28:01.288837+00:00,/nfs/data/sz_44/20260902/episode_20260902_212148_000_1e90f9d7.npy.mp4
01a06400-81f0-7b01-b1be-487a14b98057,industrial packing,completed,yam,yam_0_61,37.4,yinli,good,,,prod,2026-09-02 21:24:19.018334+00:00,2026-09-03 00:28:01.064673+00:00,/nfs/data/sz_44/20260902/episode_20260902_212230_000_fa655246.npy.mp4
01a06401-29e8-7911-ba5f-62105db0bb33,industrial packing,completed,yam,yam_0_61,42.2,yinli,good,,,prod,2026-09-02 21:25:08.373434+00:00,2026-09-03 00:28:00.928261+00:00,/nfs/data/sz_44/20260902/episode_20260902_212313_000_672904ee.npy.mp4
01a06401-e568-7f3f-8123-01cd9f7de997,industrial packing,completed,yam,yam_0_61,37.1,yinli,good,,,prod,2026-09-02 21:25:52.728712+00:00,2026-09-03 00:28:00.408024+00:00,/nfs/data/sz_44/20260902/episode_20260902_212401_000_24b1ef23.npy.mp4
01a06402-9530-7b5d-88b0-8d06c420b795,industrial packing,completed,yam,yam_0_61,43.0,yinli,good,,,prod,2026-09-02 21:26:43.065395+00:00,2026-09-03 00:28:00.198635+00:00,/nfs/data/sz_44/20260902/episode_20260902_212446_000_84fccd9d.npy.mp4
01a06403-5498-728d-ab82-73e74f44f361,industrial packing,completed,yam,yam_0_61,41.5,yinli,good,,,prod,2026-09-02 21:27:33.427824+00:00,2026-09-03 00:27:59.971118+00:00,/nfs/data/sz_44/20260902/episode_20260902_212535_000_f5d78d8c.npy.mp4
01a06404-0c30-78e2-b7b9-e1a4679a915a,industrial packing,completed,yam,yam_0_61,45.2,yinli,good,,,prod,2026-09-02 21:28:23.802154+00:00,2026-09-03 00:27:59.309810+00:00,/nfs/data/sz_44/20260902/episode_20260902_212622_000_af59beb0.npy.mp4
01a06404-db38-7db4-8147-2bfd1219e784,industrial packing,completed,yam,yam_0_61,38.4,yinli,good,,,prod,2026-09-02 21:29:08.148571+00:00,2026-09-03 00:27:59.073242+00:00,/nfs/data/sz_44/20260902/episode_20260902_212715_000_b24b004f.npy.mp4
01a06405-8b00-78e9-ab29-6a1603a1a469,industrial packing,completed,yam,yam_0_61,44.6,yinli,good,,,prod,2026-09-02 21:29:58.514434+00:00,2026-09-03 00:27:58.891037+00:00,/nfs/data/sz_44/20260902/episode_20260902_212800_000_ace66fc4.npy.mp4
01a06406-5df0-7fc7-ad5d-52cc0a3e074b,industrial packing,completed,yam,yam_0_61,41.2,yinli,good,,,prod,2026-09-02 21:30:47.960211+00:00,2026-09-03 00:27:58.202313+00:00,/nfs/data/sz_44/20260902/episode_20260902_212854_000_fbd99025.npy.mp4
01a06407-2140-7624-9c58-78f5dddd14d4,industrial packing,completed,yam,yam_0_61,43.7,yinli,good,,,prod,2026-09-02 21:31:42.453208+00:00,2026-09-03 00:27:57.984892+00:00,/nfs/data/sz_44/20260902/episode_20260902_212944_000_c460bd9f.npy.mp4
01a06407-e0a8-7d84-850d-2437feaa16b3,industrial packing,completed,yam,yam_0_61,40.3,yinli,good,,,prod,2026-09-02 21:32:27.829514+00:00,2026-09-03 00:27:57.279814+00:00,/nfs/data/sz_44/20260902/episode_20260902_213033_000_d55f180e.npy.mp4
01a06408-a010-7ad0-99f0-70e067814f25,industrial packing,completed,yam,yam_0_61,39.2,yinli,good,,,prod,2026-09-02 21:33:17.189931+00:00,2026-09-03 00:27:57.093575+00:00,/nfs/data/sz_44/20260902/episode_20260902_213122_000_38b2016c.npy.mp4
01a06409-5b90-7b7c-9c4e-f86f70dac733,industrial packing,completed,yam,yam_0_61,33.4,yinli,good,,,prod,2026-09-02 21:33:54.521904+00:00,2026-09-03 00:27:56.866758+00:00,/nfs/data/sz_44/20260902/episode_20260902_213210_000_7f68bfd6.npy.mp4
01a0640a-0b58-7cbd-8c23-78e2dca5f0ce,industrial packing,completed,yam,yam_0_61,29.4,yinli,good,,,prod,2026-09-02 21:34:35.850531+00:00,2026-09-03 00:27:56.196201+00:00,/nfs/data/sz_44/20260902/episode_20260902_213255_000_a40fd64c.npy.mp4
01a0640a-9fc8-7046-958a-ebe91f1d4ce0,industrial packing,completed,yam,yam_0_61,41.8,yinli,good,,,prod,2026-09-02 21:35:31.238509+00:00,2026-09-03 00:27:55.942517+00:00,/nfs/data/sz_44/20260902/episode_20260902_213333_000_bb32d618.npy.mp4
01a0640b-5f30-7b6e-9fe8-b2f55f577c97,industrial packing,completed,yam,yam_0_61,33.4,yinli,good,,,prod,2026-09-02 21:36:09.575098+00:00,2026-09-03 00:27:55.349681+00:00,/nfs/data/sz_44/20260902/episode_20260902_213422_000_40be9150.npy.mp4
01a0640c-0728-745b-98b8-0999f34d66a1,industrial packing,completed,yam,yam_0_61,28.0,yinli,good,,,prod,2026-09-02 21:36:45.901017+00:00,2026-09-03 00:27:55.076594+00:00,/nfs/data/sz_44/20260902/episode_20260902_213505_000_d32943c2.npy.mp4
01a0640c-8bf8-7437-9339-dd062295e92d,industrial packing,completed,yam,yam_0_61,32.7,yinli,good,,,prod,2026-09-02 21:37:24.223544+00:00,2026-09-03 00:27:54.883633+00:00,/nfs/data/sz_44/20260902/episode_20260902_213539_000_5a5aa79b.npy.mp4
01a0640d-33f0-7a43-a0e2-d14677769f16,industrial packing,completed,yam,yam_0_61,32.1,yinli,good,,,prod,2026-09-02 21:38:06.548690+00:00,2026-09-03 00:27:54.216720+00:00,/nfs/data/sz_44/20260902/episode_20260902_213622_000_7c332869.npy.mp4
01a0640d-d030-7b1c-82a2-e991f76af563,industrial packing,completed,yam,yam_0_61,41.8,yinli,good,,,prod,2026-09-02 21:38:55.988305+00:00,2026-09-03 00:27:54.010841+00:00,/nfs/data/sz_44/20260902/episode_20260902_213702_000_ed82bf73.npy.mp4
01a0640e-aed8-7de0-878c-e6d077471d59,industrial packing,completed,yam,yam_0_61,36.6,yinli,good,,,prod,2026-09-02 21:39:49.337460+00:00,2026-09-03 00:27:53.874992+00:00,/nfs/data/sz_44/20260902/episode_20260902_213759_000_6259bfeb.npy.mp4
01a0640f-52e8-7790-872c-67b16742cbe5,industrial packing,completed,yam,yam_0_61,40.1,yinli,good,,,prod,2026-09-02 21:40:34.684553+00:00,2026-09-03 00:27:53.311011+00:00,/nfs/data/sz_44/20260902/episode_20260902_213841_000_845b4188.npy.mp4
01a06410-0698-77ae-b025-2526e49072ea,industrial packing,completed,yam,yam_0_61,38.1,yinli,good,,,prod,2026-09-02 21:41:17.996975+00:00,2026-09-03 00:27:53.078797+00:00,/nfs/data/sz_44/20260902/episode_20260902_213927_000_c1a6e050.npy.mp4
01a06410-b278-7d76-9263-b6234b0eafb0,industrial packing,completed,yam,yam_0_61,46.2,yinli,good,,,prod,2026-09-02 21:42:14.356753+00:00,2026-09-03 00:27:52.868901+00:00,/nfs/data/sz_44/20260902/episode_20260902_214011_000_04a5ea73.npy.mp4
01a06411-7d98-7602-b349-57343bf1b8b4,industrial packing,completed,yam,yam_0_61,37.6,yinli,good,,,prod,2026-09-02 21:42:53.658292+00:00,2026-09-03 00:27:52.225340+00:00,/nfs/data/sz_44/20260902/episode_20260902_214103_000_397c962d.npy.mp4
01a06412-2978-748c-a5c0-927a18e13b67,industrial packing,completed,yam,yam_0_61,43.0,yinli,good,,,prod,2026-09-02 21:43:44.123323+00:00,2026-09-03 00:27:52.043074+00:00,/nfs/data/sz_44/20260902/episode_20260902_214147_000_36d95fad.npy.mp4
01a06412-ecc8-72d0-8ffa-5c47660f7968,industrial packing,completed,yam,yam_0_61,38.6,yinli,good,,,prod,2026-09-02 21:44:27.488815+00:00,2026-09-03 00:27:51.873914+00:00,/nfs/data/sz_44/20260902/episode_20260902_214237_000_61888c2d.npy.mp4
01a06413-a078-72f4-b38e-fa541c8104b1,industrial packing,completed,yam,yam_0_61,38.2,yinli,good,,,prod,2026-09-02 21:45:16.849915+00:00,2026-09-03 00:27:51.326057+00:00,/nfs/data/sz_44/20260902/episode_20260902_214323_000_b71a39b9.npy.mp4
01a06414-4c58-777a-9e21-ad7edb6ca566,industrial packing,completed,yam,yam_0_61,38.2,yinli,good,,,prod,2026-09-02 21:46:02.188815+00:00,2026-09-03 00:27:51.114215+00:00,/nfs/data/sz_44/20260902/episode_20260902_214407_000_4978e37e.npy.mp4
01a06414-f838-7b41-9165-47ef27ccf590,industrial packing,completed,yam,yam_0_61,38.3,yinli,good,,,prod,2026-09-02 21:46:40.524683+00:00,2026-09-03 00:27:50.904353+00:00,/nfs/data/sz_44/20260902/episode_20260902_214451_000_8e25731e.npy.mp4
01a06415-c740-7626-850a-cac05d9c9587,industrial packing,completed,yam,yam_0_61,33.5,yinli,good,,,prod,2026-09-02 21:47:27.862083+00:00,2026-09-03 00:27:50.293470+00:00,/nfs/data/sz_44/20260902/episode_20260902_214544_000_34333730.npy.mp4
01a06416-6380-7301-a888-03bff307e39b,industrial packing,completed,yam,yam_0_61,41.0,yinli,good,,,prod,2026-09-02 21:48:18.244924+00:00,2026-09-03 00:27:50.053276+00:00,/nfs/data/sz_44/20260902/episode_20260902_214624_000_fb6fb724.npy.mp4
01a06417-1730-7981-adc5-09384eba427a,industrial packing,completed,yam,yam_0_61,40.4,yinli,good,,,prod,2026-09-02 21:49:02.586105+00:00,2026-09-03 00:27:49.884884+00:00,/nfs/data/sz_44/20260902/episode_20260902_214710_000_ed4627f9.npy.mp4
01a06417-cae0-7859-b50d-392520533324,industrial packing,completed,yam,yam_0_61,42.1,yinli,good,,,prod,2026-09-02 21:49:53.066402+00:00,2026-09-03 00:27:49.198197+00:00,/nfs/data/sz_44/20260902/episode_20260902_214756_000_5cb188e5.npy.mp4
01a06418-7e90-7dd8-9145-9b46ebba440d,industrial packing,completed,yam,yam_0_61,36.4,yinli,good,,,prod,2026-09-02 21:50:31.509549+00:00,2026-09-03 00:27:48.987566+00:00,/nfs/data/sz_44/20260902/episode_20260902_214842_000_11603443.npy.mp4
01a06419-3240-7deb-9a51-66b11c7a66b6,industrial packing,completed,yam,yam_0_61,42.4,yinli,good,,,prod,2026-09-02 21:51:26.951940+00:00,2026-09-03 00:27:48.351196+00:00,/nfs/data/sz_44/20260902/episode_20260902_214928_000_627b9dd2.npy.mp4
01a06419-edc0-7c3f-98c1-fb802facde61,industrial packing,completed,yam,yam_0_61,41.9,yinli,good,,,prod,2026-09-02 21:52:11.433142+00:00,2026-09-03 00:27:48.125992+00:00,/nfs/data/sz_44/20260902/episode_20260902_215016_000_b5655697.npy.mp4
01a0641a-a940-7917-96cf-0a1a9e496ae2,industrial packing,completed,yam,yam_0_61,47.8,yinli,good,,,prod,2026-09-02 21:53:07.798486+00:00,2026-09-03 00:27:47.907317+00:00,/nfs/data/sz_44/20260902/episode_20260902_215104_000_3a332669.npy.mp4
01a0641c-bc80-7e06-a6e6-7b86bd65b9f0,industrial packing,completed,yam,yam_0_61,44.4,yinli,good,,,prod,2026-09-02 21:55:19.536680+00:00,2026-09-03 00:27:47.313831+00:00,/nfs/data/sz_44/20260902/episode_20260902_215320_000_1527c075.npy.mp4
01a0641d-a2f8-7817-9e80-eb21d40084ab,industrial packing,completed,yam,yam_0_61,34.2,yinli,good,,,prod,2026-09-02 21:56:07.884622+00:00,2026-09-03 00:27:47.114332+00:00,/nfs/data/sz_44/20260902/episode_20260902_215419_000_f3abaaad.npy.mp4
01a0641e-4320-799d-b5ab-dc8015236712,industrial packing,completed,yam,yam_0_61,44.6,yinli,good,,,prod,2026-09-02 21:56:58.243147+00:00,2026-09-03 00:27:46.908152+00:00,/nfs/data/sz_44/20260902/episode_20260902_215500_000_cceb6723.npy.mp4
01a0641f-0670-74bd-9585-324eaa6f9789,industrial packing,completed,yam,yam_0_61,40.9,yinli,good,,,prod,2026-09-02 21:57:43.577637+00:00,2026-09-03 00:27:46.308282+00:00,/nfs/data/sz_44/20260902/episode_20260902_215550_000_32ce486c.npy.mp4
01a0641f-be08-763c-ba35-249a8dee9fb5,industrial packing,completed,yam,yam_0_61,35.4,yinli,good,,,prod,2026-09-02 21:58:27.899889+00:00,2026-09-03 00:27:46.119313+00:00,/nfs/data/sz_44/20260902/episode_20260902_215637_000_f4118fb7.npy.mp4
01a06420-5e30-78f4-bdce-65e72448744f,industrial packing,completed,yam,yam_0_61,38.4,yinli,good,,,prod,2026-09-02 21:59:12.294779+00:00,2026-09-03 00:27:45.901885+00:00,/nfs/data/sz_44/20260902/episode_20260902_215718_000_68d4be84.npy.mp4
01a06421-0a10-758d-bd48-fe50932eaeba,industrial packing,completed,yam,yam_0_61,36.9,yinli,good,,,prod,2026-09-02 21:59:50.656250+00:00,2026-09-03 00:27:45.317798+00:00,/nfs/data/sz_44/20260902/episode_20260902_215802_000_c27929f6.npy.mp4
01a06421-ae20-7334-8088-5edf927c7cbc,industrial packing,completed,yam,yam_0_61,44.8,yinli,good,,,prod,2026-09-02 22:00:42.022668+00:00,2026-09-03 00:27:45.115024+00:00,/nfs/data/sz_44/20260902/episode_20260902_215844_000_6f8e0140.npy.mp4
01a06422-7170-7947-b173-d440e35c638e,industrial packing,completed,yam,yam_0_61,39.1,yinli,good,,,prod,2026-09-02 22:01:26.369634+00:00,2026-09-03 00:27:44.925592+00:00,/nfs/data/sz_44/20260902/episode_20260902_215934_000_99653ab4.npy.mp4
01a06423-1d50-7f12-886c-17840aa62a96,industrial packing,completed,yam,yam_0_61,39.8,yinli,good,,,prod,2026-09-02 22:02:09.696073+00:00,2026-09-03 00:27:44.334857+00:00,/nfs/data/sz_44/20260902/episode_20260902_220018_000_2885b239.npy.mp4
01a06427-f398-7a02-8f27-255bbc4abf41,industrial packing,completed,yam,yam_0_61,38.3,yinli,good,,,prod,2026-09-02 22:07:28.648296+00:00,2026-09-03 00:27:44.126232+00:00,/nfs/data/sz_44/20260902/episode_20260902_220535_000_0f9f5233.npy.mp4
01a06428-c2a0-7e48-81ce-fe8c20282bf7,industrial packing,completed,yam,yam_0_61,33.2,yinli,good,,,prod,2026-09-02 22:08:17.028643+00:00,2026-09-03 00:27:43.946923+00:00,/nfs/data/sz_44/20260902/episode_20260902_220628_000_14e0cada.npy.mp4
01a06429-5ee0-7300-bee3-2e3eb9bd294c,industrial packing,completed,yam,yam_0_61,39.4,yinli,good,,,prod,2026-09-02 22:09:01.407908+00:00,2026-09-03 00:27:43.376582+00:00,/nfs/data/sz_44/20260902/episode_20260902_220708_000_b06b8356.npy.mp4
01a0642a-0ac0-7ac2-b70e-c35f86aa778d,industrial packing,completed,yam,yam_0_61,39.0,yinli,good,,,prod,2026-09-02 22:09:45.768075+00:00,2026-09-03 00:27:43.172046+00:00,/nfs/data/sz_44/20260902/episode_20260902_220752_000_5888d9e3.npy.mp4
01a0642a-c258-76d8-8d4f-58b09ed045ab,industrial packing,completed,yam,yam_0_61,39.2,yinli,good,,,prod,2026-09-02 22:10:30.119276+00:00,2026-09-03 00:27:42.990064+00:00,/nfs/data/sz_44/20260902/episode_20260902_220839_000_b3806392.npy.mp4
01a0642b-6e38-71e0-bfc8-d36c58bd5ec1,industrial packing,completed,yam,yam_0_61,43.7,yinli,good,,,prod,2026-09-02 22:11:20.539070+00:00,2026-09-03 00:27:42.874279+00:00,/nfs/data/sz_44/20260902/episode_20260902_220923_000_f1c4b143.npy.mp4
01a0642c-3570-752b-a2d4-4c2d9735577e,industrial packing,completed,yam,yam_0_61,35.1,yinli,good,,,prod,2026-09-02 22:11:58.866981+00:00,2026-09-03 00:27:42.262313+00:00,/nfs/data/sz_44/20260902/episode_20260902_221014_000_86d333e7.npy.mp4
01a0642c-e150-7cac-a001-388127c7bdab,industrial packing,completed,yam,yam_0_61,35.1,yinli,good,,,prod,2026-09-02 22:12:47.262833+00:00,2026-09-03 00:27:42.070237+00:00,/nfs/data/sz_44/20260902/episode_20260902_221058_000_79833f4d.npy.mp4
01a0642d-8560-7688-ae8f-fc0043bb2af5,industrial packing,completed,yam,yam_0_61,35.6,yinli,good,,,prod,2026-09-02 22:13:31.624177+00:00,2026-09-03 00:27:41.890596+00:00,/nfs/data/sz_44/20260902/episode_20260902_221140_000_bc63f54d.npy.mp4
01a0642e-2588-703a-ac2c-174cb669e541,industrial packing,completed,yam,yam_0_61,32.0,yinli,good,,,prod,2026-09-02 22:14:04.982231+00:00,2026-09-03 00:27:41.349055+00:00,/nfs/data/sz_44/20260902/episode_20260902_221221_000_c2c27dc3.npy.mp4
01a0642e-b9f8-7e62-96e2-6384219635fb,industrial packing,completed,yam,yam_0_61,34.0,yinli,good,,,prod,2026-09-02 22:14:48.328447+00:00,2026-09-03 00:27:41.164266+00:00,/nfs/data/sz_44/20260902/episode_20260902_221259_000_768013c6.npy.mp4
01a0642f-5250-71e0-8421-527f7c58a210,industrial packing,completed,yam,yam_0_61,47.3,yinli,good,,,prod,2026-09-02 22:15:39.709104+00:00,2026-09-03 00:27:41.462966+00:00,/nfs/data/sz_44/20260902/episode_20260902_221338_000_d6c108b2.npy.mp4
01a06430-30f8-7302-a093-34af5db8c84c,industrial packing,completed,yam,yam_0_61,38.2,yinli,good,,,prod,2026-09-02 22:16:29.184087+00:00,2026-09-03 00:27:35.847939+00:00,/nfs/data/sz_44/20260902/episode_20260902_221435_000_c8a4909a.npy.mp4
01a06430-dcd8-7de2-a2b3-938f73afe5a3,industrial packing,completed,yam,yam_0_61,38.6,yinli,good,,,prod,2026-09-02 22:17:13.620884+00:00,2026-09-03 00:31:52.230386+00:00,/nfs/data/sz_44/20260902/episode_20260902_221519_000_331716d4.npy.mp4
01a06431-8ca0-7331-b969-2fe377a9a83b,industrial packing,completed,yam,yam_0_61,39.1,yinli,good,,,prod,2026-09-02 22:17:57.973102+00:00,2026-09-03 00:31:52.015501+00:00,/nfs/data/sz_44/20260902/episode_20260902_221604_000_8e11489c.npy.mp4
01a06432-4050-7f2a-947e-cfb56da7e1b7,industrial packing,completed,yam,yam_0_61,37.9,yinli,good,,,prod,2026-09-02 22:18:42.332858+00:00,2026-09-03 00:31:51.396843+00:00,/nfs/data/sz_44/20260902/episode_20260902_221650_000_8b07f2de.npy.mp4
01a06432-e848-7ff2-ab82-acb471140af4,industrial packing,completed,yam,yam_0_61,35.9,yinli,good,,,prod,2026-09-02 22:19:21.687704+00:00,2026-09-03 00:31:51.198217+00:00,/nfs/data/sz_44/20260902/episode_20260902_221733_000_04e44598.npy.mp4
01a06433-8870-78f5-b0f3-79de6959ff04,industrial packing,completed,yam,yam_0_61,36.6,yinli,good,,,prod,2026-09-02 22:20:05.056655+00:00,2026-09-03 00:31:50.956716+00:00,/nfs/data/sz_44/20260902/episode_20260902_221814_000_1987b99c.npy.mp4
01a06434-47d8-7872-9c10-256e67623651,industrial packing,completed,yam,yam_0_61,37.5,yinli,good,,,prod,2026-09-02 22:20:54.415521+00:00,2026-09-03 00:31:50.328253+00:00,/nfs/data/sz_44/20260902/episode_20260902_221903_000_c1736807.npy.mp4
01a06434-f7a0-75b7-a2d6-6845a5eeb037,industrial packing,completed,yam,yam_0_61,35.9,yinli,good,,,prod,2026-09-02 22:21:37.755000+00:00,2026-09-03 00:31:50.126376+00:00,/nfs/data/sz_44/20260902/episode_20260902_221948_000_62c1a1f7.npy.mp4
01a06435-b708-7c24-9526-f152e8df8298,industrial packing,completed,yam,yam_0_61,40.3,yinli,good,,,prod,2026-09-02 22:22:32.194756+00:00,2026-09-03 00:31:49.940145+00:00,/nfs/data/sz_44/20260902/episode_20260902_222037_000_20555b52.npy.mp4
01a06436-7670-7b72-9c4c-44c9eb533a0e,industrial packing,completed,yam,yam_0_61,37.9,yinli,good,,,prod,2026-09-02 22:23:16.546327+00:00,2026-09-03 00:31:49.282495+00:00,/nfs/data/sz_44/20260902/episode_20260902_222126_000_1eb9656c.npy.mp4
01a06437-1e68-7264-9ada-d50e8961b0e0,industrial packing,completed,yam,yam_0_61,37.1,yinli,good,,,prod,2026-09-02 22:24:00.892116+00:00,2026-09-03 00:31:49.075640+00:00,/nfs/data/sz_44/20260902/episode_20260902_222209_000_81b9fcfc.npy.mp4
01a06437-c660-76c3-817d-f379bb237284,industrial packing,completed,yam,yam_0_61,38.4,yinli,good,,,prod,2026-09-02 22:24:46.236157+00:00,2026-09-03 00:31:48.903206+00:00,/nfs/data/sz_44/20260902/episode_20260902_222252_000_59a912dd.npy.mp4
01a06438-6e58-747d-81c7-62b823605481,industrial packing,completed,yam,yam_0_61,32.0,yinli,good,,,prod,2026-09-02 22:25:18.601670+00:00,2026-09-03 00:31:48.263005+00:00,/nfs/data/sz_44/20260902/episode_20260902_222335_000_c15f33e2.npy.mp4
01a06439-0a98-7f89-89e7-0c18e21d41ca,industrial packing,completed,yam,yam_0_61,36.1,yinli,good,,,prod,2026-09-02 22:26:01.948853+00:00,2026-09-03 00:31:48.079420+00:00,/nfs/data/sz_44/20260902/episode_20260902_222415_000_6575a9a6.npy.mp4
01a06439-b290-711e-a6fe-b6d2d05a5c3c,industrial packing,completed,yam,yam_0_61,34.8,yinli,good,,,prod,2026-09-02 22:26:45.316449+00:00,2026-09-03 00:31:47.885849+00:00,/nfs/data/sz_44/20260902/episode_20260902_222458_000_feda3b73.npy.mp4
01a0643a-52b8-7859-9790-4a86957e1684,industrial packing,completed,yam,yam_0_61,33.9,yinli,good,,,prod,2026-09-02 22:27:29.665439+00:00,2026-09-03 00:31:47.244913+00:00,/nfs/data/sz_44/20260902/episode_20260902_222539_000_6d538fb0.npy.mp4
01a0643a-eef8-7508-8a45-015685ab5fab,industrial packing,completed,yam,yam_0_61,34.7,yinli,good,,,prod,2026-09-02 22:28:08.006083+00:00,2026-09-03 00:31:47.064481+00:00,/nfs/data/sz_44/20260902/episode_20260902_222619_000_7d5b1db1.npy.mp4
01a0643b-8b38-7087-a3ed-df2c73a5f139,industrial packing,completed,yam,yam_0_61,41.3,yinli,good,,,prod,2026-09-02 22:28:52.354864+00:00,2026-09-03 00:31:46.874788+00:00,/nfs/data/sz_44/20260902/episode_20260902_222659_000_e177d864.npy.mp4
01a0643c-4aa0-78e7-923f-c849b8aef9a0,industrial packing,completed,yam,yam_0_61,39.4,yinli,good,,,prod,2026-09-02 22:29:41.748356+00:00,2026-09-03 00:31:46.299711+00:00,/nfs/data/sz_44/20260902/episode_20260902_222748_000_73715da5.npy.mp4
01a0643d-0620-72bf-81f9-dafc7e477ae9,industrial packing,completed,yam,yam_0_61,26.8,yinli,good,,,prod,2026-09-02 22:30:14.075927+00:00,2026-09-03 00:31:46.093659+00:00,/nfs/data/sz_44/20260902/episode_20260902_222836_000_3f694fa0.npy.mp4
01a0643d-8320-762a-995c-d20da71e8afa,industrial packing,completed,yam,yam_0_61,41.4,yinli,good,,,prod,2026-09-02 22:31:04.425824+00:00,2026-09-03 00:31:45.911263+00:00,/nfs/data/sz_44/20260902/episode_20260902_222908_000_c1e7f008.npy.mp4
01a0643e-4288-76b9-8ce7-a0e3a36a2923,industrial packing,completed,yam,yam_0_61,37.6,yinli,good,,,prod,2026-09-02 22:31:47.776813+00:00,2026-09-03 00:31:45.343917+00:00,/nfs/data/sz_44/20260902/episode_20260902_222957_000_1fdf7e24.npy.mp4
01a0643e-ea80-72fa-82d6-26d173fcc081,industrial packing,completed,yam,yam_0_61,37.3,yinli,good,,,prod,2026-09-02 22:32:32.145491+00:00,2026-09-03 00:31:45.141971+00:00,/nfs/data/sz_44/20260902/episode_20260902_223040_000_78b3534d.npy.mp4
01a0643f-9278-7faf-bbd7-66f2ad76746e,industrial packing,completed,yam,yam_0_61,34.2,yinli,good,,,prod,2026-09-02 22:33:10.455007+00:00,2026-09-03 00:31:44.951707+00:00,/nfs/data/sz_44/20260902/episode_20260902_223123_000_7ede3446.npy.mp4
01a06440-3688-7691-aa7b-b04f9cd07c67,industrial packing,completed,yam,yam_0_61,34.2,yinli,good,,,prod,2026-09-02 22:33:53.789668+00:00,2026-09-03 00:31:44.369603+00:00,/nfs/data/sz_44/20260902/episode_20260902_223205_000_0a4e7519.npy.mp4
01a06440-d6b0-749b-ad4b-8c76bc831314,industrial packing,completed,yam,yam_0_61,35.0,yinli,good,,,prod,2026-09-02 22:34:33.118932+00:00,2026-09-03 00:31:44.143112+00:00,/nfs/data/sz_44/20260902/episode_20260902_223246_000_a0c99f31.npy.mp4
01a06441-7ac0-78bd-bcea-3f8e6f569391,industrial packing,completed,yam,yam_0_61,31.3,yinli,good,,,prod,2026-09-02 22:35:10.459639+00:00,2026-09-03 00:31:43.909912+00:00,/nfs/data/sz_44/20260902/episode_20260902_223328_000_13ed3fcc.npy.mp4
01a06442-0f30-77ab-92e5-b5641ff4a44a,industrial packing,completed,yam,yam_0_61,36.4,yinli,good,,,prod,2026-09-02 22:35:53.820763+00:00,2026-09-03 00:31:43.330382+00:00,/nfs/data/sz_44/20260902/episode_20260902_223406_000_b208f114.npy.mp4
01a06442-b340-7b34-a7a4-ef39793de8de,industrial packing,completed,yam,yam_0_61,40.3,yinli,good,,,prod,2026-09-02 22:36:43.166023+00:00,2026-09-03 00:31:43.149691+00:00,/nfs/data/sz_44/20260902/episode_20260902_223448_000_5e1b7a7e.npy.mp4
01a06443-8248-7100-912e-059235153e4b,industrial packing,completed,yam,yam_0_61,35.4,yinli,good,,,prod,2026-09-02 22:37:31.534672+00:00,2026-09-03 00:31:42.973467+00:00,/nfs/data/sz_44/20260902/episode_20260902_223541_000_37661b46.npy.mp4
01a06444-beb0-751d-a8fb-b6d3788784ae,industrial packing,completed,yam,yam_0_61,42.4,yinli,good,,,prod,2026-09-02 22:38:59.981962+00:00,2026-09-03 00:31:42.365314+00:00,/nfs/data/sz_44/20260902/episode_20260902_223702_000_aea22f65.npy.mp4
01a06445-9d58-7aa3-b281-4738a94e1791,industrial packing,completed,yam,yam_0_61,36.5,yinli,good,,,prod,2026-09-02 22:39:49.356345+00:00,2026-09-03 00:31:42.168495+00:00,/nfs/data/sz_44/20260902/episode_20260902_223759_000_580b5d87.npy.mp4
01a06446-4d20-7158-ac90-b34ecca028dd,industrial packing,completed,yam,yam_0_61,33.0,yinli,good,,,prod,2026-09-02 22:40:32.691917+00:00,2026-09-03 00:31:41.987901+00:00,/nfs/data/sz_44/20260902/episode_20260902_223844_000_e81bfe9a.npy.mp4
01a06446-e190-76e1-8029-b0545a8eae11,industrial packing,completed,yam,yam_0_61,34.8,yinli,good,,,prod,2026-09-02 22:41:12.047494+00:00,2026-09-03 00:31:41.400706+00:00,/nfs/data/sz_44/20260902/episode_20260902_223922_000_7dd56c6d.npy.mp4
01a06447-7dd0-7cc9-af70-3020d05f79e7,industrial packing,completed,yam,yam_0_61,33.1,yinli,good,,,prod,2026-09-02 22:41:50.371769+00:00,2026-09-03 00:31:41.200335+00:00,/nfs/data/sz_44/20260902/episode_20260902_224002_000_7f28e9d9.npy.mp4
01a06448-1df8-78ed-938b-ba8157976dbe,industrial packing,completed,yam,yam_0_61,31.0,yinli,good,,,prod,2026-09-02 22:42:27.793859+00:00,2026-09-03 00:31:41.111469+00:00,/nfs/data/sz_44/20260902/episode_20260902_224043_000_b1767dd8.npy.mp4
01a06448-ae80-7152-ad29-1499cea788cf,industrial packing,completed,yam,yam_0_61,38.6,yinli,good,,,prod,2026-09-02 22:43:12.181351+00:00,2026-09-03 00:31:40.345361+00:00,/nfs/data/sz_44/20260902/episode_20260902_224120_000_c4e23e36.npy.mp4
01a0644b-b008-7f15-975c-661ea33a1856,industrial packing,completed,yam,yam_0_61,34.9,yinli,good,,,prod,2026-09-02 22:46:25.936403+00:00,2026-09-03 00:31:40.137318+00:00,/nfs/data/sz_44/20260902/episode_20260902_224437_000_5190f09c.npy.mp4
01a0644c-5418-7e74-881d-fc38e7510759,industrial packing,completed,yam,yam_0_61,35.1,yinli,good,,,prod,2026-09-02 22:47:10.314264+00:00,2026-09-03 00:31:39.932894+00:00,/nfs/data/sz_44/20260902/episode_20260902_224519_000_5f8fd39d.npy.mp4
01a0644c-f058-7205-8740-2d5c9e2cb80a,industrial packing,completed,yam,yam_0_61,35.0,yinli,good,,,prod,2026-09-02 22:47:49.655084+00:00,2026-09-03 00:31:39.322320+00:00,/nfs/data/sz_44/20260902/episode_20260902_224559_000_68eb406b.npy.mp4
01a0644d-8c98-7bd6-8ca4-aa5ef28b1dd7,industrial packing,completed,yam,yam_0_61,34.2,yinli,good,,,prod,2026-09-02 22:48:29.011346+00:00,2026-09-03 00:31:39.105288+00:00,/nfs/data/sz_44/20260902/episode_20260902_224639_000_1218bc28.npy.mp4
01a0644e-24f0-766b-ae24-6f91b9745029,industrial packing,completed,yam,yam_0_61,30.8,yinli,good,,,prod,2026-09-02 22:49:01.324187+00:00,2026-09-03 00:31:38.918288+00:00,/nfs/data/sz_44/20260902/episode_20260902_224718_000_ac9907d9.npy.mp4
01a0644e-b190-72a3-b23e-50a092668f6a,industrial packing,completed,yam,yam_0_61,33.5,yinli,good,,,prod,2026-09-02 22:49:39.655265+00:00,2026-09-03 00:31:38.321819+00:00,/nfs/data/sz_44/20260902/episode_20260902_224754_000_a348717d.npy.mp4
01a0644f-4dd0-7681-a4b2-1bf487c250a5,industrial packing,completed,yam,yam_0_61,34.0,yinli,good,,,prod,2026-09-02 22:50:17.979966+00:00,2026-09-03 00:31:38.090044+00:00,/nfs/data/sz_44/20260902/episode_20260902_224834_000_86991161.npy.mp4
01a0644f-ea10-7496-b6c3-d2a2151c39da,industrial packing,completed,yam,yam_0_61,37.9,yinli,good,,,prod,2026-09-02 22:51:07.395661+00:00,2026-09-03 00:31:37.954031+00:00,/nfs/data/sz_44/20260902/episode_20260902_224914_000_8fb9cccc.npy.mp4
01a06450-9208-757f-825b-be9a9ea6f3f6,industrial packing,completed,yam,yam_0_61,38.5,yinli,good,,,prod,2026-09-02 22:51:51.763783+00:00,2026-09-03 00:31:37.827792+00:00,/nfs/data/sz_44/20260902/episode_20260902_224957_000_61cb9c9b.npy.mp4
01a06451-41d0-7c87-9e6f-67d8c858bed5,industrial packing,completed,yam,yam_0_61,36.3,yinli,good,,,prod,2026-09-02 22:52:31.097801+00:00,2026-09-03 00:31:37.073551+00:00,/nfs/data/sz_44/20260902/episode_20260902_225042_000_2e169e44.npy.mp4
01a06451-e1f8-72ff-a238-13d3fa83064f,industrial packing,completed,yam,yam_0_61,30.6,yinli,good,,,prod,2026-09-02 22:53:03.415381+00:00,2026-09-03 00:31:36.905075+00:00,/nfs/data/sz_44/20260902/episode_20260902_225123_000_c740e269.npy.mp4
01a06452-7668-7a2d-8d56-93659aa4dcc2,industrial packing,completed,yam,yam_0_61,30.6,yinli,good,,,prod,2026-09-02 22:53:40.738153+00:00,2026-09-03 00:31:36.312022+00:00,/nfs/data/sz_44/20260902/episode_20260902_225201_000_e73e46b4.npy.mp4
01a06453-1a78-783b-9d8a-e1b33d3f8beb,industrial packing,completed,yam,yam_0_61,33.3,yinli,good,,,prod,2026-09-02 22:54:29.129125+00:00,2026-09-03 00:31:36.119861+00:00,/nfs/data/sz_44/20260902/episode_20260902_225243_000_5fba4498.npy.mp4
01a06453-b2d0-7bba-a82a-1e29cd256e77,industrial packing,completed,yam,yam_0_61,30.7,yinli,good,,,prod,2026-09-02 22:55:06.516326+00:00,2026-09-03 00:31:35.907613+00:00,/nfs/data/sz_44/20260902/episode_20260902_225322_000_caf512f9.npy.mp4
01a06454-4358-7133-bed6-fe0fdcf89f82,industrial packing,completed,yam,yam_0_61,27.8,yinli,good,,,prod,2026-09-02 22:55:37.860462+00:00,2026-09-03 00:31:35.268675+00:00,/nfs/data/sz_44/20260902/episode_20260902_225359_000_79aac10f.npy.mp4
01a06454-d3e0-7e73-bbb0-5881dc101dbe,industrial packing,completed,yam,yam_0_61,31.6,yinli,good,,,prod,2026-09-02 22:56:21.377616+00:00,2026-09-03 00:31:35.047826+00:00,/nfs/data/sz_44/20260902/episode_20260902_225436_000_b9451255.npy.mp4
01a06455-6080-7a24-81f0-f358d15747d7,industrial packing,completed,yam,yam_0_61,32.1,yinli,good,,,prod,2026-09-02 22:56:53.674377+00:00,2026-09-03 00:31:34.896418+00:00,/nfs/data/sz_44/20260902/episode_20260902_225512_000_3e9fa4bf.npy.mp4
01a06455-fcc0-7058-89c9-64e472778bda,industrial packing,completed,yam,yam_0_61,36.0,yinli,good,,,prod,2026-09-02 22:57:42.017596+00:00,2026-09-03 00:31:34.277218+00:00,/nfs/data/sz_44/20260902/episode_20260902_225552_000_05804536.npy.mp4
01a06457-0660-7b91-bc0c-81ed39631350,industrial packing,completed,yam,yam_0_61,33.9,yinli,good,,,prod,2026-09-02 22:58:45.409946+00:00,2026-09-03 00:31:34.067685+00:00,/nfs/data/sz_44/20260902/episode_20260902_225700_000_18a44309.npy.mp4
01a06457-9eb8-7353-85b1-9b4008787f0b,industrial packing,completed,yam,yam_0_61,32.5,yinli,good,,,prod,2026-09-02 22:59:22.751520+00:00,2026-09-03 00:31:33.874386+00:00,/nfs/data/sz_44/20260902/episode_20260902_225739_000_ca84141b.npy.mp4
01a06458-3710-7f89-ad16-e34f557fab44,industrial packing,completed,yam,yam_0_61,30.5,yinli,good,,,prod,2026-09-02 23:00:00.126164+00:00,2026-09-03 00:31:33.259122+00:00,/nfs/data/sz_44/20260902/episode_20260902_225818_000_d49839e3.npy.mp4
01a06458-d738-7291-8dfa-393d390add07,industrial packing,completed,yam,yam_0_61,28.4,yinli,good,,,prod,2026-09-02 23:00:36.451773+00:00,2026-09-03 00:31:33.030027+00:00,/nfs/data/sz_44/20260902/episode_20260902_225859_000_5d310c63.npy.mp4
01a06461-dfb8-7f14-b7e2-d69a1c70198f,industrial packing,completed,yam,yam_0_61,28.7,yinli,good,,,prod,2026-09-02 23:10:29.054562+00:00,2026-09-03 00:31:32.876203+00:00,/nfs/data/sz_44/20260902/episode_20260902_230851_000_e103085c.npy.mp4
01a06462-60a0-7e8b-96a5-d43078410391,industrial packing,completed,yam,yam_0_61,27.7,yinli,good,,,prod,2026-09-02 23:11:05.392273+00:00,2026-09-03 00:31:32.220897+00:00,/nfs/data/sz_44/20260902/episode_20260902_230924_000_e3761151.npy.mp4
01a06462-e188-7e31-9131-f1ab1e77eb23,industrial packing,completed,yam,yam_0_61,28.9,yinli,good,,,prod,2026-09-02 23:11:38.737849+00:00,2026-09-03 00:31:32.040065+00:00,/nfs/data/sz_44/20260902/episode_20260902_230957_000_19939f0e.npy.mp4
01a06463-6270-7387-a151-efd8590d19b5,industrial packing,completed,yam,yam_0_61,26.4,yinli,good,,,prod,2026-09-02 23:12:10.069863+00:00,2026-09-03 00:31:31.902104+00:00,/nfs/data/sz_44/20260902/episode_20260902_231030_000_e138c167.npy.mp4
01a06463-db88-72c6-9f4c-e63612bc725b,industrial packing,completed,yam,yam_0_61,26.0,yinli,good,,,prod,2026-09-02 23:12:36.391559+00:00,2026-09-03 00:31:31.243187+00:00,/nfs/data/sz_44/20260902/episode_20260902_231101_000_58dd0e73.npy.mp4
01a06464-5c70-7504-8506-b681482de748,industrial packing,completed,yam,yam_0_61,29.3,yinli,good,,,prod,2026-09-02 23:13:13.735780+00:00,2026-09-03 00:31:31.069830+00:00,/nfs/data/sz_44/20260902/episode_20260902_231134_000_8fd32126.npy.mp4
01a06464-e140-7f69-8837-d18022ed1632,industrial packing,completed,yam,yam_0_61,28.2,yinli,good,,,prod,2026-09-02 23:13:46.046610+00:00,2026-09-03 00:31:30.875818+00:00,/nfs/data/sz_44/20260902/episode_20260902_231208_000_b68dda40.npy.mp4
01a06465-6228-7981-ac73-ce98447d1fa2,industrial packing,completed,yam,yam_0_61,26.4,yinli,good,,,prod,2026-09-02 23:14:17.351026+00:00,2026-09-03 00:31:30.282974+00:00,/nfs/data/sz_44/20260902/episode_20260902_231241_000_72765cc8.npy.mp4
01a06465-df28-7dbe-847a-e8f88b2a6d54,industrial packing,completed,yam,yam_0_61,28.5,yinli,good,,,prod,2026-09-02 23:14:54.690166+00:00,2026-09-03 00:31:30.067995+00:00,/nfs/data/sz_44/20260902/episode_20260902_231313_000_5199fee9.npy.mp4
01a06466-6010-709f-a239-e94eaef6675c,industrial packing,completed,yam,yam_0_61,27.8,yinli,good,,,prod,2026-09-02 23:15:26.993647+00:00,2026-09-03 00:31:29.913824+00:00,/nfs/data/sz_44/20260902/episode_20260902_231346_000_972c79ae.npy.mp4
01a06466-e0f8-7821-8837-c5b6775095d8,industrial packing,completed,yam,yam_0_61,25.6,yinli,good,,,prod,2026-09-02 23:15:53.286586+00:00,2026-09-03 00:31:29.295474+00:00,/nfs/data/sz_44/20260902/episode_20260902_231419_000_e0acc18d.npy.mp4
01a06467-5628-76fb-bfe0-d2ddae0c1d61,industrial packing,completed,yam,yam_0_61,26.9,yinli,good,,,prod,2026-09-02 23:16:24.624980+00:00,2026-09-03 00:31:29.158891+00:00,/nfs/data/sz_44/20260902/episode_20260902_231449_000_fb2a02cf.npy.mp4
01a06467-d328-79a4-a1a2-6a71039a7a12,industrial packing,completed,yam,yam_0_61,27.6,yinli,good,,,prod,2026-09-02 23:17:01.967375+00:00,2026-09-03 00:31:28.921847+00:00,/nfs/data/sz_44/20260902/episode_20260902_231521_000_5645fecc.npy.mp4
01a06468-5028-7ab9-a474-38f703212474,industrial packing,completed,yam,yam_0_61,30.1,yinli,good,,,prod,2026-09-02 23:17:34.288236+00:00,2026-09-03 00:31:28.383097+00:00,/nfs/data/sz_44/20260902/episode_20260902_231553_000_da46acbc.npy.mp4
01a06468-d8e0-7e80-a365-ce82f37f214e,industrial packing,completed,yam,yam_0_61,28.6,yinli,good,,,prod,2026-09-02 23:18:06.694819+00:00,2026-09-03 00:31:28.186861+00:00,/nfs/data/sz_44/20260902/episode_20260902_231628_000_b6083a49.npy.mp4
01a06469-a018-77a3-91c8-4e41bcc5ca42,industrial packing,completed,yam,yam_0_61,28.7,yinli,good,,,prod,2026-09-02 23:18:56.282182+00:00,2026-09-03 00:31:27.900204+00:00,/nfs/data/sz_44/20260902/episode_20260902_231719_000_21eea455.npy.mp4
01a0646a-2100-7991-9ded-55769048fd0d,industrial packing,completed,yam,yam_0_61,27.4,yinli,good,,,prod,2026-09-02 23:19:27.594039+00:00,2026-09-03 00:31:27.319561+00:00,/nfs/data/sz_44/20260902/episode_20260902_231752_000_9f674989.npy.mp4
01a0646a-a1e8-747c-8086-f59a49c28f68,industrial packing,completed,yam,yam_0_61,28.1,yinli,good,,,prod,2026-09-02 23:20:05.941513+00:00,2026-09-03 00:31:27.080415+00:00,/nfs/data/sz_44/20260902/episode_20260902_231825_000_b36959e9.npy.mp4
01a0646b-22d0-7914-8e5c-c89858b3d002,industrial packing,completed,yam,yam_0_61,28.6,yinli,good,,,prod,2026-09-02 23:20:38.270118+00:00,2026-09-03 00:31:27.231797+00:00,/nfs/data/sz_44/20260902/episode_20260902_231858_000_ff64bd7c.npy.mp4
01a0646b-a3b8-731e-8bfc-6e3a08c165b5,industrial packing,completed,yam,yam_0_61,31.2,yinli,good,,,prod,2026-09-02 23:21:15.641405+00:00,2026-09-03 00:31:26.336033+00:00,/nfs/data/sz_44/20260902/episode_20260902_231931_000_c8bfd592.npy.mp4
01a0646c-3058-7b6b-83b1-372399a75df2,industrial packing,completed,yam,yam_0_61,24.5,yinli,good,,,prod,2026-09-02 23:21:41.935561+00:00,2026-09-03 00:31:26.305056+00:00,/nfs/data/sz_44/20260902/episode_20260902_232007_000_1ea6f6ba.npy.mp4
01a0646c-a588-7a6b-83e3-2da7528908c2,industrial packing,completed,yam,yam_0_61,24.8,yinli,good,,,prod,2026-09-02 23:22:13.494161+00:00,2026-09-03 00:31:26.006944+00:00,/nfs/data/sz_44/20260902/episode_20260902_232037_000_5912c84f.npy.mp4
01a0646d-2288-7eac-997d-8ab41a901e71,industrial packing,completed,yam,yam_0_61,30.6,yinli,good,,,prod,2026-09-02 23:22:50.819824+00:00,2026-09-03 00:31:26.070405+00:00,/nfs/data/sz_44/20260902/episode_20260902_232109_000_5cfc7fed.npy.mp4
01a0646d-af28-7e91-b75d-5b3e47a128c8,industrial packing,completed,yam,yam_0_61,25.9,yinli,good,,,prod,2026-09-02 23:23:23.139555+00:00,2026-09-03 00:31:25.293002+00:00,/nfs/data/sz_44/20260902/episode_20260902_232145_000_9db3e57a.npy.mp4
01a0646e-2840-75ac-aa7f-af11d56d80f5,industrial packing,completed,yam,yam_0_61,29.3,yinli,good,,,prod,2026-09-02 23:23:55.445941+00:00,2026-09-03 00:31:25.081030+00:00,/nfs/data/sz_44/20260902/episode_20260902_232216_000_534ff84b.npy.mp4
01a0646e-a928-7379-9f6a-62c35544bfda,industrial packing,completed,yam,yam_0_61,25.8,yinli,good,,,prod,2026-09-02 23:24:26.736192+00:00,2026-09-03 00:31:24.893963+00:00,/nfs/data/sz_44/20260902/episode_20260902_232249_000_6c54d433.npy.mp4
01a0646f-1e58-74da-bd9e-f44bec931bf1,industrial packing,completed,yam,yam_0_61,28.7,yinli,good,,,prod,2026-09-02 23:24:58.075725+00:00,2026-09-03 00:31:24.320835+00:00,/nfs/data/sz_44/20260902/episode_20260902_232319_000_8e0f41ed.npy.mp4
01a0646f-b2c8-730f-92e1-420156c8b49a,industrial packing,completed,yam,yam_0_61,26.1,yinli,good,,,prod,2026-09-02 23:25:35.392382+00:00,2026-09-03 00:31:24.137824+00:00,/nfs/data/sz_44/20260902/episode_20260902_232357_000_fad7b36a.npy.mp4
01a06470-33b0-7e76-b02c-30a86cc2baef,industrial packing,completed,yam,yam_0_61,29.6,yinli,good,,,prod,2026-09-02 23:26:12.712915+00:00,2026-09-03 00:31:23.940744+00:00,/nfs/data/sz_44/20260902/episode_20260902_232430_000_1cd42205.npy.mp4
01a06470-bc68-7415-b404-29ad15b8707b,industrial packing,completed,yam,yam_0_61,28.7,yinli,good,,,prod,2026-09-02 23:26:45.030869+00:00,2026-09-03 00:31:23.333171+00:00,/nfs/data/sz_44/20260902/episode_20260902_232505_000_e4a588a0.npy.mp4
01a06471-3d50-771d-928a-20b0cda6b44b,industrial packing,completed,yam,yam_0_61,25.3,yinli,good,,,prod,2026-09-02 23:27:17.354323+00:00,2026-09-03 00:31:23.154232+00:00,/nfs/data/sz_44/20260902/episode_20260902_232538_000_1f28f837.npy.mp4
01a06471-b668-7609-b0d4-a3aaa5447993,industrial packing,completed,yam,yam_0_61,27.3,yinli,good,,,prod,2026-09-02 23:27:49.657127+00:00,2026-09-03 00:31:22.951414+00:00,/nfs/data/sz_44/20260902/episode_20260902_232609_000_2ff47dba.npy.mp4
01a06472-3368-78ad-8020-dcf3e697c4ea,industrial packing,completed,yam,yam_0_61,24.7,yinli,good,,,prod,2026-09-02 23:28:14.933816+00:00,2026-09-03 00:31:22.299638+00:00,/nfs/data/sz_44/20260902/episode_20260902_232641_000_1612e7a5.npy.mp4
01a06472-ac80-7aea-b7b2-412d5aab9164,industrial packing,completed,yam,yam_0_61,21.6,yinli,good,,,prod,2026-09-02 23:28:46.272761+00:00,2026-09-03 00:31:21.878768+00:00,/nfs/data/sz_44/20260902/episode_20260902_232712_000_d07a6c02.npy.mp4
01a06473-15f8-7a69-8ec0-3f6c8e9b9dda,industrial packing,completed,yam,yam_0_61,25.8,yinli,good,,,prod,2026-09-02 23:29:17.623387+00:00,2026-09-03 00:31:21.363700+00:00,/nfs/data/sz_44/20260902/episode_20260902_232739_000_7ccb8023.npy.mp4
01a06473-92f8-7a6b-aa09-360a0ffed43e,industrial packing,completed,yam,yam_0_61,23.5,yinli,good,,,prod,2026-09-02 23:29:42.924870+00:00,2026-09-03 16:22:46.185760+00:00,/nfs/data/sz_44/20260902/episode_20260902_232811_000_c18b819a.npy.mp4
01a06474-0058-7ea4-a4e4-1f343cfff591,industrial packing,completed,yam,yam_0_61,24.9,yinli,good,,,prod,2026-09-02 23:30:14.235826+00:00,2026-09-03 00:31:21.022795+00:00,/nfs/data/sz_44/20260902/episode_20260902_232839_000_bfc95aa2.npy.mp4
01a06474-7970-7fc7-bb97-cb4f81fe0d18,industrial packing,completed,yam,yam_0_61,25.9,yinli,good,,,prod,2026-09-02 23:30:45.559605+00:00,2026-09-03 00:31:20.910517+00:00,/nfs/data/sz_44/20260902/episode_20260902_232910_000_ac1264ef.npy.mp4
01a06474-fa58-7693-8b03-b746ee8c88ee,industrial packing,completed,yam,yam_0_61,24.6,yinli,good,,,prod,2026-09-02 23:31:15.865852+00:00,2026-09-03 00:31:20.267009+00:00,/nfs/data/sz_44/20260902/episode_20260902_232943_000_92f409d2.npy.mp4
01a06636-97e8-7fe6-a4a2-d1aced2953bc,industrial packing,completed,yam,yam_0_61,30.2,huangrongbo,good,,,prod,2026-09-03 07:42:27.581418+00:00,2026-09-03 11:01:40.067415+00:00,/nfs/data/sz_44/20260903/episode_20260903_074049_000_a15129ae.npy.mp4
01a06637-20a0-74b3-865c-f867c9ae0594,industrial packing,completed,yam,yam_0_61,30.1,huangrongbo,good,,,prod,2026-09-03 07:43:01.903598+00:00,2026-09-03 11:01:39.476983+00:00,/nfs/data/sz_44/20260903/episode_20260903_074124_000_116fd2f6.npy.mp4
01a06637-a570-7f63-b83d-afa351fbc101,industrial packing,completed,yam,yam_0_61,29.9,huangrongbo,good,,,prod,2026-09-03 07:43:35.206316+00:00,2026-09-03 11:01:39.418575+00:00,/nfs/data/sz_44/20260903/episode_20260903_074158_000_1a11b43b.npy.mp4
01a06638-2a40-7929-b29a-5c3981924c2e,industrial packing,completed,yam,yam_0_61,30.6,huangrongbo,good,,,prod,2026-09-03 07:44:08.506568+00:00,2026-09-03 11:01:39.054745+00:00,/nfs/data/sz_44/20260903/episode_20260903_074232_000_80ec3b65.npy.mp4
01a0663a-9b40-76b3-a7ec-5d56a96dc0d8,industrial packing,completed,yam,yam_0_61,35.2,huangrongbo,good,,,prod,2026-09-03 07:46:58.057692+00:00,2026-09-03 11:01:39.133862+00:00,/nfs/data/sz_44/20260903/episode_20260903_074512_000_b329f242.npy.mp4
01a0663b-3f50-7210-8e30-972dccbe5d9b,industrial packing,completed,yam,yam_0_61,33.1,huangrongbo,good,,,prod,2026-09-03 07:47:36.407580+00:00,2026-09-03 11:01:38.811712+00:00,/nfs/data/sz_44/20260903/episode_20260903_074554_000_1434bb51.npy.mp4
01a0663b-d3c0-70db-be61-db4255776d9e,industrial packing,completed,yam,yam_0_61,35.8,huangrongbo,good,,,prod,2026-09-03 07:48:15.719456+00:00,2026-09-03 11:01:38.738983+00:00,/nfs/data/sz_44/20260903/episode_20260903_074632_000_36aa9949.npy.mp4
01a06642-8e68-745d-8f68-1eb24f6e93b7,industrial packing,completed,yam,yam_0_61,30.7,huangrongbo,good,,,prod,2026-09-03 07:55:32.607366+00:00,2026-09-03 11:01:38.687030+00:00,/nfs/data/sz_44/20260903/episode_20260903_075353_000_993a53b6.npy.mp4
01a06643-1ef0-7b95-a18d-ee73e23cf539,industrial packing,completed,yam,yam_0_61,31.9,huangrongbo,good,,,prod,2026-09-03 07:56:11.921633+00:00,2026-09-03 11:01:38.512908+00:00,/nfs/data/sz_44/20260903/episode_20260903_075430_000_f733e93f.npy.mp4
01a06643-ab90-73d3-b3b0-6c814d3edfdd,industrial packing,completed,yam,yam_0_61,40.2,huangrongbo,good,,,prod,2026-09-03 07:56:56.219036+00:00,2026-09-03 11:01:38.381493+00:00,/nfs/data/sz_44/20260903/episode_20260903_075506_000_f9e1f275.npy.mp4
01a06644-6ee0-7a17-bf15-de98dbe89b46,industrial packing,completed,yam,yam_0_61,35.5,huangrongbo,good,,,prod,2026-09-03 07:57:40.546808+00:00,2026-09-03 11:01:38.459138+00:00,/nfs/data/sz_44/20260903/episode_20260903_075556_000_a196a124.npy.mp4
01a06645-0b20-7e77-8f65-d8b1dcbf4499,industrial packing,completed,yam,yam_0_61,36.7,huangrongbo,good,,,prod,2026-09-03 07:58:19.813719+00:00,2026-09-03 11:01:38.117800+00:00,/nfs/data/sz_44/20260903/episode_20260903_075636_000_70453d64.npy.mp4
01a06645-a760-7cd9-8dbd-14a23f0de8cc,industrial packing,completed,yam,yam_0_61,41.0,huangrongbo,good,,,prod,2026-09-03 07:59:05.123384+00:00,2026-09-03 11:01:38.008361+00:00,/nfs/data/sz_44/20260903/episode_20260903_075716_000_ca96a67c.npy.mp4
01a06646-5728-7407-b026-8bd27d03557e,industrial packing,completed,yam,yam_0_61,39.1,huangrongbo,good,,,prod,2026-09-03 07:59:49.437632+00:00,2026-09-03 11:01:37.900281+00:00,/nfs/data/sz_44/20260903/episode_20260903_075801_000_6a79f743.npy.mp4
01a06647-12a8-7a51-b932-0aeca23f8954,industrial packing,completed,yam,yam_0_61,39.6,huangrongbo,good,,,prod,2026-09-03 08:00:38.765678+00:00,2026-09-03 11:01:37.735599+00:00,/nfs/data/sz_44/20260903/episode_20260903_075849_000_092548b1.npy.mp4
01a06647-baa0-7bdc-bc7c-8daf152dc734,industrial packing,completed,yam,yam_0_61,38.3,huangrongbo,good,,,prod,2026-09-03 08:01:18.366335+00:00,2026-09-03 11:01:37.561021+00:00,/nfs/data/sz_44/20260903/episode_20260903_075932_000_a1608710.npy.mp4
01a06648-6298-74a6-bbe2-eaf4d555d24f,industrial packing,completed,yam,yam_0_61,39.2,huangrongbo,good,,,prod,2026-09-03 08:02:03.260370+00:00,2026-09-03 11:01:37.724232+00:00,/nfs/data/sz_44/20260903/episode_20260903_080015_000_eceb203a.npy.mp4
01a06649-0a90-7fc0-aa16-237071f2dad4,industrial packing,completed,yam,yam_0_61,39.2,huangrongbo,good,,,prod,2026-09-03 08:02:48.107216+00:00,2026-09-03 11:01:37.461669+00:00,/nfs/data/sz_44/20260903/episode_20260903_080058_000_4da98447.npy.mp4
01a06649-b288-76b2-b92f-69aa0a5cc51d,industrial packing,completed,yam,yam_0_61,41.4,huangrongbo,good,,,prod,2026-09-03 08:03:32.829295+00:00,2026-09-03 11:01:37.101405+00:00,/nfs/data/sz_44/20260903/episode_20260903_080141_000_aae54292.npy.mp4
01a0664a-6250-7fa8-9e00-e9b61c6d24ed,industrial packing,completed,yam,yam_0_61,35.8,huangrongbo,good,,,prod,2026-09-03 08:04:12.658766+00:00,2026-09-03 11:01:37.064629+00:00,/nfs/data/sz_44/20260903/episode_20260903_080226_000_79fe115e.npy.mp4
01a0664a-faa8-7bec-9290-5145852fd05a,industrial packing,completed,yam,yam_0_61,39.9,huangrongbo,good,,,prod,2026-09-03 08:04:57.566737+00:00,2026-09-03 11:01:37.017260+00:00,/nfs/data/sz_44/20260903/episode_20260903_080305_000_ada3f969.npy.mp4
01a0664b-a688-719d-a166-13d94f726676,industrial packing,completed,yam,yam_0_61,41.2,huangrongbo,good,,,prod,2026-09-03 08:05:42.299743+00:00,2026-09-03 11:01:36.539722+00:00,/nfs/data/sz_44/20260903/episode_20260903_080349_000_c37d1ac5.npy.mp4
01a0664c-5650-7ed6-9f75-458d0cc7b4ef,industrial packing,completed,yam,yam_0_61,36.9,huangrongbo,good,,,prod,2026-09-03 08:06:21.882737+00:00,2026-09-03 11:01:36.757300+00:00,/nfs/data/sz_44/20260903/episode_20260903_080434_000_75b30c67.npy.mp4
01a0664c-f678-7a19-9e1b-e0fe962489ae,industrial packing,completed,yam,yam_0_61,39.1,huangrongbo,good,,,prod,2026-09-03 08:07:01.394564+00:00,2026-09-03 11:01:36.248506+00:00,/nfs/data/sz_44/20260903/episode_20260903_080515_000_33ccb65c.npy.mp4
01a0664d-9e70-70ce-a7cd-a21003efed45,industrial packing,completed,yam,yam_0_61,33.2,huangrongbo,good,,,prod,2026-09-03 08:07:39.946770+00:00,2026-09-03 11:01:36.173703+00:00,/nfs/data/sz_44/20260903/episode_20260903_080558_000_f2456d14.npy.mp4
01a0664e-2ef8-7ee8-b5ed-77e8c318f409,industrial packing,completed,yam,yam_0_61,37.4,huangrongbo,good,,,prod,2026-09-03 08:08:19.278301+00:00,2026-09-03 11:01:36.288991+00:00,/nfs/data/sz_44/20260903/episode_20260903_080635_000_76a4cb90.npy.mp4
01a0664e-d308-73ad-b184-4e57b589b19f,industrial packing,completed,yam,yam_0_61,41.8,huangrongbo,good,,,prod,2026-09-03 08:09:09.746846+00:00,2026-09-03 11:01:36.112069+00:00,/nfs/data/sz_44/20260903/episode_20260903_080717_000_6d891d5f.npy.mp4
01a0664f-8aa0-7923-acc1-6cfe946787da,industrial packing,completed,yam,yam_0_61,39.9,huangrongbo,good,,,prod,2026-09-03 08:09:54.112723+00:00,2026-09-03 11:01:35.913463+00:00,/nfs/data/sz_44/20260903/episode_20260903_080804_000_82e2eb25.npy.mp4
01a06650-3680-7140-a51e-293f1f78cb63,industrial packing,completed,yam,yam_0_61,37.1,huangrongbo,good,,,prod,2026-09-03 08:10:33.394666+00:00,2026-09-03 11:01:35.828184+00:00,/nfs/data/sz_44/20260903/episode_20260903_080848_000_60bbc2db.npy.mp4
01a06650-da90-70be-b652-9be9becd69b1,industrial packing,completed,yam,yam_0_61,40.9,huangrongbo,good,,,prod,2026-09-03 08:11:17.696387+00:00,2026-09-03 11:01:35.625104+00:00,/nfs/data/sz_44/20260903/episode_20260903_080930_000_3b894c69.npy.mp4
01a06651-8a58-70cc-9e4a-01a01e08ce73,industrial packing,completed,yam,yam_0_61,39.5,huangrongbo,good,,,prod,2026-09-03 08:12:03.000709+00:00,2026-09-03 11:01:35.371045+00:00,/nfs/data/sz_44/20260903/episode_20260903_081015_000_b65fa31c.npy.mp4
01a06655-3f90-7db7-bce0-043010b2a8b5,industrial packing,completed,yam,yam_0_61,37.7,huangrongbo,good,,,prod,2026-09-03 08:16:07.652787+00:00,2026-09-03 11:01:35.413085+00:00,/nfs/data/sz_44/20260903/episode_20260903_081418_000_deac5cb1.npy.mp4
01a06655-e3a0-73ec-90a6-4c86e898c0be,industrial packing,completed,yam,yam_0_61,37.7,huangrongbo,good,,,prod,2026-09-03 08:16:46.992172+00:00,2026-09-03 11:01:35.167676+00:00,/nfs/data/sz_44/20260903/episode_20260903_081500_000_ae377b76.npy.mp4
01a06656-83c8-7028-aa78-198ad5caf16f,industrial packing,completed,yam,yam_0_61,39.3,huangrongbo,good,,,prod,2026-09-03 08:17:31.333749+00:00,2026-09-03 11:01:34.870357+00:00,/nfs/data/sz_44/20260903/episode_20260903_081541_000_ab955719.npy.mp4
01a06657-3b60-798e-9e92-1bd05e87f9c3,industrial packing,completed,yam,yam_0_61,36.1,huangrongbo,good,,,prod,2026-09-03 08:18:15.685448+00:00,2026-09-03 11:01:34.228525+00:00,/nfs/data/sz_44/20260903/episode_20260903_081628_000_bd8bb5b5.npy.mp4
01a06657-d7a0-7b2f-ab89-ea021384ca0c,industrial packing,completed,yam,yam_0_61,41.2,huangrongbo,good,,,prod,2026-09-03 08:19:00.996258+00:00,2026-09-03 11:01:33.974460+00:00,/nfs/data/sz_44/20260903/episode_20260903_081708_000_2eda4678.npy.mp4
01a06658-8768-7f49-aa6c-89365b6d337d,industrial packing,completed,yam,yam_0_61,38.2,huangrongbo,good,,,prod,2026-09-03 08:19:40.400853+00:00,2026-09-03 11:01:34.097401+00:00,/nfs/data/sz_44/20260903/episode_20260903_081753_000_5d1f5b6a.npy.mp4
01a06659-2b78-7388-a165-6b75cc3dcebe,industrial packing,completed,yam,yam_0_61,39.6,huangrongbo,good,,,prod,2026-09-03 08:20:25.733647+00:00,2026-09-03 11:01:34.232978+00:00,/nfs/data/sz_44/20260903/episode_20260903_081835_000_7da0dc1c.npy.mp4
01a06659-d758-7ea8-b636-feec807dfa14,industrial packing,completed,yam,yam_0_61,42.7,huangrongbo,good,,,prod,2026-09-03 08:21:10.140862+00:00,2026-09-03 11:01:33.508805+00:00,/nfs/data/sz_44/20260903/episode_20260903_081919_000_8c220f96.npy.mp4
01a0665a-92d8-7d71-b667-03f14632f903,industrial packing,completed,yam,yam_0_61,37.9,huangrongbo,good,,,prod,2026-09-03 08:21:54.449334+00:00,2026-09-03 11:01:33.405617+00:00,/nfs/data/sz_44/20260903/episode_20260903_082007_000_c482ddab.npy.mp4
01a0665b-5628-7803-a859-6dcce52a503c,industrial packing,completed,yam,yam_0_61,35.8,huangrongbo,good,,,prod,2026-09-03 08:22:43.795824+00:00,2026-09-03 11:01:33.264511+00:00,/nfs/data/sz_44/20260903/episode_20260903_082057_000_9d035446.npy.mp4
01a0665b-ee80-7246-b998-04297374aed3,industrial packing,completed,yam,yam_0_61,40.4,huangrongbo,good,,,prod,2026-09-03 08:23:29.094455+00:00,2026-09-03 11:01:32.803824+00:00,/nfs/data/sz_44/20260903/episode_20260903_082136_000_874126cd.npy.mp4
01a0665c-9e48-74c9-899e-6fe545602010,industrial packing,completed,yam,yam_0_61,43.6,huangrongbo,good,,,prod,2026-09-03 08:24:14.452509+00:00,2026-09-03 11:01:32.555188+00:00,/nfs/data/sz_44/20260903/episode_20260903_082221_000_fe3ed092.npy.mp4
01a0665d-55e0-7cb6-b866-6cbee545fd90,industrial packing,completed,yam,yam_0_61,44.1,huangrongbo,good,,,prod,2026-09-03 08:24:59.767466+00:00,2026-09-03 11:01:31.893628+00:00,/nfs/data/sz_44/20260903/episode_20260903_082308_000_5792d9ab.npy.mp4
01a0665e-1160-789e-abd5-8d20ae7cd382,industrial packing,completed,yam,yam_0_61,42.0,huangrongbo,good,,,prod,2026-09-03 08:25:49.088010+00:00,2026-09-03 11:01:32.553143+00:00,/nfs/data/sz_44/20260903/episode_20260903_082356_000_7d3628d1.npy.mp4
01a0665e-cce0-7798-a1f1-88a6a9f73cc5,industrial packing,completed,yam,yam_0_61,41.7,huangrongbo,good,,,prod,2026-09-03 08:26:34.404800+00:00,2026-09-03 11:01:31.511220+00:00,/nfs/data/sz_44/20260903/episode_20260903_082444_000_4c5ba8c8.npy.mp4
01a0665f-7ca8-7dee-b15e-bcf89d9bc72e,industrial packing,completed,yam,yam_0_61,43.4,huangrongbo,good,,,prod,2026-09-03 08:27:24.750813+00:00,2026-09-03 11:01:30.763264+00:00,/nfs/data/sz_44/20260903/episode_20260903_082529_000_810becce.npy.mp4
01a06660-3440-7a49-ab6e-1218d6592f39,industrial packing,completed,yam,yam_0_61,40.2,huangrongbo,good,,,prod,2026-09-03 08:28:04.077848+00:00,2026-09-03 11:01:30.442520+00:00,/nfs/data/sz_44/20260903/episode_20260903_082616_000_aa1411d1.npy.mp4
01a06660-e408-765d-b767-a856a9752892,industrial packing,completed,yam,yam_0_61,40.3,huangrongbo,good,,,prod,2026-09-03 08:28:48.405666+00:00,2026-09-03 11:01:30.184374+00:00,/nfs/data/sz_44/20260903/episode_20260903_082701_000_a4222d9e.npy.mp4
01a06662-c868-75f9-989b-ab03701b1ef7,industrial packing,completed,yam,yam_0_61,43.0,huangrongbo,good,,,prod,2026-09-03 08:30:58.849486+00:00,2026-09-03 11:01:30.036190+00:00,/nfs/data/sz_44/20260903/episode_20260903_082905_000_79a73b66.npy.mp4
01a06663-83e8-7a1e-994a-cfb709af8d75,industrial packing,completed,yam,yam_0_61,42.1,huangrongbo,good,,,prod,2026-09-03 08:31:44.247414+00:00,2026-09-03 11:01:29.745771+00:00,/nfs/data/sz_44/20260903/episode_20260903_082953_000_2f81017f.npy.mp4
01a06664-3f68-7270-b52b-d936856173cc,industrial packing,completed,yam,yam_0_61,42.7,huangrongbo,good,,,prod,2026-09-03 08:32:34.034474+00:00,2026-09-03 11:01:29.447274+00:00,/nfs/data/sz_44/20260903/episode_20260903_083041_000_7d2a910e.npy.mp4
01a06664-f700-7956-82cc-b0d8b539e82e,industrial packing,completed,yam,yam_0_61,39.0,huangrongbo,good,,,prod,2026-09-03 08:33:18.416219+00:00,2026-09-03 11:01:29.092909+00:00,/nfs/data/sz_44/20260903/episode_20260903_083128_000_f6293caa.npy.mp4
01a06665-9ef8-7090-911f-c4fcb67f858a,industrial packing,completed,yam,yam_0_61,47.5,huangrongbo,good,,,prod,2026-09-03 08:34:08.781541+00:00,2026-09-03 11:01:28.927520+00:00,/nfs/data/sz_44/20260903/episode_20260903_083211_000_e5bf377d.npy.mp4
01a06666-6a18-7a43-a885-db501dbbc950,industrial packing,completed,yam,yam_0_61,37.7,huangrongbo,good,,,prod,2026-09-03 08:34:48.113965+00:00,2026-09-03 11:01:28.892421+00:00,/nfs/data/sz_44/20260903/episode_20260903_083303_000_30d9e77f.npy.mp4
01a06667-1210-74f3-809b-0ce9691f37b9,industrial packing,completed,yam,yam_0_61,40.8,huangrongbo,good,,,prod,2026-09-03 08:35:38.438819+00:00,2026-09-03 11:01:28.473934+00:00,/nfs/data/sz_44/20260903/episode_20260903_083346_000_2a05f2eb.npy.mp4
01a06667-c1d8-7fee-9882-02fbdda2c608,industrial packing,completed,yam,yam_0_61,40.3,huangrongbo,good,,,prod,2026-09-03 08:36:22.766962+00:00,2026-09-03 11:01:28.599184+00:00,/nfs/data/sz_44/20260903/episode_20260903_083431_000_7a2ea23f.npy.mp4
01a06668-71a0-7dca-a574-438e4c6057ba,industrial packing,completed,yam,yam_0_61,41.2,huangrongbo,good,,,prod,2026-09-03 08:37:08.141867+00:00,2026-09-03 11:01:28.177785+00:00,/nfs/data/sz_44/20260903/episode_20260903_083516_000_d676116e.npy.mp4
01a0666a-9480-7534-81c2-9377aaf20c46,industrial packing,completed,yam,yam_0_61,39.4,huangrongbo,good,,,prod,2026-09-03 08:39:27.650865+00:00,2026-09-03 11:01:27.862446+00:00,/nfs/data/sz_44/20260903/episode_20260903_083736_000_2f2334d1.npy.mp4
01a0666b-4060-79d0-ab7d-b136c70d5970,industrial packing,completed,yam,yam_0_61,41.7,huangrongbo,good,,,prod,2026-09-03 08:40:12.963410+00:00,2026-09-03 11:01:27.719416+00:00,/nfs/data/sz_44/20260903/episode_20260903_083820_000_ba3b1af3.npy.mp4
01a0666b-f410-78a9-bd2a-d0a4d36232b4,industrial packing,completed,yam,yam_0_61,39.0,huangrongbo,good,,,prod,2026-09-03 08:40:52.295210+00:00,2026-09-03 11:01:27.232782+00:00,/nfs/data/sz_44/20260903/episode_20260903_083906_000_f2c41502.npy.mp4
01a0666c-9c08-7a15-aeee-a608c676ec05,industrial packing,completed,yam,yam_0_61,37.5,huangrongbo,good,,,prod,2026-09-03 08:41:36.614623+00:00,2026-09-03 11:01:27.683132+00:00,/nfs/data/sz_44/20260903/episode_20260903_083949_000_cb271950.npy.mp4
01a0666d-4018-7c19-a6d8-ae9e686b430d,industrial packing,completed,yam,yam_0_61,36.8,huangrongbo,good,,,prod,2026-09-03 08:42:16.946050+00:00,2026-09-03 11:01:27.133824+00:00,/nfs/data/sz_44/20260903/episode_20260903_084031_000_90949949.npy.mp4
01a0666d-e040-724e-8554-6e0c20ef32c4,industrial packing,completed,yam,yam_0_61,42.0,huangrongbo,good,,,prod,2026-09-03 08:43:01.209365+00:00,2026-09-03 11:01:26.701270+00:00,/nfs/data/sz_44/20260903/episode_20260903_084112_000_10800882.npy.mp4
01a0666f-6eb0-729a-a28b-465a7bfcef9a,industrial packing,completed,yam,yam_0_61,39.6,huangrongbo,good,,,prod,2026-09-03 08:44:44.670191+00:00,2026-09-03 11:01:26.761351+00:00,/nfs/data/sz_44/20260903/episode_20260903_084254_000_ea55f4c7.npy.mp4
01a06670-1a90-7624-9473-9f586b5cb8b0,industrial packing,completed,yam,yam_0_61,42.0,huangrongbo,good,,,prod,2026-09-03 08:45:29.984669+00:00,2026-09-03 11:01:26.396479+00:00,/nfs/data/sz_44/20260903/episode_20260903_084338_000_3a23142a.npy.mp4
01a06670-ce40-7486-b953-3857a7d6488d,industrial packing,completed,yam,yam_0_61,37.9,huangrongbo,good,,,prod,2026-09-03 08:46:09.288690+00:00,2026-09-03 11:01:26.284630+00:00,/nfs/data/sz_44/20260903/episode_20260903_084424_000_24f706e5.npy.mp4
01a06671-7250-736d-8ded-a8465178fa22,industrial packing,completed,yam,yam_0_61,40.5,huangrongbo,good,,,prod,2026-09-03 08:46:53.637174+00:00,2026-09-03 11:01:25.890521+00:00,/nfs/data/sz_44/20260903/episode_20260903_084506_000_e6e06902.npy.mp4
01a06672-1e30-7f4d-b092-5089ec481094,industrial packing,completed,yam,yam_0_61,33.9,huangrongbo,good,,,prod,2026-09-03 08:47:32.969892+00:00,2026-09-03 11:01:25.838601+00:00,/nfs/data/sz_44/20260903/episode_20260903_084550_000_4da880cd.npy.mp4
01a06672-aeb8-7399-95e5-506d54e835c2,industrial packing,completed,yam,yam_0_61,39.0,huangrongbo,good,,,prod,2026-09-03 08:48:17.279480+00:00,2026-09-03 11:01:25.391628+00:00,/nfs/data/sz_44/20260903/episode_20260903_084627_000_31b0ae96.npy.mp4
01a06673-5e80-784e-8493-255457031b85,industrial packing,completed,yam,yam_0_61,40.8,huangrongbo,good,,,prod,2026-09-03 08:49:02.588872+00:00,2026-09-03 11:01:25.480700+00:00,/nfs/data/sz_44/20260903/episode_20260903_084712_000_cf423bfc.npy.mp4
01a06674-1618-700d-8e2c-83b9fbdb6909,industrial packing,completed,yam,yam_0_61,42.2,huangrongbo,good,,,prod,2026-09-03 08:49:51.916389+00:00,2026-09-03 11:01:25.287225+00:00,/nfs/data/sz_44/20260903/episode_20260903_084759_000_34ee8550.npy.mp4
01a06674-e520-72a9-92e8-93dca1c87458,industrial packing,completed,yam,yam_0_61,38.9,huangrongbo,good,,,prod,2026-09-03 08:50:41.287103+00:00,2026-09-03 11:01:25.246112+00:00,/nfs/data/sz_44/20260903/episode_20260903_084852_000_1d625af6.npy.mp4
01a06675-8d18-7959-a2d6-2af834ac9a2d,industrial packing,completed,yam,yam_0_61,35.7,huangrongbo,good,,,prod,2026-09-03 08:51:21.615304+00:00,2026-09-03 11:01:24.705207+00:00,/nfs/data/sz_44/20260903/episode_20260903_084935_000_72a9aafd.npy.mp4
01a06676-2958-7643-b66f-5d97300344ea,industrial packing,completed,yam,yam_0_61,38.9,huangrongbo,good,,,prod,2026-09-03 08:52:00.909412+00:00,2026-09-03 11:01:24.634760+00:00,/nfs/data/sz_44/20260903/episode_20260903_085015_000_fbdb802e.npy.mp4
01a06676-d150-710c-a894-200fe91bf851,industrial packing,completed,yam,yam_0_61,32.6,huangrongbo,good,,,prod,2026-09-03 08:52:39.233016+00:00,2026-09-03 11:01:24.752916+00:00,/nfs/data/sz_44/20260903/episode_20260903_085058_000_5fc1e118.npy.mp4
01a06677-65c0-7254-aa28-4921626fc47f,industrial packing,completed,yam,yam_0_61,36.3,huangrongbo,good,,,prod,2026-09-03 08:53:23.545091+00:00,2026-09-03 11:01:24.359361+00:00,/nfs/data/sz_44/20260903/episode_20260903_085136_000_3ba06ca8.npy.mp4
01a06678-0200-7a2c-a9b2-b41dfd304954,industrial packing,completed,yam,yam_0_61,26.0,huangrongbo,good,,,prod,2026-09-03 08:53:51.832019+00:00,2026-09-03 11:01:24.271462+00:00,/nfs/data/sz_44/20260903/episode_20260903_085216_000_3a5aa5cd.npy.mp4
01a06678-bd80-7015-a0c6-fe9010a587ac,industrial packing,completed,yam,yam_0_61,31.1,huangrongbo,good,,,prod,2026-09-03 08:54:46.231297+00:00,2026-09-03 11:01:24.197226+00:00,/nfs/data/sz_44/20260903/episode_20260903_085304_000_456663cb.npy.mp4
01a06679-4a20-7efc-9f87-0676bda5e856,industrial packing,completed,yam,yam_0_61,40.4,huangrongbo,good,,,prod,2026-09-03 08:55:30.550685+00:00,2026-09-03 11:01:24.187318+00:00,/nfs/data/sz_44/20260903/episode_20260903_085340_000_fdf2c01d.npy.mp4
01a06679-f600-77e5-94c3-adc22f9b2ecb,industrial packing,completed,yam,yam_0_61,42.0,huangrongbo,good,,,prod,2026-09-03 08:56:15.891442+00:00,2026-09-03 11:01:23.802342+00:00,/nfs/data/sz_44/20260903/episode_20260903_085424_000_0d46b90a.npy.mp4
01a0667a-a9b0-7298-8c51-d4b700aa4ce7,industrial packing,completed,yam,yam_0_61,41.8,huangrongbo,good,,,prod,2026-09-03 08:57:01.197938+00:00,2026-09-03 11:01:23.435525+00:00,/nfs/data/sz_44/20260903/episode_20260903_085510_000_dcf9aed0.npy.mp4
01a0667b-5978-72f5-94ef-8e1c90beaf08,industrial packing,completed,yam,yam_0_61,37.5,huangrongbo,good,,,prod,2026-09-03 08:57:40.516676+00:00,2026-09-03 11:01:23.353792+00:00,/nfs/data/sz_44/20260903/episode_20260903_085555_000_bda9829f.npy.mp4
01a0667b-f9a0-760e-ba34-28e7c90db9ab,industrial packing,completed,yam,yam_0_61,34.1,huangrongbo,good,,,prod,2026-09-03 08:58:18.854853+00:00,2026-09-03 11:01:23.125063+00:00,/nfs/data/sz_44/20260903/episode_20260903_085636_000_b9af4538.npy.mp4
01a0667c-99c8-7858-b76d-2308e77cf14e,industrial packing,completed,yam,yam_0_61,39.6,huangrongbo,good,,,prod,2026-09-03 08:59:03.189808+00:00,2026-09-03 11:01:22.596784+00:00,/nfs/data/sz_44/20260903/episode_20260903_085717_000_7b8cad01.npy.mp4
01a0667d-4990-71e2-bd0b-8b437bb648cd,industrial packing,completed,yam,yam_0_61,37.6,huangrongbo,good,,,prod,2026-09-03 08:59:48.514141+00:00,2026-09-03 11:01:22.091173+00:00,/nfs/data/sz_44/20260903/episode_20260903_085802_000_cd0ddc8d.npy.mp4
01a0667d-eda0-702c-b882-dd427f1ef343,industrial packing,completed,yam,yam_0_61,36.5,huangrongbo,good,,,prod,2026-09-03 09:00:26.860708+00:00,2026-09-03 11:01:21.736017+00:00,/nfs/data/sz_44/20260903/episode_20260903_085844_000_c4df9741.npy.mp4
01a0667e-8dc8-7fb1-95b3-06f570b0b06e,industrial packing,completed,yam,yam_0_61,38.3,huangrongbo,good,,,prod,2026-09-03 09:01:11.265983+00:00,2026-09-03 11:01:23.997795+00:00,/nfs/data/sz_44/20260903/episode_20260903_085925_000_969ad1c0.npy.mp4
01a06680-d7b8-7cb0-a12e-3c1966d21147,industrial packing,completed,yam,yam_0_61,36.0,huangrongbo,good,,,prod,2026-09-03 09:03:40.552829+00:00,2026-09-03 11:01:20.933094+00:00,/nfs/data/sz_44/20260903/episode_20260903_090155_000_3c39b089.npy.mp4
01a06681-73f8-77d3-bdc3-5d2e5261b537,industrial packing,completed,yam,yam_0_61,32.6,huangrongbo,good,,,prod,2026-09-03 09:04:24.728647+00:00,2026-09-03 11:01:20.151658+00:00,/nfs/data/sz_44/20260903/episode_20260903_090235_000_02378b8d.npy.mp4
01a06682-0098-745e-93f6-d1f054eabbbe,industrial packing,completed,yam,yam_0_61,40.3,huangrongbo,good,,,prod,2026-09-03 09:05:05.758525+00:00,2026-09-03 11:01:19.990345+00:00,/nfs/data/sz_44/20260903/episode_20260903_090311_000_1ec77cc1.npy.mp4
01a06682-b060-7550-b7fd-a935cb9ec3dd,industrial packing,completed,yam,yam_0_61,44.7,huangrongbo,good,,,prod,2026-09-03 09:05:49.298082+00:00,2026-09-03 11:01:19.832389+00:00,/nfs/data/sz_44/20260903/episode_20260903_090356_000_f849777f.npy.mp4
01a06683-6be0-73d4-a752-c4f42adf27a0,industrial packing,completed,yam,yam_0_61,36.2,huangrongbo,good,,,prod,2026-09-03 09:06:27.853097+00:00,2026-09-03 11:01:19.611360+00:00,/nfs/data/sz_44/20260903/episode_20260903_090444_000_b706cecf.npy.mp4
01a06684-0820-7e06-9b36-20eb3a4ce9ea,industrial packing,completed,yam,yam_0_61,36.7,huangrongbo,good,,,prod,2026-09-03 09:07:13.548094+00:00,2026-09-03 11:01:19.189143+00:00,/nfs/data/sz_44/20260903/episode_20260903_090524_000_41287317.npy.mp4
01a06684-a848-787b-9ca4-286581842d42,industrial packing,completed,yam,yam_0_61,38.5,huangrongbo,good,,,prod,2026-09-03 09:07:51.237610+00:00,2026-09-03 11:01:18.817953+00:00,/nfs/data/sz_44/20260903/episode_20260903_090605_000_e5de64c1.npy.mp4
01a06685-4c58-7521-b200-5d81480993a9,industrial packing,completed,yam,yam_0_61,28.8,huangrongbo,good,,,prod,2026-09-03 09:08:24.798790+00:00,2026-09-03 11:01:18.335197+00:00,/nfs/data/sz_44/20260903/episode_20260903_090647_000_ca0a720b.npy.mp4
01a06688-da80-7bfb-ad94-d289dea26127,industrial packing,completed,yam,yam_0_61,31.6,huangrongbo,good,,,prod,2026-09-03 09:12:20.606596+00:00,2026-09-03 11:01:17.866016+00:00,/nfs/data/sz_34/20260903/episode_20260903_091040_000_26dab601.npy.mp4
01a0668c-7460-7482-be2b-833a6cc7f7a1,industrial packing,completed,yam,yam_0_61,39.5,huangrongbo,good,,,prod,2026-09-03 09:16:27.921661+00:00,2026-09-03 11:01:17.864457+00:00,/nfs/data/sz_34/20260903/episode_20260903_091436_000_c3c50b9c.npy.mp4
01a0668d-2040-74ba-80c6-a386b178d007,industrial packing,completed,yam,yam_0_61,41.3,huangrongbo,good,,,prod,2026-09-03 09:17:18.186589+00:00,2026-09-03 11:01:17.822733+00:00,/nfs/data/sz_34/20260903/episode_20260903_091520_000_d2275e0f.npy.mp4
01a0668d-d008-7a98-92f1-5459f919d1cf,industrial packing,completed,yam,yam_0_61,39.6,huangrongbo,good,,,prod,2026-09-03 09:17:56.425917+00:00,2026-09-03 11:01:08.328044+00:00,/nfs/data/sz_34/20260903/episode_20260903_091605_000_af76f5c4.npy.mp4
01a0668e-a2f8-7194-838f-d02389203c5c,industrial packing,completed,yam,yam_0_61,44.6,huangrongbo,good,,,prod,2026-09-03 09:18:56.697958+00:00,2026-09-03 11:01:08.168186+00:00,/nfs/data/sz_34/20260903/episode_20260903_091659_000_008ace8c.npy.mp4
01a0668f-6260-7718-96e4-fd8766bd1d68,industrial packing,completed,yam,yam_0_61,37.4,huangrongbo,good,,,prod,2026-09-03 09:19:38.987510+00:00,2026-09-03 11:01:08.097556+00:00,/nfs/data/sz_34/20260903/episode_20260903_091748_000_bca136ee.npy.mp4
01a06690-5c60-7d28-9573-8f14e5d22472,industrial packing,completed,yam,yam_0_61,34.2,huangrongbo,good,,,prod,2026-09-03 09:20:37.317255+00:00,2026-09-03 11:01:07.948302+00:00,/nfs/data/sz_34/20260903/episode_20260903_091852_000_d01ba34c.npy.mp4
01a06690-f4b8-7b34-a7a0-a3db5221e039,industrial packing,completed,yam,yam_0_61,38.2,huangrongbo,good,,,prod,2026-09-03 09:21:20.653114+00:00,2026-09-03 11:01:08.100989+00:00,/nfs/data/sz_34/20260903/episode_20260903_091931_000_2574700b.npy.mp4
01a06691-bbf0-74a8-ac9a-885e0b70e365,industrial packing,completed,yam,yam_0_61,44.2,huangrongbo,good,,,prod,2026-09-03 09:22:20.907808+00:00,2026-09-03 11:01:07.864189+00:00,/nfs/data/sz_34/20260903/episode_20260903_092022_000_5f088597.npy.mp4
01a06692-7b58-76b7-b491-5411c7b8c7c8,industrial packing,completed,yam,yam_0_61,40.7,huangrongbo,good,,,prod,2026-09-03 09:23:05.177799+00:00,2026-09-03 11:01:07.625453+00:00,/nfs/data/sz_34/20260903/episode_20260903_092111_000_8111d78c.npy.mp4
01a06693-2f08-7b02-adca-57ffa32737bf,industrial packing,completed,yam,yam_0_61,41.6,huangrongbo,good,,,prod,2026-09-03 09:23:55.432329+00:00,2026-09-03 11:01:07.422412+00:00,/nfs/data/sz_34/20260903/episode_20260903_092157_000_fe51b314.npy.mp4
01a06693-e2b8-7a55-b7b3-7fd3c7d475c1,industrial packing,completed,yam,yam_0_61,40.7,huangrongbo,good,,,prod,2026-09-03 09:24:35.666200+00:00,2026-09-03 11:01:07.414770+00:00,/nfs/data/sz_34/20260903/episode_20260903_092243_000_8a6da399.npy.mp4
01a06694-9280-7dc0-aadb-c1842b37f1ff,industrial packing,completed,yam,yam_0_61,40.6,huangrongbo,good,,,prod,2026-09-03 09:25:24.942221+00:00,2026-09-03 11:01:07.136420+00:00,/nfs/data/sz_34/20260903/episode_20260903_092328_000_a0e6bce2.npy.mp4
01a06695-4248-75fc-813d-48c1eb595ec4,industrial packing,completed,yam,yam_0_61,41.7,huangrongbo,good,,,prod,2026-09-03 09:26:09.208957+00:00,2026-09-03 11:01:07.052131+00:00,/nfs/data/sz_34/20260903/episode_20260903_092413_000_27396ef7.npy.mp4
01a06697-fd80-7bee-867f-304cc148b342,industrial packing,completed,yam,yam_0_61,23.8,huangrongbo,good,,,prod,2026-09-03 09:28:43.553132+00:00,2026-09-03 11:01:07.226608+00:00,/nfs/data/sz_34/20260903/episode_20260903_092712_000_2bafdc16.npy.mp4
01a0669a-0cd8-70ab-afb4-2d4dce161d73,industrial packing,completed,yam,yam_0_61,21.2,huangrongbo,good,,,prod,2026-09-03 09:30:56.846048+00:00,2026-09-03 11:01:06.844913+00:00,/nfs/data/sz_34/20260903/episode_20260903_092927_000_f8cb37b4.npy.mp4
01a066a2-7d00-71fe-a754-43caf57b3309,industrial packing,completed,yam,yam_0_61,33.1,huangrongbo,good,,,prod,2026-09-03 09:40:23.294663+00:00,2026-09-03 11:01:06.612002+00:00,/nfs/data/sz_44/20260903/episode_20260903_093840_000_db5bb1e3.npy.mp4
01a066a3-0d88-78e5-b8e2-027a815d25a4,industrial packing,completed,yam,yam_0_61,29.7,huangrongbo,good,,,prod,2026-09-03 09:40:56.604928+00:00,2026-09-03 11:01:06.363889+00:00,/nfs/data/sz_44/20260903/episode_20260903_093917_000_1bd1c072.npy.mp4
01a066a3-9640-7128-b752-cf4a0636cb4d,industrial packing,completed,yam,yam_0_61,27.5,huangrongbo,good,,,prod,2026-09-03 09:41:29.887508+00:00,2026-09-03 11:01:06.345221+00:00,/nfs/data/sz_44/20260903/episode_20260903_093952_000_af96783b.npy.mp4
01a066a4-1340-7bc9-86d2-e633fe1f1cff,industrial packing,completed,yam,yam_0_61,27.2,huangrongbo,good,,,prod,2026-09-03 09:41:58.216897+00:00,2026-09-03 11:01:05.942861+00:00,/nfs/data/sz_44/20260903/episode_20260903_094024_000_b6dfd128.npy.mp4
01a066a4-f9b8-7d53-be72-01a4649be888,industrial packing,completed,yam,yam_0_61,24.1,huangrongbo,good,,,prod,2026-09-03 09:42:56.568663+00:00,2026-09-03 11:01:05.760062+00:00,/nfs/data/sz_44/20260903/episode_20260903_094123_000_884fbd17.npy.mp4
01a066a5-6718-75b3-8766-32dda53ea136,industrial packing,completed,yam,yam_0_61,29.5,huangrongbo,good,,,prod,2026-09-03 09:43:29.841141+00:00,2026-09-03 11:01:05.757891+00:00,/nfs/data/sz_44/20260903/episode_20260903_094151_000_ec208522.npy.mp4
01a066a5-ebe8-73a8-a07d-6bc4253a648b,industrial packing,completed,yam,yam_0_61,32.6,huangrongbo,good,,,prod,2026-09-03 09:44:04.162377+00:00,2026-09-03 11:01:05.212183+00:00,/nfs/data/sz_44/20260903/episode_20260903_094225_000_a8aaca1f.npy.mp4
01a066a6-7888-7c16-8f99-bc981ad176ad,industrial packing,completed,yam,yam_0_61,30.8,huangrongbo,good,,,prod,2026-09-03 09:44:37.457506+00:00,2026-09-03 11:01:05.160077+00:00,/nfs/data/sz_44/20260903/episode_20260903_094301_000_568e74c3.npy.mp4
01a066a7-0140-7f14-9317-887fa8052785,industrial packing,completed,yam,yam_0_61,30.2,huangrongbo,good,,,prod,2026-09-03 09:45:16.851450+00:00,2026-09-03 11:01:05.000933+00:00,/nfs/data/sz_44/20260903/episode_20260903_094336_000_0ee4d9f1.npy.mp4
01a066a7-8610-7557-8a29-98fcfb9ccf87,industrial packing,completed,yam,yam_0_61,28.7,huangrongbo,good,,,prod,2026-09-03 09:45:45.205886+00:00,2026-09-03 11:01:04.425152+00:00,/nfs/data/sz_44/20260903/episode_20260903_094410_000_93e21461.npy.mp4
01a066a8-06f8-7f49-880c-8aa6db7ed9e1,industrial packing,completed,yam,yam_0_61,30.5,huangrongbo,good,,,prod,2026-09-03 09:46:23.851468+00:00,2026-09-03 11:01:04.380487+00:00,/nfs/data/sz_44/20260903/episode_20260903_094443_000_b021013d.npy.mp4
01a066a8-8fb0-7bc2-a2e9-ccda64ffd633,industrial packing,completed,yam,yam_0_61,29.6,huangrongbo,good,,,prod,2026-09-03 09:46:57.199074+00:00,2026-09-03 11:01:03.914752+00:00,/nfs/data/sz_44/20260903/episode_20260903_094518_000_aa40dc29.npy.mp4
01a066a9-1098-7fa7-938d-62795eac6ffb,industrial packing,completed,yam,yam_0_61,28.1,huangrongbo,good,,,prod,2026-09-03 09:47:25.514355+00:00,2026-09-03 11:01:03.991675+00:00,/nfs/data/sz_44/20260903/episode_20260903_094551_000_bbf9429b.npy.mp4
01a066a9-9d38-7b5f-ad86-c107589943b3,industrial packing,completed,yam,yam_0_61,29.0,huangrongbo,good,,,prod,2026-09-03 09:48:04.879466+00:00,2026-09-03 11:01:03.282838+00:00,/nfs/data/sz_44/20260903/episode_20260903_094627_000_fd639d20.npy.mp4
01a066aa-1e20-7e34-852f-e14717d8c9a9,industrial packing,completed,yam,yam_0_61,28.2,huangrongbo,good,,,prod,2026-09-03 09:48:39.239729+00:00,2026-09-03 11:01:02.874847+00:00,/nfs/data/sz_44/20260903/episode_20260903_094700_000_3a566856.npy.mp4
01a066aa-9f08-7c39-99ee-6b37218cbed6,industrial packing,completed,yam,yam_0_61,28.1,huangrongbo,good,,,prod,2026-09-03 09:49:06.613510+00:00,2026-09-03 11:01:03.009944+00:00,/nfs/data/sz_44/20260903/episode_20260903_094733_000_856df929.npy.mp4
01a066ab-1c08-780a-b92e-cecdb7bc5345,industrial packing,completed,yam,yam_0_61,29.3,huangrongbo,good,,,prod,2026-09-03 09:49:39.950235+00:00,2026-09-03 11:01:02.842796+00:00,/nfs/data/sz_44/20260903/episode_20260903_094805_000_f587c1e9.npy.mp4
01a066ab-9cf0-70ed-a41d-2d5995495872,industrial packing,completed,yam,yam_0_61,25.9,huangrongbo,good,,,prod,2026-09-03 09:50:13.252580+00:00,2026-09-03 11:01:02.300479+00:00,/nfs/data/sz_44/20260903/episode_20260903_094838_000_fc12e275.npy.mp4
01a066ac-0e38-79d7-be62-0082b8ebda33,industrial packing,completed,yam,yam_0_61,28.0,huangrongbo,good,,,prod,2026-09-03 09:50:42.557002+00:00,2026-09-03 11:01:02.095802+00:00,/nfs/data/sz_44/20260903/episode_20260903_094907_000_474fe008.npy.mp4
01a066ac-8b38-7e1c-be8e-340f40f9b2e9,industrial packing,completed,yam,yam_0_61,30.8,huangrongbo,good,,,prod,2026-09-03 09:51:15.850035+00:00,2026-09-03 11:01:02.153826+00:00,/nfs/data/sz_44/20260903/episode_20260903_094939_000_7323056d.npy.mp4
01a066ad-13f0-7655-85e9-e7a9a801f518,industrial packing,completed,yam,yam_0_61,27.1,huangrongbo,good,,,prod,2026-09-03 09:51:49.157981+00:00,2026-09-03 11:01:01.988832+00:00,/nfs/data/sz_44/20260903/episode_20260903_095014_000_e905c0fc.npy.mp4
01a066ad-8d08-7a65-9e03-4a50a7c7bb40,industrial packing,completed,yam,yam_0_61,23.9,huangrongbo,good,,,prod,2026-09-03 09:52:16.503686+00:00,2026-09-03 11:01:01.724191+00:00,/nfs/data/sz_44/20260903/episode_20260903_095045_000_31e6d2f5.npy.mp4
01a066ae-0238-7428-b8f5-e7259d771714,industrial packing,completed,yam,yam_0_61,28.8,huangrongbo,good,,,prod,2026-09-03 09:52:50.800116+00:00,2026-09-03 11:01:01.831531+00:00,/nfs/data/sz_44/20260903/episode_20260903_095115_000_ea39dce1.npy.mp4
01a066ae-8320-7fa9-8dfe-70e6cd2b116e,industrial packing,completed,yam,yam_0_61,30.0,huangrongbo,good,,,prod,2026-09-03 09:53:24.132117+00:00,2026-09-03 11:01:01.189942+00:00,/nfs/data/sz_44/20260903/episode_20260903_095148_000_f11ef8cd.npy.mp4
01a066af-13a8-7625-9015-2eb372036575,industrial packing,completed,yam,yam_0_61,21.0,huangrongbo,good,,,prod,2026-09-03 09:53:51.479746+00:00,2026-09-03 11:01:01.105276+00:00,/nfs/data/sz_44/20260903/episode_20260903_095225_000_96f15c3c.npy.mp4
01a066af-84f0-7f68-99d7-9b3ed9b156b8,industrial packing,completed,yam,yam_0_61,25.6,huangrongbo,good,,,prod,2026-09-03 09:54:24.816019+00:00,2026-09-03 11:01:01.227323+00:00,/nfs/data/sz_44/20260903/episode_20260903_095254_000_3fefbdf4.npy.mp4
01a066af-f638-7733-a025-de819dd7501a,industrial packing,completed,yam,yam_0_61,25.0,huangrongbo,good,,,prod,2026-09-03 09:54:58.150890+00:00,2026-09-03 11:01:00.969598+00:00,/nfs/data/sz_44/20260903/episode_20260903_095323_000_5ef088c6.npy.mp4
01a066b0-6780-78e1-8bda-34cb4f2565e2,industrial packing,completed,yam,yam_0_61,26.4,huangrongbo,good,,,prod,2026-09-03 09:55:26.450892+00:00,2026-09-03 11:01:00.833979+00:00,/nfs/data/sz_44/20260903/episode_20260903_095352_000_26ae3123.npy.mp4
01a066b0-dcb0-7449-af13-436e42b98340,industrial packing,completed,yam,yam_0_61,31.7,huangrongbo,good,,,prod,2026-09-03 09:55:59.761170+00:00,2026-09-03 11:01:00.713566+00:00,/nfs/data/sz_44/20260903/episode_20260903_095422_000_53c9ce28.npy.mp4
01a066b7-6878-7291-be3b-4622e56ed036,industrial packing,completed,yam,yam_0_61,33.5,huangrongbo,good,,,prod,2026-09-03 10:03:13.666345+00:00,2026-09-03 11:01:00.665908+00:00,/nfs/data/sz_34/20260903/episode_20260903_100131_000_87b96e9d.npy.mp4
01a066b7-fce8-7082-a703-8b2ea513a8e7,industrial packing,completed,yam,yam_0_61,27.3,huangrongbo,good,,,prod,2026-09-03 10:03:41.921913+00:00,2026-09-03 11:01:00.308793+00:00,/nfs/data/sz_34/20260903/episode_20260903_100209_000_aa47f2f0.npy.mp4
01a066bc-5248-7c79-9919-bef655faa264,industrial packing,completed,yam,yam_0_61,38.2,huangrongbo,good,,,prod,2026-09-03 10:08:41.301876+00:00,2026-09-03 11:01:00.061749+00:00,/nfs/data/sz_34/20260903/episode_20260903_100653_000_a91b18a0.npy.mp4
01a066bc-fe28-76c9-9abd-98ad30cc03b9,industrial packing,completed,yam,yam_0_61,26.0,huangrongbo,good,,,prod,2026-09-03 10:09:09.575016+00:00,2026-09-03 11:00:59.869550+00:00,/nfs/data/sz_34/20260903/episode_20260903_100737_000_ce5857dc.npy.mp4
01a066bd-9a68-77d5-a93a-8e4a0857b248,industrial packing,completed,yam,yam_0_61,32.5,huangrongbo,good,,,prod,2026-09-03 10:09:58.952742+00:00,2026-09-03 11:00:59.852362+00:00,/nfs/data/sz_34/20260903/episode_20260903_100817_000_bb9ad8f4.npy.mp4
01a066be-4a30-7d26-8e33-de2288ce2220,industrial packing,completed,yam,yam_0_61,32.3,huangrongbo,good,,,prod,2026-09-03 10:10:42.239014+00:00,2026-09-03 11:00:59.869407+00:00,/nfs/data/sz_34/20260903/episode_20260903_100902_000_a661d065.npy.mp4
01a066bf-f3f8-7751-866b-fa6f1472c629,industrial packing,completed,yam,yam_0_61,32.3,huangrongbo,good,,,prod,2026-09-03 10:12:33.607329+00:00,2026-09-03 11:00:59.269344+00:00,/nfs/data/sz_34/20260903/episode_20260903_101051_000_a6b8cb2e.npy.mp4
01a066c0-8480-7887-b1f6-ae570e8632ce,industrial packing,completed,yam,yam_0_61,36.3,huangrongbo,good,,,prod,2026-09-03 10:13:12.942045+00:00,2026-09-03 11:00:59.173760+00:00,/nfs/data/sz_34/20260903/episode_20260903_101128_000_45bf5fcb.npy.mp4
01a066c1-3830-7d4c-9eff-f736aeb7c3e9,industrial packing,completed,yam,yam_0_61,33.5,huangrongbo,good,,,prod,2026-09-03 10:13:56.590932+00:00,2026-09-03 11:00:59.072155+00:00,/nfs/data/sz_34/20260903/episode_20260903_101214_000_a1ca3e92.npy.mp4
01a066c1-cca0-7c30-896d-976dbd49f4b2,industrial packing,completed,yam,yam_0_61,40.2,huangrongbo,good,,,prod,2026-09-03 10:14:40.993245+00:00,2026-09-03 11:00:59.085114+00:00,/nfs/data/sz_34/20260903/episode_20260903_101252_000_d8cf72e2.npy.mp4
01a066c2-af30-7517-98ac-3e63f8d2bbb9,industrial packing,completed,yam,yam_0_61,34.9,huangrongbo,good,,,prod,2026-09-03 10:15:35.266454+00:00,2026-09-03 11:00:58.843313+00:00,/nfs/data/sz_34/20260903/episode_20260903_101350_000_1e888edf.npy.mp4
01a066c3-5340-7176-91cd-f9d663693a4a,industrial packing,completed,yam,yam_0_61,37.7,huangrongbo,good,,,prod,2026-09-03 10:16:19.532123+00:00,2026-09-03 11:00:58.876012+00:00,/nfs/data/sz_34/20260903/episode_20260903_101432_000_33478132.npy.mp4
01a066c4-12a8-7ed4-91f6-98e7da6e30b2,industrial packing,completed,yam,yam_0_61,40.6,huangrongbo,good,,,prod,2026-09-03 10:17:08.837483+00:00,2026-09-03 11:00:58.792171+00:00,/nfs/data/sz_34/20260903/episode_20260903_101521_000_dced0e34.npy.mp4
01a066c4-e980-789b-becf-6316af14de88,industrial packing,completed,yam,yam_0_61,34.2,huangrongbo,good,,,prod,2026-09-03 10:17:58.102855+00:00,2026-09-03 11:00:58.451417+00:00,/nfs/data/sz_34/20260903/episode_20260903_101616_000_331f27a7.npy.mp4
01a066c5-9948-7926-870d-3c4bf9d17bf8,industrial packing,completed,yam,yam_0_61,36.0,huangrongbo,good,,,prod,2026-09-03 10:18:47.412247+00:00,2026-09-03 11:00:58.432385+00:00,/nfs/data/sz_34/20260903/episode_20260903_101701_000_c0ff6d7a.npy.mp4
01a066c6-3d58-7a28-b227-d98a705821d1,industrial packing,completed,yam,yam_0_61,39.9,huangrongbo,good,,,prod,2026-09-03 10:19:31.667955+00:00,2026-09-03 11:00:58.505376+00:00,/nfs/data/sz_34/20260903/episode_20260903_101743_000_b2315d96.npy.mp4
01a066c7-cbc8-758c-b69e-58af532155fc,industrial packing,completed,yam,yam_0_61,35.9,huangrongbo,good,,,prod,2026-09-03 10:21:10.967054+00:00,2026-09-03 11:00:58.224472+00:00,/nfs/data/sz_34/20260903/episode_20260903_101925_000_647bef2f.npy.mp4
01a066c8-6bf0-706a-8940-6879273bbc9b,industrial packing,completed,yam,yam_0_61,33.9,huangrongbo,good,,,prod,2026-09-03 10:21:49.235661+00:00,2026-09-03 11:00:58.105258+00:00,/nfs/data/sz_34/20260903/episode_20260903_102006_000_e6dc3adf.npy.mp4
01a066c9-2770-74b2-a165-6252ce857655,industrial packing,completed,yam,yam_0_61,33.5,huangrongbo,good,,,prod,2026-09-03 10:22:38.496053+00:00,2026-09-03 11:00:58.016676+00:00,/nfs/data/sz_34/20260903/episode_20260903_102054_000_d347e389.npy.mp4
01a066cb-fa18-7cdd-9662-28debc9d032f,industrial packing,completed,yam,yam_0_61,36.3,huangrongbo,good,,,prod,2026-09-03 10:25:43.364418+00:00,2026-09-03 11:00:58.071151+00:00,/nfs/data/sz_34/20260903/episode_20260903_102359_000_c8ab5052.npy.mp4
01a066cc-9e28-7626-b758-58751ffac115,industrial packing,completed,yam,yam_0_61,35.9,huangrongbo,good,,,prod,2026-09-03 10:26:27.783119+00:00,2026-09-03 11:00:57.681902+00:00,/nfs/data/sz_34/20260903/episode_20260903_102441_000_e4178bef.npy.mp4
01a066cd-3e50-78d2-ac55-965b92272af8,industrial packing,completed,yam,yam_0_61,33.2,huangrongbo,good,,,prod,2026-09-03 10:27:06.032603+00:00,2026-09-03 11:00:57.645246+00:00,/nfs/data/sz_34/20260903/episode_20260903_102522_000_d1e5b156.npy.mp4
01a066cf-70d0-7050-8b55-5b14b469861c,industrial packing,completed,yam,yam_0_61,36.8,huangrongbo,good,,,prod,2026-09-03 10:29:30.355489+00:00,2026-09-03 11:00:57.629550+00:00,/nfs/data/sz_34/20260903/episode_20260903_102746_000_8debfb88.npy.mp4
01a066d0-18c8-7866-8c26-0f01561f37bc,industrial packing,completed,yam,yam_0_61,36.5,huangrongbo,good,,,prod,2026-09-03 10:30:14.668682+00:00,2026-09-03 11:00:57.509931+00:00,/nfs/data/sz_34/20260903/episode_20260903_102829_000_94db3ca3.npy.mp4
01a066d0-d448-7638-85a5-f51541aff277,industrial packing,completed,yam,yam_0_61,33.3,huangrongbo,good,,,prod,2026-09-03 10:30:58.919044+00:00,2026-09-03 11:00:57.279601+00:00,/nfs/data/sz_34/20260903/episode_20260903_102917_000_8e5e4bf8.npy.mp4
01a066d2-f340-763b-84fe-60cd03948109,industrial packing,completed,yam,yam_0_61,35.6,huangrongbo,good,,,prod,2026-09-03 10:33:20.248728+00:00,2026-09-03 11:00:57.403358+00:00,/nfs/data/sz_34/20260903/episode_20260903_103136_000_b9eef8f8.npy.mp4
01a066d3-9368-758e-84c2-9c1db12a781e,industrial packing,completed,yam,yam_0_61,37.5,huangrongbo,good,,,prod,2026-09-03 10:34:03.499364+00:00,2026-09-03 11:00:57.317622+00:00,/nfs/data/sz_34/20260903/episode_20260903_103217_000_8b5d0bae.npy.mp4
01a066d4-75f8-73b9-8f35-a852f156b8d6,industrial packing,completed,yam,yam_0_61,31.0,huangrongbo,good,,,prod,2026-09-03 10:34:52.767840+00:00,2026-09-03 11:00:57.029287+00:00,/nfs/data/sz_34/20260903/episode_20260903_103315_000_ff15b868.npy.mp4
01a066d5-0298-7114-9163-6f5f9d9cdad1,industrial packing,completed,yam,yam_0_61,35.3,huangrongbo,good,,,prod,2026-09-03 10:35:36.077751+00:00,2026-09-03 11:00:56.745739+00:00,/nfs/data/sz_34/20260903/episode_20260903_103351_000_64eb8c2b.npy.mp4
01a066d5-aa90-7bd2-bc66-02505889cd88,industrial packing,completed,yam,yam_0_61,29.9,huangrongbo,good,,,prod,2026-09-03 10:36:10.377669+00:00,2026-09-03 11:00:56.588663+00:00,/nfs/data/sz_34/20260903/episode_20260903_103434_000_67296c80.npy.mp4
01a066d8-94a8-79c6-8ec2-b5e9b36cf97c,industrial packing,completed,yam,yam_0_61,27.4,huangrongbo,good,,,prod,2026-09-03 10:39:18.703459+00:00,2026-09-03 11:00:56.382769+00:00,/nfs/data/sz_34/20260903/episode_20260903_103745_000_abdfbc88.npy.mp4
01a066d9-11a8-7c27-bf72-cba52519d4b1,industrial packing,completed,yam,yam_0_61,29.8,huangrongbo,good,,,prod,2026-09-03 10:39:56.996563+00:00,2026-09-03 11:01:23.700499+00:00,/nfs/data/sz_34/20260903/episode_20260903_103817_000_d8d43fa1.npy.mp4
01a066d9-9a60-72e7-b5e0-6ec8267a9e55,industrial packing,completed,yam,yam_0_61,35.5,huangrongbo,good,,,prod,2026-09-03 10:40:36.268834+00:00,2026-09-03 11:02:54.449471+00:00,/nfs/data/sz_34/20260903/episode_20260903_103852_000_71b56fb0.npy.mp4
01a066da-36a0-7d3f-b950-1c4d565a7f71,industrial packing,completed,yam,yam_0_61,29.4,huangrongbo,good,,,prod,2026-09-03 10:41:09.549681+00:00,2026-09-03 11:04:48.732658+00:00,/nfs/data/sz_34/20260903/episode_20260903_103932_000_58e2a90a.npy.mp4
01a066da-c340-7498-98a5-da8f909a556b,industrial packing,completed,yam,yam_0_61,32.3,huangrongbo,good,,,prod,2026-09-03 10:41:47.804930+00:00,2026-09-03 11:06:10.623788+00:00,/nfs/data/sz_34/20260903/episode_20260903_104008_000_041e0be0.npy.mp4
01a066db-ada0-7fef-accb-6e81e057a267,industrial packing,completed,yam,yam_0_61,29.6,huangrongbo,good,,,prod,2026-09-03 10:42:47.056455+00:00,2026-09-03 11:07:58.904305+00:00,/nfs/data/sz_34/20260903/episode_20260903_104108_000_f24f92d5.npy.mp4
01a066dc-3a40-77b2-954b-9fe175e96c47,industrial packing,completed,yam,yam_0_61,33.1,huangrongbo,good,,,prod,2026-09-03 10:43:25.407927+00:00,2026-09-03 11:09:55.870968+00:00,/nfs/data/sz_34/20260903/episode_20260903_104144_000_1990ef04.npy.mp4
01a066dd-3440-7740-ab0a-eb6a03265efd,industrial packing,completed,yam,yam_0_61,28.5,huangrongbo,good,,,prod,2026-09-03 10:44:23.655193+00:00,2026-09-03 11:10:52.806055+00:00,/nfs/data/sz_34/20260903/episode_20260903_104248_000_313f968c.npy.mp4
01a066df-eb90-79a6-b096-3401f0fa59f6,industrial packing,completed,yam,yam_0_61,27.9,huangrongbo,good,,,prod,2026-09-03 10:47:21.979476+00:00,2026-09-03 11:12:09.110854+00:00,/nfs/data/sz_34/20260903/episode_20260903_104546_000_9d6e867a.npy.mp4
01a066e1-4350-7139-9ca5-7459a4f9382c,industrial packing,completed,yam,yam_0_61,29.4,huangrongbo,good,,,prod,2026-09-03 10:48:50.269547+00:00,2026-09-03 11:13:24.304780+00:00,/nfs/data/sz_34/20260903/episode_20260903_104714_000_f8b522df.npy.mp4
01a066e2-5c90-7cba-b6f1-90ce034d7bcf,industrial packing,completed,yam,yam_0_61,30.1,huangrongbo,good,,,prod,2026-09-03 10:50:04.578071+00:00,2026-09-03 11:14:41.442695+00:00,/nfs/data/sz_34/20260903/episode_20260903_104826_000_c3524d67.npy.mp4
01a066e2-ed18-74bd-ab25-8bb61a597e76,industrial packing,completed,yam,yam_0_61,34.0,huangrongbo,good,,,prod,2026-09-03 10:50:47.847864+00:00,2026-09-03 11:16:16.900349+00:00,/nfs/data/sz_34/20260903/episode_20260903_104903_000_d3f51201.npy.mp4
01a066e3-8d40-730f-b5f8-a867810fd57c,industrial packing,completed,yam,yam_0_61,32.5,huangrongbo,good,,,prod,2026-09-03 10:51:27.220392+00:00,2026-09-03 11:17:47.702167+00:00,/nfs/data/sz_34/20260903/episode_20260903_104944_000_c5b2e732.npy.mp4
01a066e4-21b0-7ad3-9ba0-6ebeb90f428a,industrial packing,completed,yam,yam_0_61,33.7,huangrongbo,good,,,prod,2026-09-03 10:52:06.472261+00:00,2026-09-03 11:19:25.588107+00:00,/nfs/data/sz_34/20260903/episode_20260903_105022_000_37d81e96.npy.mp4
01a066e4-c1d8-7d7a-8d4d-264a40a8b79c,industrial packing,completed,yam,yam_0_61,29.5,huangrongbo,good,,,prod,2026-09-03 10:52:39.740563+00:00,2026-09-03 11:20:59.016939+00:00,/nfs/data/sz_34/20260903/episode_20260903_105103_000_8df1bc90.npy.mp4
01a066e5-4a90-7fa3-b484-fc727a82c9ad,industrial packing,completed,yam,yam_0_61,34.2,huangrongbo,good,,,prod,2026-09-03 10:53:19.025614+00:00,2026-09-03 11:22:08.837196+00:00,/nfs/data/sz_34/20260903/episode_20260903_105138_000_c5d4ad43.npy.mp4
01a066e5-e2e8-7498-a301-ef7b8bb86346,industrial packing,completed,yam,yam_0_61,33.7,huangrongbo,good,,,prod,2026-09-03 10:53:57.274564+00:00,2026-09-03 11:23:28.447407+00:00,/nfs/data/sz_34/20260903/episode_20260903_105217_000_3521a878.npy.mp4
01a066e6-8310-7d61-8ce0-2aab52fc7da1,industrial packing,completed,yam,yam_0_61,28.2,huangrongbo,good,,,prod,2026-09-03 10:54:36.545333+00:00,2026-09-03 11:25:10.472392+00:00,/nfs/data/sz_34/20260903/episode_20260903_105258_000_b7a6378e.npy.mp4
01a066e7-03f8-755f-baa0-288001258322,industrial packing,completed,yam,yam_0_61,31.5,huangrongbo,good,,,prod,2026-09-03 10:55:09.802084+00:00,2026-09-03 11:26:41.774639+00:00,/nfs/data/sz_34/20260903/episode_20260903_105331_000_f0cb5e8a.npy.mp4
01a066e7-abf0-742c-9eea-06b0c8d5d5ee,industrial packing,completed,yam,yam_0_61,29.5,huangrongbo,good,,,prod,2026-09-03 10:55:53.088857+00:00,2026-09-03 11:28:08.887261+00:00,/nfs/data/sz_34/20260903/episode_20260903_105414_000_ad6b31e9.npy.mp4
01a066e8-3890-71be-8722-fe198d2f3517,industrial packing,completed,yam,yam_0_61,30.8,huangrongbo,good,,,prod,2026-09-03 10:56:27.381083+00:00,2026-09-03 11:29:40.527381+00:00,/nfs/data/sz_34/20260903/episode_20260903_105450_000_88e8671a.npy.mp4
01a066e8-c148-76e3-9115-4f3baa30d704,industrial packing,completed,yam,yam_0_61,36.3,huangrongbo,good,,,prod,2026-09-03 10:57:11.664273+00:00,2026-09-03 11:31:52.961217+00:00,/nfs/data/sz_34/20260903/episode_20260903_105525_000_844b55cb.npy.mp4
01a066e9-6170-7434-aac6-8221d83d048a,industrial packing,completed,yam,yam_0_61,36.3,huangrongbo,good,,,prod,2026-09-03 10:57:50.922260+00:00,2026-09-03 11:33:25.004777+00:00,/nfs/data/sz_34/20260903/episode_20260903_105606_000_956d2157.npy.mp4
01a066ea-0580-7021-a600-3e99d2950a84,industrial packing,completed,yam,yam_0_61,35.7,huangrongbo,good,,,prod,2026-09-03 10:58:34.184972+00:00,2026-09-03 11:35:00.885151+00:00,/nfs/data/sz_34/20260903/episode_20260903_105648_000_1e4b6b14.npy.mp4
01a066eb-5d40-79fe-88d3-3243b5380389,industrial packing,completed,yam,yam_0_61,26.1,huangrongbo,good,,,prod,2026-09-03 10:59:47.452352+00:00,2026-09-03 11:36:24.415729+00:00,/nfs/data/sz_34/20260903/episode_20260903_105816_000_a283f63c.npy.mp4
01a0680d-c118-7094-b9a9-3dec3b68a745,industrial packing,completed,yam,yam_0_61,22.7,yinli,good,,,prod,2026-09-03 16:16:59.109513+00:00,2026-09-04 01:30:29.718676+00:00,/nfs/data/sz_34/20260903/episode_20260903_161527_000_9f8bfb23.npy.mp4
01a0680e-2a90-7950-b6f1-ea882caaed25,industrial packing,completed,yam,yam_0_61,25.5,yinli,good,,,prod,2026-09-03 16:17:27.428613+00:00,2026-09-04 01:30:29.048165+00:00,/nfs/data/sz_34/20260903/episode_20260903_161554_000_915394a5.npy.mp4
01a0680e-ede0-7a14-9ebc-bba010bbbc62,industrial packing,completed,yam,yam_0_61,25.5,yinli,good,,,prod,2026-09-03 16:18:15.670999+00:00,2026-09-04 01:30:28.876487+00:00,/nfs/data/sz_34/20260903/episode_20260903_161644_000_45972c37.npy.mp4
01a0680f-72b0-712f-9640-bbba2741bab1,industrial packing,completed,yam,yam_0_61,23.8,yinli,good,,,prod,2026-09-03 16:18:48.954117+00:00,2026-09-04 01:30:28.746115+00:00,/nfs/data/sz_34/20260903/episode_20260903_161718_000_72a1bbaf.npy.mp4
01a0680f-e3f8-72b0-af55-1065654df711,industrial packing,completed,yam,yam_0_61,25.1,yinli,good,,,prod,2026-09-03 16:19:22.238300+00:00,2026-09-04 01:30:28.233744+00:00,/nfs/data/sz_34/20260903/episode_20260903_161747_000_e20a3f0f.npy.mp4
01a06810-5928-7004-9f0c-45d6d34dd0ba,industrial packing,completed,yam,yam_0_61,22.6,yinli,good,,,prod,2026-09-03 16:19:44.478358+00:00,2026-09-04 01:30:28.027419+00:00,/nfs/data/sz_34/20260903/episode_20260903_161817_000_f9c8ff72.npy.mp4
01a06811-4388-7a7c-9635-fd2468441919,industrial packing,completed,yam,yam_0_61,28.9,yinli,good,,,prod,2026-09-03 16:20:53.748000+00:00,2026-09-04 01:30:27.803539+00:00,/nfs/data/sz_34/20260903/episode_20260903_161917_000_b51ccdf6.npy.mp4
01a06815-2f70-7571-9bf3-cbf6206ffb06,industrial packing,completed,yam,yam_0_61,21.9,yinli,good,,,prod,2026-09-03 16:25:01.115298+00:00,2026-09-04 01:30:27.189465+00:00,/nfs/data/sz_34/20260903/episode_20260903_162334_000_37b10d9e.npy.mp4
01a06815-b828-7925-a247-b9bef71017c5,industrial packing,completed,yam,yam_0_61,29.1,yinli,good,,,prod,2026-09-03 16:25:44.425649+00:00,2026-09-04 01:30:27.004298+00:00,/nfs/data/sz_34/20260903/episode_20260903_162409_000_e82b9787.npy.mp4
01a0681e-dfe8-7284-9949-8d81d589e30a,industrial packing,completed,yam,yam_0_61,30.8,yinli,good,,,prod,2026-09-03 16:35:49.058765+00:00,2026-09-04 01:30:26.773713+00:00,/nfs/data/sz_34/20260903/episode_20260903_163409_000_b79dfb17.npy.mp4
01a0681f-68a0-7806-8b26-06a5b771c600,industrial packing,completed,yam,yam_0_61,27.4,yinli,good,,,prod,2026-09-03 16:36:17.314387+00:00,2026-09-04 01:30:26.141077+00:00,/nfs/data/sz_34/20260903/episode_20260903_163444_000_663d0748.npy.mp4
01a0681f-e5a0-7b2a-a343-54d7666e2b8f,industrial packing,completed,yam,yam_0_61,34.9,yinli,good,,,prod,2026-09-03 16:37:01.579975+00:00,2026-09-04 01:30:25.923868+00:00,/nfs/data/sz_34/20260903/episode_20260903_163516_000_01cf704a.npy.mp4
01a06820-8d98-7d6d-a965-ce94c40ffc6c,industrial packing,completed,yam,yam_0_61,37.5,yinli,good,,,prod,2026-09-03 16:37:45.862237+00:00,2026-09-04 01:30:25.722469+00:00,/nfs/data/sz_34/20260903/episode_20260903_163559_000_b0af4ec7.npy.mp4
01a06821-3590-7fba-83be-0c5347d70611,industrial packing,completed,yam,yam_0_61,36.1,yinli,good,,,prod,2026-09-03 16:38:25.125613+00:00,2026-09-04 01:30:25.101530+00:00,/nfs/data/sz_34/20260903/episode_20260903_163642_000_4e1c8c42.npy.mp4
01a06821-d5b8-7940-a609-a8ce3651a963,industrial packing,completed,yam,yam_0_61,35.4,yinli,good,,,prod,2026-09-03 16:39:09.393919+00:00,2026-09-04 01:30:24.899610+00:00,/nfs/data/sz_34/20260903/episode_20260903_163723_000_e1d829cf.npy.mp4
01a06822-8d50-7823-8aa5-1dbea725871d,industrial packing,completed,yam,yam_0_61,35.9,yinli,good,,,prod,2026-09-03 16:39:53.678912+00:00,2026-09-04 01:30:24.731012+00:00,/nfs/data/sz_34/20260903/episode_20260903_163810_000_d5e7b816.npy.mp4
01a06823-2d78-71f9-bab9-893acf34b5b3,industrial packing,completed,yam,yam_0_61,37.1,yinli,good,,,prod,2026-09-03 16:40:39.020258+00:00,2026-09-04 01:30:24.054642+00:00,/nfs/data/sz_34/20260903/episode_20260903_163851_000_a319c126.npy.mp4
01a06823-d570-7e8b-9fa8-5c1817f12d95,industrial packing,completed,yam,yam_0_61,34.3,yinli,good,,,prod,2026-09-03 16:41:18.296043+00:00,2026-09-04 01:30:23.890853+00:00,/nfs/data/sz_34/20260903/episode_20260903_163934_000_cbd125da.npy.mp4
01a06824-6dc8-7ae2-955d-bd8fb3195507,industrial packing,completed,yam,yam_0_61,36.7,yinli,good,,,prod,2026-09-03 16:41:57.713086+00:00,2026-09-04 01:30:23.724782+00:00,/nfs/data/sz_34/20260903/episode_20260903_164013_000_57b817a4.npy.mp4
01a06825-11d8-73c1-9612-85e15847ed16,industrial packing,completed,yam,yam_0_61,32.6,yinli,good,,,prod,2026-09-03 16:42:36.979206+00:00,2026-09-04 01:30:23.094167+00:00,/nfs/data/sz_34/20260903/episode_20260903_164055_000_6977b315.npy.mp4
01a06825-a260-7036-a4e0-b304896f40fa,industrial packing,completed,yam,yam_0_61,35.7,yinli,good,,,prod,2026-09-03 16:43:16.226944+00:00,2026-09-04 01:30:22.919588+00:00,/nfs/data/sz_34/20260903/episode_20260903_164132_000_803e6f81.npy.mp4
01a06826-3ea0-7b9e-a85d-6014d4c73add,industrial packing,completed,yam,yam_0_61,34.2,yinli,good,,,prod,2026-09-03 16:43:55.466945+00:00,2026-09-04 01:30:22.771290+00:00,/nfs/data/sz_34/20260903/episode_20260903_164212_000_681e8bf2.npy.mp4
01a06826-d6f8-7c00-9f49-393f1d8a71db,industrial packing,completed,yam,yam_0_61,38.3,yinli,good,,,prod,2026-09-03 16:44:39.861268+00:00,2026-09-04 01:30:22.195162+00:00,/nfs/data/sz_34/20260903/episode_20260903_164251_000_6bb74651.npy.mp4
01a06827-82d8-7fa5-9cec-f1031e35d285,industrial packing,completed,yam,yam_0_61,37.0,yinli,good,,,prod,2026-09-03 16:45:20.123828+00:00,2026-09-04 01:30:21.970078+00:00,/nfs/data/sz_34/20260903/episode_20260903_164335_000_192a389a.npy.mp4
01a06828-3e58-75cd-b28d-39bc22c39c45,industrial packing,completed,yam,yam_0_61,35.7,yinli,good,,,prod,2026-09-03 16:46:09.377792+00:00,2026-09-04 01:30:21.788795+00:00,/nfs/data/sz_34/20260903/episode_20260903_164423_000_be284edc.npy.mp4
01a06828-e650-7dae-9dad-1c1da30f1542,industrial packing,completed,yam,yam_0_61,36.4,yinli,good,,,prod,2026-09-03 16:46:53.668666+00:00,2026-09-04 01:30:21.220930+00:00,/nfs/data/sz_34/20260903/episode_20260903_164506_000_a0163be6.npy.mp4
01a06829-8a60-76e3-a2be-4fb98310aaa1,industrial packing,completed,yam,yam_0_61,33.9,yinli,good,,,prod,2026-09-03 16:47:27.906729+00:00,2026-09-04 01:30:21.002510+00:00,/nfs/data/sz_34/20260903/episode_20260903_164548_000_248a9535.npy.mp4
01a0682b-ebc0-7a0d-843e-60c0e3162eca,industrial packing,completed,yam,yam_0_61,33.8,yinli,good,,,prod,2026-09-03 16:50:07.244773+00:00,2026-09-04 01:30:20.798333+00:00,/nfs/data/sz_34/20260903/episode_20260903_164824_000_9cc7ea6c.npy.mp4
01a0682c-8418-7bda-a45b-c64f11456e08,industrial packing,completed,yam,yam_0_61,31.5,yinli,good,,,prod,2026-09-03 16:50:41.494075+00:00,2026-09-04 01:30:20.254455+00:00,/nfs/data/sz_34/20260903/episode_20260903_164903_000_cfe54f18.npy.mp4
01a0682d-2440-7403-b226-e17e7220a4bf,industrial packing,completed,yam,yam_0_61,31.0,yinli,good,,,prod,2026-09-03 16:51:24.738574+00:00,2026-09-04 01:30:20.075477+00:00,/nfs/data/sz_34/20260903/episode_20260903_164944_000_50203bb5.npy.mp4
01a0682d-c468-756b-bdf3-c97ccf16ba73,industrial packing,completed,yam,yam_0_61,36.5,yinli,good,,,prod,2026-09-03 16:52:08.993867+00:00,2026-09-04 01:30:19.890726+00:00,/nfs/data/sz_34/20260903/episode_20260903_165025_000_6810f7f5.npy.mp4
01a0682e-6490-74aa-a1e7-a654a2b774e7,industrial packing,completed,yam,yam_0_61,30.1,yinli,good,,,prod,2026-09-03 16:52:43.223037+00:00,2026-09-04 01:30:19.737592+00:00,/nfs/data/sz_34/20260903/episode_20260903_165106_000_7b9f86ea.npy.mp4
01a0682e-ed48-7479-8d9c-e08c8fcd3d79,industrial packing,completed,yam,yam_0_61,41.8,yinli,good,,,prod,2026-09-03 16:53:33.464368+00:00,2026-09-04 01:30:19.120674+00:00,/nfs/data/sz_34/20260903/episode_20260903_165141_000_4030fb4d.npy.mp4
01a0682f-a0f8-7f5e-981e-f351a6f367cf,industrial packing,completed,yam,yam_0_61,36.0,yinli,good,,,prod,2026-09-03 16:54:12.762253+00:00,2026-09-04 01:30:18.930743+00:00,/nfs/data/sz_34/20260903/episode_20260903_165227_000_16ebf80e.npy.mp4
01a06830-4120-7770-935c-c3b898cf3f52,industrial packing,completed,yam,yam_0_61,35.6,yinli,good,,,prod,2026-09-03 16:54:52.143752+00:00,2026-09-04 01:30:18.758413+00:00,/nfs/data/sz_34/20260903/episode_20260903_165308_000_c3cccf47.npy.mp4
01a06830-e148-7229-bb72-f4aff376312b,industrial packing,completed,yam,yam_0_61,26.1,yinli,good,,,prod,2026-09-03 16:55:20.388724+00:00,2026-09-04 01:30:18.168373+00:00,/nfs/data/sz_34/20260903/episode_20260903_165349_000_a79de205.npy.mp4
01a06838-24a8-7943-848c-b292eb3dc764,industrial packing,completed,yam,yam_0_61,31.9,yinli,good,,,prod,2026-09-03 17:03:27.888541+00:00,2026-09-04 01:30:17.996842+00:00,/nfs/data/sz_34/20260903/episode_20260903_170145_000_e15cc2d7.npy.mp4
01a06838-b530-7bb1-86f5-ff3276f9e13a,industrial packing,completed,yam,yam_0_61,31.2,yinli,good,,,prod,2026-09-03 17:04:02.145251+00:00,2026-09-04 01:30:17.782860+00:00,/nfs/data/sz_34/20260903/episode_20260903_170222_000_edbbdb35.npy.mp4
01a06839-45b8-7f47-a5aa-ff57109b69a6,industrial packing,completed,yam,yam_0_61,34.2,yinli,good,,,prod,2026-09-03 17:04:41.389818+00:00,2026-09-04 01:30:17.238459+00:00,/nfs/data/sz_34/20260903/episode_20260903_170259_000_04cd8fa8.npy.mp4
01a06839-edb0-7905-8ca4-cbd865a0a1bf,industrial packing,completed,yam,yam_0_61,33.0,yinli,good,,,prod,2026-09-03 17:05:25.651541+00:00,2026-09-04 01:30:17.054794+00:00,/nfs/data/sz_34/20260903/episode_20260903_170342_000_ac9e2f86.npy.mp4
01a0683a-95a8-7204-8a54-e92029cdd0ee,industrial packing,completed,yam,yam_0_61,35.1,yinli,good,,,prod,2026-09-03 17:06:09.903586+00:00,2026-09-04 01:30:16.870498+00:00,/nfs/data/sz_34/20260903/episode_20260903_170425_000_24669cfe.npy.mp4
01a0683b-31e8-7f8a-9a0d-07d0f5807dc0,industrial packing,completed,yam,yam_0_61,35.6,yinli,good,,,prod,2026-09-03 17:06:49.164270+00:00,2026-09-04 01:30:16.723710+00:00,/nfs/data/sz_34/20260903/episode_20260903_170505_000_3182bd79.npy.mp4
01a0683b-d210-7728-b24c-8db9930dd3f8,industrial packing,completed,yam,yam_0_61,33.2,yinli,good,,,prod,2026-09-03 17:07:27.403385+00:00,2026-09-04 01:30:16.147322+00:00,/nfs/data/sz_34/20260903/episode_20260903_170546_000_cc96ec40.npy.mp4
01a0683c-85c0-79b4-976a-a98650fa05d3,industrial packing,completed,yam,yam_0_61,33.8,yinli,good,,,prod,2026-09-03 17:08:17.649439+00:00,2026-09-04 01:30:15.986641+00:00,/nfs/data/sz_34/20260903/episode_20260903_170632_000_f21ec14a.npy.mp4
01a0683d-1e18-7125-818c-536e3c12b153,industrial packing,completed,yam,yam_0_61,35.4,yinli,good,,,prod,2026-09-03 17:08:56.908577+00:00,2026-09-04 01:30:15.830060+00:00,/nfs/data/sz_34/20260903/episode_20260903_170711_000_3ade3bab.npy.mp4
01a0683d-c610-7703-a10e-13ad49a9ecc4,industrial packing,completed,yam,yam_0_61,33.4,yinli,good,,,prod,2026-09-03 17:09:36.197851+00:00,2026-09-04 01:30:15.101893+00:00,/nfs/data/sz_34/20260903/episode_20260903_170754_000_b0e724e4.npy.mp4
01a0683e-5a80-7c41-b4b7-dc00d3d6239c,industrial packing,completed,yam,yam_0_61,31.6,yinli,good,,,prod,2026-09-03 17:10:10.504281+00:00,2026-09-04 01:30:14.951410+00:00,/nfs/data/sz_34/20260903/episode_20260903_170832_000_f78ff758.npy.mp4
01a0683e-faa8-7191-819e-a4ada8204010,industrial packing,completed,yam,yam_0_61,37.0,yinli,good,,,prod,2026-09-03 17:10:59.993554+00:00,2026-09-04 01:30:14.764703+00:00,/nfs/data/sz_34/20260903/episode_20260903_170913_000_3c924faa.npy.mp4
01a0683f-9ad0-7fe6-8632-6ad8d92ab7c5,industrial packing,completed,yam,yam_0_61,35.5,yinli,good,,,prod,2026-09-03 17:11:39.312080+00:00,2026-09-04 01:30:14.245231+00:00,/nfs/data/sz_34/20260903/episode_20260903_170954_000_621988f1.npy.mp4
01a06840-42c8-79dc-a919-31620464fff0,industrial packing,completed,yam,yam_0_61,36.8,yinli,good,,,prod,2026-09-03 17:12:23.568277+00:00,2026-09-04 01:30:14.090535+00:00,/nfs/data/sz_34/20260903/episode_20260903_171037_000_9467fc02.npy.mp4
01a06840-eac0-7f52-8c54-ca1ea33b7de7,industrial packing,completed,yam,yam_0_61,34.5,yinli,good,,,prod,2026-09-03 17:13:02.906242+00:00,2026-09-04 01:30:13.910514+00:00,/nfs/data/sz_34/20260903/episode_20260903_171120_000_383789d4.npy.mp4
01a06841-8700-700d-903f-3ce615f77cb7,industrial packing,completed,yam,yam_0_61,32.0,yinli,good,,,prod,2026-09-03 17:13:42.314013+00:00,2026-09-04 01:30:13.734390+00:00,/nfs/data/sz_34/20260903/episode_20260903_171200_000_2e157dba.npy.mp4
01a06842-1f58-7221-a11c-bb02ec9a7e88,industrial packing,completed,yam,yam_0_61,35.4,yinli,good,,,prod,2026-09-03 17:14:21.582849+00:00,2026-09-04 01:30:12.996633+00:00,/nfs/data/sz_34/20260903/episode_20260903_171239_000_6f8fd715.npy.mp4
01a06842-c368-77a2-870a-b8585cce16b9,industrial packing,completed,yam,yam_0_61,32.4,yinli,good,,,prod,2026-09-03 17:14:59.913022+00:00,2026-09-04 01:30:12.854067+00:00,/nfs/data/sz_34/20260903/episode_20260903_171321_000_9e5fe3d2.npy.mp4
01a06843-5fa8-7165-b731-eadeb279ef8b,industrial packing,completed,yam,yam_0_61,30.4,yinli,good,,,prod,2026-09-03 17:15:39.185626+00:00,2026-09-04 01:30:12.739683+00:00,/nfs/data/sz_34/20260903/episode_20260903_171401_000_c09fd85b.npy.mp4
01a06844-1b28-76d2-bdc3-abb0529648ab,industrial packing,completed,yam,yam_0_61,31.0,yinli,good,,,prod,2026-09-03 17:16:28.479518+00:00,2026-09-04 01:30:11.963047+00:00,/nfs/data/sz_34/20260903/episode_20260903_171449_000_4bf9433a.npy.mp4
01a06844-af98-7931-93a7-8897e7292f28,industrial packing,completed,yam,yam_0_61,31.1,yinli,good,,,prod,2026-09-03 17:17:06.741486+00:00,2026-09-04 01:30:11.781283+00:00,/nfs/data/sz_34/20260903/episode_20260903_171527_000_fac2a981.npy.mp4
01a06845-3c38-755e-84d7-58a2dc34e8d9,industrial packing,completed,yam,yam_0_61,29.5,yinli,good,,,prod,2026-09-03 17:17:41.000975+00:00,2026-09-04 01:30:11.134690+00:00,/nfs/data/sz_34/20260903/episode_20260903_171603_000_2dbff84c.npy.mp4
01a06845-d490-7b3b-946f-6540d49e91d6,industrial packing,completed,yam,yam_0_61,33.3,yinli,good,,,prod,2026-09-03 17:18:25.285698+00:00,2026-09-04 01:30:10.970046+00:00,/nfs/data/sz_34/20260903/episode_20260903_171642_000_feff6ae4.npy.mp4
01a06846-78a0-75ce-8ec5-fef0fbf2007b,industrial packing,completed,yam,yam_0_61,34.5,yinli,good,,,prod,2026-09-03 17:19:09.547025+00:00,2026-09-04 01:30:10.818263+00:00,/nfs/data/sz_34/20260903/episode_20260903_171724_000_20c15373.npy.mp4
01a06847-10f8-7182-bd9e-8ba3505461f0,industrial packing,completed,yam,yam_0_61,30.1,yinli,good,,,prod,2026-09-03 17:19:42.803686+00:00,2026-09-04 01:30:10.214064+00:00,/nfs/data/sz_34/20260903/episode_20260903_171803_000_53019fcf.npy.mp4
01a06847-95c8-729e-adb7-835c721332bf,industrial packing,completed,yam,yam_0_61,26.2,yinli,good,,,prod,2026-09-03 17:20:11.071877+00:00,2026-09-04 01:30:10.018972+00:00,/nfs/data/sz_34/20260903/episode_20260903_171837_000_2e25b24b.npy.mp4
01a06848-d618-732e-82c7-e9b401b16c88,industrial packing,completed,yam,yam_0_61,32.2,yinli,good,,,prod,2026-09-03 17:21:40.361062+00:00,2026-09-04 01:30:09.861313+00:00,/nfs/data/sz_34/20260903/episode_20260903_171959_000_3eca38ca.npy.mp4
01a06849-6e70-7be0-a42b-b57efd5cbc51,industrial packing,completed,yam,yam_0_61,33.6,yinli,good,,,prod,2026-09-03 17:22:19.607470+00:00,2026-09-04 01:30:09.747653+00:00,/nfs/data/sz_34/20260903/episode_20260903_172038_000_824fbc7e.npy.mp4
01a0684a-0ab0-7357-8670-b853cfc6e434,industrial packing,completed,yam,yam_0_61,31.7,yinli,good,,,prod,2026-09-03 17:22:58.867945+00:00,2026-09-04 01:30:09.218784+00:00,/nfs/data/sz_34/20260903/episode_20260903_172118_000_f93bcc6d.npy.mp4
01a0684a-9750-795c-868b-d9ba557207e1,industrial packing,completed,yam,yam_0_61,31.3,yinli,good,,,prod,2026-09-03 17:23:32.124540+00:00,2026-09-04 01:30:09.078414+00:00,/nfs/data/sz_34/20260903/episode_20260903_172154_000_75affcf8.npy.mp4
01a0684b-23f0-7a94-95de-be8d5cc9f83d,industrial packing,completed,yam,yam_0_61,42.0,yinli,good,,,prod,2026-09-03 17:24:22.397420+00:00,2026-09-04 01:30:08.900723+00:00,/nfs/data/sz_34/20260903/episode_20260903_172230_000_29801328.npy.mp4
01a0684b-d7a0-7f62-bcb1-9f02d08d32da,industrial packing,completed,yam,yam_0_61,34.4,yinli,good,,,prod,2026-09-03 17:25:02.670641+00:00,2026-09-04 01:30:08.740727+00:00,/nfs/data/sz_34/20260903/episode_20260903_172316_000_35d5c508.npy.mp4
01a0684c-6ff8-7e95-afd9-13cd8b4c008e,industrial packing,completed,yam,yam_0_61,34.1,yinli,good,,,prod,2026-09-03 17:25:35.913036+00:00,2026-09-04 01:30:08.104064+00:00,/nfs/data/sz_34/20260903/episode_20260903_172355_000_4e7058fa.npy.mp4
01a0684d-0850-7388-8908-96bbdf3f1b6a,industrial packing,completed,yam,yam_0_61,34.0,yinli,good,,,prod,2026-09-03 17:26:15.167634+00:00,2026-09-04 01:30:07.807631+00:00,/nfs/data/sz_34/20260903/episode_20260903_172434_000_2f3a6557.npy.mp4
01a0684d-9cc0-74b6-9054-16d97a158099,industrial packing,completed,yam,yam_0_61,34.7,yinli,good,,,prod,2026-09-03 17:26:54.422882+00:00,2026-09-04 01:30:07.646809+00:00,/nfs/data/sz_34/20260903/episode_20260903_172512_000_fe5df8d0.npy.mp4
01a0684e-3900-7a2a-879e-086495dbfaba,industrial packing,completed,yam,yam_0_61,33.7,yinli,good,,,prod,2026-09-03 17:27:33.684829+00:00,2026-09-04 01:30:07.185015+00:00,/nfs/data/sz_34/20260903/episode_20260903_172552_000_65a657af.npy.mp4
01a0684e-cd70-73ef-8cc3-192f026bcef7,industrial packing,completed,yam,yam_0_61,35.8,yinli,good,,,prod,2026-09-03 17:28:12.936194+00:00,2026-09-04 01:30:07.007512+00:00,/nfs/data/sz_34/20260903/episode_20260903_172630_000_a70e646e.npy.mp4
01a0684f-6d98-7d2c-8e69-2d9aa12f136c,industrial packing,completed,yam,yam_0_61,36.5,yinli,good,,,prod,2026-09-03 17:28:57.205629+00:00,2026-09-04 01:30:07.314958+00:00,/nfs/data/sz_34/20260903/episode_20260903_172711_000_70dd2c1a.npy.mp4
01a06850-2148-73d9-8cf0-6654b4d9f099,industrial packing,completed,yam,yam_0_61,34.0,yinli,good,,,prod,2026-09-03 17:29:42.468486+00:00,2026-09-04 01:30:06.213076+00:00,/nfs/data/sz_34/20260903/episode_20260903_172757_000_7fa9c44d.npy.mp4
01a06850-bd88-7e00-a680-15301691217c,industrial packing,completed,yam,yam_0_61,34.6,yinli,good,,,prod,2026-09-03 17:30:21.726527+00:00,2026-09-04 01:28:58.716298+00:00,/nfs/data/sz_34/20260903/episode_20260903_172837_000_19af678d.npy.mp4
01a06851-55e0-7334-8ea0-ddc5edffba1e,industrial packing,completed,yam,yam_0_61,30.5,yinli,good,,,prod,2026-09-03 17:30:54.979336+00:00,2026-09-04 01:28:58.182666+00:00,/nfs/data/sz_34/20260903/episode_20260903_172916_000_1779358d.npy.mp4
01a06851-ee38-77e4-b3da-0aa9c67a85ac,industrial packing,completed,yam,yam_0_61,34.6,yinli,good,,,prod,2026-09-03 17:31:40.229649+00:00,2026-09-04 01:28:57.967237+00:00,/nfs/data/sz_34/20260903/episode_20260903_172955_000_15cdf151.npy.mp4
01a06852-8690-7976-b358-f2a0077b80e5,industrial packing,completed,yam,yam_0_61,33.4,yinli,good,,,prod,2026-09-03 17:32:14.499334+00:00,2026-09-04 01:28:57.747724+00:00,/nfs/data/sz_34/20260903/episode_20260903_173034_000_8f2e17d7.npy.mp4
01a06853-22d0-72fd-8eef-9fed39e81292,industrial packing,completed,yam,yam_0_61,29.4,yinli,good,,,prod,2026-09-03 17:32:52.754921+00:00,2026-09-04 01:28:57.038313+00:00,/nfs/data/sz_34/20260903/episode_20260903_173114_000_01e2bc0a.npy.mp4
01a06853-a7a0-7199-a7eb-2437ce633cda,industrial packing,completed,yam,yam_0_61,29.3,yinli,good,,,prod,2026-09-03 17:33:27.016026+00:00,2026-09-04 01:28:56.820635+00:00,/nfs/data/sz_34/20260903/episode_20260903_173148_000_8f939f0e.npy.mp4
01a06854-3058-742c-9288-d57720fc0b1f,industrial packing,completed,yam,yam_0_61,34.0,yinli,good,,,prod,2026-09-03 17:34:05.269060+00:00,2026-09-04 01:28:56.139055+00:00,/nfs/data/sz_34/20260903/episode_20260903_173223_000_df3e3201.npy.mp4
01a06855-0b18-7f60-97b9-d23660f7c058,industrial packing,completed,yam,yam_0_61,25.8,yinli,good,,,prod,2026-09-03 17:34:53.517976+00:00,2026-09-04 01:28:55.914214+00:00,/nfs/data/sz_34/20260903/episode_20260903_173319_000_9f3668e7.npy.mp4
01a06855-ab40-7616-9046-15ab9c04ed53,industrial packing,completed,yam,yam_0_61,26.8,yinli,good,,,prod,2026-09-03 17:35:37.777475+00:00,2026-09-04 01:28:55.728063+00:00,/nfs/data/sz_34/20260903/episode_20260903_173400_000_156c58f4.npy.mp4
01a06856-2840-7d8e-8132-80841d5dbe4c,industrial packing,completed,yam,yam_0_61,28.0,yinli,good,,,prod,2026-09-03 17:36:06.021777+00:00,2026-09-04 01:28:55.029921+00:00,/nfs/data/sz_34/20260903/episode_20260903_173432_000_db73e6c3.npy.mp4
01a06856-a540-7ef9-9764-513247d810c2,industrial packing,completed,yam,yam_0_61,23.7,yinli,good,,,prod,2026-09-03 17:36:33.258956+00:00,2026-09-04 01:28:54.784382+00:00,/nfs/data/sz_34/20260903/episode_20260903_173504_000_0a6c6c08.npy.mp4
01a06857-12a0-7f0c-806f-0b3961ddd120,industrial packing,completed,yam,yam_0_61,28.9,yinli,good,,,prod,2026-09-03 17:37:07.502009+00:00,2026-09-04 01:28:54.096551+00:00,/nfs/data/sz_34/20260903/episode_20260903_173532_000_75d3e82c.npy.mp4
01a06857-9770-7ebc-98be-7e22539b779e,industrial packing,completed,yam,yam_0_61,21.3,yinli,good,,,prod,2026-09-03 17:37:34.734938+00:00,2026-09-04 01:28:53.922446+00:00,/nfs/data/sz_34/20260903/episode_20260903_173606_000_e97db33e.npy.mp4
01a06858-6e48-72b2-bd52-8dbb5b1040ba,industrial packing,completed,yam,yam_0_61,25.9,yinli,good,,,prod,2026-09-03 17:38:33.017291+00:00,2026-09-04 01:28:53.724854+00:00,/nfs/data/sz_34/20260903/episode_20260903_173701_000_7476f969.npy.mp4
01a06858-f700-748a-9cf8-a8b1d026f720,industrial packing,completed,yam,yam_0_61,33.3,yinli,good,,,prod,2026-09-03 17:39:17.265268+00:00,2026-09-04 01:28:53.039736+00:00,/nfs/data/sz_34/20260903/episode_20260903_173736_000_82fd1067.npy.mp4
01a06859-b280-7df8-a6af-3dac2729f94b,industrial packing,completed,yam,yam_0_61,33.6,yinli,good,,,prod,2026-09-03 17:40:06.543014+00:00,2026-09-04 01:28:52.823800+00:00,/nfs/data/sz_34/20260903/episode_20260903_173824_000_23b51089.npy.mp4
01a0685a-4ad8-7349-8d32-04e767686a77,industrial packing,completed,yam,yam_0_61,29.7,yinli,good,,,prod,2026-09-03 17:40:40.769578+00:00,2026-09-04 01:28:52.132056+00:00,/nfs/data/sz_34/20260903/episode_20260903_173903_000_2581913a.npy.mp4
01a0685e-5600-7de6-b281-f3f44c99ca2c,industrial packing,completed,yam,yam_0_61,26.7,yinli,good,,,prod,2026-09-03 17:45:05.146650+00:00,2026-09-04 01:28:51.893904+00:00,/nfs/data/sz_34/20260903/episode_20260903_174328_000_68e9b7e8.npy.mp4
01a0685f-2120-714e-940d-a71af47fd607,industrial packing,completed,yam,yam_0_61,30.0,yinli,good,,,prod,2026-09-03 17:45:58.429124+00:00,2026-09-04 01:28:51.746046+00:00,/nfs/data/sz_34/20260903/episode_20260903_174420_000_07d584de.npy.mp4
01a0685f-a208-7aa8-adcf-aa4eaefa709b,industrial packing,completed,yam,yam_0_61,26.5,yinli,good,,,prod,2026-09-03 17:46:26.679800+00:00,2026-09-04 01:28:51.209170+00:00,/nfs/data/sz_34/20260903/episode_20260903_174453_000_76be3c8a.npy.mp4
01a06860-2ea8-72bd-8cea-8cba4c3d571c,industrial packing,completed,yam,yam_0_61,33.6,yinli,good,,,prod,2026-09-03 17:47:11.956513+00:00,2026-09-04 01:28:51.013849+00:00,/nfs/data/sz_34/20260903/episode_20260903_174529_000_458fa9fb.npy.mp4
01a06860-c318-7a2b-a1e8-6ba27ea78236,industrial packing,completed,yam,yam_0_61,33.2,yinli,good,,,prod,2026-09-03 17:47:51.219983+00:00,2026-09-04 01:28:50.804274+00:00,/nfs/data/sz_34/20260903/episode_20260903_174607_000_638d419e.npy.mp4
01a06861-53a0-7aca-8200-de1996384e16,industrial packing,completed,yam,yam_0_61,29.6,yinli,good,,,prod,2026-09-03 17:48:24.459613+00:00,2026-09-04 01:28:50.126863+00:00,/nfs/data/sz_34/20260903/episode_20260903_174644_000_12d6361e.npy.mp4
01a06861-dc58-7017-987d-d9de59afe182,industrial packing,completed,yam,yam_0_61,34.5,yinli,good,,,prod,2026-09-03 17:49:03.711647+00:00,2026-09-04 01:28:49.878057+00:00,/nfs/data/sz_34/20260903/episode_20260903_174719_000_f16141d6.npy.mp4
01a06862-70c8-7a68-9f34-9112b29a8c84,industrial packing,completed,yam,yam_0_61,31.5,yinli,good,,,prod,2026-09-03 17:49:37.939378+00:00,2026-09-04 01:28:49.742860+00:00,/nfs/data/sz_34/20260903/episode_20260903_174757_000_6e38ff6d.npy.mp4
01a06862-f980-709a-be27-084a3269b45a,industrial packing,completed,yam,yam_0_61,50.5,yinli,good,,,prod,2026-09-03 17:50:34.202588+00:00,2026-09-04 01:28:49.063207+00:00,/nfs/data/sz_34/20260903/episode_20260903_174832_000_92255a89.npy.mp4
01a06863-d058-7ab1-bf97-9dfd31f68100,industrial packing,completed,yam,yam_0_61,40.9,yinli,good,,,prod,2026-09-03 17:51:19.516467+00:00,2026-09-04 01:28:48.860305+00:00,/nfs/data/sz_34/20260903/episode_20260903_174927_000_29c1409b.npy.mp4
01a06864-8020-76e4-99f5-22b9c6b5c793,industrial packing,completed,yam,yam_0_61,36.7,yinli,good,,,prod,2026-09-03 17:51:58.847564+00:00,2026-09-04 01:28:48.741573+00:00,/nfs/data/sz_34/20260903/episode_20260903_175012_000_7ebc1fc2.npy.mp4
01a06865-2430-79d3-8cf2-fb50b4df4eff,industrial packing,completed,yam,yam_0_61,39.2,yinli,good,,,prod,2026-09-03 17:52:44.120007+00:00,2026-09-04 01:28:48.206796+00:00,/nfs/data/sz_34/20260903/episode_20260903_175054_000_e78d4538.npy.mp4
01a06865-d010-74a2-964e-94f72eac575b,industrial packing,completed,yam,yam_0_61,36.3,yinli,good,,,prod,2026-09-03 17:53:23.369810+00:00,2026-09-04 01:28:48.023054+00:00,/nfs/data/sz_34/20260903/episode_20260903_175138_000_724c2c2a.npy.mp4
01a06866-7038-7deb-8aa8-11729e0c179b,industrial packing,completed,yam,yam_0_61,35.8,yinli,good,,,prod,2026-09-03 17:54:02.621029+00:00,2026-09-04 01:28:47.885369+00:00,/nfs/data/sz_34/20260903/episode_20260903_175219_000_f68e8667.npy.mp4
01a06867-1060-7fec-b451-fc3f45d37bbc,industrial packing,completed,yam,yam_0_61,41.6,yinli,good,,,prod,2026-09-03 17:54:52.893097+00:00,2026-09-04 01:28:47.739801+00:00,/nfs/data/sz_34/20260903/episode_20260903_175300_000_aa04391d.npy.mp4
01a06867-c028-73a4-89f2-4aaafec7e797,industrial packing,completed,yam,yam_0_61,35.9,yinli,good,,,prod,2026-09-03 17:55:33.161027+00:00,2026-09-04 01:28:47.028286+00:00,/nfs/data/sz_34/20260903/episode_20260903_175345_000_70d6c718.npy.mp4
01a06868-5c68-76bf-8208-f95de129081b,industrial packing,completed,yam,yam_0_61,35.3,yinli,good,,,prod,2026-09-03 17:56:12.563066+00:00,2026-09-04 01:28:46.866815+00:00,/nfs/data/sz_34/20260903/episode_20260903_175425_000_06aa4df7.npy.mp4
01a06868-f8a8-71bd-b89c-35cf798ebe51,industrial packing,completed,yam,yam_0_61,35.5,yinli,good,,,prod,2026-09-03 17:56:51.864132+00:00,2026-09-04 01:28:46.724876+00:00,/nfs/data/sz_34/20260903/episode_20260903_175505_000_b8720732.npy.mp4
01a06869-94e8-78d3-b232-d4c836d9e252,industrial packing,completed,yam,yam_0_61,30.9,yinli,good,,,prod,2026-09-03 17:57:26.093385+00:00,2026-09-04 01:28:46.189453+00:00,/nfs/data/sz_34/20260903/episode_20260903_175545_000_dbb604b0.npy.mp4
01a0686a-2188-7b00-94ea-203d68a34015,industrial packing,completed,yam,yam_0_61,34.0,yinli,good,,,prod,2026-09-03 17:58:05.363739+00:00,2026-09-04 01:28:46.012480+00:00,/nfs/data/sz_34/20260903/episode_20260903_175621_000_f91011d5.npy.mp4
01a0686a-b5f8-7fcc-9356-69b5420ed0f7,industrial packing,completed,yam,yam_0_61,34.5,yinli,good,,,prod,2026-09-03 17:58:44.591960+00:00,2026-09-04 01:28:45.791959+00:00,/nfs/data/sz_34/20260903/episode_20260903_175659_000_22c8591d.npy.mp4
01a0686b-4e50-70a4-98e7-57013eb786e6,industrial packing,completed,yam,yam_0_61,34.7,yinli,good,,,prod,2026-09-03 17:59:18.868004+00:00,2026-09-04 01:28:45.099601+00:00,/nfs/data/sz_34/20260903/episode_20260903_175738_000_573abb3b.npy.mp4
01a0686b-ea90-7adc-bd8e-1763194d86f9,industrial packing,completed,yam,yam_0_61,31.5,yinli,good,,,prod,2026-09-03 17:59:58.123184+00:00,2026-09-04 01:28:44.926869+00:00,/nfs/data/sz_34/20260903/episode_20260903_175818_000_cb94e5fb.npy.mp4
01a0686c-7730-7035-ab2d-41e220ca5246,industrial packing,completed,yam,yam_0_61,29.7,yinli,good,,,prod,2026-09-03 18:00:31.359985+00:00,2026-09-04 01:28:44.722311+00:00,/nfs/data/sz_34/20260903/episode_20260903_175854_000_1a5dbb5a.npy.mp4
01a0686c-fc00-7776-a1f0-352a4e960757,industrial packing,completed,yam,yam_0_61,39.0,yinli,good,,,prod,2026-09-03 18:01:16.639340+00:00,2026-09-04 01:28:44.009275+00:00,/nfs/data/sz_34/20260903/episode_20260903_175928_000_f8603bf7.npy.mp4
01a0686d-a3f8-74c6-8f4d-2c306dad2fe9,industrial packing,completed,yam,yam_0_61,33.1,yinli,good,,,prod,2026-09-03 18:01:49.898855+00:00,2026-09-04 01:28:43.808310+00:00,/nfs/data/sz_34/20260903/episode_20260903_180011_000_04dd8493.npy.mp4
01a0686e-3868-7025-a0ab-3cc91b34406b,industrial packing,completed,yam,yam_0_61,34.1,yinli,good,,,prod,2026-09-03 18:02:29.214891+00:00,2026-09-04 01:28:43.207762+00:00,/nfs/data/sz_34/20260903/episode_20260903_180049_000_0942d3cd.npy.mp4
01a0686e-ccd8-761d-a886-ac71b807bc1c,industrial packing,completed,yam,yam_0_61,37.7,yinli,good,,,prod,2026-09-03 18:03:14.476310+00:00,2026-09-04 01:28:43.007916+00:00,/nfs/data/sz_34/20260903/episode_20260903_180127_000_89bdf59c.npy.mp4
01a0686f-70e8-7179-b9b3-78097591914f,industrial packing,completed,yam,yam_0_61,30.9,yinli,good,,,prod,2026-09-03 18:03:47.743186+00:00,2026-09-04 01:28:42.790578+00:00,/nfs/data/sz_34/20260903/episode_20260903_180209_000_1db12a3e.npy.mp4
01a0686f-fd88-798e-99ae-b71d417951d3,industrial packing,completed,yam,yam_0_61,38.2,yinli,good,,,prod,2026-09-03 18:04:32.996300+00:00,2026-09-04 01:28:42.121622+00:00,/nfs/data/sz_34/20260903/episode_20260903_180245_000_5bdceb05.npy.mp4
01a06870-a580-734f-9dcb-2b428191bf2c,industrial packing,completed,yam,yam_0_61,39.5,yinli,good,,,prod,2026-09-03 18:05:17.262766+00:00,2026-09-04 01:28:41.929347+00:00,/nfs/data/sz_34/20260903/episode_20260903_180328_000_56727f4b.npy.mp4
01a06871-5160-7c07-9cb8-13ac3a9ad82f,industrial packing,completed,yam,yam_0_61,35.2,yinli,good,,,prod,2026-09-03 18:05:56.517501+00:00,2026-09-04 01:28:41.731132+00:00,/nfs/data/sz_34/20260903/episode_20260903_180412_000_bfae83dd.npy.mp4
01a06871-eda0-79f6-ba4f-9770eeba99b0,industrial packing,completed,yam,yam_0_61,34.1,yinli,good,,,prod,2026-09-03 18:06:35.776194+00:00,2026-09-04 01:28:41.136687+00:00,/nfs/data/sz_34/20260903/episode_20260903_180452_000_742da2f8.npy.mp4
01a06872-8210-7178-9357-bdd724482c00,industrial packing,completed,yam,yam_0_61,30.3,yinli,good,,,prod,2026-09-03 18:07:10.075976+00:00,2026-09-04 01:28:40.949522+00:00,/nfs/data/sz_34/20260903/episode_20260903_180530_000_f3160632.npy.mp4
01a06873-0eb0-7c80-b36d-9f788567df34,industrial packing,completed,yam,yam_0_61,34.4,yinli,good,,,prod,2026-09-03 18:07:49.465147+00:00,2026-09-04 01:28:40.746296+00:00,/nfs/data/sz_34/20260903/episode_20260903_180606_000_fc838e2d.npy.mp4
01a06873-b6a8-7b41-8db5-317836036fac,industrial packing,completed,yam,yam_0_61,38.9,yinli,good,,,prod,2026-09-03 18:08:39.758549+00:00,2026-09-04 01:28:40.125858+00:00,/nfs/data/sz_34/20260903/episode_20260903_180649_000_417a9738.npy.mp4
01a06874-5ea0-7758-965c-4e990e4e72ce,industrial packing,completed,yam,yam_0_61,41.9,yinli,good,,,prod,2026-09-03 18:09:25.011401+00:00,2026-09-04 01:28:39.932276+00:00,/nfs/data/sz_34/20260903/episode_20260903_180732_000_86a32e50.npy.mp4
01a06875-1250-789c-b9a6-4196c027cb2b,industrial packing,completed,yam,yam_0_61,41.7,yinli,good,,,prod,2026-09-03 18:10:09.293864+00:00,2026-09-04 01:28:39.740719+00:00,/nfs/data/sz_34/20260903/episode_20260903_180818_000_22626dfd.npy.mp4
01a06875-cdd0-7546-be3c-c4e3c2190e2a,industrial packing,completed,yam,yam_0_61,36.1,yinli,good,,,prod,2026-09-03 18:10:49.562157+00:00,2026-09-04 01:28:39.130192+00:00,/nfs/data/sz_34/20260903/episode_20260903_180906_000_dba9af9c.npy.mp4
01a06876-6a10-779d-8932-9e4d99f2cca7,industrial packing,completed,yam,yam_0_61,42.2,yinli,good,,,prod,2026-09-03 18:11:39.816662+00:00,2026-09-04 01:28:38.972049+00:00,/nfs/data/sz_34/20260903/episode_20260903_180946_000_16caa319.npy.mp4
01a06877-21a8-7889-8c4e-0077f123b796,industrial packing,completed,yam,yam_0_61,35.2,yinli,good,,,prod,2026-09-03 18:12:19.089364+00:00,2026-09-04 01:28:38.755189+00:00,/nfs/data/sz_34/20260903/episode_20260903_181033_000_3d055c31.npy.mp4
01a06877-bde8-7dd6-9f96-6054ace6c45e,industrial packing,completed,yam,yam_0_61,38.8,yinli,good,,,prod,2026-09-03 18:12:59.375060+00:00,2026-09-04 01:28:38.194945+00:00,/nfs/data/sz_34/20260903/episode_20260903_181113_000_3ec523ff.npy.mp4
01a06878-65e0-7d29-ba1e-275ab4bc6a73,industrial packing,completed,yam,yam_0_61,35.4,yinli,good,,,prod,2026-09-03 18:13:38.666025+00:00,2026-09-04 01:28:38.020558+00:00,/nfs/data/sz_34/20260903/episode_20260903_181156_000_697cfc4f.npy.mp4
01a06879-0220-7a0b-8769-2a5ef6b88b23,industrial packing,completed,yam,yam_0_61,39.3,yinli,good,,,prod,2026-09-03 18:14:23.909657+00:00,2026-09-04 01:28:37.748716+00:00,/nfs/data/sz_34/20260903/episode_20260903_181236_000_a27ad34a.npy.mp4
01a06879-aa18-7cd2-90cd-4912f42e8883,industrial packing,completed,yam,yam_0_61,38.2,yinli,good,,,prod,2026-09-03 18:15:08.164583+00:00,2026-09-04 01:28:37.142754+00:00,/nfs/data/sz_34/20260903/episode_20260903_181319_000_0425a354.npy.mp4
01a0687a-4e28-78e3-8e92-f9a52aea8182,industrial packing,completed,yam,yam_0_61,36.3,yinli,good,,,prod,2026-09-03 18:15:48.406585+00:00,2026-09-04 01:28:36.960177+00:00,/nfs/data/sz_34/20260903/episode_20260903_181401_000_500bceac.npy.mp4
01a0687a-ea68-7dd2-9181-406c6afaf433,industrial packing,completed,yam,yam_0_61,37.3,yinli,good,,,prod,2026-09-03 18:16:27.689678+00:00,2026-09-04 01:28:36.742677+00:00,/nfs/data/sz_34/20260903/episode_20260903_181441_000_e0e08f72.npy.mp4
01a0687b-9260-7507-a76a-48e94cababcc,industrial packing,completed,yam,yam_0_61,32.8,yinli,good,,,prod,2026-09-03 18:17:06.958402+00:00,2026-09-04 01:28:36.127692+00:00,/nfs/data/sz_34/20260903/episode_20260903_181524_000_db39b511.npy.mp4
01a0687c-26d0-75a1-8fe9-27967467c619,industrial packing,completed,yam,yam_0_61,36.7,yinli,good,,,prod,2026-09-03 18:17:46.196538+00:00,2026-09-04 01:28:35.916002+00:00,/nfs/data/sz_34/20260903/episode_20260903_181602_000_d9ce46b0.npy.mp4
01a0687c-c6f8-7547-b4ac-24ceaf79695a,industrial packing,completed,yam,yam_0_61,35.6,yinli,good,,,prod,2026-09-03 18:18:25.464542+00:00,2026-09-04 01:28:35.746133+00:00,/nfs/data/sz_34/20260903/episode_20260903_181643_000_5ffa994e.npy.mp4
01a0687d-5f50-7ffe-8710-bd63eca8da4c,industrial packing,completed,yam,yam_0_61,35.0,yinli,good,,,prod,2026-09-03 18:19:04.739076+00:00,2026-09-04 01:28:35.112929+00:00,/nfs/data/sz_34/20260903/episode_20260903_181722_000_18938188.npy.mp4
01a0687d-f7a8-7f60-ac57-de7c27ce2326,industrial packing,completed,yam,yam_0_61,40.4,yinli,good,,,prod,2026-09-03 18:19:49.980784+00:00,2026-09-04 01:28:34.894929+00:00,/nfs/data/sz_34/20260903/episode_20260903_181801_000_bb673227.npy.mp4
01a0687e-a770-7b98-afef-6fea568b47a8,industrial packing,completed,yam,yam_0_61,35.1,yinli,good,,,prod,2026-09-03 18:20:29.241606+00:00,2026-09-04 01:28:34.729402+00:00,/nfs/data/sz_34/20260903/episode_20260903_181846_000_52f012e4.npy.mp4
01a0687f-4798-7d7d-a75b-ded376cb3c87,industrial packing,completed,yam,yam_0_61,39.7,yinli,good,,,prod,2026-09-03 18:21:13.497510+00:00,2026-09-04 01:28:34.124639+00:00,/nfs/data/sz_34/20260903/episode_20260903_181927_000_adca719b.npy.mp4
01a0687f-f378-7cd0-8ef0-57995a7287cc,industrial packing,completed,yam,yam_0_61,37.2,yinli,good,,,prod,2026-09-03 18:21:58.772268+00:00,2026-09-04 01:28:33.918854+00:00,/nfs/data/sz_34/20260903/episode_20260903_182011_000_46399e24.npy.mp4
01a06880-9b70-7ab6-ac05-0228103ffbfd,industrial packing,completed,yam,yam_0_61,38.4,yinli,good,,,prod,2026-09-03 18:22:43.040407+00:00,2026-09-04 01:28:33.719890+00:00,/nfs/data/sz_34/20260903/episode_20260903_182054_000_2e64c185.npy.mp4
01a06881-56f0-78f5-a82e-798f984ac090,industrial packing,completed,yam,yam_0_61,38.9,yinli,good,,,prod,2026-09-03 18:23:27.296439+00:00,2026-09-04 01:28:33.093099+00:00,/nfs/data/sz_34/20260903/episode_20260903_182142_000_cbd7395f.npy.mp4
01a06882-02d0-72c3-8013-294087419bcb,industrial packing,completed,yam,yam_0_61,41.8,yinli,good,,,prod,2026-09-03 18:24:17.579129+00:00,2026-09-04 01:28:32.892502+00:00,/nfs/data/sz_34/20260903/episode_20260903_182226_000_b30b77d3.npy.mp4
01a06882-ba68-7321-8e20-d981417ef223,industrial packing,completed,yam,yam_0_61,43.8,yinli,good,,,prod,2026-09-03 18:25:08.824359+00:00,2026-09-04 01:28:32.720831+00:00,/nfs/data/sz_34/20260903/episode_20260903_182313_000_0e01b44d.npy.mp4
01a06883-75e8-7ddb-acf2-97a0d14ae3aa,industrial packing,completed,yam,yam_0_61,41.7,yinli,good,,,prod,2026-09-03 18:25:53.100400+00:00,2026-09-04 01:28:32.108406+00:00,/nfs/data/sz_34/20260903/episode_20260903_182401_000_f30a8114.npy.mp4
01a06884-3168-7489-984a-0e5be21c88d4,industrial packing,completed,yam,yam_0_61,44.9,yinli,good,,,prod,2026-09-03 18:26:44.369444+00:00,2026-09-04 01:28:31.937150+00:00,/nfs/data/sz_34/20260903/episode_20260903_182449_000_d977698d.npy.mp4
01a06884-fc88-7da6-af92-ceb55d689f82,industrial packing,completed,yam,yam_0_61,35.6,yinli,good,,,prod,2026-09-03 18:27:23.635771+00:00,2026-09-04 01:28:31.745043+00:00,/nfs/data/sz_34/20260903/episode_20260903_182541_000_70652b54.npy.mp4
01a06885-ac50-7345-96b7-12aa977ff7bf,industrial packing,completed,yam,yam_0_61,44.6,yinli,good,,,prod,2026-09-03 18:28:17.912641+00:00,2026-09-04 01:28:31.242360+00:00,/nfs/data/sz_34/20260903/episode_20260903_182626_000_9c5d37fd.npy.mp4
01a06886-6fa0-779c-8890-57a33126b4a7,industrial packing,completed,yam,yam_0_61,39.0,yinli,good,,,prod,2026-09-03 18:29:03.186299+00:00,2026-09-04 01:28:31.043121+00:00,/nfs/data/sz_34/20260903/episode_20260903_182716_000_cd7bc16f.npy.mp4
01a06887-1b80-7f1f-a34d-59fea4a35014,industrial packing,completed,yam,yam_0_61,38.3,yinli,good,,,prod,2026-09-03 18:29:48.460838+00:00,2026-09-04 01:28:30.898159+00:00,/nfs/data/sz_34/20260903/episode_20260903_182800_000_7657510b.npy.mp4
01a06887-bba8-74cd-b170-b353d279c077,industrial packing,completed,yam,yam_0_61,34.2,yinli,good,,,prod,2026-09-03 18:30:22.701948+00:00,2026-09-04 01:28:30.758895+00:00,/nfs/data/sz_34/20260903/episode_20260903_182841_000_3bc8e298.npy.mp4
01a06888-5bd0-7b14-bbb5-26567055cd93,industrial packing,completed,yam,yam_0_61,43.6,yinli,good,,,prod,2026-09-03 18:31:18.001266+00:00,2026-09-04 01:28:30.230701+00:00,/nfs/data/sz_34/20260903/episode_20260903_182922_000_e2b9e08c.npy.mp4
01a06889-2308-78ba-89ad-3b845e62a07e,industrial packing,completed,yam,yam_0_61,36.1,yinli,good,,,prod,2026-09-03 18:31:57.258326+00:00,2026-09-04 01:28:30.063516+00:00,/nfs/data/sz_34/20260903/episode_20260903_183013_000_80fdfe91.npy.mp4
01a0688b-cab8-7666-805f-be5011688eac,industrial packing,completed,yam,yam_0_61,27.2,yinli,good,,,prod,2026-09-03 18:34:40.619007+00:00,2026-09-04 01:28:29.878678+00:00,/nfs/data/sz_34/20260903/episode_20260903_183307_000_3ff24e32.npy.mp4
01a0688c-43d0-7cc5-8a52-b1866edf0137,industrial packing,completed,yam,yam_0_61,41.8,yinli,good,,,prod,2026-09-03 18:35:30.917991+00:00,2026-09-04 01:28:29.764998+00:00,/nfs/data/sz_34/20260903/episode_20260903_183338_000_df1b4c5e.npy.mp4
01a0688d-0720-75db-9d9c-f837410f5cc1,industrial packing,completed,yam,yam_0_61,38.2,yinli,good,,,prod,2026-09-03 18:36:16.215571+00:00,2026-09-04 01:28:29.093934+00:00,/nfs/data/sz_34/20260903/episode_20260903_183428_000_156d49de.npy.mp4
01a0688d-beb8-70d4-a752-8ced0a21e3d2,industrial packing,completed,yam,yam_0_61,37.5,yinli,good,,,prod,2026-09-03 18:37:00.498273+00:00,2026-09-04 01:28:28.904870+00:00,/nfs/data/sz_34/20260903/episode_20260903_183515_000_24b09dbf.npy.mp4
01a0688e-5ee0-72c2-8571-3f5ff2448e6c,industrial packing,completed,yam,yam_0_61,35.1,yinli,good,,,prod,2026-09-03 18:37:39.758794+00:00,2026-09-04 01:28:28.765411+00:00,/nfs/data/sz_34/20260903/episode_20260903_183556_000_05d7c57e.npy.mp4
01a0688e-fb20-70c8-b480-f47f65c5e72d,industrial packing,completed,yam,yam_0_61,34.8,yinli,good,,,prod,2026-09-03 18:38:19.044134+00:00,2026-09-04 01:28:28.247702+00:00,/nfs/data/sz_34/20260903/episode_20260903_183636_000_83dd8555.npy.mp4
01a0688f-8f90-7494-8bac-ed302fbd291f,industrial packing,completed,yam,yam_0_61,38.0,yinli,good,,,prod,2026-09-03 18:38:59.316750+00:00,2026-09-04 01:28:28.080445+00:00,/nfs/data/sz_34/20260903/episode_20260903_183714_000_c4a6a054.npy.mp4
01a06890-2fb8-703d-ac72-18b788efcd20,industrial packing,completed,yam,yam_0_61,30.2,yinli,good,,,prod,2026-09-03 18:39:33.569749+00:00,2026-09-04 01:28:27.885141+00:00,/nfs/data/sz_34/20260903/episode_20260903_183755_000_9dd0e0ad.npy.mp4
01a06890-b488-7abc-af4a-bee92653f63c,industrial packing,completed,yam,yam_0_61,38.3,yinli,good,,,prod,2026-09-03 18:40:17.848449+00:00,2026-09-04 01:28:27.744533+00:00,/nfs/data/sz_34/20260903/episode_20260903_183829_000_71436a67.npy.mp4
01a06891-54b0-76e0-b750-b8f94b027045,industrial packing,completed,yam,yam_0_61,37.5,yinli,good,,,prod,2026-09-03 18:40:58.099178+00:00,2026-09-04 01:28:27.200971+00:00,/nfs/data/sz_34/20260903/episode_20260903_183910_000_7a6b8580.npy.mp4
01a06891-f8c0-7c44-957f-9c7b259bf841,industrial packing,completed,yam,yam_0_61,40.1,yinli,good,,,prod,2026-09-03 18:41:43.359153+00:00,2026-09-04 01:28:27.079612+00:00,/nfs/data/sz_34/20260903/episode_20260903_183952_000_2da243c4.npy.mp4
01a06892-a0b8-7a6a-a996-816162f401a1,industrial packing,completed,yam,yam_0_61,35.9,yinli,good,,,prod,2026-09-03 18:42:22.609232+00:00,2026-09-04 01:28:26.873921+00:00,/nfs/data/sz_34/20260903/episode_20260903_184035_000_27082c48.npy.mp4
01a06893-40e0-79e8-895c-f446a2250c96,industrial packing,completed,yam,yam_0_61,37.7,yinli,good,,,prod,2026-09-03 18:43:02.883905+00:00,2026-09-04 01:28:26.729283+00:00,/nfs/data/sz_34/20260903/episode_20260903_184116_000_e19e1d2b.npy.mp4
01a06893-e108-7130-b40f-e311abf498d9,industrial packing,completed,yam,yam_0_61,37.9,yinli,good,,,prod,2026-09-03 18:43:42.139269+00:00,2026-09-04 01:28:26.186174+00:00,/nfs/data/sz_34/20260903/episode_20260903_184157_000_27c81b19.npy.mp4
01a06894-8518-7714-aafe-d8dcc5685fdb,industrial packing,completed,yam,yam_0_61,34.3,yinli,good,,,prod,2026-09-03 18:44:21.411741+00:00,2026-09-04 01:28:26.059470+00:00,/nfs/data/sz_34/20260903/episode_20260903_184239_000_dce1f4c9.npy.mp4
01a06895-1d70-7c1e-949d-d806622325ba,industrial packing,completed,yam,yam_0_61,35.0,yinli,good,,,prod,2026-09-03 18:45:00.670612+00:00,2026-09-04 01:28:14.790824+00:00,/nfs/data/sz_34/20260903/episode_20260903_184318_000_2a29ab41.npy.mp4
01a06895-b9b0-7fc1-a204-6d9e99ac2bf9,industrial packing,completed,yam,yam_0_61,38.6,yinli,good,,,prod,2026-09-03 18:45:45.934890+00:00,2026-09-04 01:28:14.200454+00:00,/nfs/data/sz_34/20260903/episode_20260903_184358_000_0305758c.npy.mp4
01a06896-5dc0-75f4-be21-f7564b78237d,industrial packing,completed,yam,yam_0_61,35.6,yinli,good,,,prod,2026-09-03 18:46:25.199322+00:00,2026-09-04 01:28:13.979684+00:00,/nfs/data/sz_34/20260903/episode_20260903_184440_000_5fe1d8a3.npy.mp4
01a06897-e078-710c-89d2-de614243a9e7,industrial packing,completed,yam,yam_0_61,35.5,yinli,good,,,prod,2026-09-03 18:48:04.493215+00:00,2026-09-04 01:28:13.782710+00:00,/nfs/data/sz_34/20260903/episode_20260903_184619_000_eb68ccd0.npy.mp4
01a06898-7cb8-73c5-a96c-cb1868844625,industrial packing,completed,yam,yam_0_61,34.8,yinli,good,,,prod,2026-09-03 18:48:44.750350+00:00,2026-09-04 01:28:13.218365+00:00,/nfs/data/sz_34/20260903/episode_20260903_184659_000_340289b2.npy.mp4
01a06899-1510-7a52-89a0-16f50267ad5f,industrial packing,completed,yam,yam_0_61,32.0,yinli,good,,,prod,2026-09-03 18:49:19.009375+00:00,2026-09-04 01:28:13.013888+00:00,/nfs/data/sz_34/20260903/episode_20260903_184738_000_b37e121f.npy.mp4
01a06899-a598-7289-8b00-7a0c81a009d8,industrial packing,completed,yam,yam_0_61,34.1,yinli,good,,,prod,2026-09-03 18:49:58.288206+00:00,2026-09-04 01:28:12.790778+00:00,/nfs/data/sz_34/20260903/episode_20260903_184815_000_1abf320d.npy.mp4
01a0689a-41d8-78e0-8611-044962a96f2d,industrial packing,completed,yam,yam_0_61,34.3,yinli,good,,,prod,2026-09-03 18:50:36.550070+00:00,2026-09-04 01:28:12.180211+00:00,/nfs/data/sz_34/20260903/episode_20260903_184855_000_0b554bd1.npy.mp4
01a0689a-da30-7f9b-9834-4748c0d0f500,industrial packing,completed,yam,yam_0_61,34.4,yinli,good,,,prod,2026-09-03 18:51:15.817858+00:00,2026-09-04 01:28:11.998895+00:00,/nfs/data/sz_34/20260903/episode_20260903_184934_000_7395ffba.npy.mp4
01a0689b-8610-7d5a-a18b-b00db27521c8,industrial packing,completed,yam,yam_0_61,35.7,yinli,good,,,prod,2026-09-03 18:52:01.074770+00:00,2026-09-04 01:28:11.812775+00:00,/nfs/data/sz_34/20260903/episode_20260903_185018_000_36efc9e5.npy.mp4
01a0689c-2638-7e20-a3a6-5559707875da,industrial packing,completed,yam,yam_0_61,34.2,yinli,good,,,prod,2026-09-03 18:52:45.323369+00:00,2026-09-04 01:28:11.233158+00:00,/nfs/data/sz_34/20260903/episode_20260903_185059_000_239fda58.npy.mp4
01a0689c-c660-7a3c-b4fa-51e3614015cd,industrial packing,completed,yam,yam_0_61,35.6,yinli,good,,,prod,2026-09-03 18:53:24.581065+00:00,2026-09-04 01:28:11.046270+00:00,/nfs/data/sz_34/20260903/episode_20260903_185140_000_4bd9e3ff.npy.mp4
01a0689d-62a0-7731-97f7-ab0464e626a6,industrial packing,completed,yam,yam_0_61,37.2,yinli,good,,,prod,2026-09-03 18:54:08.834006+00:00,2026-09-04 01:28:10.874488+00:00,/nfs/data/sz_34/20260903/episode_20260903_185220_000_6506fc38.npy.mp4
01a0689e-0e80-73b9-8bf9-0d63de4875df,industrial packing,completed,yam,yam_0_61,31.1,yinli,good,,,prod,2026-09-03 18:54:43.131056+00:00,2026-09-04 01:28:10.735606+00:00,/nfs/data/sz_34/20260903/episode_20260903_185304_000_1d9b2e71.npy.mp4
01a0689e-a6d8-70e1-9da1-4373bded6fe6,industrial packing,completed,yam,yam_0_61,38.4,yinli,good,,,prod,2026-09-03 18:55:33.392624+00:00,2026-09-04 01:28:10.082512+00:00,/nfs/data/sz_34/20260903/episode_20260903_185343_000_04073400.npy.mp4
01a0689f-4ed0-7c8d-8e54-2eaaa9b34e5a,industrial packing,completed,yam,yam_0_61,33.7,yinli,good,,,prod,2026-09-03 18:56:07.658031+00:00,2026-09-04 01:28:09.901199+00:00,/nfs/data/sz_34/20260903/episode_20260903_185426_000_de261e78.npy.mp4
01a0689f-e340-7920-b698-7b7e5f49c64e,industrial packing,completed,yam,yam_0_61,36.3,yinli,good,,,prod,2026-09-03 18:56:51.932914+00:00,2026-09-04 01:28:09.732414+00:00,/nfs/data/sz_34/20260903/episode_20260903_185504_000_54bcaab2.npy.mp4
01a068a0-8368-796c-b1f4-e5977c428dca,industrial packing,completed,yam,yam_0_61,36.9,yinli,good,,,prod,2026-09-03 18:57:31.186997+00:00,2026-09-04 01:28:09.108901+00:00,/nfs/data/sz_34/20260903/episode_20260903_185545_000_5843f3d2.npy.mp4
01a068a1-4aa0-79c7-a21c-ee624b55afde,industrial packing,completed,yam,yam_0_61,30.5,yinli,good,,,prod,2026-09-03 18:58:15.456653+00:00,2026-09-04 01:28:08.880328+00:00,/nfs/data/sz_34/20260903/episode_20260903_185636_000_92732b0b.npy.mp4
01a068a1-cb88-7bda-8477-7ca17a8b8b5d,industrial packing,completed,yam,yam_0_61,37.9,yinli,good,,,prod,2026-09-03 18:58:54.730252+00:00,2026-09-04 01:28:08.715664+00:00,/nfs/data/sz_34/20260903/episode_20260903_185709_000_1225093b.npy.mp4
01a068a2-6f98-7b1e-a6f0-58fee68b5528,industrial packing,completed,yam,yam_0_61,46.7,yinli,good,,,prod,2026-09-03 18:59:51.443172+00:00,2026-09-04 01:28:08.110131+00:00,/nfs/data/sz_34/20260903/episode_20260903_185751_000_3d4be6ca.npy.mp4
01a068a3-36d0-7ab2-82d1-8746baeafc2d,industrial packing,completed,yam,yam_0_61,34.3,yinli,good,,,prod,2026-09-03 19:00:24.721385+00:00,2026-09-04 01:28:07.914953+00:00,/nfs/data/sz_34/20260903/episode_20260903_185842_000_2be7153b.npy.mp4
01a068a3-cf28-7d70-a315-3f0d0d4a33b6,industrial packing,completed,yam,yam_0_61,38.2,yinli,good,,,prod,2026-09-03 19:01:10.027858+00:00,2026-09-04 01:28:07.725611+00:00,/nfs/data/sz_34/20260903/episode_20260903_185921_000_eba8f50e.npy.mp4
01a068a4-7338-74ff-a070-91a51188de7d,industrial packing,completed,yam,yam_0_61,40.3,yinli,good,,,prod,2026-09-03 19:01:55.329071+00:00,2026-09-04 01:28:07.137555+00:00,/nfs/data/sz_34/20260903/episode_20260903_190003_000_5a967bd1.npy.mp4
01a068a5-2300-7dc4-9506-0b931ea3cb72,industrial packing,completed,yam,yam_0_61,37.5,yinli,good,,,prod,2026-09-03 19:02:34.630719+00:00,2026-09-04 01:28:06.940789+00:00,/nfs/data/sz_34/20260903/episode_20260903_190048_000_f5d6905b.npy.mp4
01a068a5-c328-7ea5-8c10-4a4f0122b5e0,industrial packing,completed,yam,yam_0_61,38.2,yinli,good,,,prod,2026-09-03 19:03:15.020175+00:00,2026-09-04 01:28:06.729163+00:00,/nfs/data/sz_34/20260903/episode_20260903_190129_000_f46f66f8.npy.mp4
01a068a6-6f08-715f-93db-3b9d0dfa0ce5,industrial packing,completed,yam,yam_0_61,36.8,yinli,good,,,prod,2026-09-03 19:03:59.297383+00:00,2026-09-04 01:28:06.145272+00:00,/nfs/data/sz_34/20260903/episode_20260903_190213_000_388f2b0a.npy.mp4
01a068a7-0b48-75c3-b18c-a3ac812df61a,industrial packing,completed,yam,yam_0_61,34.8,yinli,good,,,prod,2026-09-03 19:04:38.551659+00:00,2026-09-04 01:28:05.950665+00:00,/nfs/data/sz_34/20260903/episode_20260903_190253_000_1a024b71.npy.mp4
01a068a7-a3a0-7004-8f46-708f4b1e8277,industrial packing,completed,yam,yam_0_61,36.9,yinli,good,,,prod,2026-09-03 19:05:18.809336+00:00,2026-09-04 01:28:05.764969+00:00,/nfs/data/sz_34/20260903/episode_20260903_190332_000_71447b32.npy.mp4
01a068a8-47b0-78f5-8d82-1f6b86264f5d,industrial packing,completed,yam,yam_0_61,41.1,yinli,good,,,prod,2026-09-03 19:06:03.084861+00:00,2026-09-04 01:28:05.212374+00:00,/nfs/data/sz_34/20260903/episode_20260903_190414_000_4f81a38b.npy.mp4
01a068a8-fb60-7f18-b2e6-bff6eb077c0c,industrial packing,completed,yam,yam_0_61,40.8,yinli,good,,,prod,2026-09-03 19:06:48.340560+00:00,2026-09-04 01:28:05.066015+00:00,/nfs/data/sz_34/20260903/episode_20260903_190500_000_dfeede9f.npy.mp4
01a068a9-a740-7462-b784-2fef24d117a4,industrial packing,completed,yam,yam_0_61,33.0,yinli,good,,,prod,2026-09-03 19:07:27.602377+00:00,2026-09-04 01:28:04.868278+00:00,/nfs/data/sz_34/20260903/episode_20260903_190544_000_e42a3f2b.npy.mp4
01a068aa-37c8-75b4-9e30-c3a066006d28,industrial packing,completed,yam,yam_0_61,43.5,yinli,good,,,prod,2026-09-03 19:08:12.888158+00:00,2026-09-04 01:28:05.100541+00:00,/nfs/data/sz_34/20260903/episode_20260903_190621_000_e25e3d03.npy.mp4
01a068aa-ef60-743e-ba04-5856489d466a,industrial packing,completed,yam,yam_0_61,64.7,yinli,good,,,prod,2026-09-03 19:09:25.186788+00:00,2026-09-04 01:28:04.075153+00:00,/nfs/data/sz_34/20260903/episode_20260903_190708_000_d40a53fe.npy.mp4
01a068ac-08a0-72e4-b9e7-8001ab5e81ff,industrial packing,completed,yam,yam_0_61,32.4,yinli,good,,,prod,2026-09-03 19:09:59.470090+00:00,2026-09-04 01:28:03.899845+00:00,/nfs/data/sz_34/20260903/episode_20260903_190820_000_8071540c.npy.mp4
01a068ac-c038-7241-9256-666a89380b2f,industrial packing,completed,yam,yam_0_61,32.8,yinli,good,,,prod,2026-09-03 19:10:48.742912+00:00,2026-09-04 01:28:03.733251+00:00,/nfs/data/sz_34/20260903/episode_20260903_190907_000_a6d6d828.npy.mp4
01a068ad-50c0-73cb-8028-f2b563645a44,industrial packing,completed,yam,yam_0_61,39.3,yinli,good,,,prod,2026-09-03 19:11:34.071137+00:00,2026-09-04 01:28:03.152989+00:00,/nfs/data/sz_34/20260903/episode_20260903_190944_000_c55149be.npy.mp4
01a068ad-fca0-720e-bbdb-c55fa8d879f1,industrial packing,completed,yam,yam_0_61,39.5,yinli,good,,,prod,2026-09-03 19:12:18.324776+00:00,2026-09-04 01:28:02.938804+00:00,/nfs/data/sz_34/20260903/episode_20260903_191028_000_553a16e7.npy.mp4
01a068ae-a498-702f-81dc-dd724903806c,industrial packing,completed,yam,yam_0_61,41.7,yinli,good,,,prod,2026-09-03 19:13:03.613548+00:00,2026-09-04 01:28:02.762962+00:00,/nfs/data/sz_34/20260903/episode_20260903_191111_000_558cbe14.npy.mp4
01a068af-5848-73f3-ad62-090c223c2f88,industrial packing,completed,yam,yam_0_61,43.2,yinli,good,,,prod,2026-09-03 19:13:48.958481+00:00,2026-09-04 01:28:02.184742+00:00,/nfs/data/sz_34/20260903/episode_20260903_191157_000_101b7e58.npy.mp4
01a068b0-1b98-77aa-a6fb-e2f6e273979a,industrial packing,completed,yam,yam_0_61,36.5,yinli,good,,,prod,2026-09-03 19:14:33.242935+00:00,2026-09-04 01:28:01.997728+00:00,/nfs/data/sz_34/20260903/episode_20260903_191247_000_791b8ff9.npy.mp4
01a068b0-bbc0-76bf-aaa4-2fbc8bcbb6a0,industrial packing,completed,yam,yam_0_61,38.2,yinli,good,,,prod,2026-09-03 19:15:18.540473+00:00,2026-09-04 01:28:01.763873+00:00,/nfs/data/sz_34/20260903/episode_20260903_191328_000_b5b4bf14.npy.mp4
01a068b1-5fd0-704a-b15f-26abcacea2bb,industrial packing,completed,yam,yam_0_61,37.6,yinli,good,,,prod,2026-09-03 19:15:57.828243+00:00,2026-09-04 01:28:01.235605+00:00,/nfs/data/sz_34/20260903/episode_20260903_191410_000_298ec0f4.npy.mp4
01a068b1-fff8-72ab-92e3-6e3818de87f4,industrial packing,completed,yam,yam_0_61,37.4,yinli,good,,,prod,2026-09-03 19:16:38.089536+00:00,2026-09-04 01:28:01.072367+00:00,/nfs/data/sz_34/20260903/episode_20260903_191451_000_b2d0d80c.npy.mp4
01a068b2-a020-74cd-a2b9-c62eb9a01ed8,industrial packing,completed,yam,yam_0_61,37.7,yinli,good,,,prod,2026-09-03 19:17:17.331486+00:00,2026-09-04 01:28:00.866042+00:00,/nfs/data/sz_34/20260903/episode_20260903_191532_000_1d4a2fc3.npy.mp4
01a068b3-4430-7806-a14b-44ff55e4aa21,industrial packing,completed,yam,yam_0_61,40.1,yinli,good,,,prod,2026-09-03 19:18:02.606620+00:00,2026-09-04 01:28:00.711813+00:00,/nfs/data/sz_34/20260903/episode_20260903_191614_000_083966c7.npy.mp4
01a068b3-f010-72d0-90b4-daaea1852d40,industrial packing,completed,yam,yam_0_61,41.0,yinli,good,,,prod,2026-09-03 19:18:46.856735+00:00,2026-09-04 01:28:00.132188+00:00,/nfs/data/sz_34/20260903/episode_20260903_191658_000_bf3ce3cd.npy.mp4
01a068b4-af78-7649-b495-ff616410ad5f,industrial packing,completed,yam,yam_0_61,34.3,yinli,good,,,prod,2026-09-03 19:19:31.134890+00:00,2026-09-04 01:27:59.969478+00:00,/nfs/data/sz_34/20260903/episode_20260903_191747_000_53150543.npy.mp4
01a068b5-47d0-7994-84e0-d37e1198c405,industrial packing,completed,yam,yam_0_61,36.5,yinli,good,,,prod,2026-09-03 19:20:11.462063+00:00,2026-09-04 01:27:59.763306+00:00,/nfs/data/sz_34/20260903/episode_20260903_191826_000_6b8a7b9b.npy.mp4
01a068b5-e410-7134-ad63-fbfb8b7bd46b,industrial packing,completed,yam,yam_0_61,33.5,yinli,good,,,prod,2026-09-03 19:20:50.819000+00:00,2026-09-04 01:27:59.234306+00:00,/nfs/data/sz_34/20260903/episode_20260903_191906_000_8a346da1.npy.mp4
01a068b6-7498-7726-9315-29652be3a061,industrial packing,completed,yam,yam_0_61,34.4,yinli,good,,,prod,2026-09-03 19:21:25.110004+00:00,2026-09-04 01:27:59.087185+00:00,/nfs/data/sz_34/20260903/episode_20260903_191943_000_bf2b0942.npy.mp4
01a068b7-0908-753c-8cc2-eab6ee6fc9cb,industrial packing,completed,yam,yam_0_61,33.5,yinli,good,,,prod,2026-09-03 19:22:04.379926+00:00,2026-09-04 01:27:58.909937+00:00,/nfs/data/sz_34/20260903/episode_20260903_192021_000_3d51c6b0.npy.mp4
01a068b7-9990-780e-9b8d-87be39b9e5ed,industrial packing,completed,yam,yam_0_61,39.3,yinli,good,,,prod,2026-09-03 19:22:48.643592+00:00,2026-09-04 01:27:58.728563+00:00,/nfs/data/sz_34/20260903/episode_20260903_192058_000_d115cf22.npy.mp4
01a068bb-2ba0-789b-8f1c-3df6897aea9e,industrial packing,completed,yam,yam_0_61,37.9,yinli,good,,,prod,2026-09-03 19:26:39.076787+00:00,2026-09-04 01:27:58.229421+00:00,/nfs/data/sz_34/20260903/episode_20260903_192452_000_647b5ed0.npy.mp4
01a068bb-cbc8-7272-898b-1a2149b182a2,industrial packing,completed,yam,yam_0_61,30.7,yinli,good,,,prod,2026-09-03 19:27:13.339562+00:00,2026-09-04 01:27:58.018867+00:00,/nfs/data/sz_34/20260903/episode_20260903_192533_000_6d18c969.npy.mp4
01a068bc-5480-7d07-9625-48f373ba1d48,industrial packing,completed,yam,yam_0_61,29.7,yinli,good,,,prod,2026-09-03 19:27:46.592272+00:00,2026-09-04 01:27:57.843496+00:00,/nfs/data/sz_34/20260903/episode_20260903_192608_000_4e5184d5.npy.mp4
01a068bc-d568-76a0-92fb-f3da60afdb0c,industrial packing,completed,yam,yam_0_61,31.4,yinli,good,,,prod,2026-09-03 19:28:20.855944+00:00,2026-09-04 01:27:57.728014+00:00,/nfs/data/sz_34/20260903/episode_20260903_192641_000_7d2483f7.npy.mp4
01a068bd-5e20-78eb-93ca-5ca050f6b089,industrial packing,completed,yam,yam_0_61,32.7,yinli,good,,,prod,2026-09-03 19:28:55.136643+00:00,2026-09-04 01:27:57.128718+00:00,/nfs/data/sz_34/20260903/episode_20260903_192716_000_50f6766c.npy.mp4
01a068bd-eac0-798e-a0ad-efee2a740054,industrial packing,completed,yam,yam_0_61,30.6,yinli,good,,,prod,2026-09-03 19:29:29.416310+00:00,2026-09-04 01:27:56.938840+00:00,/nfs/data/sz_34/20260903/episode_20260903_192752_000_115e4785.npy.mp4
01a068be-8318-7af9-b54a-302cfb2a5cf6,industrial packing,completed,yam,yam_0_61,32.6,yinli,good,,,prod,2026-09-03 19:30:13.679185+00:00,2026-09-04 01:27:56.736783+00:00,/nfs/data/sz_34/20260903/episode_20260903_192831_000_7aff28b8.npy.mp4
01a068bf-13a0-7eb5-b161-6679c52e87b2,industrial packing,completed,yam,yam_0_61,31.6,yinli,good,,,prod,2026-09-03 19:30:47.926419+00:00,2026-09-04 01:27:56.097680+00:00,/nfs/data/sz_34/20260903/episode_20260903_192908_000_2808d137.npy.mp4
01a068bf-9c58-727c-8021-94ffef73d33d,industrial packing,completed,yam,yam_0_61,32.3,yinli,good,,,prod,2026-09-03 19:31:26.225397+00:00,2026-09-04 01:27:55.744050+00:00,/nfs/data/sz_34/20260903/episode_20260903_192943_000_48077c8f.npy.mp4
01a068c0-2ce0-7ed4-9f87-9451c99da304,industrial packing,completed,yam,yam_0_61,34.5,yinli,good,,,prod,2026-09-03 19:32:00.486001+00:00,2026-09-04 01:27:55.160134+00:00,/nfs/data/sz_34/20260903/episode_20260903_193020_000_ff555e7c.npy.mp4
01a068c0-bd68-75d5-93e6-1e67ef35f905,industrial packing,completed,yam,yam_0_61,36.7,yinli,good,,,prod,2026-09-03 19:32:45.773453+00:00,2026-09-04 01:27:54.962395+00:00,/nfs/data/sz_34/20260903/episode_20260903_193057_000_29d61c1d.npy.mp4
01a068c1-5d90-7904-b14d-4b5d32b03d4d,industrial packing,completed,yam,yam_0_61,36.6,yinli,good,,,prod,2026-09-03 19:33:25.047044+00:00,2026-09-04 01:27:54.756839+00:00,/nfs/data/sz_34/20260903/episode_20260903_193138_000_3104067f.npy.mp4
01a068c1-fdb8-7749-999a-dba9697a0373,industrial packing,completed,yam,yam_0_61,31.9,yinli,good,,,prod,2026-09-03 19:33:59.351352+00:00,2026-09-04 01:27:54.136180+00:00,/nfs/data/sz_34/20260903/episode_20260903_193219_000_02936f87.npy.mp4
01a068c2-a1c8-7406-a3ec-289f64e5b9e4,industrial packing,completed,yam,yam_0_61,33.3,yinli,good,,,prod,2026-09-03 19:34:45.663228+00:00,2026-09-04 01:27:53.914071+00:00,/nfs/data/sz_34/20260903/episode_20260903_193301_000_0e9050e1.npy.mp4
01a068c3-3638-7ee1-9322-e313484663ff,industrial packing,completed,yam,yam_0_61,34.7,yinli,good,,,prod,2026-09-03 19:35:23.159870+00:00,2026-09-04 01:27:53.732826+00:00,/nfs/data/sz_34/20260903/episode_20260903_193339_000_f36830d5.npy.mp4
01a068c3-c6c0-79a4-a4fc-d91541bd87ba,industrial packing,completed,yam,yam_0_61,33.1,yinli,good,,,prod,2026-09-03 19:35:57.501262+00:00,2026-09-04 01:27:53.080609+00:00,/nfs/data/sz_34/20260903/episode_20260903_193416_000_b09e9559.npy.mp4
01a068c4-5748-72c4-bed9-5ce1aa4c6b87,industrial packing,completed,yam,yam_0_61,32.3,yinli,good,,,prod,2026-09-03 19:36:36.761569+00:00,2026-09-04 01:27:52.877524+00:00,/nfs/data/sz_34/20260903/episode_20260903_193453_000_25629daf.npy.mp4
01a068c4-e3e8-7ff8-be5d-fc0e1f559b6c,industrial packing,completed,yam,yam_0_61,36.1,yinli,good,,,prod,2026-09-03 19:37:16.025986+00:00,2026-09-04 01:27:52.745943+00:00,/nfs/data/sz_34/20260903/episode_20260903_193529_000_ae2baa52.npy.mp4
01a068c5-7c40-7ab3-9ddd-130e376ae948,industrial packing,completed,yam,yam_0_61,40.1,yinli,good,,,prod,2026-09-03 19:37:56.283221+00:00,2026-09-04 01:27:52.231759+00:00,/nfs/data/sz_34/20260903/episode_20260903_193608_000_c6fbfad0.npy.mp4
01a068c6-2820-7d2e-a173-263e01ea8dd7,industrial packing,completed,yam,yam_0_61,34.6,yinli,good,,,prod,2026-09-03 19:38:35.527396+00:00,2026-09-04 01:27:52.022644+00:00,/nfs/data/sz_34/20260903/episode_20260903_193652_000_829593cf.npy.mp4
01a068c6-bc90-78e5-a975-29e8bc76e35e,industrial packing,completed,yam,yam_0_61,35.7,yinli,good,,,prod,2026-09-03 19:39:14.811051+00:00,2026-09-04 01:27:51.809984+00:00,/nfs/data/sz_34/20260903/episode_20260903_193730_000_668d0620.npy.mp4
01a068c7-54e8-7ea8-836b-b6cd35469fba,industrial packing,completed,yam,yam_0_61,33.3,yinli,good,,,prod,2026-09-03 19:39:49.097407+00:00,2026-09-04 01:27:51.200288+00:00,/nfs/data/sz_34/20260903/episode_20260903_193809_000_41db63be.npy.mp4
01a068c7-e570-71a2-bc74-397b733785ec,industrial packing,completed,yam,yam_0_61,42.2,yinli,good,,,prod,2026-09-03 19:40:39.366878+00:00,2026-09-04 01:27:50.978300+00:00,/nfs/data/sz_34/20260903/episode_20260903_193846_000_2c8ef462.npy.mp4
01a068c8-a0f0-74da-9b73-fd3c712c5898,industrial packing,completed,yam,yam_0_61,37.3,yinli,good,,,prod,2026-09-03 19:41:18.632414+00:00,2026-09-04 01:27:50.776553+00:00,/nfs/data/sz_34/20260903/episode_20260903_193934_000_ca4c5eb3.npy.mp4
01a068c9-4118-7912-8f84-639518c186da,industrial packing,completed,yam,yam_0_61,40.3,yinli,good,,,prod,2026-09-03 19:42:03.892695+00:00,2026-09-04 01:27:50.717478+00:00,/nfs/data/sz_34/20260903/episode_20260903_194015_000_e21a0233.npy.mp4
01a068c9-e910-7db1-a8f3-2babbcc80e0b,industrial packing,completed,yam,yam_0_61,35.4,yinli,good,,,prod,2026-09-03 19:42:43.174404+00:00,2026-09-04 01:27:50.147534+00:00,/nfs/data/sz_34/20260903/episode_20260903_194058_000_c36826c9.npy.mp4
01a068ca-8550-7650-bba5-1a1e5974c430,industrial packing,completed,yam,yam_0_61,35.4,yinli,good,,,prod,2026-09-03 19:43:22.428333+00:00,2026-09-04 01:27:49.925247+00:00,/nfs/data/sz_34/20260903/episode_20260903_194138_000_362367b8.npy.mp4
01a068cb-1da8-718c-89b4-2000fbfb493f,industrial packing,completed,yam,yam_0_61,35.5,yinli,good,,,prod,2026-09-03 19:44:02.704413+00:00,2026-09-04 01:27:49.750283+00:00,/nfs/data/sz_34/20260903/episode_20260903_194217_000_bcb3dcdf.npy.mp4
01a068cb-b600-7c65-85e6-a07cc1c28079,industrial packing,completed,yam,yam_0_61,38.5,yinli,good,,,prod,2026-09-03 19:44:42.013192+00:00,2026-09-04 01:27:49.132357+00:00,/nfs/data/sz_34/20260903/episode_20260903_194256_000_3c11fe87.npy.mp4
01a068cc-69b0-74c3-ab36-9f7e51199857,industrial packing,completed,yam,yam_0_61,36.7,yinli,good,,,prod,2026-09-03 19:45:26.295271+00:00,2026-09-04 01:27:48.963414+00:00,/nfs/data/sz_34/20260903/episode_20260903_194342_000_c39a1efa.npy.mp4
01a068cd-09d8-7e6b-9ae4-b9ca03718892,industrial packing,completed,yam,yam_0_61,38.4,yinli,good,,,prod,2026-09-03 19:46:11.559510+00:00,2026-09-04 01:27:48.769917+00:00,/nfs/data/sz_34/20260903/episode_20260903_194423_000_5c4aa1c8.npy.mp4
01a068cd-c170-792d-8d64-66273c1a4e72,industrial packing,completed,yam,yam_0_61,37.2,yinli,good,,,prod,2026-09-03 19:46:55.821137+00:00,2026-09-04 01:27:48.148260+00:00,/nfs/data/sz_34/20260903/episode_20260903_194510_000_89b90514.npy.mp4
01a068ce-6580-78ea-829f-bf0da86b2d02,industrial packing,completed,yam,yam_0_61,37.6,yinli,good,,,prod,2026-09-03 19:47:41.079665+00:00,2026-09-04 01:27:47.921466+00:00,/nfs/data/sz_34/20260903/episode_20260903_194552_000_657ed790.npy.mp4
01a068cf-05a8-7e00-8c74-7223b2db5fb2,industrial packing,completed,yam,yam_0_61,37.4,yinli,good,,,prod,2026-09-03 19:48:20.348481+00:00,2026-09-04 01:27:47.751156+00:00,/nfs/data/sz_34/20260903/episode_20260903_194633_000_78f05ecd.npy.mp4
01a068cf-a5d0-7cec-896b-7bc5a4ffce07,industrial packing,completed,yam,yam_0_61,37.3,yinli,good,,,prod,2026-09-03 19:49:00.641951+00:00,2026-09-04 01:27:47.158035+00:00,/nfs/data/sz_34/20260903/episode_20260903_194714_000_2b047726.npy.mp4
01a068d0-4210-7e13-934e-22dbc6ab1f0d,industrial packing,completed,yam,yam_0_61,41.3,yinli,good,,,prod,2026-09-03 19:49:45.909793+00:00,2026-09-04 01:27:46.968618+00:00,/nfs/data/sz_34/20260903/episode_20260903_194754_000_a8923ed5.npy.mp4
01a068d0-fd90-7b90-9896-1fb38e4b7ce4,industrial packing,completed,yam,yam_0_61,43.8,yinli,good,,,prod,2026-09-03 19:50:36.192550+00:00,2026-09-04 01:27:46.766821+00:00,/nfs/data/sz_34/20260903/episode_20260903_194842_000_55b397b0.npy.mp4
01a068d1-c4c8-7420-87c5-680a48014e35,industrial packing,completed,yam,yam_0_61,43.6,yinli,good,,,prod,2026-09-03 19:51:26.471278+00:00,2026-09-04 01:27:46.129260+00:00,/nfs/data/sz_34/20260903/episode_20260903_194933_000_846a9ab5.npy.mp4
01a068d2-8430-7fe0-afc3-11725422e97a,industrial packing,completed,yam,yam_0_61,45.2,yinli,good,,,prod,2026-09-03 19:52:16.738014+00:00,2026-09-04 01:27:45.964346+00:00,/nfs/data/sz_34/20260903/episode_20260903_195022_000_f72b5c1d.npy.mp4
01a068d3-4b68-7da7-a3c4-ed0a4462713c,industrial packing,completed,yam,yam_0_61,43.0,yinli,good,,,prod,2026-09-03 19:53:07.019117+00:00,2026-09-04 01:27:45.733803+00:00,/nfs/data/sz_34/20260903/episode_20260903_195113_000_24f21ec5.npy.mp4
01a068d4-0ad0-7adf-af88-d41e4931e9f4,industrial packing,completed,yam,yam_0_61,37.7,yinli,good,,,prod,2026-09-03 19:53:51.280253+00:00,2026-09-04 01:27:45.101351+00:00,/nfs/data/sz_34/20260903/episode_20260903_195202_000_a63da559.npy.mp4
01a068d4-b6b0-76d6-a004-f715fc5e907d,industrial packing,completed,yam,yam_0_61,37.7,yinli,good,,,prod,2026-09-03 19:54:31.536281+00:00,2026-09-04 01:27:44.923403+00:00,/nfs/data/sz_34/20260903/episode_20260903_195246_000_baf03036.npy.mp4
01a068d5-7de8-746a-9725-fb0e47f511a2,industrial packing,completed,yam,yam_0_61,34.3,yinli,good,,,prod,2026-09-03 19:55:19.802188+00:00,2026-09-04 01:27:44.772414+00:00,/nfs/data/sz_34/20260903/episode_20260903_195337_000_84792771.npy.mp4
01a068d6-1a28-7d09-8b6f-8bcfdbf3c1f9,industrial packing,completed,yam,yam_0_61,38.1,yinli,good,,,prod,2026-09-03 19:56:05.076969+00:00,2026-09-04 01:27:44.101060+00:00,/nfs/data/sz_34/20260903/episode_20260903_195417_000_841afea8.npy.mp4
01a068d6-be38-7df8-bf5e-262f79920ab3,industrial packing,completed,yam,yam_0_61,36.7,yinli,good,,,prod,2026-09-03 19:56:44.312912+00:00,2026-09-04 01:27:43.898045+00:00,/nfs/data/sz_34/20260903/episode_20260903_195459_000_0ce40afa.npy.mp4
01a068d7-6630-764d-bc8d-ed45c770f4ea,industrial packing,completed,yam,yam_0_61,40.7,yinli,good,,,prod,2026-09-03 19:57:34.574942+00:00,2026-09-04 01:27:43.734691+00:00,/nfs/data/sz_34/20260903/episode_20260903_195542_000_acb31399.npy.mp4
01a068d8-1dc8-7921-a7b4-001f0ee13233,industrial packing,completed,yam,yam_0_61,33.3,yinli,good,,,prod,2026-09-03 19:58:08.821500+00:00,2026-09-04 01:27:43.089536+00:00,/nfs/data/sz_34/20260903/episode_20260903_195629_000_0e0653d3.npy.mp4
01a068d8-ae50-7312-9f2a-0592986f8201,industrial packing,completed,yam,yam_0_61,33.5,yinli,good,,,prod,2026-09-03 19:58:48.077706+00:00,2026-09-04 01:27:36.136694+00:00,/nfs/data/sz_34/20260903/episode_20260903_195706_000_5e0ffe0f.npy.mp4
01a068d9-42c0-7b39-926e-73777149ccc4,industrial packing,completed,yam,yam_0_61,35.3,yinli,good,,,prod,2026-09-03 19:59:27.371771+00:00,2026-09-04 01:27:35.946037+00:00,/nfs/data/sz_34/20260903/episode_20260903_195744_000_1a82e55b.npy.mp4
01a068d9-db18-73d6-b0a6-3f61d39e50a2,industrial packing,completed,yam,yam_0_61,35.0,yinli,good,,,prod,2026-09-03 20:00:06.619859+00:00,2026-09-04 01:27:35.731178+00:00,/nfs/data/sz_34/20260903/episode_20260903_195823_000_38412483.npy.mp4
01a068da-7b40-7268-8e79-43e217bc2ae7,industrial packing,completed,yam,yam_0_61,33.3,yinli,good,,,prod,2026-09-03 20:00:45.876207+00:00,2026-09-04 01:27:35.130909+00:00,/nfs/data/sz_34/20260903/episode_20260903_195904_000_ad89f386.npy.mp4
01a068db-0fb0-7d99-a345-0624921892ad,industrial packing,completed,yam,yam_0_61,33.4,yinli,good,,,prod,2026-09-03 20:01:25.145399+00:00,2026-09-04 01:27:34.919634+00:00,/nfs/data/sz_34/20260903/episode_20260903_195942_000_643497f8.npy.mp4
01a068db-a038-73e7-beec-77f03ebea9c7,industrial packing,completed,yam,yam_0_61,35.4,yinli,good,,,prod,2026-09-03 20:02:04.400963+00:00,2026-09-04 01:27:34.715032+00:00,/nfs/data/sz_34/20260903/episode_20260903_200019_000_38a0f05e.npy.mp4
01a068dc-4060-7e5e-9785-981adab19049,industrial packing,completed,yam,yam_0_61,39.6,yinli,good,,,prod,2026-09-03 20:02:48.709661+00:00,2026-09-04 01:27:34.093995+00:00,/nfs/data/sz_34/20260903/episode_20260903_200100_000_2e685198.npy.mp4
01a068dc-e858-7c19-9e75-23567514b16d,industrial packing,completed,yam,yam_0_61,34.2,yinli,good,,,prod,2026-09-03 20:03:28.972480+00:00,2026-09-04 01:27:33.917938+00:00,/nfs/data/sz_34/20260903/episode_20260903_200143_000_ddbb78c3.npy.mp4
01a068dd-7cc8-7f16-9464-aa2ed90b726a,industrial packing,completed,yam,yam_0_61,34.5,yinli,good,,,prod,2026-09-03 20:04:03.221396+00:00,2026-09-04 01:27:33.738340+00:00,/nfs/data/sz_34/20260903/episode_20260903_200221_000_4b44d0d8.npy.mp4
01a068de-1520-7c4c-9545-4b5979984b5b,industrial packing,completed,yam,yam_0_61,37.7,yinli,good,,,prod,2026-09-03 20:04:47.481914+00:00,2026-09-04 01:27:33.103504+00:00,/nfs/data/sz_34/20260903/episode_20260903_200300_000_0a014590.npy.mp4
01a068de-b548-7de3-ac40-cd2d3c247da9,industrial packing,completed,yam,yam_0_61,37.5,yinli,good,,,prod,2026-09-03 20:05:27.762694+00:00,2026-09-04 01:27:32.921284+00:00,/nfs/data/sz_34/20260903/episode_20260903_200341_000_fdf337a3.npy.mp4
01a068df-5d40-7682-b8fe-35be47c8ebcf,industrial packing,completed,yam,yam_0_61,38.3,yinli,good,,,prod,2026-09-03 20:06:12.055538+00:00,2026-09-04 01:27:32.734002+00:00,/nfs/data/sz_34/20260903/episode_20260903_200424_000_e7ba6909.npy.mp4
01a068df-fd68-7a40-b862-58fc87cd6c84,industrial packing,completed,yam,yam_0_61,34.3,yinli,good,,,prod,2026-09-03 20:06:46.314653+00:00,2026-09-04 01:27:32.127791+00:00,/nfs/data/sz_34/20260903/episode_20260903_200505_000_26cfd495.npy.mp4
01a068e0-95c0-7268-9e50-2436d11fa6f8,industrial packing,completed,yam,yam_0_61,36.8,yinli,good,,,prod,2026-09-03 20:07:31.560831+00:00,2026-09-04 01:27:31.906812+00:00,/nfs/data/sz_34/20260903/episode_20260903_200544_000_52fedba6.npy.mp4
01a068e1-3200-7eb2-a491-8d994e32db97,industrial packing,completed,yam,yam_0_61,34.2,yinli,good,,,prod,2026-09-03 20:08:05.797417+00:00,2026-09-04 01:27:31.699778+00:00,/nfs/data/sz_34/20260903/episode_20260903_200624_000_d705ae74.npy.mp4
01a068e1-c670-7785-961b-36e4a2f5cde7,industrial packing,completed,yam,yam_0_61,42.1,yinli,good,,,prod,2026-09-03 20:08:56.060373+00:00,2026-09-04 01:27:31.112384+00:00,/nfs/data/sz_34/20260903/episode_20260903_200702_000_2f285319.npy.mp4
01a068e2-7a20-70bf-921a-f12cf738ce69,industrial packing,completed,yam,yam_0_61,36.0,yinli,good,,,prod,2026-09-03 20:09:36.301871+00:00,2026-09-04 01:27:30.908348+00:00,/nfs/data/sz_34/20260903/episode_20260903_200748_000_f7b956b3.npy.mp4
01a068e3-1660-7dcc-9e14-5803656c903a,industrial packing,completed,yam,yam_0_61,37.7,yinli,good,,,prod,2026-09-03 20:10:15.564436+00:00,2026-09-04 01:27:30.711526+00:00,/nfs/data/sz_34/20260903/episode_20260903_200828_000_f9f14380.npy.mp4
01a068e3-ba70-7db2-9894-d5f6582ef235,industrial packing,completed,yam,yam_0_61,38.5,yinli,good,,,prod,2026-09-03 20:10:55.827546+00:00,2026-09-04 01:27:30.145023+00:00,/nfs/data/sz_34/20260903/episode_20260903_200910_000_2b7a19d3.npy.mp4
01a068e4-5a98-7291-b29e-02a9354da833,industrial packing,completed,yam,yam_0_61,35.6,yinli,good,,,prod,2026-09-03 20:11:35.058948+00:00,2026-09-04 01:27:29.939654+00:00,/nfs/data/sz_34/20260903/episode_20260903_200951_000_d0f52356.npy.mp4
01a068e6-17e8-77d3-b037-335f21c7a509,industrial packing,completed,yam,yam_0_61,38.6,yinli,good,,,prod,2026-09-03 20:13:34.392245+00:00,2026-09-04 01:27:29.742554+00:00,/nfs/data/sz_34/20260903/episode_20260903_201145_000_fb0acdd8.npy.mp4
01a068e6-bbf8-7d72-813b-20ca0985a3f4,industrial packing,completed,yam,yam_0_61,39.1,yinli,good,,,prod,2026-09-03 20:14:13.650583+00:00,2026-09-04 01:27:29.132015+00:00,/nfs/data/sz_34/20260903/episode_20260903_201227_000_43ee4ff7.npy.mp4
01a068e7-63f0-7899-a47f-7e350fbe7553,industrial packing,completed,yam,yam_0_61,44.4,yinli,good,,,prod,2026-09-03 20:15:04.906016+00:00,2026-09-04 01:27:28.935978+00:00,/nfs/data/sz_34/20260903/episode_20260903_201310_000_1eb5237d.npy.mp4
01a068e8-1f70-7643-a831-64df5d3709d3,industrial packing,completed,yam,yam_0_61,39.9,yinli,good,,,prod,2026-09-03 20:15:49.147086+00:00,2026-09-04 01:27:28.718587+00:00,/nfs/data/sz_34/20260903/episode_20260903_201358_000_211e8f2a.npy.mp4
01a068e8-d708-795b-b090-baa162b30558,industrial packing,completed,yam,yam_0_61,39.1,yinli,good,,,prod,2026-09-03 20:16:34.404272+00:00,2026-09-04 01:27:28.137979+00:00,/nfs/data/sz_34/20260903/episode_20260903_201445_000_e13f35b9.npy.mp4
01a068e9-7b18-749a-a49d-f455788a1906,industrial packing,completed,yam,yam_0_61,40.1,yinli,good,,,prod,2026-09-03 20:17:14.638706+00:00,2026-09-04 01:27:27.934414+00:00,/nfs/data/sz_34/20260903/episode_20260903_201527_000_c45c130b.npy.mp4
01a068ea-2310-7a45-964b-31aba8c756f8,industrial packing,completed,yam,yam_0_61,37.7,yinli,good,,,prod,2026-09-03 20:17:58.900145+00:00,2026-09-04 01:27:27.739727+00:00,/nfs/data/sz_34/20260903/episode_20260903_201610_000_17a4d6f9.npy.mp4
01a068ea-c338-729c-906a-f234920f8a51,industrial packing,completed,yam,yam_0_61,47.0,yinli,good,,,prod,2026-09-03 20:18:50.179876+00:00,2026-09-04 01:27:27.135126+00:00,/nfs/data/sz_34/20260903/episode_20260903_201651_000_3282ee5f.npy.mp4
01a068eb-8a70-76c1-907b-8b02027b7ced,industrial packing,completed,yam,yam_0_61,34.1,yinli,good,,,prod,2026-09-03 20:19:24.819325+00:00,2026-09-04 01:27:26.931264+00:00,/nfs/data/sz_34/20260903/episode_20260903_201742_000_c22a6c9f.npy.mp4
01a068ec-1af8-7fb6-b950-abd2e1bf272d,industrial packing,completed,yam,yam_0_61,34.4,yinli,good,,,prod,2026-09-03 20:20:04.071736+00:00,2026-09-04 01:27:26.740672+00:00,/nfs/data/sz_34/20260903/episode_20260903_201819_000_ca670e88.npy.mp4
01a068ec-b350-7766-9364-fd1c9990d6eb,industrial packing,completed,yam,yam_0_61,43.6,yinli,good,,,prod,2026-09-03 20:20:49.321696+00:00,2026-09-04 01:27:26.125157+00:00,/nfs/data/sz_34/20260903/episode_20260903_201858_000_aab6fbfb.npy.mp4
01a068ed-6ae8-7029-8b75-6955cef5bf78,industrial packing,completed,yam,yam_0_61,43.0,yinli,good,,,prod,2026-09-03 20:21:39.572744+00:00,2026-09-04 01:27:25.904288+00:00,/nfs/data/sz_34/20260903/episode_20260903_201945_000_c7be334a.npy.mp4
01a068ee-2280-7202-85d8-10e5d724e2b5,industrial packing,completed,yam,yam_0_61,50.3,yinli,good,,,prod,2026-09-03 20:22:34.843181+00:00,2026-09-04 01:27:25.721502+00:00,/nfs/data/sz_34/20260903/episode_20260903_202032_000_fb21769a.npy.mp4
01a068ee-f570-7e8b-ac3f-15c1bf4e22cd,industrial packing,completed,yam,yam_0_61,36.4,yinli,good,,,prod,2026-09-03 20:23:10.069480+00:00,2026-09-04 01:27:25.119917+00:00,/nfs/data/sz_34/20260903/episode_20260903_202126_000_e0b4f85d.npy.mp4
01a068ef-91b0-7033-ac38-8a0daa7ee4ee,industrial packing,completed,yam,yam_0_61,39.9,yinli,good,,,prod,2026-09-03 20:23:54.354200+00:00,2026-09-04 01:27:24.908335+00:00,/nfs/data/sz_34/20260903/episode_20260903_202206_000_1f1bbaec.npy.mp4
01a068f0-3d90-77cc-8088-7efb5145d583,industrial packing,completed,yam,yam_0_61,40.1,yinli,good,,,prod,2026-09-03 20:24:39.610737+00:00,2026-09-04 01:27:24.710370+00:00,/nfs/data/sz_34/20260903/episode_20260903_202250_000_efec8f48.npy.mp4
01a068f0-e588-70d9-be18-c903fe2c7c35,industrial packing,completed,yam,yam_0_61,38.8,yinli,good,,,prod,2026-09-03 20:25:18.887305+00:00,2026-09-04 01:27:24.120909+00:00,/nfs/data/sz_34/20260903/episode_20260903_202333_000_acb8a8d5.npy.mp4
01a068f1-8998-7508-926d-4daa53b5cb22,industrial packing,completed,yam,yam_0_61,45.1,yinli,good,,,prod,2026-09-03 20:26:09.172016+00:00,2026-09-04 01:27:23.893745+00:00,/nfs/data/sz_34/20260903/episode_20260903_202415_000_e895ea83.npy.mp4
01a068f2-4ce8-7967-98d2-2d9935645966,industrial packing,completed,yam,yam_0_61,38.4,yinli,good,,,prod,2026-09-03 20:26:53.392974+00:00,2026-09-04 01:27:23.719683+00:00,/nfs/data/sz_34/20260903/episode_20260903_202505_000_86cfc058.npy.mp4
01a068fa-99e8-7942-8929-2e9dda44472d,industrial packing,completed,yam,yam_0_61,35.0,yinli,good,,,prod,2026-09-03 20:35:50.912532+00:00,2026-09-04 01:27:23.127780+00:00,/nfs/data/sz_34/20260903/episode_20260903_203409_000_f7e001e8.npy.mp4
01a068fb-3628-7cb1-b31b-0b1156e5c83c,industrial packing,completed,yam,yam_0_61,36.6,yinli,good,,,prod,2026-09-03 20:36:36.185363+00:00,2026-09-04 01:27:22.929725+00:00,/nfs/data/sz_34/20260903/episode_20260903_203449_000_009327d6.npy.mp4
01a068fb-da38-7e66-bfee-7063e28de006,industrial packing,completed,yam,yam_0_61,33.1,yinli,good,,,prod,2026-09-03 20:37:10.419032+00:00,2026-09-04 01:27:22.739774+00:00,/nfs/data/sz_34/20260903/episode_20260903_203531_000_4fa591a8.npy.mp4
01a068fc-6ac0-7668-bdae-641b1282c6be,industrial packing,completed,yam,yam_0_61,35.1,yinli,good,,,prod,2026-09-03 20:37:54.698719+00:00,2026-09-04 01:27:22.170586+00:00,/nfs/data/sz_34/20260903/episode_20260903_203608_000_40c262ee.npy.mp4
01a068fe-6690-7ca1-bfdc-d57939f74f28,industrial packing,completed,yam,yam_0_61,33.4,yinli,good,,,prod,2026-09-03 20:39:58.045086+00:00,2026-09-04 01:27:21.973415+00:00,/nfs/data/sz_34/20260903/episode_20260903_203818_000_6bc536fd.npy.mp4
01a068fe-f718-7608-98c4-b7b9cafb855e,industrial packing,completed,yam,yam_0_61,33.7,yinli,good,,,prod,2026-09-03 20:40:37.324701+00:00,2026-09-04 01:27:21.786874+00:00,/nfs/data/sz_34/20260903/episode_20260903_203855_000_5721268e.npy.mp4
01a068ff-87a0-7a67-8653-fc9601f13a0e,industrial packing,completed,yam,yam_0_61,32.3,yinli,good,,,prod,2026-09-03 20:41:11.582399+00:00,2026-09-04 01:27:21.194871+00:00,/nfs/data/sz_34/20260903/episode_20260903_203932_000_151d7fb1.npy.mp4
01a06900-1828-70d4-8bdd-62136facd02e,industrial packing,completed,yam,yam_0_61,30.1,yinli,good,,,prod,2026-09-03 20:41:44.846867+00:00,2026-09-04 01:27:21.028149+00:00,/nfs/data/sz_34/20260903/episode_20260903_204009_000_8c5e748b.npy.mp4
01a06900-d3a8-73d5-86e6-76e1c412e50c,industrial packing,completed,yam,yam_0_61,36.3,yinli,good,,,prod,2026-09-03 20:42:45.174122+00:00,2026-09-04 01:27:20.802846+00:00,/nfs/data/sz_34/20260903/episode_20260903_204057_000_f2636ae2.npy.mp4
01a06901-77b8-7ecb-adb1-642c8b085639,industrial packing,completed,yam,yam_0_61,29.4,yinli,good,,,prod,2026-09-03 20:43:18.502045+00:00,2026-09-04 01:27:20.253563+00:00,/nfs/data/sz_34/20260903/episode_20260903_204139_000_6f28608a.npy.mp4
01a06902-0070-794e-a9d1-d43fb147709c,industrial packing,completed,yam,yam_0_61,29.6,yinli,good,,,prod,2026-09-03 20:43:52.775153+00:00,2026-09-04 01:27:20.045296+00:00,/nfs/data/sz_34/20260903/episode_20260903_204214_000_f8e78472.npy.mp4
01a06902-8540-70a5-863b-f4f3d158a520,industrial packing,completed,yam,yam_0_61,28.6,yinli,good,,,prod,2026-09-03 20:44:26.045951+00:00,2026-09-04 01:27:19.878399+00:00,/nfs/data/sz_34/20260903/episode_20260903_204248_000_165fed8a.npy.mp4
01a06903-19b0-7aff-9dc8-b65e221d4578,industrial packing,completed,yam,yam_0_61,32.5,yinli,good,,,prod,2026-09-03 20:45:05.301004+00:00,2026-09-04 01:27:19.736313+00:00,/nfs/data/sz_34/20260903/episode_20260903_204326_000_fbfb9036.npy.mp4
01a06903-a650-79ff-b033-9435caa88eb7,industrial packing,completed,yam,yam_0_61,30.7,yinli,good,,,prod,2026-09-03 20:45:38.602138+00:00,2026-09-04 01:27:19.093299+00:00,/nfs/data/sz_34/20260903/episode_20260903_204402_000_1678ffae.npy.mp4
01a06904-3ea8-71bf-ab23-b36dad63e4fa,industrial packing,completed,yam,yam_0_61,29.5,yinli,good,,,prod,2026-09-03 20:46:17.863681+00:00,2026-09-04 01:27:18.937498+00:00,/nfs/data/sz_34/20260903/episode_20260903_204441_000_ee751a0b.npy.mp4
01a06904-c378-7c6d-adce-b146cacc7ff7,industrial packing,completed,yam,yam_0_61,34.2,yinli,good,,,prod,2026-09-03 20:46:57.128472+00:00,2026-09-04 01:27:18.760012+00:00,/nfs/data/sz_34/20260903/episode_20260903_204515_000_756717a2.npy.mp4
01a06905-5bd0-7e98-b0fd-0036cf7802d0,industrial packing,completed,yam,yam_0_61,37.3,yinli,good,,,prod,2026-09-03 20:47:41.385648+00:00,2026-09-04 01:27:18.198072+00:00,/nfs/data/sz_34/20260903/episode_20260903_204554_000_b11fa33d.npy.mp4
01a06905-fbf8-7467-ac14-fc67cbb5886f,industrial packing,completed,yam,yam_0_61,34.7,yinli,good,,,prod,2026-09-03 20:48:20.647655+00:00,2026-09-04 01:27:18.029520+00:00,/nfs/data/sz_34/20260903/episode_20260903_204635_000_d78402c1.npy.mp4
01a06906-9068-76b1-82b6-39fee1e9c0ba,industrial packing,completed,yam,yam_0_61,35.3,yinli,good,,,prod,2026-09-03 20:49:00.903179+00:00,2026-09-04 01:27:17.860489+00:00,/nfs/data/sz_34/20260903/episode_20260903_204713_000_513c72c2.npy.mp4
01a06907-2ca8-71d1-bc27-92cd65193148,industrial packing,completed,yam,yam_0_61,31.3,yinli,good,,,prod,2026-09-03 20:49:34.165100+00:00,2026-09-04 01:27:17.728799+00:00,/nfs/data/sz_34/20260903/episode_20260903_204753_000_47b5454e.npy.mp4
01a06907-b560-7000-baf4-86d3e3c928a9,industrial packing,completed,yam,yam_0_61,33.8,yinli,good,,,prod,2026-09-03 20:50:09.429213+00:00,2026-09-04 01:27:17.093125+00:00,/nfs/data/sz_34/20260903/episode_20260903_204828_000_19165f30.npy.mp4
01a06908-45e8-76aa-a8bb-18be7d9c3b26,industrial packing,completed,yam,yam_0_61,32.2,yinli,good,,,prod,2026-09-03 20:50:47.686216+00:00,2026-09-04 01:27:16.888659+00:00,/nfs/data/sz_34/20260903/episode_20260903_204905_000_9711cdb8.npy.mp4
01a06908-d288-7a89-bfab-6d4b5e9f7b9c,industrial packing,completed,yam,yam_0_61,34.0,yinli,good,,,prod,2026-09-03 20:51:21.932377+00:00,2026-09-04 01:27:16.725770+00:00,/nfs/data/sz_34/20260903/episode_20260903_204941_000_4b6dfad3.npy.mp4
01a06909-6310-7a78-b6c7-14d3c3501e1f,industrial packing,completed,yam,yam_0_61,37.8,yinli,good,,,prod,2026-09-03 20:52:07.206597+00:00,2026-09-04 01:27:16.124983+00:00,/nfs/data/sz_34/20260903/episode_20260903_205018_000_c683d970.npy.mp4
01a0690a-0720-753d-9440-6ad63accb475,industrial packing,completed,yam,yam_0_61,36.6,yinli,good,,,prod,2026-09-03 20:52:47.446054+00:00,2026-09-04 01:27:15.920342+00:00,/nfs/data/sz_34/20260903/episode_20260903_205100_000_b9844f11.npy.mp4
01a0690a-a360-7571-9797-ffa07393f109,industrial packing,completed,yam,yam_0_61,37.3,yinli,good,,,prod,2026-09-03 20:53:26.711757+00:00,2026-09-04 01:27:15.765300+00:00,/nfs/data/sz_34/20260903/episode_20260903_205140_000_3be3e299.npy.mp4
01a0690b-4388-7997-90f3-3c5f0e5cb61d,industrial packing,completed,yam,yam_0_61,37.7,yinli,good,,,prod,2026-09-03 20:54:05.974717+00:00,2026-09-04 01:27:15.214501+00:00,/nfs/data/sz_34/20260903/episode_20260903_205221_000_d54ae40e.npy.mp4
01a0690b-f350-71e7-981d-8efb05b511b9,industrial packing,completed,yam,yam_0_61,36.0,yinli,good,,,prod,2026-09-03 20:54:51.255966+00:00,2026-09-04 01:27:15.001632+00:00,/nfs/data/sz_34/20260903/episode_20260903_205306_000_8cd78d16.npy.mp4
01a0690c-8ba8-7843-bbd9-b12398cda1aa,industrial packing,completed,yam,yam_0_61,29.9,yinli,good,,,prod,2026-09-03 20:55:24.499624+00:00,2026-09-04 01:27:14.804245+00:00,/nfs/data/sz_34/20260903/episode_20260903_205345_000_af5046fd.npy.mp4
01a0690d-1078-7a42-883a-45850fb1de65,industrial packing,completed,yam,yam_0_61,32.2,yinli,good,,,prod,2026-09-03 20:55:58.741873+00:00,2026-09-04 01:27:14.071595+00:00,/nfs/data/sz_34/20260903/episode_20260903_205419_000_fc07001c.npy.mp4
01a0690d-9d18-77a1-bd92-35d091600ead,industrial packing,completed,yam,yam_0_61,33.6,yinli,good,,,prod,2026-09-03 20:56:38.007695+00:00,2026-09-04 01:27:13.893421+00:00,/nfs/data/sz_34/20260903/episode_20260903_205455_000_920aa362.npy.mp4
01a0690e-2da0-7767-9597-f421c94d77f2,industrial packing,completed,yam,yam_0_61,32.8,yinli,good,,,prod,2026-09-03 20:57:12.280766+00:00,2026-09-04 01:27:13.747021+00:00,/nfs/data/sz_34/20260903/episode_20260903_205532_000_827a9dfb.npy.mp4
01a0690e-ba40-72cf-9215-ff23d15ebc57,industrial packing,completed,yam,yam_0_61,35.7,yinli,good,,,prod,2026-09-03 20:57:52.535912+00:00,2026-09-04 01:27:13.141560+00:00,/nfs/data/sz_34/20260903/episode_20260903_205608_000_840c603b.npy.mp4
01a0690f-5680-7afd-ad27-686bf22ea8dd,industrial packing,completed,yam,yam_0_61,33.0,yinli,good,,,prod,2026-09-03 20:58:31.810543+00:00,2026-09-04 01:27:12.954064+00:00,/nfs/data/sz_34/20260903/episode_20260903_205648_000_f14976f1.npy.mp4
01a0690f-e320-793d-aecc-8c983423cec7,industrial packing,completed,yam,yam_0_61,38.0,yinli,good,,,prod,2026-09-03 20:59:11.082184+00:00,2026-09-04 01:27:12.770114+00:00,/nfs/data/sz_34/20260903/episode_20260903_205724_000_2ec6bc01.npy.mp4
01a06910-8348-7d3e-bc44-aa358dfd6f47,industrial packing,completed,yam,yam_0_61,38.4,yinli,good,,,prod,2026-09-03 20:59:50.333897+00:00,2026-09-04 01:27:12.703590+00:00,/nfs/data/sz_34/20260903/episode_20260903_205805_000_9740bb14.npy.mp4
01a06911-2758-79d5-a553-39779e880743,industrial packing,completed,yam,yam_0_61,41.8,yinli,good,,,prod,2026-09-03 21:00:40.582129+00:00,2026-09-04 01:27:12.078710+00:00,/nfs/data/sz_34/20260903/episode_20260903_205847_000_cbd924ca.npy.mp4
01a06911-db08-7bec-aeeb-8a02cca1ad04,industrial packing,completed,yam,yam_0_61,40.3,yinli,good,,,prod,2026-09-03 21:01:20.852676+00:00,2026-09-04 01:27:11.895313+00:00,/nfs/data/sz_34/20260903/episode_20260903_205933_000_e8bee958.npy.mp4
01a06912-8300-7eda-b44f-f1e3e60cce77,industrial packing,completed,yam,yam_0_61,36.2,yinli,good,,,prod,2026-09-03 21:02:00.114513+00:00,2026-09-04 01:27:11.728459+00:00,/nfs/data/sz_34/20260903/episode_20260903_210016_000_d30a8737.npy.mp4
01a06913-1f40-7d14-adc0-3a9517725115,industrial packing,completed,yam,yam_0_61,40.6,yinli,good,,,prod,2026-09-03 21:02:45.380611+00:00,2026-09-04 01:27:11.144471+00:00,/nfs/data/sz_34/20260903/episode_20260903_210056_000_58a387de.npy.mp4
01a06913-cb20-787f-b57c-0030e3cc4913,industrial packing,completed,yam,yam_0_61,35.4,yinli,good,,,prod,2026-09-03 21:03:24.617981+00:00,2026-09-04 01:27:10.950368+00:00,/nfs/data/sz_34/20260903/episode_20260903_210140_000_68092f0a.npy.mp4
01a06914-6378-7f58-a9e4-2aac859658f3,industrial packing,completed,yam,yam_0_61,39.9,yinli,good,,,prod,2026-09-03 21:04:09.891878+00:00,2026-09-04 01:27:10.756496+00:00,/nfs/data/sz_34/20260903/episode_20260903_210219_000_9a01ce83.npy.mp4
01a06915-0b70-7f2b-8e80-7f8fc39c75b1,industrial packing,completed,yam,yam_0_61,31.6,yinli,good,,,prod,2026-09-03 21:04:44.213947+00:00,2026-09-04 01:27:10.209686+00:00,/nfs/data/sz_34/20260903/episode_20260903_210302_000_fa40cf10.npy.mp4
01a06915-9810-7f63-924f-f5e691ad87c6,industrial packing,completed,yam,yam_0_61,35.3,yinli,good,,,prod,2026-09-03 21:05:23.943701+00:00,2026-09-04 01:27:10.042082+00:00,/nfs/data/sz_34/20260903/episode_20260903_210338_000_fbaa5979.npy.mp4
01a06916-2c80-70ab-93f8-35edf9002938,industrial packing,completed,yam,yam_0_61,34.1,yinli,good,,,prod,2026-09-03 21:05:58.320573+00:00,2026-09-04 01:27:09.873472+00:00,/nfs/data/sz_34/20260903/episode_20260903_210416_000_3c0dea30.npy.mp4
01a06916-c4d8-7ed3-9312-6d972cb8f2e8,industrial packing,completed,yam,yam_0_61,34.8,yinli,good,,,prod,2026-09-03 21:06:37.629210+00:00,2026-09-04 01:27:09.735364+00:00,/nfs/data/sz_34/20260903/episode_20260903_210455_000_2ed7dad4.npy.mp4
01a06917-5948-7de5-bac7-d6e78203e182,industrial packing,completed,yam,yam_0_61,36.7,yinli,good,,,prod,2026-09-03 21:07:16.922280+00:00,2026-09-04 01:27:09.135688+00:00,/nfs/data/sz_34/20260903/episode_20260903_210533_000_f5ec2cc8.npy.mp4
01a06917-f588-7ddf-8558-fc5980f565a0,industrial packing,completed,yam,yam_0_61,35.5,yinli,good,,,prod,2026-09-03 21:07:56.172990+00:00,2026-09-04 01:27:08.942310+00:00,/nfs/data/sz_34/20260903/episode_20260903_210613_000_bd6f6b0b.npy.mp4
01a06918-8de0-73f7-b837-25f6235bdd03,industrial packing,completed,yam,yam_0_61,43.0,yinli,good,,,prod,2026-09-03 21:08:47.438350+00:00,2026-09-04 01:27:08.770260+00:00,/nfs/data/sz_34/20260903/episode_20260903_210652_000_8c07e9c0.npy.mp4
01a06919-4190-74b2-a3f9-6897f71276b0,industrial packing,completed,yam,yam_0_61,46.2,yinli,good,,,prod,2026-09-03 21:09:37.720181+00:00,2026-09-04 01:27:08.750002+00:00,/nfs/data/sz_34/20260903/episode_20260903_210738_000_811ab61f.npy.mp4
01a0691a-04e0-774c-b714-fb9db11ffbf1,industrial packing,completed,yam,yam_0_61,34.9,yinli,good,,,prod,2026-09-03 21:10:11.973275+00:00,2026-09-04 01:27:08.086518+00:00,/nfs/data/sz_34/20260903/episode_20260903_210828_000_7eaf0c24.npy.mp4
01a0691a-9950-713d-a6cd-10231443f815,industrial packing,completed,yam,yam_0_61,42.7,yinli,good,,,prod,2026-09-03 21:10:57.218636+00:00,2026-09-04 01:27:07.934778+00:00,/nfs/data/sz_34/20260903/episode_20260903_210906_000_8b0fb1fb.npy.mp4
01a0691b-50e8-73f9-8b5c-a675e9db0143,industrial packing,completed,yam,yam_0_61,40.1,yinli,good,,,prod,2026-09-03 21:11:42.469844+00:00,2026-09-04 01:27:07.796155+00:00,/nfs/data/sz_34/20260903/episode_20260903_210953_000_6f9f6fbc.npy.mp4
01a0691b-fcc8-7fbf-a724-ccf175ac1835,industrial packing,completed,yam,yam_0_61,39.6,yinli,good,,,prod,2026-09-03 21:12:27.726901+00:00,2026-09-04 01:27:07.255896+00:00,/nfs/data/sz_34/20260903/episode_20260903_211037_000_c7a2ca1b.npy.mp4
01a0691c-a0d8-7b49-885b-22a9ce9c5881,industrial packing,completed,yam,yam_0_61,42.5,yinli,good,,,prod,2026-09-03 21:13:12.986856+00:00,2026-09-04 01:27:07.072730+00:00,/nfs/data/sz_34/20260903/episode_20260903_211119_000_91253a3e.npy.mp4
01a0691d-5488-71e4-ba63-76f4df9c1a1d,industrial packing,completed,yam,yam_0_61,41.7,yinli,good,,,prod,2026-09-03 21:13:58.268379+00:00,2026-09-04 01:27:06.898905+00:00,/nfs/data/sz_34/20260903/episode_20260903_211205_000_d01d5459.npy.mp4
01a0691e-0838-706c-a27f-d72a01915db8,industrial packing,completed,yam,yam_0_61,42.2,yinli,good,,,prod,2026-09-03 21:14:43.541890+00:00,2026-09-04 01:27:06.764192+00:00,/nfs/data/sz_34/20260903/episode_20260903_211251_000_77c4bc6d.npy.mp4
01a0691e-bbe8-7c16-bf85-aeec1d7d1e8a,industrial packing,completed,yam,yam_0_61,33.7,yinli,good,,,prod,2026-09-03 21:15:17.792532+00:00,2026-09-04 01:27:06.244233+00:00,/nfs/data/sz_34/20260903/episode_20260903_211337_000_89c505f5.npy.mp4
01a0691f-4c70-70df-b735-4eec24598c6a,industrial packing,completed,yam,yam_0_61,44.1,yinli,good,,,prod,2026-09-03 21:16:08.076414+00:00,2026-09-04 01:27:06.056853+00:00,/nfs/data/sz_34/20260903/episode_20260903_211414_000_7459e10a.npy.mp4
01a06920-0408-7a79-acef-eae57cefc974,industrial packing,completed,yam,yam_0_61,41.2,yinli,good,,,prod,2026-09-03 21:16:53.334305+00:00,2026-09-04 01:27:05.909290+00:00,/nfs/data/sz_34/20260903/episode_20260903_211501_000_b5ac7415.npy.mp4
01a06920-b3d0-7db0-9950-762ce78cd03f,industrial packing,completed,yam,yam_0_61,41.0,yinli,good,,,prod,2026-09-03 21:17:38.618978+00:00,2026-09-04 01:27:05.733062+00:00,/nfs/data/sz_34/20260903/episode_20260903_211546_000_f4ea49df.npy.mp4
01a06921-6398-7561-8ed5-ca16b801a22f,industrial packing,completed,yam,yam_0_61,41.9,yinli,good,,,prod,2026-09-03 21:18:23.883897+00:00,2026-09-04 01:26:58.695958+00:00,/nfs/data/sz_34/20260903/episode_20260903_211631_000_8399f3bb.npy.mp4
01a06922-1748-77f8-9046-fe70aa7d0f6b,industrial packing,completed,yam,yam_0_61,39.7,yinli,good,,,prod,2026-09-03 21:19:09.156668+00:00,2026-09-04 01:26:58.085290+00:00,/nfs/data/sz_34/20260903/episode_20260903_211717_000_cce2c7c6.npy.mp4
01a06922-c710-75d4-b9b4-69012ab9f776,industrial packing,completed,yam,yam_0_61,43.1,yinli,good,,,prod,2026-09-03 21:19:54.419809+00:00,2026-09-04 01:26:57.898319+00:00,/nfs/data/sz_34/20260903/episode_20260903_211802_000_8e6a633f.npy.mp4
01a06923-7ac0-7d22-91f3-c8017a8f38d1,industrial packing,completed,yam,yam_0_61,43.9,yinli,good,,,prod,2026-09-03 21:20:44.770299+00:00,2026-09-04 01:26:57.740726+00:00,/nfs/data/sz_34/20260903/episode_20260903_211848_000_795b54ef.npy.mp4
01a06924-3640-7ea7-b5d9-588103f92a6b,industrial packing,completed,yam,yam_0_61,42.3,yinli,good,,,prod,2026-09-03 21:21:30.051744+00:00,2026-09-04 01:26:57.078175+00:00,/nfs/data/sz_34/20260903/episode_20260903_211936_000_091695dc.npy.mp4
01a06924-e608-74b8-bf50-eebc6d420840,industrial packing,completed,yam,yam_0_61,36.6,yinli,good,,,prod,2026-09-03 21:22:05.313029+00:00,2026-09-04 01:26:56.879564+00:00,/nfs/data/sz_34/20260903/episode_20260903_212021_000_ef493aea.npy.mp4
01a06925-8630-7bd6-b7fd-a8f0a0d396ea,industrial packing,completed,yam,yam_0_61,39.0,yinli,good,,,prod,2026-09-03 21:22:49.563279+00:00,2026-09-04 01:26:56.743158+00:00,/nfs/data/sz_34/20260903/episode_20260903_212102_000_c1561447.npy.mp4
01a06927-b4c8-7a64-911b-f7d46fbbe25b,industrial packing,completed,yam,yam_0_61,35.8,yinli,good,,,prod,2026-09-03 21:25:12.890707+00:00,2026-09-04 01:26:56.128470+00:00,/nfs/data/sz_34/20260903/episode_20260903_212325_000_adc6f963.npy.mp4
01a06928-5108-7b88-842d-bb8f5004d998,industrial packing,completed,yam,yam_0_61,36.5,yinli,good,,,prod,2026-09-03 21:25:53.133751+00:00,2026-09-04 01:26:55.925855+00:00,/nfs/data/sz_34/20260903/episode_20260903_212405_000_3e2389e8.npy.mp4
01a06928-f130-7182-aa2d-088f534e7798,industrial packing,completed,yam,yam_0_61,45.1,yinli,good,,,prod,2026-09-03 21:26:43.401857+00:00,2026-09-04 01:26:55.758027+00:00,/nfs/data/sz_34/20260903/episode_20260903_212446_000_3dd0de57.npy.mp4
01a06929-b480-792b-ad04-74a3ed7c642e,industrial packing,completed,yam,yam_0_61,40.7,yinli,good,,,prod,2026-09-03 21:27:27.683090+00:00,2026-09-04 01:26:55.161798+00:00,/nfs/data/sz_34/20260903/episode_20260903_212536_000_20d4d796.npy.mp4
01a0692a-7bb8-7b41-89ca-d0f6c3832ebb,industrial packing,completed,yam,yam_0_61,37.8,yinli,good,,,prod,2026-09-03 21:28:12.984811+00:00,2026-09-04 01:26:54.966296+00:00,/nfs/data/sz_34/20260903/episode_20260903_212627_000_e752545e.npy.mp4
01a0692b-1fc8-7bfc-bb63-6eba2aa85ca1,industrial packing,completed,yam,yam_0_61,51.9,yinli,good,,,prod,2026-09-03 21:29:14.283675+00:00,2026-09-04 01:26:54.767363+00:00,/nfs/data/sz_34/20260903/episode_20260903_212709_000_1744a218.npy.mp4
01a0692c-0258-7a52-ae7b-e230e89d4a32,industrial packing,completed,yam,yam_0_61,39.8,yinli,good,,,prod,2026-09-03 21:29:53.562882+00:00,2026-09-04 01:26:54.236489+00:00,/nfs/data/sz_34/20260903/episode_20260903_212807_000_b67a6a74.npy.mp4
01a0692c-ae38-7c70-a871-74865c8baa30,industrial packing,completed,yam,yam_0_61,37.5,yinli,good,,,prod,2026-09-03 21:30:37.828462+00:00,2026-09-04 01:26:54.045316+00:00,/nfs/data/sz_34/20260903/episode_20260903_212851_000_836ead8a.npy.mp4
01a0692d-5248-7398-9803-1e8e013647bb,industrial packing,completed,yam,yam_0_61,36.9,yinli,good,,,prod,2026-09-03 21:31:18.109215+00:00,2026-09-04 01:26:53.882789+00:00,/nfs/data/sz_34/20260903/episode_20260903_212933_000_f25db7cf.npy.mp4
01a0692d-f270-7a2d-be60-ceaf26b20678,industrial packing,completed,yam,yam_0_61,30.5,yinli,good,,,prod,2026-09-03 21:31:51.360080+00:00,2026-09-04 01:26:53.730233+00:00,/nfs/data/sz_34/20260903/episode_20260903_213014_000_f96648bd.npy.mp4
01a0692e-86e0-7396-a95c-567b60b9f0d2,industrial packing,completed,yam,yam_0_61,39.4,yinli,good,,,prod,2026-09-03 21:32:41.630878+00:00,2026-09-04 01:26:53.134079+00:00,/nfs/data/sz_34/20260903/episode_20260903_213052_000_a0dea16e.npy.mp4
01a0692f-2ed8-710e-af09-6ef1f2dfbe14,industrial packing,completed,yam,yam_0_61,35.5,yinli,good,,,prod,2026-09-03 21:33:20.891335+00:00,2026-09-04 01:26:52.955962+00:00,/nfs/data/sz_34/20260903/episode_20260903_213135_000_2d80d384.npy.mp4
01a0692f-c730-7f22-86db-1272169e9b9c,industrial packing,completed,yam,yam_0_61,39.7,yinli,good,,,prod,2026-09-03 21:34:06.162552+00:00,2026-09-04 01:26:52.746535+00:00,/nfs/data/sz_34/20260903/episode_20260903_213214_000_59b923c7.npy.mp4
01a06930-7310-7c0a-a575-cc57c13b2188,industrial packing,completed,yam,yam_0_61,35.2,yinli,good,,,prod,2026-09-03 21:34:40.435721+00:00,2026-09-04 01:26:52.193182+00:00,/nfs/data/sz_34/20260903/episode_20260903_213258_000_b473ce5d.npy.mp4
01a06931-0b68-7b2a-8366-ee7c5a796214,industrial packing,completed,yam,yam_0_61,43.3,yinli,good,,,prod,2026-09-03 21:35:30.711907+00:00,2026-09-04 01:26:52.039016+00:00,/nfs/data/sz_34/20260903/episode_20260903_213337_000_668e4b8d.npy.mp4
01a06931-bf18-7d29-8d55-7e869a827a84,industrial packing,completed,yam,yam_0_61,38.4,yinli,good,,,prod,2026-09-03 21:36:10.962774+00:00,2026-09-04 01:26:51.841886+00:00,/nfs/data/sz_34/20260903/episode_20260903_213423_000_c87922f3.npy.mp4
01a06932-6328-7340-a3f4-3de073e8eba8,industrial packing,completed,yam,yam_0_61,42.0,yinli,good,,,prod,2026-09-03 21:36:56.210500+00:00,2026-09-04 01:26:51.717030+00:00,/nfs/data/sz_34/20260903/episode_20260903_213505_000_408a36dc.npy.mp4
01a06933-16d8-762a-9b74-3cd989541013,industrial packing,completed,yam,yam_0_61,42.6,yinli,good,,,prod,2026-09-03 21:37:40.481108+00:00,2026-09-04 01:26:51.038011+00:00,/nfs/data/sz_34/20260903/episode_20260903_213551_000_dc6f0c38.npy.mp4
01a06933-ca88-750e-972b-5c511f7a8b4c,industrial packing,completed,yam,yam_0_61,44.7,yinli,good,,,prod,2026-09-03 21:38:31.765658+00:00,2026-09-04 01:26:50.850571+00:00,/nfs/data/sz_34/20260903/episode_20260903_213637_000_999af9b3.npy.mp4
01a06934-8608-7ada-912e-bb828dfefdcf,industrial packing,completed,yam,yam_0_61,38.9,yinli,good,,,prod,2026-09-03 21:39:11.045661+00:00,2026-09-04 01:26:50.724874+00:00,/nfs/data/sz_34/20260903/episode_20260903_213725_000_1d7a53ff.npy.mp4
01a06935-2a18-70d7-b40d-c910f979fad9,industrial packing,completed,yam,yam_0_61,44.5,yinli,good,,,prod,2026-09-03 21:40:01.308419+00:00,2026-09-04 01:26:50.058665+00:00,/nfs/data/sz_34/20260903/episode_20260903_213807_000_18f18cda.npy.mp4
01a06935-e598-751b-8e20-0e868ea653b7,industrial packing,completed,yam,yam_0_61,40.6,yinli,good,,,prod,2026-09-03 21:40:46.564673+00:00,2026-09-04 01:26:49.861241+00:00,/nfs/data/sz_34/20260903/episode_20260903_213855_000_4bcd0fb3.npy.mp4
01a06936-9560-7ec1-ad88-819715ae01e6,industrial packing,completed,yam,yam_0_61,41.0,yinli,good,,,prod,2026-09-03 21:41:31.840445+00:00,2026-09-04 01:26:49.736069+00:00,/nfs/data/sz_34/20260903/episode_20260903_213940_000_26b9d91c.npy.mp4
01a06937-4910-78fa-abfe-c8801cb189d4,industrial packing,completed,yam,yam_0_61,44.4,yinli,good,,,prod,2026-09-03 21:42:22.523400+00:00,2026-09-04 01:26:49.091078+00:00,/nfs/data/sz_34/20260903/episode_20260903_214026_000_997376d9.npy.mp4
01a06938-0490-714f-b99c-37aea2401273,industrial packing,completed,yam,yam_0_61,42.0,yinli,good,,,prod,2026-09-03 21:43:07.880049+00:00,2026-09-04 01:26:48.872655+00:00,/nfs/data/sz_34/20260903/episode_20260903_214114_000_8f7fb085.npy.mp4
01a06938-b840-79a3-b1fd-022b26bda0b4,industrial packing,completed,yam,yam_0_61,37.4,yinli,good,,,prod,2026-09-03 21:43:47.117852+00:00,2026-09-04 01:27:13.440595+00:00,/nfs/data/sz_34/20260903/episode_20260903_214200_000_05473173.npy.mp4
01a06939-5868-7323-9638-2399e8b04a5a,industrial packing,completed,yam,yam_0_61,40.6,yinli,good,,,prod,2026-09-03 21:44:32.381303+00:00,2026-09-04 01:28:35.365347+00:00,/nfs/data/sz_34/20260903/episode_20260903_214241_000_9de53cb8.npy.mp4
01a0693a-17d0-7c77-9deb-9d51d02f7e03,industrial packing,completed,yam,yam_0_61,35.3,yinli,good,,,prod,2026-09-03 21:45:16.642276+00:00,2026-09-04 01:29:54.080917+00:00,/nfs/data/sz_34/20260903/episode_20260903_214330_000_25f3c71f.npy.mp4
01a0693a-b410-7c1e-ae7f-48a29a347585,industrial packing,completed,yam,yam_0_61,38.7,yinli,good,,,prod,2026-09-03 21:45:56.913393+00:00,2026-09-04 01:31:18.275640+00:00,/nfs/data/sz_34/20260903/episode_20260903_214410_000_ae8316ce.npy.mp4
01a0693b-5ff0-79d2-a901-b96437f274cb,industrial packing,completed,yam,yam_0_61,37.0,yinli,good,,,prod,2026-09-03 21:46:41.173201+00:00,2026-09-04 01:32:31.804856+00:00,/nfs/data/sz_34/20260903/episode_20260903_214454_000_9eb7d1c2.npy.mp4
01a0693b-fc30-75c4-bfd7-e68a9794f5e9,industrial packing,completed,yam,yam_0_61,35.4,yinli,good,,,prod,2026-09-03 21:47:21.422180+00:00,2026-09-04 01:33:32.842268+00:00,/nfs/data/sz_34/20260903/episode_20260903_214534_000_0566296f.npy.mp4
01a0693c-9488-7969-ad92-2b85f9a1e196,industrial packing,completed,yam,yam_0_61,41.3,yinli,good,,,prod,2026-09-03 21:48:05.692833+00:00,2026-09-04 01:34:37.082794+00:00,/nfs/data/sz_34/20260903/episode_20260903_214613_000_929b61e5.npy.mp4
01a0693d-4838-7d42-9f1c-901f13b0b3de,industrial packing,completed,yam,yam_0_61,42.7,yinli,good,,,prod,2026-09-03 21:48:50.959757+00:00,2026-09-04 01:35:56.803334+00:00,/nfs/data/sz_34/20260903/episode_20260903_214659_000_cf3875a2.npy.mp4
01a0693e-03b8-7be4-85d6-c8fd893df590,industrial packing,completed,yam,yam_0_61,40.4,yinli,good,,,prod,2026-09-03 21:49:36.238735+00:00,2026-09-04 01:37:18.478730+00:00,/nfs/data/sz_34/20260903/episode_20260903_214747_000_8eb04982.npy.mp4
01a0693e-af98-711b-8f37-b8b8de167d1d,industrial packing,completed,yam,yam_0_61,38.9,yinli,good,,,prod,2026-09-03 21:50:21.510573+00:00,2026-09-04 01:38:47.198262+00:00,/nfs/data/sz_34/20260903/episode_20260903_214831_000_10a9b435.npy.mp4
01a0693f-5790-7402-a7ce-4f370c9c6ed5,industrial packing,completed,yam,yam_0_61,40.7,yinli,good,,,prod,2026-09-03 21:51:06.782697+00:00,2026-09-04 01:39:59.417538+00:00,/nfs/data/sz_34/20260903/episode_20260903_214914_000_7e49db1a.npy.mp4
01a06940-0370-7e61-be8a-ba0fbf9a1f63,industrial packing,completed,yam,yam_0_61,38.5,yinli,good,,,prod,2026-09-03 21:51:46.054299+00:00,2026-09-04 01:41:08.408017+00:00,/nfs/data/sz_34/20260903/episode_20260903_214958_000_c5215ea9.npy.mp4
01a06940-ab68-7f2c-929a-479a82749e54,industrial packing,completed,yam,yam_0_61,37.1,yinli,good,,,prod,2026-09-03 21:52:26.306344+00:00,2026-09-04 01:42:30.908349+00:00,/nfs/data/sz_34/20260903/episode_20260903_215041_000_c923fe49.npy.mp4
01a06941-4b90-7f15-977d-13f03be7dc9e,industrial packing,completed,yam,yam_0_61,38.6,yinli,good,,,prod,2026-09-03 21:53:10.578804+00:00,2026-09-04 01:43:54.917349+00:00,/nfs/data/sz_34/20260903/episode_20260903_215122_000_ed871b1b.npy.mp4
01a06941-f388-76a2-95e2-d050969ba236,industrial packing,completed,yam,yam_0_61,33.4,yinli,good,,,prod,2026-09-03 21:53:49.836953+00:00,2026-09-04 01:45:07.136107+00:00,/nfs/data/sz_34/20260903/episode_20260903_215205_000_ca1bb97d.npy.mp4
01a06942-8410-785b-abd5-86a6ace0954c,industrial packing,completed,yam,yam_0_61,34.5,yinli,good,,,prod,2026-09-03 21:54:24.103274+00:00,2026-09-04 01:46:14.218111+00:00,/nfs/data/sz_34/20260903/episode_20260903_215242_000_5f6dbc3b.npy.mp4
01a06943-1c68-79e0-b296-5e8f3f06a3a7,industrial packing,completed,yam,yam_0_61,38.1,yinli,good,,,prod,2026-09-03 21:55:09.372778+00:00,2026-09-04 01:47:30.243976+00:00,/nfs/data/sz_34/20260903/episode_20260903_215321_000_20ed7337.npy.mp4
01a06943-bc90-722e-ad60-b623ef012ae9,industrial packing,completed,yam,yam_0_61,40.6,yinli,good,,,prod,2026-09-03 21:55:53.635115+00:00,2026-09-04 01:48:45.067179+00:00,/nfs/data/sz_34/20260903/episode_20260903_215402_000_b850dad7.npy.mp4
01a06944-7040-7656-a16e-6b237692c1f8,industrial packing,completed,yam,yam_0_61,46.8,yinli,good,,,prod,2026-09-03 21:56:44.932754+00:00,2026-09-04 01:50:03.433234+00:00,/nfs/data/sz_34/20260903/episode_20260903_215448_000_534b3eed.npy.mp4
01a06945-3390-784c-9b29-6ea355bf846a,industrial packing,completed,yam,yam_0_61,49.8,yinli,good,,,prod,2026-09-03 21:57:41.207167+00:00,2026-09-04 01:51:26.371356+00:00,/nfs/data/sz_34/20260903/episode_20260903_215538_000_58bbf41c.npy.mp4
01a06946-0298-7007-a770-1496645fb9c1,industrial packing,completed,yam,yam_0_61,42.3,yinli,good,,,prod,2026-09-03 21:58:26.481719+00:00,2026-09-04 01:52:38.681137+00:00,/nfs/data/sz_34/20260903/episode_20260903_215631_000_8ff5d515.npy.mp4
01a06946-ba30-74d4-a4c2-d3709d8a22b3,industrial packing,completed,yam,yam_0_61,40.2,yinli,good,,,prod,2026-09-03 21:59:05.740251+00:00,2026-09-04 01:53:46.521943+00:00,/nfs/data/sz_34/20260903/episode_20260903_215718_000_e71a670d.npy.mp4
01a06947-6610-743d-8064-ffce48e141b5,industrial packing,completed,yam,yam_0_61,46.8,yinli,good,,,prod,2026-09-03 21:59:57.027648+00:00,2026-09-04 01:55:15.340274+00:00,/nfs/data/sz_34/20260903/episode_20260903_215802_000_9d114104.npy.mp4
01a06948-2960-78ef-a9b9-dea67226f8e2,industrial packing,completed,yam,yam_0_61,40.0,yinli,good,,,prod,2026-09-03 22:00:41.290916+00:00,2026-09-04 01:56:41.397740+00:00,/nfs/data/sz_34/20260903/episode_20260903_215852_000_6a5a8996.npy.mp4
01a06948-d540-745e-9220-b0a639a963dd,industrial packing,completed,yam,yam_0_61,43.1,yinli,good,,,prod,2026-09-03 22:01:26.582050+00:00,2026-09-04 01:58:05.096315+00:00,/nfs/data/sz_34/20260903/episode_20260903_215936_000_ce503677.npy.mp4
01a06949-88f0-7b74-a8dd-2b6ecf41868a,industrial packing,completed,yam,yam_0_61,38.8,yinli,good,,,prod,2026-09-03 22:02:11.886385+00:00,2026-09-04 01:59:17.882550+00:00,/nfs/data/sz_34/20260903/episode_20260903_220022_000_c369d583.npy.mp4
01a0694a-38b8-7503-a65a-4c37d90d1f90,industrial packing,completed,yam,yam_0_61,42.8,yinli,good,,,prod,2026-09-03 22:03:02.154541+00:00,2026-09-04 02:01:09.566937+00:00,/nfs/data/sz_34/20260903/episode_20260903_220107_000_93e29547.npy.mp4
01a0694a-ec68-7bb9-b51f-77c3b5e9dafa,industrial packing,completed,yam,yam_0_61,43.7,yinli,good,,,prod,2026-09-03 22:03:47.502674+00:00,2026-09-04 02:02:37.376697+00:00,/nfs/data/sz_34/20260903/episode_20260903_220153_000_66d2aeea.npy.mp4
01a0694b-abd0-78db-abb3-5444b1914f35,industrial packing,completed,yam,yam_0_61,46.2,yinli,good,,,prod,2026-09-03 22:04:36.829448+00:00,2026-09-04 02:04:50.172803+00:00,/nfs/data/sz_34/20260903/episode_20260903_220242_000_c51c8555.npy.mp4
01a0694c-7ad8-702c-9d9a-74fc72b7ef5d,industrial packing,completed,yam,yam_0_61,39.0,yinli,good,,,prod,2026-09-03 22:05:22.084463+00:00,2026-09-04 02:06:47.458192+00:00,/nfs/data/sz_34/20260903/episode_20260903_220335_000_2b5c1ab4.npy.mp4
01a0694d-3270-76ed-8ae5-c089b2810377,industrial packing,completed,yam,yam_0_61,37.9,yinli,good,,,prod,2026-09-03 22:06:11.347139+00:00,2026-09-04 02:08:41.188325+00:00,/nfs/data/sz_34/20260903/episode_20260903_220422_000_21b64b57.npy.mp4
01a0694d-e238-7e92-871c-f54b46377c0c,industrial packing,completed,yam,yam_0_61,44.1,yinli,good,,,prod,2026-09-03 22:07:01.731256+00:00,2026-09-04 02:10:15.217445+00:00,/nfs/data/sz_34/20260903/episode_20260903_220507_000_4789dcfd.npy.mp4
01a0694e-99d0-7889-9556-b8bbfaddc5e2,industrial packing,completed,yam,yam_0_61,43.6,yinli,good,,,prod,2026-09-03 22:07:46.982113+00:00,2026-09-04 02:11:48.074049+00:00,/nfs/data/sz_34/20260903/episode_20260903_220554_000_8bcb34ba.npy.mp4
01a0694f-5550-795f-9e9d-d990f51fc05c,industrial packing,completed,yam,yam_0_61,43.7,yinli,good,,,prod,2026-09-03 22:08:38.263654+00:00,2026-09-04 02:13:41.099879+00:00,/nfs/data/sz_34/20260903/episode_20260903_220642_000_7cc6c370.npy.mp4
01a06950-0ce8-7e42-9ac9-3b120b385bb6,industrial packing,completed,yam,yam_0_61,44.3,yinli,good,,,prod,2026-09-03 22:09:23.792816+00:00,2026-09-04 02:15:32.656239+00:00,/nfs/data/sz_34/20260903/episode_20260903_220729_000_6fb6f9e2.npy.mp4
01a06950-c480-7aa2-9cac-1d57af7b6d58,industrial packing,completed,yam,yam_0_61,43.2,yinli,good,,,prod,2026-09-03 22:10:08.196258+00:00,2026-09-04 02:17:08.960268+00:00,/nfs/data/sz_34/20260903/episode_20260903_220816_000_f5e07975.npy.mp4
01a06951-7c18-749c-8db2-97e7057d282c,industrial packing,completed,yam,yam_0_61,41.4,yinli,good,,,prod,2026-09-03 22:10:53.550638+00:00,2026-09-04 02:18:34.397077+00:00,/nfs/data/sz_34/20260903/episode_20260903_220903_000_4b223353.npy.mp4
01a06952-2be0-78a5-98ca-32836f4ad40c,industrial packing,completed,yam,yam_0_61,44.3,yinli,good,,,prod,2026-09-03 22:11:43.826607+00:00,2026-09-04 02:20:00.281496+00:00,/nfs/data/sz_34/20260903/episode_20260903_220948_000_e757cfcb.npy.mp4
01a06952-e760-74fd-bc2a-70896425e29d,industrial packing,completed,yam,yam_0_61,43.3,yinli,good,,,prod,2026-09-03 22:12:30.108924+00:00,2026-09-04 02:21:28.511086+00:00,/nfs/data/sz_34/20260903/episode_20260903_221036_000_05a2af8a.npy.mp4
01a06953-9ef8-78ee-85d1-1dbe6188bfde,industrial packing,completed,yam,yam_0_61,42.0,yinli,good,,,prod,2026-09-03 22:13:15.367295+00:00,2026-09-04 02:23:51.935159+00:00,/nfs/data/sz_34/20260903/episode_20260903_221123_000_f57a2640.npy.mp4
01a06955-ecd0-7419-914c-2628773bde64,industrial packing,completed,yam,yam_0_61,35.0,yinli,good,,,prod,2026-09-03 22:15:36.706934+00:00,2026-09-04 02:25:05.456248+00:00,/nfs/data/sz_34/20260903/episode_20260903_221354_000_eb05625a.npy.mp4
01a06956-8528-7455-aaf1-ccf1bbb9b28c,industrial packing,completed,yam,yam_0_61,40.7,yinli,good,,,prod,2026-09-03 22:16:21.969875+00:00,2026-09-04 02:26:34.006130+00:00,/nfs/data/sz_34/20260903/episode_20260903_221433_000_f98a167a.npy.mp4
01a06957-34f0-765d-a8de-2365fb268d9c,industrial packing,completed,yam,yam_0_61,35.5,yinli,good,,,prod,2026-09-03 22:17:01.225552+00:00,2026-09-04 02:27:41.717177+00:00,/nfs/data/sz_34/20260903/episode_20260903_221518_000_a14580ce.npy.mp4
01a06957-cd48-74cb-9e8b-218de3665937,industrial packing,completed,yam,yam_0_61,41.2,yinli,good,,,prod,2026-09-03 22:17:46.474196+00:00,2026-09-04 02:29:11.118711+00:00,/nfs/data/sz_34/20260903/episode_20260903_221557_000_e01883f2.npy.mp4
01a06958-7d10-7fcf-9577-f001cec5b0af,industrial packing,completed,yam,yam_0_61,46.7,yinli,good,,,prod,2026-09-03 22:18:36.736129+00:00,2026-09-04 02:31:30.260143+00:00,/nfs/data/sz_34/20260903/episode_20260903_221642_000_62b2e9a2.npy.mp4
01a06959-4060-7112-82c8-dccb495ce386,industrial packing,completed,yam,yam_0_61,48.1,yinli,good,,,prod,2026-09-03 22:19:33.003517+00:00,2026-09-04 02:33:40.743716+00:00,/nfs/data/sz_34/20260903/episode_20260903_221732_000_0ef95252.npy.mp4
01a0695a-0f68-7665-890f-41419f907431,industrial packing,completed,yam,yam_0_61,37.1,yinli,good,,,prod,2026-09-03 22:20:13.276307+00:00,2026-09-04 02:35:29.440129+00:00,/nfs/data/sz_34/20260903/episode_20260903_221825_000_0403cb02.npy.mp4
01a0695a-af90-7085-9823-86381063235c,industrial packing,completed,yam,yam_0_61,40.8,yinli,good,,,prod,2026-09-03 22:20:57.969961+00:00,2026-09-04 02:37:06.992698+00:00,/nfs/data/sz_34/20260903/episode_20260903_221906_000_b8350ee3.npy.mp4
01a0695b-5f58-739d-9569-f5f851a2b4c3,industrial packing,completed,yam,yam_0_61,37.6,yinli,good,,,prod,2026-09-03 22:21:38.287231+00:00,2026-09-04 02:39:07.829536+00:00,/nfs/data/sz_34/20260903/episode_20260903_221951_000_25bd38ac.npy.mp4
01a0695b-ff80-7fd7-bbd7-18751a5f1ef3,industrial packing,completed,yam,yam_0_61,44.1,yinli,good,,,prod,2026-09-03 22:22:28.564176+00:00,2026-09-04 02:41:45.165889+00:00,/nfs/data/sz_34/20260903/episode_20260903_222032_000_b504f64d.npy.mp4
01a0695c-bb00-78d7-930c-bee72c590d2a,industrial packing,completed,yam,yam_0_61,41.3,yinli,good,,,prod,2026-09-03 22:23:13.837398+00:00,2026-09-04 02:43:48.199675+00:00,/nfs/data/sz_34/20260903/episode_20260903_222120_000_246e88cd.npy.mp4
01a0695d-6ac8-7fa1-8f16-28c99e6667e7,industrial packing,completed,yam,yam_0_61,40.7,yinli,good,,,prod,2026-09-03 22:23:54.120106+00:00,2026-09-04 02:45:44.906927+00:00,/nfs/data/sz_34/20260903/episode_20260903_222205_000_fd72a483.npy.mp4
01a0695e-1a90-774a-8c8c-7f8c8e425010,industrial packing,completed,yam,yam_0_61,38.8,yinli,good,,,prod,2026-09-03 22:24:38.372453+00:00,2026-09-04 02:48:00.332565+00:00,/nfs/data/sz_34/20260903/episode_20260903_222250_000_255738c0.npy.mp4
01a0695e-bea0-7c9d-bcfa-b4634cbac89b,industrial packing,completed,yam,yam_0_61,42.1,yinli,good,,,prod,2026-09-03 22:25:23.658007+00:00,2026-09-04 02:49:54.833128+00:00,/nfs/data/sz_34/20260903/episode_20260903_222332_000_56355fbe.npy.mp4
01a0695f-7638-7046-92d8-c22cd9650a68,industrial packing,completed,yam,yam_0_61,41.1,yinli,good,,,prod,2026-09-03 22:26:09.052169+00:00,2026-09-04 02:51:28.141548+00:00,/nfs/data/sz_34/20260903/episode_20260903_222419_000_e7c449d2.npy.mp4
01a06960-2218-714c-aa02-20e3a6ed8d15,industrial packing,completed,yam,yam_0_61,30.3,yinli,good,,,prod,2026-09-03 22:26:42.292835+00:00,2026-09-04 02:52:44.225972+00:00,/nfs/data/sz_34/20260903/episode_20260903_222503_000_daf65e19.npy.mp4
01a06961-2000-7a78-8c1e-c683defbd11d,industrial packing,completed,yam,yam_0_61,42.5,yinli,good,,,prod,2026-09-03 22:28:02.603596+00:00,2026-09-04 02:53:58.470827+00:00,/nfs/data/sz_34/20260903/episode_20260903_222608_000_5463598f.npy.mp4
01a06961-e738-78a2-8241-abc9f8efbe03,industrial packing,completed,yam,yam_0_61,36.4,yinli,good,,,prod,2026-09-03 22:28:47.870922+00:00,2026-09-04 02:55:25.651922+00:00,/nfs/data/sz_34/20260903/episode_20260903_222659_000_beaa0e88.npy.mp4
01a06962-8b48-7dab-8355-ce04f85ea1de,industrial packing,completed,yam,yam_0_61,35.8,yinli,good,,,prod,2026-09-03 22:29:27.143753+00:00,2026-09-04 02:56:55.109471+00:00,/nfs/data/sz_34/20260903/episode_20260903_222741_000_79bfb274.npy.mp4
01a06963-2788-7d9c-9a46-e3dfdea91521,industrial packing,completed,yam,yam_0_61,40.0,yinli,good,,,prod,2026-09-03 22:30:12.443043+00:00,2026-09-04 02:58:41.598664+00:00,/nfs/data/sz_34/20260903/episode_20260903_222821_000_a7cd3c42.npy.mp4
01a06963-cf80-775f-b8c9-8c2483d5f59d,industrial packing,completed,yam,yam_0_61,37.6,yinli,good,,,prod,2026-09-03 22:30:51.696323+00:00,2026-09-04 03:00:11.045319+00:00,/nfs/data/sz_34/20260903/episode_20260903_222904_000_db3c0855.npy.mp4
01a06964-7390-7193-8eea-84dbe06314bc,industrial packing,completed,yam,yam_0_61,37.6,yinli,good,,,prod,2026-09-03 22:31:30.998622+00:00,2026-09-04 03:02:05.880110+00:00,/nfs/data/sz_34/20260903/episode_20260903_222946_000_7a0593f8.npy.mp4
01a06965-17a0-7a41-975e-83f0404eaeb1,industrial packing,completed,yam,yam_0_61,39.4,yinli,good,,,prod,2026-09-03 22:32:16.394052+00:00,2026-09-04 03:03:56.689248+00:00,/nfs/data/sz_34/20260903/episode_20260903_223028_000_97aff48b.npy.mp4
01a06965-c380-718e-bfbf-0eb9e5015860,industrial packing,completed,yam,yam_0_61,44.4,yinli,good,,,prod,2026-09-03 22:33:06.727209+00:00,2026-09-04 03:05:09.273313+00:00,/nfs/data/sz_34/20260903/episode_20260903_223112_000_f4eaed60.npy.mp4
01a06966-7f00-739a-a827-964ba13fb92a,industrial packing,completed,yam,yam_0_61,41.6,yinli,good,,,prod,2026-09-03 22:33:52.001483+00:00,2026-09-04 03:06:48.250057+00:00,/nfs/data/sz_34/20260903/episode_20260903_223200_000_7d24464b.npy.mp4
01a06967-32b0-7b50-94f4-b31f44b486f8,industrial packing,completed,yam,yam_0_61,36.4,yinli,good,,,prod,2026-09-03 22:34:32.594030+00:00,2026-09-04 03:08:57.308013+00:00,/nfs/data/sz_34/20260903/episode_20260903_223246_000_63336d34.npy.mp4
01a06967-cef0-75fc-a171-204b0dec8775,industrial packing,completed,yam,yam_0_61,43.7,yinli,good,,,prod,2026-09-03 22:35:21.902328+00:00,2026-09-04 03:11:23.962516+00:00,/nfs/data/sz_34/20260903/episode_20260903_223326_000_d306ec71.npy.mp4
01a06968-8688-7830-9104-41f1f9e67e84,industrial packing,completed,yam,yam_0_61,45.2,yinli,good,,,prod,2026-09-03 22:36:07.173040+00:00,2026-09-04 03:14:13.969949+00:00,/nfs/data/sz_34/20260903/episode_20260903_223413_000_5213134c.npy.mp4
01a06969-45f0-7122-96ba-9a7e437cf3e0,industrial packing,completed,yam,yam_0_61,41.6,yinli,good,,,prod,2026-09-03 22:36:52.457043+00:00,2026-09-04 03:15:51.809818+00:00,/nfs/data/sz_34/20260903/episode_20260903_223502_000_94cf18d1.npy.mp4
01a06969-f5b8-775e-8bd9-ba68b7f9903d,industrial packing,completed,yam,yam_0_61,44.6,yinli,good,,,prod,2026-09-03 22:37:42.749589+00:00,2026-09-04 03:17:39.110246+00:00,/nfs/data/sz_34/20260903/episode_20260903_223547_000_e912f4af.npy.mp4
01a0696a-b520-7789-b000-9e572e3f6de5,industrial packing,completed,yam,yam_0_61,41.2,yinli,good,,,prod,2026-09-03 22:38:28.041165+00:00,2026-09-04 03:19:53.804471+00:00,/nfs/data/sz_34/20260903/episode_20260903_223636_000_98a39b3a.npy.mp4
01a0696b-64e8-7ad2-8792-7c45f8e32d3d,industrial packing,completed,yam,yam_0_61,45.4,yinli,good,,,prod,2026-09-03 22:39:19.330572+00:00,2026-09-04 03:21:44.613817+00:00,/nfs/data/sz_34/20260903/episode_20260903_223721_000_d604b2b1.npy.mp4
01a0696c-2450-7ea3-a08c-c6fb749e1eaf,industrial packing,completed,yam,yam_0_61,42.3,yinli,good,,,prod,2026-09-03 22:40:04.597176+00:00,2026-09-04 03:24:06.259784+00:00,/nfs/data/sz_34/20260903/episode_20260903_223810_000_50128878.npy.mp4
01a0696c-d800-758f-a7d9-6f11fdaae0ca,industrial packing,completed,yam,yam_0_61,41.4,yinli,good,,,prod,2026-09-03 22:40:44.865058+00:00,2026-09-04 03:26:06.290710+00:00,/nfs/data/sz_34/20260903/episode_20260903_223856_000_38adb6ab.npy.mp4
01a0696d-87c8-7eb6-96ab-52f6587d1f44,industrial packing,completed,yam,yam_0_61,42.8,yinli,good,,,prod,2026-09-03 22:41:35.173501+00:00,2026-09-04 03:28:37.968976+00:00,/nfs/data/sz_34/20260903/episode_20260903_223941_000_082dd6fe.npy.mp4
01a0696e-3b78-79cd-931b-a5f28aad258c,industrial packing,completed,yam,yam_0_61,40.9,yinli,good,,,prod,2026-09-03 22:42:19.449442+00:00,2026-09-04 03:30:35.332368+00:00,/nfs/data/sz_34/20260903/episode_20260903_224027_000_02791405.npy.mp4
01a0696e-e758-7e6a-b0d8-f7b70c7eb3b2,industrial packing,completed,yam,yam_0_61,38.3,yinli,good,,,prod,2026-09-03 22:42:59.772502+00:00,2026-09-04 03:31:48.191674+00:00,/nfs/data/sz_34/20260903/episode_20260903_224111_000_a07b58a4.npy.mp4
01a0696f-8b68-7ae9-ae48-94d34e92ed7b,industrial packing,completed,yam,yam_0_61,40.4,yinli,good,,,prod,2026-09-03 22:43:45.263638+00:00,2026-09-04 03:33:20.542641+00:00,/nfs/data/sz_34/20260903/episode_20260903_224153_000_64b50141.npy.mp4
01a06971-3148-7693-9d1b-fe719ced20a7,industrial packing,completed,yam,yam_0_61,28.6,yinli,good,,,prod,2026-09-03 22:45:18.592034+00:00,2026-09-04 03:35:03.314682+00:00,/nfs/data/sz_34/20260903/episode_20260903_224341_000_b229b9f9.npy.mp4
01a06971-ae48-7e1f-8956-ae26fd6b3a8f,industrial packing,completed,yam,yam_0_61,42.9,yinli,good,,,prod,2026-09-03 22:46:08.861549+00:00,2026-09-04 03:36:55.716001+00:00,/nfs/data/sz_34/20260903/episode_20260903_224413_000_aa44936f.npy.mp4
01a06972-65e0-7a16-854e-dfc68f84e502,industrial packing,completed,yam,yam_0_61,33.0,yinli,good,,,prod,2026-09-03 22:46:43.107609+00:00,2026-09-04 03:38:58.236860+00:00,/nfs/data/sz_34/20260903/episode_20260903_224500_000_c3ff8d59.npy.mp4
01a06972-f668-78a3-96ce-5c53b2e4ccb7,industrial packing,completed,yam,yam_0_61,30.9,yinli,good,,,prod,2026-09-03 22:47:17.356811+00:00,2026-09-04 03:40:07.794950+00:00,/nfs/data/sz_34/20260903/episode_20260903_224537_000_85ee14d9.npy.mp4
01a06973-7b38-7ba8-925a-321e384f4440,industrial packing,completed,yam,yam_0_61,40.8,yinli,good,,,prod,2026-09-03 22:48:02.626969+00:00,2026-09-04 03:41:24.715987+00:00,/nfs/data/sz_34/20260903/episode_20260903_224611_000_ba3a8ecf.npy.mp4
01a06974-2b00-7118-9220-5c634672c46f,industrial packing,completed,yam,yam_0_61,37.9,yinli,good,,,prod,2026-09-03 22:48:41.917382+00:00,2026-09-04 03:43:08.371957+00:00,/nfs/data/sz_34/20260903/episode_20260903_224656_000_d497b997.npy.mp4
01a06974-cf10-7de5-9191-cb8495166b1b,industrial packing,completed,yam,yam_0_61,41.6,yinli,good,,,prod,2026-09-03 22:49:27.188464+00:00,2026-09-04 03:45:16.846477+00:00,/nfs/data/sz_34/20260903/episode_20260903_224738_000_a3e46acd.npy.mp4
01a06975-7ed8-7e82-90c7-8bad8b2cee66,industrial packing,completed,yam,yam_0_61,38.6,yinli,good,,,prod,2026-09-03 22:50:11.479234+00:00,2026-09-04 03:46:38.696167+00:00,/nfs/data/sz_34/20260903/episode_20260903_224823_000_2e666490.npy.mp4
01a06976-2ab8-7fb9-9866-2064f75c2931,industrial packing,completed,yam,yam_0_61,38.2,yinli,good,,,prod,2026-09-03 22:50:56.754530+00:00,2026-09-04 03:47:55.252876+00:00,/nfs/data/sz_34/20260903/episode_20260903_224907_000_1ca2d2b4.npy.mp4
01a06976-cec8-7e55-b6e7-5aebb72ae0ba,industrial packing,completed,yam,yam_0_61,34.4,yinli,good,,,prod,2026-09-03 22:51:30.995535+00:00,2026-09-04 03:49:19.506092+00:00,/nfs/data/sz_34/20260903/episode_20260903_224949_000_b29e69cd.npy.mp4
01a06977-6338-7c0c-817d-007a79fbe1f3,industrial packing,completed,yam,yam_0_61,39.1,yinli,good,,,prod,2026-09-03 22:52:16.259476+00:00,2026-09-04 03:51:14.212544+00:00,/nfs/data/sz_34/20260903/episode_20260903_225027_000_e0f12241.npy.mp4
01a06978-0b30-7ca3-93a1-525a6252ec90,industrial packing,completed,yam,yam_0_61,41.5,yinli,good,,,prod,2026-09-03 22:53:01.528105+00:00,2026-09-04 03:52:49.856194+00:00,/nfs/data/sz_34/20260903/episode_20260903_225110_000_faaee78f.npy.mp4
01a06978-bee0-76e6-b70a-d3f7645445f2,industrial packing,completed,yam,yam_0_61,39.5,yinli,good,,,prod,2026-09-03 22:53:46.815882+00:00,2026-09-04 03:54:28.742414+00:00,/nfs/data/sz_34/20260903/episode_20260903_225156_000_3383c9bf.npy.mp4
01a06979-66d8-7486-b886-1c427a726170,industrial packing,completed,yam,yam_0_61,38.1,yinli,good,,,prod,2026-09-03 22:54:26.091255+00:00,2026-09-04 03:55:37.236839+00:00,/nfs/data/sz_34/20260903/episode_20260903_225239_000_7cbca1b2.npy.mp4
01a0697a-0ae8-7e68-86fe-e057604c9fc9,industrial packing,completed,yam,yam_0_61,42.0,yinli,good,,,prod,2026-09-03 22:55:11.359396+00:00,2026-09-04 03:57:02.712754+00:00,/nfs/data/sz_34/20260903/episode_20260903_225321_000_456b241f.npy.mp4
01a0697a-c280-7bc8-9b85-74bd3d23631a,industrial packing,completed,yam,yam_0_61,38.1,yinli,good,,,prod,2026-09-03 22:55:56.645861+00:00,2026-09-04 03:58:51.600919+00:00,/nfs/data/sz_34/20260903/episode_20260903_225408_000_b5ea7df2.npy.mp4
01a0697b-6690-76d7-bae0-88906d6c5975,industrial packing,completed,yam,yam_0_61,34.9,yinli,good,,,prod,2026-09-03 22:56:35.974183+00:00,2026-09-04 04:00:35.952147+00:00,/nfs/data/sz_34/20260903/episode_20260903_225450_000_6f3f60e4.npy.mp4
01a0697c-31b0-7df9-9a9a-728d767c6e9b,industrial packing,completed,yam,yam_0_61,27.8,yinli,good,,,prod,2026-09-03 22:57:19.257056+00:00,2026-09-04 04:02:10.343132+00:00,/nfs/data/sz_34/20260903/episode_20260903_225542_000_f3481457.npy.mp4
01a0697c-aac8-79a0-858c-388285d75065,industrial packing,completed,yam,yam_0_61,31.3,yinli,good,,,prod,2026-09-03 22:57:53.516660+00:00,2026-09-04 04:03:14.333186+00:00,/nfs/data/sz_34/20260903/episode_20260903_225613_000_648731e6.npy.mp4
01a0697d-3768-78a7-a2ce-02681bc0f1b1,industrial packing,completed,yam,yam_0_61,31.0,yinli,good,,,prod,2026-09-03 22:58:26.777897+00:00,2026-09-04 04:04:15.779079+00:00,/nfs/data/sz_34/20260903/episode_20260903_225649_000_e2f083a1.npy.mp4
01a0697d-c020-7436-aca0-d9a19708af03,industrial packing,completed,yam,yam_0_61,33.5,yinli,good,,,prod,2026-09-03 22:59:07.048074+00:00,2026-09-04 04:05:48.318231+00:00,/nfs/data/sz_34/20260903/episode_20260903_225724_000_92bec0c1.npy.mp4
01a0697e-50a8-718d-9d72-c0607a13c6b5,industrial packing,completed,yam,yam_0_61,38.0,yinli,good,,,prod,2026-09-03 22:59:46.305190+00:00,2026-09-04 04:08:02.202569+00:00,/nfs/data/sz_34/20260903/episode_20260903_225801_000_e0ca039d.npy.mp4
01a0697e-f8a0-73a7-828c-89ffed95da9f,industrial packing,completed,yam,yam_0_61,35.4,yinli,good,,,prod,2026-09-03 23:00:30.581920+00:00,2026-09-04 04:09:37.939844+00:00,/nfs/data/sz_34/20260903/episode_20260903_225844_000_680cdd24.npy.mp4
01a0697f-90f8-7416-85e9-9020021ae0b2,industrial packing,completed,yam,yam_0_61,33.5,yinli,good,,,prod,2026-09-03 23:01:04.850879+00:00,2026-09-04 04:11:24.753725+00:00,/nfs/data/sz_34/20260903/episode_20260903_225923_000_7ea5fe9f.npy.mp4
01a06980-2180-7418-b5ea-4b043534cbb1,industrial packing,completed,yam,yam_0_61,33.7,yinli,good,,,prod,2026-09-03 23:01:44.181732+00:00,2026-09-04 04:12:51.855789+00:00,/nfs/data/sz_34/20260903/episode_20260903_230000_000_66954151.npy.mp4
01a06980-b5f0-7253-aa0d-79fc7114381a,industrial packing,completed,yam,yam_0_61,34.9,yinli,good,,,prod,2026-09-03 23:02:23.543477+00:00,2026-09-04 04:13:50.975701+00:00,/nfs/data/sz_34/20260903/episode_20260903_230038_000_f997626a.npy.mp4
01a06981-4a60-79a2-ba3c-559dcdcd55f3,industrial packing,completed,yam,yam_0_61,34.3,yinli,good,,,prod,2026-09-03 23:02:58.813197+00:00,2026-09-04 04:15:15.819279+00:00,/nfs/data/sz_34/20260903/episode_20260903_230116_000_9b6fc7ff.npy.mp4
01a06981-e2b8-750e-896a-042029d7a1ca,industrial packing,completed,yam,yam_0_61,34.6,yinli,good,,,prod,2026-09-03 23:03:38.088050+00:00,2026-09-04 04:16:47.439865+00:00,/nfs/data/sz_34/20260903/episode_20260903_230155_000_f7758161.npy.mp4
01a06982-7728-7583-8bd1-40da82226059,industrial packing,completed,yam,yam_0_61,36.9,yinli,good,,,prod,2026-09-03 23:04:17.334020+00:00,2026-09-04 04:18:50.211344+00:00,/nfs/data/sz_34/20260903/episode_20260903_230233_000_7219e534.npy.mp4
01a06984-0598-7abc-a31b-f32afe735847,industrial packing,completed,yam,yam_0_61,33.7,yinli,good,,,prod,2026-09-03 23:05:57.665176+00:00,2026-09-04 04:21:24.822764+00:00,/nfs/data/sz_34/20260903/episode_20260903_230415_000_91c6e85a.npy.mp4
01a06984-9df0-7bc0-9434-5c190a1ef91b,industrial packing,completed,yam,yam_0_61,35.0,yinli,good,,,prod,2026-09-03 23:06:36.914953+00:00,2026-09-04 04:23:20.293093+00:00,/nfs/data/sz_34/20260903/episode_20260903_230454_000_70a6fb36.npy.mp4
01a06985-3260-7983-ad4b-953c07b05dd0,industrial packing,completed,yam,yam_0_61,28.7,yinli,good,,,prod,2026-09-03 23:07:10.197527+00:00,2026-09-04 04:24:26.432378+00:00,/nfs/data/sz_34/20260903/episode_20260903_230532_000_5f2c1841.npy.mp4
01a06985-bf00-7b1a-b528-3fe6ece9097a,industrial packing,completed,yam,yam_0_61,35.4,yinli,good,,,prod,2026-09-03 23:07:54.481509+00:00,2026-09-04 04:26:19.369628+00:00,/nfs/data/sz_34/20260903/episode_20260903_230608_000_40dff579.npy.mp4
01a06986-5758-7680-89bc-dba0380afec8,industrial packing,completed,yam,yam_0_61,41.1,yinli,good,,,prod,2026-09-03 23:08:40.744369+00:00,2026-09-04 04:28:09.887776+00:00,/nfs/data/sz_34/20260903/episode_20260903_230647_000_d93fd1a8.npy.mp4
01a06987-0720-7f5e-9e0b-9eebf52f8b7a,industrial packing,completed,yam,yam_0_61,35.9,yinli,good,,,prod,2026-09-03 23:09:20.023858+00:00,2026-09-04 04:30:05.881866+00:00,/nfs/data/sz_34/20260903/episode_20260903_230732_000_029a2000.npy.mp4
01a06987-9f78-79b8-a211-837eadf815da,industrial packing,completed,yam,yam_0_61,39.6,yinli,good,,,prod,2026-09-03 23:10:00.292501+00:00,2026-09-04 04:32:11.558550+00:00,/nfs/data/sz_34/20260903/episode_20260903_230811_000_f3ab9d41.npy.mp4
01a06988-4b58-7d08-be8a-f0d754d4627a,industrial packing,completed,yam,yam_0_61,35.2,yinli,good,,,prod,2026-09-03 23:10:39.550439+00:00,2026-09-04 04:33:24.589513+00:00,/nfs/data/sz_34/20260903/episode_20260903_230855_000_dc810c69.npy.mp4
01a06988-e798-7a7a-aead-41a6e2e6b105,industrial packing,completed,yam,yam_0_61,39.1,yinli,good,,,prod,2026-09-03 23:11:23.823703+00:00,2026-09-04 04:35:03.536185+00:00,/nfs/data/sz_34/20260903/episode_20260903_230935_000_19a2d6ec.npy.mp4
01a06989-9378-7bf5-9a2a-8156a1d6d6f6,industrial packing,completed,yam,yam_0_61,40.4,yinli,good,,,prod,2026-09-03 23:12:09.090147+00:00,2026-09-04 04:37:00.694868+00:00,/nfs/data/sz_34/20260903/episode_20260903_231019_000_b2aa6e02.npy.mp4
01a0698a-3f58-7131-bef5-d09493c4f2a9,industrial packing,completed,yam,yam_0_61,37.6,yinli,good,,,prod,2026-09-03 23:12:48.362199+00:00,2026-09-04 04:38:58.242624+00:00,/nfs/data/sz_34/20260903/episode_20260903_231103_000_48256301.npy.mp4
01a0698a-df80-7023-8c5d-9290bd113d97,industrial packing,completed,yam,yam_0_61,39.1,yinli,good,,,prod,2026-09-03 23:13:33.616987+00:00,2026-09-04 04:41:00.619570+00:00,/nfs/data/sz_34/20260903/episode_20260903_231144_000_e8bc9386.npy.mp4
01a0698b-8778-75ae-9b7c-ce7302c0058b,industrial packing,completed,yam,yam_0_61,44.8,yinli,good,,,prod,2026-09-03 23:14:24.886264+00:00,2026-09-04 04:41:59.969607+00:00,/nfs/data/sz_34/20260903/episode_20260903_231227_000_b49f6d2c.npy.mp4
01a0698c-42f8-7be5-b50e-1f198b5d095d,industrial packing,completed,yam,yam_0_61,37.1,yinli,good,,,prod,2026-09-03 23:15:04.147502+00:00,2026-09-04 04:42:55.745262+00:00,/nfs/data/sz_34/20260903/episode_20260903_231315_000_5d0c0fb4.npy.mp4
01a0698c-e320-7f0d-8d67-7c19f5ce6ce0,industrial packing,completed,yam,yam_0_61,44.9,yinli,good,,,prod,2026-09-03 23:15:49.396797+00:00,2026-09-04 04:43:58.579904+00:00,/nfs/data/sz_34/20260903/episode_20260903_231356_000_fc95988d.npy.mp4
01a0698d-a670-7a21-9b65-416d3cc8d78c,industrial packing,completed,yam,yam_0_61,41.3,yinli,good,,,prod,2026-09-03 23:16:43.255625+00:00,2026-09-04 04:45:11.477735+00:00,/nfs/data/sz_34/20260903/episode_20260903_231446_000_0cdf0122.npy.mp4
01a0698e-61f0-74e1-a427-78916b4af61b,industrial packing,completed,yam,yam_0_61,43.1,yinli,good,,,prod,2026-09-03 23:17:24.273854+00:00,2026-09-04 04:46:42.515653+00:00,/nfs/data/sz_34/20260903/episode_20260903_231534_000_aa74f113.npy.mp4
01a0698f-1988-7fec-8c8c-f4d779d40b81,industrial packing,completed,yam,yam_0_61,37.0,yinli,good,,,prod,2026-09-03 23:18:09.581293+00:00,2026-09-04 04:48:06.593255+00:00,/nfs/data/sz_34/20260903/episode_20260903_231621_000_04bcebc1.npy.mp4
01a0698f-b9b0-7dc0-9a17-5c4679515b06,industrial packing,completed,yam,yam_0_61,34.6,yinli,good,,,prod,2026-09-03 23:18:43.830279+00:00,2026-09-04 04:49:28.541329+00:00,/nfs/data/sz_34/20260903/episode_20260903_231702_000_04d7bd11.npy.mp4
01a06990-5208-7786-8579-041aced62551,industrial packing,completed,yam,yam_0_61,32.9,yinli,good,,,prod,2026-09-03 23:19:23.099935+00:00,2026-09-04 04:50:55.012095+00:00,/nfs/data/sz_34/20260903/episode_20260903_231741_000_6ac02194.npy.mp4
01a06990-dea8-7413-ba19-90a12eae222a,industrial packing,completed,yam,yam_0_61,40.6,yinli,good,,,prod,2026-09-03 23:20:07.379084+00:00,2026-09-04 04:52:46.815774+00:00,/nfs/data/sz_34/20260903/episode_20260903_231817_000_655fa7d1.npy.mp4
01a06991-8a88-76b1-ba58-11e3e19584b6,industrial packing,completed,yam,yam_0_61,35.7,yinli,good,,,prod,2026-09-03 23:20:47.652131+00:00,2026-09-04 04:54:56.331682+00:00,/nfs/data/sz_34/20260903/episode_20260903_231901_000_aed3f1ff.npy.mp4
01a06992-2e98-7916-a980-00e7401e60c8,industrial packing,completed,yam,yam_0_61,37.2,yinli,good,,,prod,2026-09-03 23:21:31.910623+00:00,2026-09-04 04:57:03.661943+00:00,/nfs/data/sz_34/20260903/episode_20260903_231943_000_97b51c19.npy.mp4
01a06992-d690-7c5f-a1ef-fb4b1740b641,industrial packing,completed,yam,yam_0_61,35.7,yinli,good,,,prod,2026-09-03 23:22:11.155675+00:00,2026-09-04 04:58:52.435836+00:00,/nfs/data/sz_34/20260903/episode_20260903_232026_000_d565b30c.npy.mp4
01a06993-9210-7369-92d5-006172cc4a39,industrial packing,completed,yam,yam_0_61,37.7,yinli,good,,,prod,2026-09-03 23:23:00.431964+00:00,2026-09-04 05:00:53.438767+00:00,/nfs/data/sz_34/20260903/episode_20260903_232114_000_31624d24.npy.mp4
01a06994-3620-7843-940e-d6c544df5752,industrial packing,completed,yam,yam_0_61,31.1,yinli,good,,,prod,2026-09-03 23:23:34.661926+00:00,2026-09-04 05:02:15.381899+00:00,/nfs/data/sz_34/20260903/episode_20260903_232156_000_cff923bb.npy.mp4
01a06994-c2c0-7e71-bb97-cb39b5de42ae,industrial packing,completed,yam,yam_0_61,38.5,yinli,good,,,prod,2026-09-03 23:24:18.920983+00:00,2026-09-04 05:04:09.456827+00:00,/nfs/data/sz_34/20260903/episode_20260903_232232_000_5baee5cd.npy.mp4
01a06995-66d0-701b-83fa-e50d10054120,industrial packing,completed,yam,yam_0_61,37.5,yinli,good,,,prod,2026-09-03 23:24:59.191279+00:00,2026-09-04 05:06:31.573195+00:00,/nfs/data/sz_34/20260903/episode_20260903_232314_000_d5392fc6.npy.mp4
01a06996-0ec8-7f11-b9b2-fe51aa3c05de,industrial packing,completed,yam,yam_0_61,35.2,yinli,good,,,prod,2026-09-03 23:25:43.494244+00:00,2026-09-04 05:07:54.566913+00:00,/nfs/data/sz_34/20260903/episode_20260903_232357_000_7582bb18.npy.mp4
01a06996-ab08-7a25-997a-e6a83d721b2c,industrial packing,completed,yam,yam_0_61,37.2,yinli,good,,,prod,2026-09-03 23:26:22.825841+00:00,2026-09-04 05:09:30.157891+00:00,/nfs/data/sz_34/20260903/episode_20260903_232437_000_ddcc2d37.npy.mp4
01a06997-4f18-760e-9e3c-42ee7eccc641,industrial packing,completed,yam,yam_0_61,37.3,yinli,good,,,prod,2026-09-03 23:27:07.122078+00:00,2026-09-04 05:11:23.256883+00:00,/nfs/data/sz_34/20260903/episode_20260903_232519_000_e2c685d3.npy.mp4
01a06997-ef40-7249-9b23-8482f12f3e6d,industrial packing,completed,yam,yam_0_61,39.0,yinli,good,,,prod,2026-09-03 23:27:47.677682+00:00,2026-09-04 05:12:53.058873+00:00,/nfs/data/sz_34/20260903/episode_20260903_232600_000_2741411d.npy.mp4
01a06998-9738-7854-8512-789d1c01673f,industrial packing,completed,yam,yam_0_61,40.5,yinli,good,,,prod,2026-09-03 23:28:32.013686+00:00,2026-09-04 05:14:19.043393+00:00,/nfs/data/sz_34/20260903/episode_20260903_232643_000_8f8d00eb.npy.mp4
01a06999-4318-7bea-a7db-1bbb95694844,industrial packing,completed,yam,yam_0_61,43.5,yinli,good,,,prod,2026-09-03 23:29:23.287220+00:00,2026-09-04 05:15:50.543502+00:00,/nfs/data/sz_34/20260903/episode_20260903_232727_000_e49decaf.npy.mp4
01a06999-fab0-7c0c-84f9-a94db00f7ba9,industrial packing,completed,yam,yam_0_61,44.2,yinli,good,,,prod,2026-09-03 23:30:08.611190+00:00,2026-09-04 05:17:40.734167+00:00,/nfs/data/sz_34/20260903/episode_20260903_232814_000_bf8617fb.npy.mp4
01a0699a-b630-7a45-adf3-512e1ed404a3,industrial packing,completed,yam,yam_0_61,38.4,yinli,good,,,prod,2026-09-03 23:30:47.870069+00:00,2026-09-04 05:19:46.892647+00:00,/nfs/data/sz_34/20260903/episode_20260903_232902_000_cda7f09b.npy.mp4
01a0699b-5a40-7e7a-b483-aa41d33c2eb6,industrial packing,completed,yam,yam_0_61,35.9,yinli,good,,,prod,2026-09-03 23:31:27.132882+00:00,2026-09-04 05:21:26.278049+00:00,/nfs/data/sz_34/20260903/episode_20260903_232944_000_b59b9d6e.npy.mp4
01a0699b-f680-759c-8b5b-7792fd6c9d4f,industrial packing,completed,yam,yam_0_61,34.7,yinli,good,,,prod,2026-09-03 23:32:06.397761+00:00,2026-09-04 05:22:55.776297+00:00,/nfs/data/sz_34/20260903/episode_20260903_233024_000_454bad4c.npy.mp4
01a0699c-8ed8-719d-8352-a9379cfe17cc,industrial packing,completed,yam,yam_0_61,32.7,yinli,good,,,prod,2026-09-03 23:32:45.657503+00:00,2026-09-04 05:24:31.136087+00:00,/nfs/data/sz_34/20260903/episode_20260903_233103_000_f418450d.npy.mp4
01a0699d-1f60-7490-8d43-c2ca00008d76,industrial packing,completed,yam,yam_0_61,31.9,yinli,good,,,prod,2026-09-03 23:33:19.994278+00:00,2026-09-04 05:25:59.980653+00:00,/nfs/data/sz_34/20260903/episode_20260903_233140_000_bedbc966.npy.mp4
01a0699d-ac00-7c7e-8027-3d03344c7a3e,industrial packing,completed,yam,yam_0_61,36.9,yinli,good,,,prod,2026-09-03 23:34:04.459783+00:00,2026-09-04 05:27:34.452890+00:00,/nfs/data/sz_34/20260903/episode_20260903_233216_000_d6e74621.npy.mp4
01a0699e-53f8-769f-8364-e31b102ebd53,industrial packing,completed,yam,yam_0_61,36.1,yinli,good,,,prod,2026-09-03 23:34:43.736146+00:00,2026-09-04 05:28:53.585345+00:00,/nfs/data/sz_34/20260903/episode_20260903_233259_000_2aa798d1.npy.mp4
01a0699f-0f78-7195-9708-898bcaedf9da,industrial packing,completed,yam,yam_0_61,27.8,yinli,good,,,prod,2026-09-03 23:35:23.698776+00:00,2026-09-04 05:30:10.677866+00:00,/nfs/data/sz_34/20260903/episode_20260903_233347_000_8a30e87d.npy.mp4
01a0699f-9830-752d-a2d7-73711505f354,industrial packing,completed,yam,yam_0_61,32.8,yinli,good,,,prod,2026-09-03 23:36:01.157814+00:00,2026-09-04 05:31:52.530536+00:00,/nfs/data/sz_34/20260903/episode_20260903_233422_000_e52aae49.npy.mp4
01a069a0-3088-7b81-baf3-9838946f3d3e,industrial packing,completed,yam,yam_0_61,34.2,yinli,good,,,prod,2026-09-03 23:36:45.489809+00:00,2026-09-04 05:34:00.059899+00:00,/nfs/data/sz_34/20260903/episode_20260903_233501_000_2c73b5ff.npy.mp4
01a069a0-c8e0-774d-8fa9-dd95bf1a3497,industrial packing,completed,yam,yam_0_61,36.1,yinli,good,,,prod,2026-09-03 23:37:24.752805+00:00,2026-09-04 05:36:33.224626+00:00,/nfs/data/sz_34/20260903/episode_20260903_233540_000_1428a059.npy.mp4
01a069a1-6908-7edc-af25-907407c1ce48,industrial packing,completed,yam,yam_0_61,38.4,yinli,good,,,prod,2026-09-03 23:38:10.017624+00:00,2026-09-04 05:38:42.376799+00:00,/nfs/data/sz_34/20260903/episode_20260903_233621_000_66ffac1a.npy.mp4
01a069a2-0d18-79a1-a219-575384fafb66,industrial packing,completed,yam,yam_0_61,33.3,yinli,good,,,prod,2026-09-03 23:38:44.267761+00:00,2026-09-04 05:40:58.329529+00:00,/nfs/data/sz_34/20260903/episode_20260903_233703_000_a1620e60.npy.mp4
01a069a2-9da0-7c8f-87fa-d244c6aeeef8,industrial packing,completed,yam,yam_0_61,36.0,yinli,good,,,prod,2026-09-03 23:39:23.513797+00:00,2026-09-04 05:43:29.481693+00:00,/nfs/data/sz_34/20260903/episode_20260903_233740_000_e3ff9ca4.npy.mp4
01a069a3-3dc8-7f30-a37b-b402e03e7e42,industrial packing,completed,yam,yam_0_61,35.5,yinli,good,,,prod,2026-09-03 23:40:07.775051+00:00,2026-09-04 05:45:24.791710+00:00,/nfs/data/sz_34/20260903/episode_20260903_233821_000_cc14c70d.npy.mp4
01a069a3-e5c0-7671-a8c3-cc1210469295,industrial packing,completed,yam,yam_0_61,38.4,yinli,good,,,prod,2026-09-03 23:40:52.046408+00:00,2026-09-04 05:47:38.788144+00:00,/nfs/data/sz_34/20260903/episode_20260903_233904_000_96aca250.npy.mp4
01a069a4-91a0-740c-8fae-00ac2ec4b27e,industrial packing,completed,yam,yam_0_61,31.1,yinli,good,,,prod,2026-09-03 23:41:26.301128+00:00,2026-09-04 05:50:22.983302+00:00,/nfs/data/sz_34/20260903/episode_20260903_233948_000_05de8572.npy.mp4
01a069a5-2228-790d-96b5-1934e590a873,industrial packing,completed,yam,yam_0_61,34.4,yinli,good,,,prod,2026-09-03 23:42:10.560906+00:00,2026-09-04 05:52:26.564307+00:00,/nfs/data/sz_34/20260903/episode_20260903_234025_000_2c1fb35d.npy.mp4
01a069a5-be68-79e1-b3ad-fbfdf87104cd,industrial packing,completed,yam,yam_0_61,33.6,yinli,good,,,prod,2026-09-03 23:42:49.820163+00:00,2026-09-04 05:53:34.262540+00:00,/nfs/data/sz_34/20260903/episode_20260903_234105_000_77ba11df.npy.mp4
01a069a6-52d8-7c10-a502-1102ef939634,industrial packing,completed,yam,yam_0_61,28.3,yinli,good,,,prod,2026-09-03 23:43:18.054634+00:00,2026-09-04 05:54:52.595080+00:00,/nfs/data/sz_34/20260903/episode_20260903_234143_000_c5d43aca.npy.mp4
01a069a6-d7a8-7594-8bc3-5d89dc8865d5,industrial packing,completed,yam,yam_0_61,32.0,yinli,good,,,prod,2026-09-03 23:43:57.311797+00:00,2026-09-04 05:57:23.941572+00:00,/nfs/data/sz_34/20260903/episode_20260903_234217_000_c60a12a7.npy.mp4
01a069a8-2798-78e5-aac3-6b28345b3bd2,industrial packing,completed,yam,yam_0_61,33.5,yinli,good,,,prod,2026-09-03 23:45:26.621976+00:00,2026-09-04 05:59:09.393724+00:00,/nfs/data/sz_34/20260903/episode_20260903_234343_000_02a52761.npy.mp4
01a069a8-b820-74c8-b204-2f89be5e5c26,industrial packing,completed,yam,yam_0_61,33.8,yinli,good,,,prod,2026-09-03 23:45:59.875914+00:00,2026-09-04 06:01:10.105607+00:00,/nfs/data/sz_34/20260903/episode_20260903_234420_000_9f279474.npy.mp4
01a069a9-5c30-787f-ba74-a651645c86f3,industrial packing,completed,yam,yam_0_61,37.0,yinli,good,,,prod,2026-09-03 23:46:50.146327+00:00,2026-09-04 06:02:40.638454+00:00,/nfs/data/sz_34/20260903/episode_20260903_234502_000_1fb7acc2.npy.mp4
01a069a9-fc58-7f5a-aa1e-146049928a41,industrial packing,completed,yam,yam_0_61,33.6,yinli,good,,,prod,2026-09-03 23:47:24.384676+00:00,2026-09-04 06:04:12.181593+00:00,/nfs/data/sz_34/20260903/episode_20260903_234543_000_ab105244.npy.mp4
01a069aa-90c8-7e6e-a05c-1a93df76f74e,industrial packing,completed,yam,yam_0_61,31.7,yinli,good,,,prod,2026-09-03 23:48:03.639443+00:00,2026-09-04 06:05:44.197583+00:00,/nfs/data/sz_34/20260903/episode_20260903_234621_000_fa60668e.npy.mp4
01a069ab-1980-7ec6-9aef-fda9ec3061a0,industrial packing,completed,yam,yam_0_61,33.8,yinli,good,,,prod,2026-09-03 23:48:37.905072+00:00,2026-09-04 06:07:27.699790+00:00,/nfs/data/sz_34/20260903/episode_20260903_234656_000_3a6badc2.npy.mp4
01a069ab-b5c0-7ad6-a334-ca471ea42e0d,industrial packing,completed,yam,yam_0_61,32.3,yinli,good,,,prod,2026-09-03 23:49:16.219954+00:00,2026-09-04 06:08:54.773549+00:00,/nfs/data/sz_34/20260903/episode_20260903_234736_000_3faccfc8.npy.mp4
01a069ac-4648-7da7-9c25-0d446d3c1dd0,industrial packing,completed,yam,yam_0_61,35.3,yinli,good,,,prod,2026-09-03 23:49:55.478723+00:00,2026-09-04 06:10:51.320386+00:00,/nfs/data/sz_34/20260903/episode_20260903_234813_000_847ed0b6.npy.mp4
01a069ac-dea0-718d-a4ee-db45971826c0,industrial packing,completed,yam,yam_0_61,33.1,yinli,good,,,prod,2026-09-03 23:50:35.753798+00:00,2026-09-04 06:12:45.332619+00:00,/nfs/data/sz_34/20260903/episode_20260903_234852_000_09529c3e.npy.mp4
01a069ad-6f28-7864-b85e-55ac4d2ed103,industrial packing,completed,yam,yam_0_61,32.6,yinli,good,,,prod,2026-09-03 23:51:09.000642+00:00,2026-09-04 06:14:05.580199+00:00,/nfs/data/sz_34/20260903/episode_20260903_234929_000_11a166e8.npy.mp4
01a069ae-0f50-7b98-ac86-d3833d589572,industrial packing,completed,yam,yam_0_61,33.8,yinli,good,,,prod,2026-09-03 23:51:53.283572+00:00,2026-09-04 06:15:11.060498+00:00,/nfs/data/sz_34/20260903/episode_20260903_235010_000_e65d435f.npy.mp4
01a069ae-9fd8-7184-a477-637456ed95cd,industrial packing,completed,yam,yam_0_61,34.2,yinli,good,,,prod,2026-09-03 23:52:27.534898+00:00,2026-09-04 06:17:22.571242+00:00,/nfs/data/sz_34/20260903/episode_20260903_235047_000_8cdaa28c.npy.mp4
01a069af-3830-74db-99f6-977f30548850,industrial packing,completed,yam,yam_0_61,37.9,yinli,good,,,prod,2026-09-03 23:53:12.824347+00:00,2026-09-04 06:19:47.572626+00:00,/nfs/data/sz_34/20260903/episode_20260903_235126_000_b9a6a916.npy.mp4
01a069af-d858-723d-bc56-6c1f4872e3b1,industrial packing,completed,yam,yam_0_61,34.0,yinli,good,,,prod,2026-09-03 23:53:52.062447+00:00,2026-09-04 06:21:40.163385+00:00,/nfs/data/sz_34/20260903/episode_20260903_235207_000_52bd3818.npy.mp4
01a069b0-6cc8-7c89-950a-67c02431330e,industrial packing,completed,yam,yam_0_61,39.0,yinli,good,,,prod,2026-09-03 23:54:31.303253+00:00,2026-09-04 06:23:24.072755+00:00,/nfs/data/sz_34/20260903/episode_20260903_235245_000_12015ecf.npy.mp4
01a069b2-0308-7e68-85d9-4b88b916f420,industrial packing,completed,yam,yam_0_61,27.3,yinli,good,,,prod,2026-09-03 23:56:06.619244+00:00,2026-09-04 06:24:42.711978+00:00,/nfs/data/sz_34/20260903/episode_20260903_235429_000_b1263cc1.npy.mp4
01a069b2-8fa8-7abb-bbc0-ca741fac2be1,industrial packing,completed,yam,yam_0_61,33.9,yinli,good,,,prod,2026-09-03 23:56:45.877676+00:00,2026-09-04 06:26:11.974650+00:00,/nfs/data/sz_34/20260903/episode_20260903_235505_000_2654ad6b.npy.mp4
01a069b3-2be8-7890-a81d-ded92b9e1dcf,industrial packing,completed,yam,yam_0_61,38.8,yinli,good,,,prod,2026-09-03 23:57:36.148125+00:00,2026-09-04 06:27:20.659352+00:00,/nfs/data/sz_34/20260903/episode_20260903_235545_000_da74d0b1.npy.mp4
01a069b3-d3e0-7e0a-a464-9e1b4460459d,industrial packing,completed,yam,yam_0_61,34.8,yinli,good,,,prod,2026-09-03 23:58:10.390895+00:00,2026-09-04 06:28:32.231847+00:00,/nfs/data/sz_34/20260903/episode_20260903_235628_000_52f397e7.npy.mp4
01a069b4-7020-7781-bab7-f332ebae9bd4,industrial packing,completed,yam,yam_0_61,27.4,yinli,good,,,prod,2026-09-03 23:58:43.644290+00:00,2026-09-04 06:30:24.303065+00:00,/nfs/data/sz_34/20260903/episode_20260903_235708_000_924ec967.npy.mp4
01a069b4-e938-769d-8f45-49d1c346c472,industrial packing,completed,yam,yam_0_61,29.3,yinli,good,,,prod,2026-09-03 23:59:17.914448+00:00,2026-09-04 06:32:07.463097+00:00,/nfs/data/sz_34/20260903/episode_20260903_235739_000_51ace222.npy.mp4
01a069b5-c7e0-7c6b-9229-8c0fe4d546d2,industrial packing,completed,yam,yam_0_61,26.2,yinli,good,,,prod,2026-09-04 00:00:08.436132+00:00,2026-09-04 06:34:53.949823+00:00,/nfs/data/sz_34/20260903/episode_20260903_235836_000_44f210e5.npy.mp4
01a069b6-40f8-72dd-b698-f10aa06e59e8,industrial packing,completed,yam,yam_0_61,28.3,yinli,good,,,prod,2026-09-04 00:00:41.743987+00:00,2026-09-04 06:36:20.688032+00:00,/nfs/data/sz_34/20260903/episode_20260903_235907_000_29782562.npy.mp4
01a069b6-bdf8-7b5c-b214-aa49b476c39b,industrial packing,completed,yam,yam_0_61,38.9,yinli,good,,,prod,2026-09-04 00:01:27.026188+00:00,2026-09-04 06:37:55.277700+00:00,/nfs/data/sz_34/20260903/episode_20260903_235939_000_89563b90.npy.mp4
01a069b7-7590-7bfd-ad4c-a0eb4b0b8e38,industrial packing,completed,yam,yam_0_61,30.0,yinli,good,,,prod,2026-09-04 00:02:05.275468+00:00,2026-09-04 06:39:32.705412+00:00,/nfs/data/sz_34/20260904/episode_20260904_000026_000_3beb15a6.npy.mp4
01a069b8-0230-7a49-bc8e-fd9cd0db858d,industrial packing,completed,yam,yam_0_61,23.3,yinli,good,,,prod,2026-09-04 00:02:33.519047+00:00,2026-09-04 06:41:58.731348+00:00,/nfs/data/sz_34/20260904/episode_20260904_000102_000_54cccf36.npy.mp4
01a069b8-6f90-7d93-b29c-054e28404865,industrial packing,completed,yam,yam_0_61,25.9,yinli,good,,,prod,2026-09-04 00:03:01.749601+00:00,2026-09-04 06:43:24.763747+00:00,/nfs/data/sz_34/20260904/episode_20260904_000130_000_f17d0e36.npy.mp4
01a069b8-ec90-7183-b456-22380f8546cb,industrial packing,completed,yam,yam_0_61,26.7,yinli,good,,,prod,2026-09-04 00:03:35.003978+00:00,2026-09-04 06:44:38.091490+00:00,/nfs/data/sz_34/20260904/episode_20260904_000202_000_a68a1824.npy.mp4
01a069b9-65a8-72ab-924d-1be6619d9016,industrial packing,completed,yam,yam_0_61,34.0,yinli,good,,,prod,2026-09-04 00:04:14.249128+00:00,2026-09-04 06:45:45.897898+00:00,/nfs/data/sz_34/20260904/episode_20260904_000233_000_2bbdf186.npy.mp4
01a069b9-f630-7461-a754-bc093a81dcbc,industrial packing,completed,yam,yam_0_61,28.2,yinli,good,,,prod,2026-09-04 00:04:47.487468+00:00,2026-09-04 06:47:21.688709+00:00,/nfs/data/sz_34/20260904/episode_20260904_000310_000_2353beeb.npy.mp4
01a069ba-8aa0-7826-8722-59d63282903c,industrial packing,completed,yam,yam_0_61,31.5,yinli,good,,,prod,2026-09-04 00:05:26.745974+00:00,2026-09-04 06:48:22.173224+00:00,/nfs/data/sz_34/20260904/episode_20260904_000348_000_be44a5a5.npy.mp4
01a069bb-1740-708b-9b78-acfd4cb1535d,industrial packing,completed,yam,yam_0_61,30.6,yinli,good,,,prod,2026-09-04 00:06:05.000774+00:00,2026-09-04 06:50:07.459199+00:00,/nfs/data/sz_34/20260904/episode_20260904_000424_000_46c2bb8e.npy.mp4
01a069bb-af98-7186-b290-5030fecb5ae4,industrial packing,completed,yam,yam_0_61,32.7,yinli,good,,,prod,2026-09-04 00:06:44.261096+00:00,2026-09-04 06:51:28.977887+00:00,/nfs/data/sz_34/20260904/episode_20260904_000503_000_1cbb1e7d.npy.mp4
01a069bc-99f8-703c-bbee-f358c88be323,industrial packing,completed,yam,yam_0_61,25.3,yinli,good,,,prod,2026-09-04 00:07:37.536929+00:00,2026-09-04 06:52:42.162679+00:00,/nfs/data/sz_34/20260904/episode_20260904_000603_000_c7b9bcfb.npy.mp4
01a069bd-0b40-7296-8cd4-32a9a1b61aa2,industrial packing,completed,yam,yam_0_61,33.3,yinli,good,,,prod,2026-09-04 00:08:11.774635+00:00,2026-09-04 06:53:51.174774+00:00,/nfs/data/sz_34/20260904/episode_20260904_000632_000_734884e1.npy.mp4
01a069bd-9bc8-7ca9-bb38-27162851fc6c,industrial packing,completed,yam,yam_0_61,30.6,yinli,good,,,prod,2026-09-04 00:08:45.022841+00:00,2026-09-04 06:54:40.510744+00:00,/nfs/data/sz_34/20260904/episode_20260904_000709_000_7af7a21b.npy.mp4
01a069be-2868-7b4c-85c3-99ef3694cad8,industrial packing,completed,yam,yam_0_61,29.3,yinli,good,,,prod,2026-09-04 00:09:23.277856+00:00,2026-09-04 06:56:03.009196+00:00,/nfs/data/sz_34/20260904/episode_20260904_000745_000_4e6f512b.npy.mp4
01a069be-b8f0-7fe1-afb8-9d68c3f62df6,industrial packing,completed,yam,yam_0_61,26.7,yinli,good,,,prod,2026-09-04 00:09:57.545631+00:00,2026-09-04 06:57:39.357030+00:00,/nfs/data/sz_34/20260904/episode_20260904_000822_000_0fab4fe3.npy.mp4
01a069bf-2e20-790b-b194-458a13eba99f,industrial packing,completed,yam,yam_0_61,28.3,yinli,good,,,prod,2026-09-04 00:10:30.803214+00:00,2026-09-04 06:59:09.580854+00:00,/nfs/data/sz_34/20260904/episode_20260904_000852_000_84417f7e.npy.mp4
01a069bf-af08-7492-b35e-3e7f8b58f94a,industrial packing,completed,yam,yam_0_61,32.8,yinli,good,,,prod,2026-09-04 00:11:05.057928+00:00,2026-09-04 07:01:11.089005+00:00,/nfs/data/sz_34/20260904/episode_20260904_000925_000_b04d3635.npy.mp4
01a069c0-3f90-7534-8aab-df8601534ee4,industrial packing,completed,yam,yam_0_61,30.2,yinli,good,,,prod,2026-09-04 00:11:38.340847+00:00,2026-09-04 07:03:19.002636+00:00,/nfs/data/sz_34/20260904/episode_20260904_001002_000_9aa8b8fe.npy.mp4
01a069c0-c460-7b66-8cae-c6c528672fc0,industrial packing,completed,yam,yam_0_61,25.4,yinli,good,,,prod,2026-09-04 00:12:11.666181+00:00,2026-09-04 07:04:35.709740+00:00,/nfs/data/sz_34/20260904/episode_20260904_001036_000_f898dd6f.npy.mp4
01a069c1-4160-7736-ad88-c9e07e3a7bfb,industrial packing,completed,yam,yam_0_61,25.5,yinli,good,,,prod,2026-09-04 00:12:39.925552+00:00,2026-09-04 07:05:49.556977+00:00,/nfs/data/sz_34/20260904/episode_20260904_001108_000_33d55aff.npy.mp4
01a069c1-ba78-74df-a1c1-29082d059d9c,industrial packing,completed,yam,yam_0_61,30.7,yinli,good,,,prod,2026-09-04 00:13:19.196146+00:00,2026-09-04 07:07:37.270870+00:00,/nfs/data/sz_34/20260904/episode_20260904_001139_000_978d4724.npy.mp4
01a069c2-3f48-7398-8b4b-34eb2dd709f9,industrial packing,completed,yam,yam_0_61,28.1,yinli,good,,,prod,2026-09-04 00:13:47.443297+00:00,2026-09-04 07:09:08.204554+00:00,/nfs/data/sz_34/20260904/episode_20260904_001213_000_fe2c91e4.npy.mp4
01a069e6-26b0-7825-b5eb-ad5fadf02119,industrial packing,completed,yam,yam_0_61,25.4,yinli,good,,,prod,2026-09-04 00:52:59.005823+00:00,2026-09-04 07:10:14.570690+00:00,/nfs/data/sz_34/20260904/episode_20260904_005126_000_25befc0e.npy.mp4
01a069e6-97f8-757f-9456-868bdcb63ce7,industrial packing,completed,yam,yam_0_61,25.1,yinli,good,,,prod,2026-09-04 00:53:27.271283+00:00,2026-09-04 07:11:30.439540+00:00,/nfs/data/sz_34/20260904/episode_20260904_005155_000_913fc5f6.npy.mp4
01a069e7-0940-7559-95ec-cdbbd8c51a22,industrial packing,completed,yam,yam_0_61,21.1,yinli,good,,,prod,2026-09-04 00:53:50.525994+00:00,2026-09-04 07:12:40.829186+00:00,/nfs/data/sz_34/20260904/episode_20260904_005224_000_b245833d.npy.mp4
01a069e7-6700-71a2-960d-c40a276d0520,industrial packing,completed,yam,yam_0_61,22.8,yinli,good,,,prod,2026-09-04 00:54:18.790289+00:00,2026-09-04 07:13:58.376001+00:00,/nfs/data/sz_34/20260904/episode_20260904_005248_000_224a1db1.npy.mp4
01a069e8-2a50-7bd0-b26e-649172f8f392,industrial packing,completed,yam,yam_0_61,21.8,yinli,good,,,prod,2026-09-04 00:55:09.300176+00:00,2026-09-04 07:16:47.874851+00:00,/nfs/data/sz_34/20260904/episode_20260904_005338_000_5995716d.npy.mp4
01a069e8-8fe0-7ca0-988e-656d75b24414,industrial packing,completed,yam,yam_0_61,23.3,yinli,good,,,prod,2026-09-04 00:55:32.540198+00:00,2026-09-04 07:18:28.434109+00:00,/nfs/data/sz_34/20260904/episode_20260904_005404_000_33c624ba.npy.mp4
01a069e8-fd40-7be9-a304-0443b3e527ae,industrial packing,completed,yam,yam_0_61,24.9,yinli,good,,,prod,2026-09-04 00:56:05.781901+00:00,2026-09-04 07:19:59.412767+00:00,/nfs/data/sz_34/20260904/episode_20260904_005432_000_12a6ef96.npy.mp4
01a069e9-6e88-7dd2-8cf1-4b49fab163ac,industrial packing,completed,yam,yam_0_61,23.5,yinli,good,,,prod,2026-09-04 00:56:34.022161+00:00,2026-09-04 07:22:01.413094+00:00,/nfs/data/sz_34/20260904/episode_20260904_005501_000_42a486ab.npy.mp4
01a069e9-d800-7661-97e1-efcfc1b803af,industrial packing,completed,yam,yam_0_61,23.6,yinli,good,,,prod,2026-09-04 00:56:57.250837+00:00,2026-09-04 07:23:21.672134+00:00,/nfs/data/sz_34/20260904/episode_20260904_005528_000_bdc0cc98.npy.mp4
01a069ea-7440-7463-81da-df5fbde6181c,industrial packing,completed,yam,yam_0_61,26.2,yinli,good,,,prod,2026-09-04 00:57:39.551045+00:00,2026-09-04 07:24:48.399497+00:00,/nfs/data/sz_34/20260904/episode_20260904_005608_000_c40660b9.npy.mp4
01a069ea-ed58-74ce-8b49-09676a335aca,industrial packing,completed,yam,yam_0_61,24.3,yinli,good,,,prod,2026-09-04 00:58:07.803974+00:00,2026-09-04 07:26:05.246524+00:00,/nfs/data/sz_34/20260904/episode_20260904_005639_000_aa4e5ac2.npy.mp4
01a069eb-6288-7d8a-8b56-84c3d51349a2,industrial packing,completed,yam,yam_0_61,20.1,yinli,good,,,prod,2026-09-04 00:58:36.055323+00:00,2026-09-04 07:27:15.785982+00:00,/nfs/data/sz_34/20260904/episode_20260904_005709_000_31c34476.npy.mp4
01a069ec-29c0-70fe-906e-54432c6cf5a7,industrial packing,completed,yam,yam_0_61,24.4,yinli,good,,,prod,2026-09-04 00:59:34.357224+00:00,2026-09-04 07:28:44.909693+00:00,/nfs/data/sz_34/20260904/episode_20260904_005800_000_77154ee3.npy.mp4
01a069ec-9720-70f3-a709-1f1682a58cc7,industrial packing,completed,yam,yam_0_61,22.5,yinli,good,,,prod,2026-09-04 00:59:56.671164+00:00,2026-09-04 07:30:31.397473+00:00,/nfs/data/sz_34/20260904/episode_20260904_005828_000_cb9b633f.npy.mp4
01a069ed-0098-79c7-adfe-ea7ea9dc594c,industrial packing,completed,yam,yam_0_61,23.8,yinli,good,,,prod,2026-09-04 01:00:24.891161+00:00,2026-09-04 07:32:53.993050+00:00,/nfs/data/sz_34/20260904/episode_20260904_005855_000_3252bde4.npy.mp4
01a069ed-6df8-7b4b-8666-7d96ab75f3c4,industrial packing,completed,yam,yam_0_61,21.5,yinli,good,,,prod,2026-09-04 01:00:53.181925+00:00,2026-09-04 07:35:00.191075+00:00,/nfs/data/sz_34/20260904/episode_20260904_005923_000_8d1c74a3.npy.mp4
01a069ed-df40-7037-8a8f-a8b33a1e8974,industrial packing,completed,yam,yam_0_61,25.9,yinli,good,,,prod,2026-09-04 01:01:26.429856+00:00,2026-09-04 07:37:12.541372+00:00,/nfs/data/sz_34/20260904/episode_20260904_005952_000_ed12cc68.npy.mp4
01a069ee-5c40-73d0-8cbb-56b38f5063fa,industrial packing,completed,yam,yam_0_61,25.6,yinli,good,,,prod,2026-09-04 01:01:59.663705+00:00,2026-09-04 07:39:24.506861+00:00,/nfs/data/sz_34/20260904/episode_20260904_010024_000_5e1ca1bf.npy.mp4
01a069ee-d170-7c6c-9c0e-b0e52901914e,industrial packing,completed,yam,yam_0_61,30.0,yinli,good,,,prod,2026-09-04 01:02:32.954629+00:00,2026-09-04 07:41:09.046874+00:00,/nfs/data/sz_34/20260904/episode_20260904_010054_000_6c694b4c.npy.mp4
01a069ef-5640-76c6-a630-f54db51aa04a,industrial packing,completed,yam,yam_0_61,22.5,yinli,good,,,prod,2026-09-04 01:02:56.216996+00:00,2026-09-04 07:42:19.342995+00:00,/nfs/data/sz_34/20260904/episode_20260904_010128_000_c040bb9d.npy.mp4
01a069ef-bbd0-71a1-a8c3-e31a42b688b7,industrial packing,completed,yam,yam_0_61,23.8,yinli,good,,,prod,2026-09-04 01:03:24.437682+00:00,2026-09-04 07:43:23.389899+00:00,/nfs/data/sz_34/20260904/episode_20260904_010154_000_dc2837df.npy.mp4
01a069f0-2d18-7c33-b1af-e225c87b0d25,industrial packing,completed,yam,yam_0_61,27.0,yinli,good,,,prod,2026-09-04 01:03:57.678269+00:00,2026-09-04 07:45:01.557893+00:00,/nfs/data/sz_34/20260904/episode_20260904_010223_000_f6b19fb9.npy.mp4
01a069f0-a248-7b02-89cc-303410e5daac,industrial packing,completed,yam,yam_0_61,32.8,yinli,good,,,prod,2026-09-04 01:04:36.915921+00:00,2026-09-04 07:46:41.789058+00:00,/nfs/data/sz_34/20260904/episode_20260904_010253_000_d8db7824.npy.mp4
01a069f1-32d0-7eed-a0a1-aa7d382a9276,industrial packing,completed,yam,yam_0_61,27.8,yinli,good,,,prod,2026-09-04 01:05:06.143814+00:00,2026-09-04 07:48:12.064792+00:00,/nfs/data/sz_34/20260904/episode_20260904_010330_000_2c41fcf0.npy.mp4
01a069f1-b3b8-7666-b73d-7f52ec3a8893,industrial packing,completed,yam,yam_0_61,23.1,yinli,good,,,prod,2026-09-04 01:05:34.372236+00:00,2026-09-04 07:49:51.592292+00:00,/nfs/data/sz_34/20260904/episode_20260904_010403_000_df48f817.npy.mp4
01a069f2-1d30-7c1a-b86b-06ce0f81710f,industrial packing,completed,yam,yam_0_61,22.9,yinli,good,,,prod,2026-09-04 01:06:01.606745+00:00,2026-09-04 07:51:25.824289+00:00,/nfs/data/sz_34/20260904/episode_20260904_010430_000_d828ccf8.npy.mp4
01a069f2-8a90-7264-810f-8a74179453a0,industrial packing,completed,yam,yam_0_61,26.6,yinli,good,,,prod,2026-09-04 01:06:29.860855+00:00,2026-09-04 07:52:50.308190+00:00,/nfs/data/sz_34/20260904/episode_20260904_010458_000_41bd8719.npy.mp4
01a069f3-0790-7421-8d00-8ab0c9574afa,industrial packing,completed,yam,yam_0_61,24.2,yinli,good,,,prod,2026-09-04 01:07:03.116009+00:00,2026-09-04 07:53:57.281805+00:00,/nfs/data/sz_34/20260904/episode_20260904_010530_000_e8690a34.npy.mp4
01a069f3-78d8-726d-afe1-9ace7ef88cb1,industrial packing,completed,yam,yam_0_61,23.6,yinli,good,,,prod,2026-09-04 01:07:31.387769+00:00,2026-09-04 07:55:07.071770+00:00,/nfs/data/sz_34/20260904/episode_20260904_010559_000_47761c12.npy.mp4
01a069f3-ea20-7064-aff3-b01a2ffd0106,industrial packing,completed,yam,yam_0_61,25.6,yinli,good,,,prod,2026-09-04 01:07:59.618042+00:00,2026-09-04 07:56:46.527836+00:00,/nfs/data/sz_34/20260904/episode_20260904_010628_000_2f4a6ad3.npy.mp4
01a069f4-5f50-7ccc-8c4d-8540674a5597,industrial packing,completed,yam,yam_0_61,21.7,yinli,good,,,prod,2026-09-04 01:08:27.863787+00:00,2026-09-04 07:58:45.727060+00:00,/nfs/data/sz_34/20260904/episode_20260904_010658_000_db2506b7.npy.mp4
01a069f4-ff78-75a2-b8d8-316998d69314,industrial packing,completed,yam,yam_0_61,24.2,yinli,good,,,prod,2026-09-04 01:09:11.143010+00:00,2026-09-04 08:01:05.640150+00:00,/nfs/data/sz_34/20260904/episode_20260904_010739_000_d1e7d5ed.npy.mp4
01a069f5-6cd8-79fd-bb69-984785458cde,industrial packing,completed,yam,yam_0_61,24.8,yinli,good,,,prod,2026-09-04 01:09:39.371543+00:00,2026-09-04 08:03:29.689099+00:00,/nfs/data/sz_34/20260904/episode_20260904_010807_000_26995c30.npy.mp4
01a069f5-e9d8-7dc3-b705-4d2ab973af41,industrial packing,completed,yam,yam_0_61,23.0,yinli,good,,,prod,2026-09-04 01:10:06.614395+00:00,2026-09-04 08:04:34.160960+00:00,/nfs/data/sz_34/20260904/episode_20260904_010839_000_1011f211.npy.mp4
01a069f6-4f68-7f09-9162-8e84490175b3,industrial packing,completed,yam,yam_0_61,25.0,yinli,good,,,prod,2026-09-04 01:10:39.846520+00:00,2026-09-04 08:05:45.846260+00:00,/nfs/data/sz_34/20260904/episode_20260904_010905_000_07e4db05.npy.mp4
01a069f7-0ed0-7930-b9a7-bba151469542,industrial packing,completed,yam,yam_0_61,24.4,yinli,good,,,prod,2026-09-04 01:11:28.126312+00:00,2026-09-04 08:06:56.211683+00:00,/nfs/data/sz_34/20260904/episode_20260904_010954_000_c5f94e7c.npy.mp4
01a069f7-93a0-708d-a5c4-36dc19b6cce8,industrial packing,completed,yam,yam_0_61,24.5,yinli,good,,,prod,2026-09-04 01:12:01.403621+00:00,2026-09-04 08:08:03.960936+00:00,/nfs/data/sz_34/20260904/episode_20260904_011028_000_a3c1dd63.npy.mp4
01a069f8-04e8-78af-afc4-c30d7c2bd6c0,industrial packing,completed,yam,yam_0_61,24.3,yinli,good,,,prod,2026-09-04 01:12:29.711119+00:00,2026-09-04 08:09:02.264896+00:00,/nfs/data/sz_34/20260904/episode_20260904_011057_000_b4e7ab4d.npy.mp4
01a069f9-ed30-7654-bd6f-0051ca32c953,industrial packing,completed,yam,yam_0_61,20.6,yinli,good,,,prod,2026-09-04 01:14:32.139132+00:00,2026-09-04 08:12:11.155184+00:00,/nfs/data/sz_34/20260904/episode_20260904_011302_000_4dbdfd2a.npy.mp4
01a069fa-4af0-79a8-b1eb-5ba86c78eb96,industrial packing,completed,yam,yam_0_61,23.4,yinli,good,,,prod,2026-09-04 01:14:55.568938+00:00,2026-09-04 08:13:46.174981+00:00,/nfs/data/sz_34/20260904/episode_20260904_011326_000_c14b56ca.npy.mp4
01a069fa-b850-7516-bdca-b97851067fdb,industrial packing,completed,yam,yam_0_61,25.1,yinli,good,,,prod,2026-09-04 01:15:28.878973+00:00,2026-09-04 08:14:58.478900+00:00,/nfs/data/sz_34/20260904/episode_20260904_011354_000_8aab6089.npy.mp4
01a069fb-25b0-7759-9742-340fc0282174,industrial packing,completed,yam,yam_0_61,22.2,yinli,good,,,prod,2026-09-04 01:15:51.121490+00:00,2026-09-04 08:16:12.939803+00:00,/nfs/data/sz_34/20260904/episode_20260904_011422_000_c84a7f58.npy.mp4
01a069fb-8b40-708a-b83f-868325efd8f6,industrial packing,completed,yam,yam_0_61,23.0,yinli,good,,,prod,2026-09-04 01:16:19.393842+00:00,2026-09-04 08:18:09.357910+00:00,/nfs/data/sz_34/20260904/episode_20260904_011448_000_5123eef9.npy.mp4
01a069fb-f4b8-7dfc-a43c-0a14aa497be5,industrial packing,completed,yam,yam_0_61,23.0,yinli,good,,,prod,2026-09-04 01:16:47.705146+00:00,2026-09-04 08:20:18.937045+00:00,/nfs/data/sz_34/20260904/episode_20260904_011515_000_36f4e23b.npy.mp4
01a069fc-6218-7405-994c-a0168e1aeeeb,industrial packing,completed,yam,yam_0_61,21.2,yinli,good,,,prod,2026-09-04 01:17:10.036690+00:00,2026-09-04 08:21:43.825501+00:00,/nfs/data/sz_34/20260904/episode_20260904_011543_000_9e4852e7.npy.mp4
01a069fc-c7a8-7522-a5dd-4f9455c20770,industrial packing,completed,yam,yam_0_61,21.5,yinli,good,,,prod,2026-09-04 01:17:38.286806+00:00,2026-09-04 08:23:28.821233+00:00,/nfs/data/sz_34/20260904/episode_20260904_011609_000_9ea020b5.npy.mp4
01a069fd-2d38-757b-812a-21999f7adb60,industrial packing,completed,yam,yam_0_61,21.8,yinli,good,,,prod,2026-09-04 01:18:05.525370+00:00,2026-09-04 08:25:33.006886+00:00,/nfs/data/sz_34/20260904/episode_20260904_011635_000_2f8bdfa9.npy.mp4
01a069fd-92c8-75b3-a50d-b1a6bfbc906b,industrial packing,completed,yam,yam_0_61,20.2,yinli,good,,,prod,2026-09-04 01:18:28.789272+00:00,2026-09-04 08:26:53.763605+00:00,/nfs/data/sz_34/20260904/episode_20260904_011701_000_58058e2b.npy.mp4
01a069fd-f470-7580-85c4-83e1d2951bee,industrial packing,completed,yam,yam_0_61,30.0,yinli,good,,,prod,2026-09-04 01:19:02.059069+00:00,2026-09-04 08:28:46.533276+00:00,/nfs/data/sz_34/20260904/episode_20260904_011726_000_c686588c.npy.mp4
01a069fe-7d28-78d6-9683-599a1ded509a,industrial packing,completed,yam,yam_0_61,23.9,yinli,good,,,prod,2026-09-04 01:19:30.327990+00:00,2026-09-04 08:30:28.535123+00:00,/nfs/data/sz_34/20260904/episode_20260904_011801_000_03ea5509.npy.mp4
01a069fe-ea88-7e6d-a4c7-e6cb670d7ff8,industrial packing,completed,yam,yam_0_61,25.2,yinli,good,,,prod,2026-09-04 01:20:03.593085+00:00,2026-09-04 08:32:11.659098+00:00,/nfs/data/sz_34/20260904/episode_20260904_011829_000_6f5c39f9.npy.mp4
01a06a00-0f80-75cc-947f-fbcb3b88788f,industrial packing,completed,yam,yam_0_61,23.2,yinli,good,,,prod,2026-09-04 01:21:15.908870+00:00,2026-09-04 08:34:02.288236+00:00,/nfs/data/sz_34/20260904/episode_20260904_011944_000_9c68a692.npy.mp4
01a06a02-22c0-77d6-8ddb-04d3ebc193ac,industrial packing,completed,yam,yam_0_61,20.9,yinli,good,,,prod,2026-09-04 01:23:29.320660+00:00,2026-09-04 08:35:50.005780+00:00,/nfs/data/sz_34/20260904/episode_20260904_012200_000_fdac611a.npy.mp4
01a06a2d-41d0-7a5b-80e3-42a43b7ba0b2,industrial packing,completed,yam,yam_0_61,31.9,huangrongbo,good,,,prod,2026-09-04 02:10:49.000268+00:00,2026-09-04 08:41:19.123831+00:00,/nfs/data/sz_34/20260904/episode_20260904_020906_000_da98f4fc.npy.mp4
01a06a2d-ce70-7df4-befe-36576ee72755,industrial packing,completed,yam,yam_0_61,29.2,huangrongbo,good,,,prod,2026-09-04 02:11:16.748156+00:00,2026-09-04 08:42:57.742616+00:00,/nfs/data/sz_34/20260904/episode_20260904_020942_000_36dae472.npy.mp4
01a06a2e-4b70-7101-ba49-164c1c849b46,industrial packing,completed,yam,yam_0_61,26.6,huangrongbo,good,,,prod,2026-09-04 02:11:54.802291+00:00,2026-09-04 08:44:58.037362+00:00,/nfs/data/sz_34/20260904/episode_20260904_021014_000_59a668b3.npy.mp4
01a06a2e-c488-7faf-ba00-a9181da5d455,industrial packing,completed,yam,yam_0_61,28.3,huangrongbo,good,,,prod,2026-09-04 02:12:19.505352+00:00,2026-09-04 08:46:49.097128+00:00,/nfs/data/sz_34/20260904/episode_20260904_021045_000_6fd61253.npy.mp4
01a06a2f-4d40-7917-b602-49a29becee9a,industrial packing,completed,yam,yam_0_61,30.7,huangrongbo,good,,,prod,2026-09-04 02:12:58.003707+00:00,2026-09-04 08:48:24.364150+00:00,/nfs/data/sz_34/20260904/episode_20260904_021120_000_9f87ef9b.npy.mp4
01a06a2f-d210-785a-b083-c4aed2951cf0,industrial packing,completed,yam,yam_0_61,30.8,huangrongbo,good,,,prod,2026-09-04 02:13:30.993636+00:00,2026-09-04 08:50:15.623686+00:00,/nfs/data/sz_34/20260904/episode_20260904_021154_000_a7dbebd0.npy.mp4
01a06a30-56e0-77de-a831-9d2cdfaf35ef,industrial packing,completed,yam,yam_0_61,27.3,huangrongbo,good,,,prod,2026-09-04 02:14:04.551020+00:00,2026-09-04 08:51:34.374911+00:00,/nfs/data/sz_34/20260904/episode_20260904_021228_000_2668f514.npy.mp4
01a06a30-df98-7591-b071-4a0ceb3583f3,industrial packing,completed,yam,yam_0_61,31.7,huangrongbo,good,,,prod,2026-09-04 02:14:43.116946+00:00,2026-09-04 08:53:23.780560+00:00,/nfs/data/sz_34/20260904/episode_20260904_021303_000_d11080b9.npy.mp4
01a06a31-6850-7d79-a581-43c0e8fb7a24,industrial packing,completed,yam,yam_0_61,29.6,huangrongbo,good,,,prod,2026-09-04 02:15:16.654841+00:00,2026-09-04 08:55:15.576390+00:00,/nfs/data/sz_34/20260904/episode_20260904_021338_000_9f62aa8f.npy.mp4
01a06a31-e938-7509-a608-194964f00127,industrial packing,completed,yam,yam_0_61,31.8,huangrongbo,good,,,prod,2026-09-04 02:15:50.975782+00:00,2026-09-04 08:57:58.670015+00:00,/nfs/data/sz_34/20260904/episode_20260904_021411_000_eedb037c.npy.mp4
01a06a32-75d8-7d26-b896-ef7b15e64041,industrial packing,completed,yam,yam_0_61,35.0,huangrongbo,good,,,prod,2026-09-04 02:16:29.490266+00:00,2026-09-04 08:59:12.667120+00:00,/nfs/data/sz_34/20260904/episode_20260904_021447_000_51994b9c.npy.mp4
01a06a33-0e30-7d58-ab86-81d341dedc3a,industrial packing,completed,yam,yam_0_61,33.4,huangrongbo,good,,,prod,2026-09-04 02:17:08.785295+00:00,2026-09-04 09:00:55.922783+00:00,/nfs/data/sz_34/20260904/episode_20260904_021526_000_9706fa7a.npy.mp4
01a06a33-9eb8-7a05-af86-07ac79cbd61a,industrial packing,completed,yam,yam_0_61,34.0,huangrongbo,good,,,prod,2026-09-04 02:17:43.062893+00:00,2026-09-04 09:02:10.779624+00:00,/nfs/data/sz_34/20260904/episode_20260904_021603_000_e2e2c2e2.npy.mp4
01a06a34-3328-7e80-9cee-a144db0fa42a,industrial packing,completed,yam,yam_0_61,35.9,huangrongbo,good,,,prod,2026-09-04 02:18:27.365468+00:00,2026-09-04 09:04:20.514301+00:00,/nfs/data/sz_34/20260904/episode_20260904_021641_000_569ee279.npy.mp4
01a06a35-c198-76d2-9446-a0002add5dc9,industrial packing,completed,yam,yam_0_61,31.8,huangrongbo,poor,,,prod,2026-09-04 02:20:01.733285+00:00,2026-09-04 09:06:05.432783+00:00,/nfs/data/sz_34/20260904/episode_20260904_021823_000_445660b3.npy.mp4
01a06a36-4a50-73ae-83ba-1304c0238136,industrial packing,completed,yam,yam_0_61,30.6,huangrongbo,good,,,prod,2026-09-04 02:20:35.030685+00:00,2026-09-04 09:07:18.213408+00:00,/nfs/data/sz_34/20260904/episode_20260904_021858_000_633967c3.npy.mp4
01a06a36-cf20-720c-a504-85cd8756b0e3,industrial packing,completed,yam,yam_0_61,28.0,huangrongbo,good,,,prod,2026-09-04 02:21:08.290536+00:00,2026-09-04 09:08:29.806024+00:00,/nfs/data/sz_34/20260904/episode_20260904_021932_000_2c1cfaa8.npy.mp4
01a06a37-4c20-7a85-b878-98d088a0d1b8,industrial packing,completed,yam,yam_0_61,31.0,huangrongbo,good,,,prod,2026-09-04 02:21:42.662033+00:00,2026-09-04 09:09:49.347553+00:00,/nfs/data/sz_34/20260904/episode_20260904_022004_000_da3011c6.npy.mp4
01a06a37-d4d8-7b15-b242-1f2e08f7443a,industrial packing,completed,yam,yam_0_61,32.6,huangrongbo,good,,,prod,2026-09-04 02:22:20.998225+00:00,2026-09-04 09:11:25.010203+00:00,/nfs/data/sz_34/20260904/episode_20260904_022039_000_e8d0e7f8.npy.mp4
01a06a38-6178-7cc7-b9a3-6b0fd2488451,industrial packing,completed,yam,yam_0_61,28.2,huangrongbo,good,,,prod,2026-09-04 02:22:50.288609+00:00,2026-09-04 09:13:26.074518+00:00,/nfs/data/sz_34/20260904/episode_20260904_022115_000_6e63693a.npy.mp4
01a06a38-de78-728d-996d-b0a4cd97ff43,industrial packing,completed,yam,yam_0_61,27.3,huangrongbo,good,,,prod,2026-09-04 02:23:23.634470+00:00,2026-09-04 09:15:16.481201+00:00,/nfs/data/sz_34/20260904/episode_20260904_022147_000_60ff5f8d.npy.mp4
01a06a39-5790-7f58-9a73-7dc58c054293,industrial packing,completed,yam,yam_0_61,28.2,huangrongbo,good,,,prod,2026-09-04 02:23:51.918145+00:00,2026-09-04 09:16:53.647756+00:00,/nfs/data/sz_34/20260904/episode_20260904_022218_000_147a558f.npy.mp4
01a06a39-d490-74d2-b1e7-582422b463c7,industrial packing,completed,yam,yam_0_61,29.0,huangrongbo,good,,,prod,2026-09-04 02:24:25.195973+00:00,2026-09-04 09:18:42.785537+00:00,/nfs/data/sz_34/20260904/episode_20260904_022250_000_1139e3d9.npy.mp4
01a06a3a-5190-7a7d-ba9b-20de90e41a87,industrial packing,completed,yam,yam_0_61,26.3,huangrongbo,good,,,prod,2026-09-04 02:24:58.456085+00:00,2026-09-04 09:20:15.928311+00:00,/nfs/data/sz_34/20260904/episode_20260904_022322_000_bae13f15.npy.mp4
01a06a3a-c6c0-7907-89a2-54722e2042da,industrial packing,completed,yam,yam_0_61,26.3,huangrongbo,good,,,prod,2026-09-04 02:25:26.741141+00:00,2026-09-04 09:21:44.075352+00:00,/nfs/data/sz_34/20260904/episode_20260904_022352_000_1bf53e64.npy.mp4
01a06a3b-3bf0-7c5c-8f89-67ef38c40ca6,industrial packing,completed,yam,yam_0_61,30.4,huangrongbo,good,,,prod,2026-09-04 02:26:00.074632+00:00,2026-09-04 09:22:56.157059+00:00,/nfs/data/sz_34/20260904/episode_20260904_022422_000_5a3d063a.npy.mp4
01a06a3b-c0c0-7a0f-a32b-bf43fc42059a,industrial packing,completed,yam,yam_0_61,28.5,huangrongbo,good,,,prod,2026-09-04 02:26:34.388252+00:00,2026-09-04 09:25:12.556546+00:00,/nfs/data/sz_34/20260904/episode_20260904_022456_000_5dcf4945.npy.mp4
01a06a3c-3dc0-73f1-9afe-673ebc1570fe,industrial packing,completed,yam,yam_0_61,33.9,huangrongbo,good,,,prod,2026-09-04 02:27:08.663237+00:00,2026-09-04 09:27:12.715336+00:00,/nfs/data/sz_34/20260904/episode_20260904_022528_000_507b866a.npy.mp4
01a06a3c-d230-78d1-804d-5a1da65f9437,industrial packing,completed,yam,yam_0_61,32.7,huangrongbo,good,,,prod,2026-09-04 02:27:46.953766+00:00,2026-09-04 09:28:41.480239+00:00,/nfs/data/sz_34/20260904/episode_20260904_022606_000_feb5ae0e.npy.mp4
01a06a3d-5ed0-7e79-8d21-fb27226d289a,industrial packing,completed,yam,yam_0_61,41.8,huangrongbo,good,,,prod,2026-09-04 02:28:32.225139+00:00,2026-09-04 09:30:29.650519+00:00,/nfs/data/sz_34/20260904/episode_20260904_022642_000_ebfba846.npy.mp4
01a06a3e-58d0-7c3d-a2cd-eb1d9f1c8a62,industrial packing,completed,yam,yam_0_61,26.1,huangrongbo,good,,,prod,2026-09-04 02:29:20.542301+00:00,2026-09-04 09:32:36.810001+00:00,/nfs/data/sz_34/20260904/episode_20260904_022746_000_14ddeae6.npy.mp4
01a06a3f-56b8-79a0-9269-f9717ebfc48f,industrial packing,completed,yam,yam_0_61,41.7,huangrongbo,good,,,prod,2026-09-04 02:30:44.833485+00:00,2026-09-04 09:35:02.186218+00:00,/nfs/data/sz_34/20260904/episode_20260904_022851_000_6dac1958.npy.mp4
01a06a40-0a68-7255-b957-26355a3bb43a,industrial packing,completed,yam,yam_0_61,33.2,huangrongbo,good,,,prod,2026-09-04 02:31:19.160287+00:00,2026-09-04 09:36:52.211691+00:00,/nfs/data/sz_34/20260904/episode_20260904_022937_000_5be092b2.npy.mp4
01a06a40-9af0-7dd7-9658-d537a6d2117f,industrial packing,completed,yam,yam_0_61,38.7,huangrongbo,good,,,prod,2026-09-04 02:32:04.424540+00:00,2026-09-04 09:38:46.433697+00:00,/nfs/data/sz_34/20260904/episode_20260904_023014_000_94afa2fc.npy.mp4
01a06a41-3f00-78d0-b998-7a0959110c38,industrial packing,completed,yam,yam_0_61,40.2,huangrongbo,good,,,prod,2026-09-04 02:32:43.695560+00:00,2026-09-04 09:40:39.597685+00:00,/nfs/data/sz_34/20260904/episode_20260904_023056_000_53477f95.npy.mp4
01a06a41-eae0-758d-a25e-6992aad38567,industrial packing,completed,yam,yam_0_61,36.1,huangrongbo,good,,,prod,2026-09-04 02:33:22.993270+00:00,2026-09-04 09:42:23.621820+00:00,/nfs/data/sz_34/20260904/episode_20260904_023140_000_e4ffa98a.npy.mp4
01a06a42-8338-747c-98f5-6629e59219b1,industrial packing,completed,yam,yam_0_61,36.0,huangrongbo,good,,,prod,2026-09-04 02:34:02.280094+00:00,2026-09-04 09:44:22.391071+00:00,/nfs/data/sz_34/20260904/episode_20260904_023219_000_a41549d5.npy.mp4
01a06a43-1f78-7e11-bb5e-61acdbef3d23,industrial packing,completed,yam,yam_0_61,34.2,huangrongbo,good,,,prod,2026-09-04 02:34:41.551313+00:00,2026-09-04 09:46:27.275668+00:00,/nfs/data/sz_34/20260904/episode_20260904_023259_000_94f2c615.npy.mp4
01a06a43-b3e8-7dbe-bdfd-7bc50e981713,industrial packing,completed,yam,yam_0_61,40.3,huangrongbo,good,,,prod,2026-09-04 02:35:26.842666+00:00,2026-09-04 09:48:10.842616+00:00,/nfs/data/sz_34/20260904/episode_20260904_023337_000_77e4d6ea.npy.mp4
01a06a44-5fc8-7e86-a2aa-d198b7638a80,industrial packing,completed,yam,yam_0_61,35.2,huangrongbo,good,,,prod,2026-09-04 02:36:06.123001+00:00,2026-09-04 09:49:47.082172+00:00,/nfs/data/sz_34/20260904/episode_20260904_023421_000_021b1389.npy.mp4
01a06a44-f820-770d-9b85-b85be71adc56,industrial packing,completed,yam,yam_0_61,40.8,huangrongbo,good,,,prod,2026-09-04 02:36:51.434353+00:00,2026-09-04 09:52:00.423720+00:00,/nfs/data/sz_34/20260904/episode_20260904_023500_000_e6cf8ab7.npy.mp4
01a06a45-a400-7c7a-8437-641d68014baa,industrial packing,completed,yam,yam_0_61,38.7,huangrongbo,good,,,prod,2026-09-04 02:37:30.709796+00:00,2026-09-04 09:54:10.017751+00:00,/nfs/data/sz_34/20260904/episode_20260904_023544_000_62f29439.npy.mp4
01a06a46-4bf8-7325-b5b5-932f2728be89,industrial packing,completed,yam,yam_0_61,36.8,huangrongbo,good,,,prod,2026-09-04 02:38:15.015646+00:00,2026-09-04 09:56:23.701658+00:00,/nfs/data/sz_34/20260904/episode_20260904_023627_000_756b56bd.npy.mp4
01a06a46-e838-7789-9661-779846a50cef,industrial packing,completed,yam,yam_0_61,34.4,huangrongbo,good,,,prod,2026-09-04 02:38:49.300398+00:00,2026-09-04 09:58:22.214550+00:00,/nfs/data/sz_34/20260904/episode_20260904_023707_000_d3a338d7.npy.mp4
01a06a47-8c48-75fc-8b4b-b93238ecc482,industrial packing,completed,yam,yam_0_61,33.1,huangrongbo,good,,,prod,2026-09-04 02:39:33.580046+00:00,2026-09-04 10:00:24.495868+00:00,/nfs/data/sz_34/20260904/episode_20260904_023749_000_92f87758.npy.mp4
01a06a48-1cd0-73d4-88e8-fc5f65e7cf8c,industrial packing,completed,yam,yam_0_61,30.2,huangrongbo,good,,,prod,2026-09-04 02:40:01.842141+00:00,2026-09-04 10:02:08.082127+00:00,/nfs/data/sz_34/20260904/episode_20260904_023826_000_36a3b89d.npy.mp4
01a06a49-9f88-7b30-9275-23c9c4de312f,industrial packing,completed,yam,yam_0_61,40.1,huangrongbo,good,,,prod,2026-09-04 02:41:56.216268+00:00,2026-09-04 10:03:56.083192+00:00,/nfs/data/sz_34/20260904/episode_20260904_024005_000_1a903b1c.npy.mp4
01a06a4a-4780-7e0f-870b-13273e473bab,industrial packing,completed,yam,yam_0_61,30.1,huangrongbo,good,,,prod,2026-09-04 02:42:25.512217+00:00,2026-09-04 10:05:44.910636+00:00,/nfs/data/sz_34/20260904/episode_20260904_024048_000_44bb3f7f.npy.mp4
01a06a4a-cc50-7e48-82d0-4e4e444c984a,industrial packing,completed,yam,yam_0_61,29.9,huangrongbo,good,,,prod,2026-09-04 02:42:58.758685+00:00,2026-09-04 10:08:00.601577+00:00,/nfs/data/sz_34/20260904/episode_20260904_024122_000_3fa79eca.npy.mp4
01a06a4b-4d38-79db-b09c-5c2a41f2bd83,industrial packing,completed,yam,yam_0_61,34.5,huangrongbo,good,,,prod,2026-09-04 02:43:38.052591+00:00,2026-09-04 10:10:07.819704+00:00,/nfs/data/sz_34/20260904/episode_20260904_024155_000_3e886fbb.npy.mp4
01a06a4b-e1a8-7f08-89b8-6c7d29e021f2,industrial packing,completed,yam,yam_0_61,32.8,huangrongbo,good,,,prod,2026-09-04 02:44:17.345821+00:00,2026-09-04 10:12:13.736026+00:00,/nfs/data/sz_34/20260904/episode_20260904_024233_000_2eb1ef1f.npy.mp4
01a06a4c-7230-7a4e-9d0d-2c68125188fb,industrial packing,completed,yam,yam_0_61,35.3,huangrongbo,good,,,prod,2026-09-04 02:44:56.762738+00:00,2026-09-04 10:14:08.482161+00:00,/nfs/data/sz_34/20260904/episode_20260904_024310_000_860e241f.npy.mp4
01a06a4d-0a88-715b-a7f1-aeadd2989769,industrial packing,completed,yam,yam_0_61,38.9,huangrongbo,good,,,prod,2026-09-04 02:45:36.041656+00:00,2026-09-04 10:16:05.787286+00:00,/nfs/data/sz_34/20260904/episode_20260904_024349_000_d12917f6.npy.mp4
01a06a4d-b280-70dd-be39-856e84e2725c,industrial packing,completed,yam,yam_0_61,34.9,huangrongbo,good,,,prod,2026-09-04 02:46:15.338375+00:00,2026-09-04 10:18:14.269823+00:00,/nfs/data/sz_34/20260904/episode_20260904_024432_000_b264cb1d.npy.mp4
01a06a4e-46f0-73a9-82f1-c23bc981307a,industrial packing,completed,yam,yam_0_61,30.5,huangrongbo,good,,,prod,2026-09-04 02:46:49.628019+00:00,2026-09-04 10:19:56.791096+00:00,/nfs/data/sz_34/20260904/episode_20260904_024510_000_fd011289.npy.mp4
01a06a4e-cbc0-7a92-be56-40b48e526519,industrial packing,completed,yam,yam_0_61,31.3,huangrongbo,good,,,prod,2026-09-04 02:47:22.916315+00:00,2026-09-04 10:21:48.564072+00:00,/nfs/data/sz_34/20260904/episode_20260904_024544_000_579d129f.npy.mp4
01a06a4f-6418-7ddd-b91c-b0bfd562e00a,industrial packing,completed,yam,yam_0_61,32.2,huangrongbo,good,,,prod,2026-09-04 02:48:02.205906+00:00,2026-09-04 10:23:17.600220+00:00,/nfs/data/sz_34/20260904/episode_20260904_024623_000_5ea8c1e2.npy.mp4
01a06a4f-f0b8-7277-b7b9-e05719c1223c,industrial packing,completed,yam,yam_0_61,32.3,huangrongbo,good,,,prod,2026-09-04 02:48:41.461366+00:00,2026-09-04 10:25:15.599229+00:00,/nfs/data/sz_34/20260904/episode_20260904_024659_000_05f1b749.npy.mp4
01a06a50-7d58-7e15-a0fe-c04047dcd991,industrial packing,completed,yam,yam_0_61,42.2,huangrongbo,good,,,prod,2026-09-04 02:49:25.730676+00:00,2026-09-04 10:27:36.880125+00:00,/nfs/data/sz_34/20260904/episode_20260904_024735_000_6d33374c.npy.mp4
01a06a51-3108-7685-ab6d-d54365c77512,industrial packing,completed,yam,yam_0_61,42.7,huangrongbo,good,,,prod,2026-09-04 02:50:11.012071+00:00,2026-09-04 10:29:12.087109+00:00,/nfs/data/sz_34/20260904/episode_20260904_024821_000_318257fc.npy.mp4
01a06a51-e4b8-763d-95e1-4bef8f4aa229,industrial packing,completed,yam,yam_0_61,40.3,huangrongbo,good,,,prod,2026-09-04 02:50:55.314156+00:00,2026-09-04 10:31:27.125481+00:00,/nfs/data/sz_34/20260904/episode_20260904_024907_000_314e1c3e.npy.mp4
01a06a52-8cb0-7a67-a9f9-30aa816a2021,industrial packing,completed,yam,yam_0_61,37.4,huangrongbo,good,,,prod,2026-09-04 02:51:34.607624+00:00,2026-09-04 10:33:36.643765+00:00,/nfs/data/sz_34/20260904/episode_20260904_024950_000_9a2f6817.npy.mp4
01a06a53-2cd8-7bda-b846-7a302bd066f5,industrial packing,completed,yam,yam_0_61,42.2,huangrongbo,good,,,prod,2026-09-04 02:52:24.894303+00:00,2026-09-04 10:36:17.355120+00:00,/nfs/data/sz_34/20260904/episode_20260904_025031_000_bcea101a.npy.mp4
01a06a53-e088-711c-adec-100f1d4d67df,industrial packing,completed,yam,yam_0_61,40.1,huangrongbo,good,,,prod,2026-09-04 02:53:05.176676+00:00,2026-09-04 10:38:34.445089+00:00,/nfs/data/sz_34/20260904/episode_20260904_025117_000_c1042d64.npy.mp4
01a06a54-9438-7c99-923c-2e1f6ab2587e,industrial packing,completed,yam,yam_0_61,36.2,huangrongbo,good,,,prod,2026-09-04 02:53:49.458195+00:00,2026-09-04 10:41:37.200203+00:00,/nfs/data/sz_34/20260904/episode_20260904_025203_000_a463634a.npy.mp4
01a06a55-3460-7dd2-be4b-187280cf8138,industrial packing,completed,yam,yam_0_61,41.4,huangrongbo,good,,,prod,2026-09-04 02:54:33.733201+00:00,2026-09-04 10:43:48.422066+00:00,/nfs/data/sz_34/20260904/episode_20260904_025244_000_3493afe4.npy.mp4
01a06a55-e428-71b8-a1a0-2ea5c5b0c02d,industrial packing,completed,yam,yam_0_61,36.8,huangrongbo,good,,,prod,2026-09-04 02:55:12.990980+00:00,2026-09-04 10:46:11.257531+00:00,/nfs/data/sz_34/20260904/episode_20260904_025329_000_65cd403f.npy.mp4
01a06a56-8068-7a43-adc8-8208402d8ce3,industrial packing,completed,yam,yam_0_61,39.3,huangrongbo,good,,,prod,2026-09-04 02:55:58.317075+00:00,2026-09-04 10:47:57.464437+00:00,/nfs/data/sz_34/20260904/episode_20260904_025409_000_bee20dc4.npy.mp4
01a06a57-2478-7ace-9fc7-eb6ed7dab900,industrial packing,completed,yam,yam_0_61,34.8,huangrongbo,good,,,prod,2026-09-04 02:56:37.563081+00:00,2026-09-04 10:49:39.146367+00:00,/nfs/data/sz_34/20260904/episode_20260904_025451_000_2654cf93.npy.mp4
01a06a57-b8e8-7ba0-a9d4-7ea8d6c98171,industrial packing,completed,yam,yam_0_61,35.0,huangrongbo,good,,,prod,2026-09-04 02:57:11.866682+00:00,2026-09-04 10:51:36.485707+00:00,/nfs/data/sz_34/20260904/episode_20260904_025529_000_0f6349ed.npy.mp4
01a06a58-5140-77b6-9168-c30488d29620,industrial packing,completed,yam,yam_0_61,34.6,huangrongbo,good,,,prod,2026-09-04 02:57:51.142623+00:00,2026-09-04 10:54:14.727027+00:00,/nfs/data/sz_34/20260904/episode_20260904_025608_000_8078e675.npy.mp4
01a06a58-e5b0-7122-bf9f-5a03f7408534,industrial packing,completed,yam,yam_0_61,35.8,huangrongbo,good,,,prod,2026-09-04 02:58:30.413879+00:00,2026-09-04 10:55:57.247809+00:00,/nfs/data/sz_34/20260904/episode_20260904_025646_000_0929f7d7.npy.mp4
01a06a59-7e08-711d-b9a2-5a9c1da6222c,industrial packing,completed,yam,yam_0_61,40.6,huangrongbo,good,,,prod,2026-09-04 02:59:14.695280+00:00,2026-09-04 10:58:08.395847+00:00,/nfs/data/sz_34/20260904/episode_20260904_025725_000_d50d7aa5.npy.mp4
01a06a5a-29e8-7979-bdc1-db2b4acbe8ed,industrial packing,completed,yam,yam_0_61,37.4,huangrongbo,good,,,prod,2026-09-04 02:59:54.016794+00:00,2026-09-04 11:00:19.592176+00:00,/nfs/data/sz_34/20260904/episode_20260904_025809_000_dc5d8c29.npy.mp4
01a06a5a-ca10-7be9-81ba-c34bf0b3d480,industrial packing,completed,yam,yam_0_61,41.3,huangrongbo,good,,,prod,2026-09-04 03:00:39.340120+00:00,2026-09-04 11:02:20.345115+00:00,/nfs/data/sz_34/20260904/episode_20260904_025850_000_a2c253a9.npy.mp4
01a06a5b-79d8-7dad-a79f-045d55d16885,industrial packing,completed,yam,yam_0_61,34.1,huangrongbo,good,,,prod,2026-09-04 03:01:18.609473+00:00,2026-09-04 11:03:38.779741+00:00,/nfs/data/sz_34/20260904/episode_20260904_025935_000_a0d6d9f2.npy.mp4
01a06a5c-0e48-7be5-8845-8e338e660898,industrial packing,completed,yam,yam_0_61,37.7,huangrongbo,good,,,prod,2026-09-04 03:01:57.852931+00:00,2026-09-04 11:05:00.655506+00:00,/nfs/data/sz_34/20260904/episode_20260904_030013_000_0a25c555.npy.mp4
01a06a5c-ba28-7c66-bfd1-62d3feb7d0dd,industrial packing,completed,yam,yam_0_61,37.5,huangrongbo,good,,,prod,2026-09-04 03:02:42.143869+00:00,2026-09-04 11:06:17.267498+00:00,/nfs/data/sz_34/20260904/episode_20260904_030057_000_18114ac4.npy.mp4
01a06a5d-5e38-72b0-8765-a56514effd6d,industrial packing,completed,yam,yam_0_61,37.3,huangrongbo,good,,,prod,2026-09-04 03:03:26.690492+00:00,2026-09-04 11:08:02.097765+00:00,/nfs/data/sz_34/20260904/episode_20260904_030139_000_73551dd0.npy.mp4
01a06a5d-fe60-7e23-8444-59c8f523f4a8,industrial packing,completed,yam,yam_0_61,34.1,huangrongbo,good,,,prod,2026-09-04 03:04:00.491842+00:00,2026-09-04 11:09:45.704509+00:00,/nfs/data/sz_34/20260904/episode_20260904_030220_000_671e6c36.npy.mp4
01a06a5e-92d0-7a65-9d66-96ec93802f69,industrial packing,completed,yam,yam_0_61,35.7,huangrongbo,good,,,prod,2026-09-04 03:04:40.454115+00:00,2026-09-04 11:11:00.576610+00:00,/nfs/data/sz_34/20260904/episode_20260904_030258_000_73e1c3dc.npy.mp4
01a06a5f-2b28-7cd3-a3cf-c6eb0cbc5de3,industrial packing,completed,yam,yam_0_61,38.3,huangrongbo,good,,,prod,2026-09-04 03:05:24.349614+00:00,2026-09-04 11:12:24.307597+00:00,/nfs/data/sz_34/20260904/episode_20260904_030337_000_c82dbcb0.npy.mp4
01a06a5f-cf38-7aa6-b388-a91dcec9bcf1,industrial packing,completed,yam,yam_0_61,35.8,huangrongbo,good,,,prod,2026-09-04 03:06:03.887751+00:00,2026-09-04 11:13:42.895278+00:00,/nfs/data/sz_34/20260904/episode_20260904_030419_000_d159e615.npy.mp4
01a06a61-6190-76c9-bbb9-7a82e988dd6e,industrial packing,completed,yam,yam_0_61,37.5,huangrongbo,good,,,prod,2026-09-04 03:07:49.692500+00:00,2026-09-04 11:15:16.774048+00:00,/nfs/data/sz_34/20260904/episode_20260904_030602_000_76e5957d.npy.mp4
01a06a62-01b8-7e2f-8868-ed4f80a6f3a0,industrial packing,completed,yam,yam_0_61,42.4,huangrongbo,good,,,prod,2026-09-04 03:08:34.967287+00:00,2026-09-04 11:16:39.429085+00:00,/nfs/data/sz_34/20260904/episode_20260904_030643_000_31d202fd.npy.mp4
01a06a62-b180-7969-aae4-b443cbbeb856,industrial packing,completed,yam,yam_0_61,41.6,huangrongbo,good,,,prod,2026-09-04 03:09:19.272664+00:00,2026-09-04 11:18:30.251851+00:00,/nfs/data/sz_34/20260904/episode_20260904_030728_000_ffba7f15.npy.mp4
01a06a63-6148-7975-a5c7-1a02853010c8,industrial packing,completed,yam,yam_0_61,41.8,huangrongbo,good,,,prod,2026-09-04 03:10:04.551946+00:00,2026-09-04 11:20:21.379290+00:00,/nfs/data/sz_34/20260904/episode_20260904_030813_000_d2444a2d.npy.mp4
01a06a64-14f8-7604-9cce-4a6e5949933c,industrial packing,completed,yam,yam_0_61,39.7,huangrongbo,good,,,prod,2026-09-04 03:10:48.918220+00:00,2026-09-04 11:22:10.267207+00:00,/nfs/data/sz_34/20260904/episode_20260904_030859_000_d8cc8056.npy.mp4
01a06a64-bcf0-7f41-9cfc-3a2ac3690ad3,industrial packing,completed,yam,yam_0_61,43.0,huangrongbo,good,,,prod,2026-09-04 03:11:34.199626+00:00,2026-09-04 11:23:58.888986+00:00,/nfs/data/sz_34/20260904/episode_20260904_030942_000_c6da8832.npy.mp4
01a06a65-70a0-7071-b066-0bb3ecbe2ce4,industrial packing,completed,yam,yam_0_61,41.2,huangrongbo,good,,,prod,2026-09-04 03:12:19.487574+00:00,2026-09-04 11:25:20.886878+00:00,/nfs/data/sz_34/20260904/episode_20260904_031028_000_f47e01ec.npy.mp4
01a06a66-2068-7b2f-be14-553db411cec0,industrial packing,completed,yam,yam_0_61,39.3,huangrongbo,good,,,prod,2026-09-04 03:13:03.771691+00:00,2026-09-04 11:26:54.462497+00:00,/nfs/data/sz_34/20260904/episode_20260904_031113_000_5615bc66.npy.mp4
01a06a66-c478-7d06-a21c-73ef13a0d8fe,industrial packing,completed,yam,yam_0_61,36.9,huangrongbo,good,,,prod,2026-09-04 03:13:43.109486+00:00,2026-09-04 11:28:13.700518+00:00,/nfs/data/sz_34/20260904/episode_20260904_031155_000_c880c26e.npy.mp4
01a06a67-64a0-7032-8f78-5851feca5799,industrial packing,completed,yam,yam_0_61,35.5,huangrongbo,good,,,prod,2026-09-04 03:14:17.370171+00:00,2026-09-04 11:30:20.734189+00:00,/nfs/data/sz_34/20260904/episode_20260904_031236_000_4da40677.npy.mp4
01a06a67-f910-7ec1-8284-b065757f428b,industrial packing,completed,yam,yam_0_61,34.2,huangrongbo,good,,,prod,2026-09-04 03:14:56.647100+00:00,2026-09-04 11:31:53.373252+00:00,/nfs/data/sz_34/20260904/episode_20260904_031314_000_cae504ac.npy.mp4
01a06a68-9168-72eb-8354-c22c188f1b29,industrial packing,completed,yam,yam_0_61,35.7,huangrongbo,good,,,prod,2026-09-04 03:15:35.917781+00:00,2026-09-04 11:33:42.692674+00:00,/nfs/data/sz_34/20260904/episode_20260904_031353_000_e3f920f7.npy.mp4
01a06a69-29c0-7b96-b3c8-a02825cd6e81,industrial packing,completed,yam,yam_0_61,36.3,huangrongbo,good,,,prod,2026-09-04 03:16:15.189999+00:00,2026-09-04 11:35:17.317364+00:00,/nfs/data/sz_34/20260904/episode_20260904_031432_000_d58fc15f.npy.mp4
01a06a69-c218-7897-ba23-2da704c96161,industrial packing,completed,yam,yam_0_61,36.9,huangrongbo,good,,,prod,2026-09-04 03:16:59.447284+00:00,2026-09-04 11:37:05.919613+00:00,/nfs/data/sz_34/20260904/episode_20260904_031511_000_835bf6f1.npy.mp4
01a06a6a-6240-7dbc-a51a-f111597c3355,industrial packing,completed,yam,yam_0_61,40.8,huangrongbo,good,,,prod,2026-09-04 03:17:44.763033+00:00,2026-09-04 11:38:49.038841+00:00,/nfs/data/sz_34/20260904/episode_20260904_031552_000_3c155663.npy.mp4
01a06a6b-0e20-7218-af09-7d51c2ebde53,industrial packing,completed,yam,yam_0_61,39.4,huangrongbo,good,,,prod,2026-09-04 03:18:24.091417+00:00,2026-09-04 11:40:07.757858+00:00,/nfs/data/sz_34/20260904/episode_20260904_031636_000_e249e1e1.npy.mp4
01a06a6b-b618-7c6e-a2f5-d9cebde1a43c,industrial packing,completed,yam,yam_0_61,41.7,huangrongbo,good,,,prod,2026-09-04 03:19:09.374921+00:00,2026-09-04 11:41:35.216015+00:00,/nfs/data/sz_34/20260904/episode_20260904_031719_000_1379b5ec.npy.mp4
01a06a6c-65e0-71b8-8855-1ddb4db21097,industrial packing,completed,yam,yam_0_61,42.0,huangrongbo,good,,,prod,2026-09-04 03:19:53.645057+00:00,2026-09-04 11:43:36.728801+00:00,/nfs/data/sz_34/20260904/episode_20260904_031804_000_4dc4afb9.npy.mp4
01a06a6d-15a8-712c-9ceb-25e0760f18c1,industrial packing,completed,yam,yam_0_61,40.2,huangrongbo,good,,,prod,2026-09-04 03:20:38.912219+00:00,2026-09-04 11:45:22.301527+00:00,/nfs/data/sz_34/20260904/episode_20260904_031849_000_6137e579.npy.mp4
01a06a6d-bda0-7d48-9d13-953ff3aa661a,industrial packing,completed,yam,yam_0_61,40.1,huangrongbo,good,,,prod,2026-09-04 03:21:24.219671+00:00,2026-09-04 11:47:05.086890+00:00,/nfs/data/sz_34/20260904/episode_20260904_031932_000_bb336d40.npy.mp4
01a06a6e-6980-7583-858a-8740377442bc,industrial packing,completed,yam,yam_0_61,36.0,huangrongbo,good,,,prod,2026-09-04 03:22:03.788268+00:00,2026-09-04 11:48:53.416421+00:00,/nfs/data/sz_34/20260904/episode_20260904_032016_000_037f39e8.npy.mp4
01a06a6f-01d8-74e8-9907-76e19d65bb0d,industrial packing,completed,yam,yam_0_61,41.5,huangrongbo,good,,,prod,2026-09-04 03:22:48.065245+00:00,2026-09-04 11:50:51.031080+00:00,/nfs/data/sz_34/20260904/episode_20260904_032055_000_a870c68d.npy.mp4
01a06a6f-b1a0-7cdd-a594-56bdc3d541ac,industrial packing,completed,yam,yam_0_61,38.8,huangrongbo,good,,,prod,2026-09-04 03:23:28.338885+00:00,2026-09-04 11:52:24.530621+00:00,/nfs/data/sz_34/20260904/episode_20260904_032140_000_5db9ecd1.npy.mp4
01a06a70-5998-73ce-81a1-520f661c7442,industrial packing,completed,yam,yam_0_61,39.0,huangrongbo,good,,,prod,2026-09-04 03:24:12.648260+00:00,2026-09-04 11:53:53.726572+00:00,/nfs/data/sz_34/20260904/episode_20260904_032223_000_153f6c46.npy.mp4
01a06a70-fda8-7fe1-97ae-11d2e443edee,industrial packing,completed,yam,yam_0_61,38.2,huangrongbo,good,,,prod,2026-09-04 03:24:51.933057+00:00,2026-09-04 11:55:18.737932+00:00,/nfs/data/sz_34/20260904/episode_20260904_032305_000_4a4090de.npy.mp4
01a06a71-a1b8-75ca-9e6b-08c027c72238,industrial packing,completed,yam,yam_0_61,36.5,huangrongbo,good,,,prod,2026-09-04 03:25:31.264617+00:00,2026-09-04 11:57:14.235077+00:00,/nfs/data/sz_34/20260904/episode_20260904_032347_000_472e3fd1.npy.mp4
01a06a72-3df8-76a9-b633-98bcb2bde6a4,industrial packing,completed,yam,yam_0_61,37.7,huangrongbo,good,,,prod,2026-09-04 03:26:15.536694+00:00,2026-09-04 11:58:36.233774+00:00,/nfs/data/sz_34/20260904/episode_20260904_032427_000_f18a1a2f.npy.mp4
01a06a72-de20-7283-9053-0ff9085e8da4,industrial packing,completed,yam,yam_0_61,43.1,huangrongbo,good,,,prod,2026-09-04 03:27:00.833325+00:00,2026-09-04 12:00:38.687164+00:00,/nfs/data/sz_34/20260904/episode_20260904_032508_000_ca45640e.npy.mp4
01a06a73-91d0-72b3-a686-15d46d2a0a4c,industrial packing,completed,yam,yam_0_61,36.3,huangrongbo,good,,,prod,2026-09-04 03:27:40.126725+00:00,2026-09-04 12:02:24.745061+00:00,/nfs/data/sz_34/20260904/episode_20260904_032554_000_23ddc461.npy.mp4
01a06a74-31f8-7343-8b84-6d93df0b2910,industrial packing,completed,yam,yam_0_61,42.1,huangrongbo,good,,,prod,2026-09-04 03:28:25.458889+00:00,2026-09-04 12:04:14.425264+00:00,/nfs/data/sz_34/20260904/episode_20260904_032635_000_f4944b0a.npy.mp4
01a06a74-e1c0-78e8-83d0-ad42cc2912a1,industrial packing,completed,yam,yam_0_61,41.9,huangrongbo,good,,,prod,2026-09-04 03:29:10.713215+00:00,2026-09-04 12:05:46.039229+00:00,/nfs/data/sz_34/20260904/episode_20260904_032720_000_9ad6ccb1.npy.mp4
01a06a75-9188-7164-b7be-764bccbb395e,industrial packing,completed,yam,yam_0_61,41.2,huangrongbo,good,,,prod,2026-09-04 03:29:55.013110+00:00,2026-09-04 12:07:02.790205+00:00,/nfs/data/sz_34/20260904/episode_20260904_032805_000_8f988526.npy.mp4
01a06a76-3d68-7267-8155-f4708d760389,industrial packing,completed,yam,yam_0_61,43.6,huangrongbo,good,,,prod,2026-09-04 03:30:40.298486+00:00,2026-09-04 12:08:32.897513+00:00,/nfs/data/sz_34/20260904/episode_20260904_032849_000_fabb2273.npy.mp4
01a06a76-f8e8-79a6-972c-f25d5247e283,industrial packing,completed,yam,yam_0_61,44.2,huangrongbo,good,,,prod,2026-09-04 03:31:30.617802+00:00,2026-09-04 12:10:18.491732+00:00,/nfs/data/sz_34/20260904/episode_20260904_032937_000_6f492dec.npy.mp4
01a06a77-b468-7f8a-bd51-ec3ba1a2b807,industrial packing,completed,yam,yam_0_61,42.4,huangrongbo,good,,,prod,2026-09-04 03:32:14.880081+00:00,2026-09-04 12:12:03.451807+00:00,/nfs/data/sz_34/20260904/episode_20260904_033025_000_643a9071.npy.mp4
01a06a78-6430-74cc-adb1-e6be462aa92d,industrial packing,completed,yam,yam_0_61,39.5,huangrongbo,good,,,prod,2026-09-04 03:33:00.164626+00:00,2026-09-04 12:13:36.167724+00:00,/nfs/data/sz_34/20260904/episode_20260904_033110_000_58043ae4.npy.mp4
01a06a79-0c28-723b-9951-a61730905594,industrial packing,completed,yam,yam_0_61,42.3,huangrongbo,good,,,prod,2026-09-04 03:33:45.452012+00:00,2026-09-04 12:16:10.225615+00:00,/nfs/data/sz_34/20260904/episode_20260904_033153_000_4207a9d4.npy.mp4
01a06a79-bfd8-75a8-b287-6eeb49dff219,industrial packing,completed,yam,yam_0_61,41.5,huangrongbo,good,,,prod,2026-09-04 03:34:29.722958+00:00,2026-09-04 12:18:30.099219+00:00,/nfs/data/sz_34/20260904/episode_20260904_033239_000_41262ada.npy.mp4
01a06a7a-6fa0-7a53-bbd1-361ec6b07605,industrial packing,completed,yam,yam_0_61,38.1,huangrongbo,good,,,prod,2026-09-04 03:35:09.072709+00:00,2026-09-04 12:20:19.677120+00:00,/nfs/data/sz_34/20260904/episode_20260904_033324_000_95ea7032.npy.mp4
01a06a7b-13b0-784c-8d3b-cb86568dac61,industrial packing,completed,yam,yam_0_61,35.6,huangrongbo,good,,,prod,2026-09-04 03:35:48.391174+00:00,2026-09-04 12:22:26.564560+00:00,/nfs/data/sz_34/20260904/episode_20260904_033406_000_6e5a7fc8.npy.mp4
01a06a7b-ac08-7ea9-906d-fdff44b1258e,industrial packing,completed,yam,yam_0_61,39.8,huangrongbo,good,,,prod,2026-09-04 03:36:33.654608+00:00,2026-09-04 12:23:56.418295+00:00,/nfs/data/sz_34/20260904/episode_20260904_033445_000_f0d534b3.npy.mp4
01a06a7c-5400-7565-b4f0-ee2893db98de,industrial packing,completed,yam,yam_0_61,43.3,huangrongbo,good,,,prod,2026-09-04 03:37:23.987158+00:00,2026-09-04 12:25:56.708879+00:00,/nfs/data/sz_34/20260904/episode_20260904_033528_000_5b0d9fb9.npy.mp4
01a06a7d-0f80-7e06-858b-b336d560b396,industrial packing,completed,yam,yam_0_61,38.4,huangrongbo,good,,,prod,2026-09-04 03:38:03.236150+00:00,2026-09-04 12:27:10.984669+00:00,/nfs/data/sz_34/20260904/episode_20260904_033616_000_5c96b914.npy.mp4
01a06a7d-b390-7ba3-9366-955d35708267,industrial packing,completed,yam,yam_0_61,40.3,huangrongbo,good,,,prod,2026-09-04 03:38:48.494939+00:00,2026-09-04 12:29:00.980375+00:00,/nfs/data/sz_34/20260904/episode_20260904_033658_000_4a8ee916.npy.mp4
01a06a7e-5f70-7cca-8319-f0043273b955,industrial packing,completed,yam,yam_0_61,42.2,huangrongbo,good,,,prod,2026-09-04 03:39:32.759693+00:00,2026-09-04 12:30:17.603038+00:00,/nfs/data/sz_34/20260904/episode_20260904_033742_000_c5173d05.npy.mp4
01a06a7f-1320-7851-a62c-70688f948519,industrial packing,completed,yam,yam_0_61,36.3,huangrongbo,good,,,prod,2026-09-04 03:40:12.033142+00:00,2026-09-04 12:31:26.738511+00:00,/nfs/data/sz_34/20260904/episode_20260904_033828_000_96b370c8.npy.mp4
01a06a7f-ab78-7818-be37-fd8e5506be74,industrial packing,completed,yam,yam_0_61,39.7,huangrongbo,good,,,prod,2026-09-04 03:40:57.297341+00:00,2026-09-04 12:33:38.046949+00:00,/nfs/data/sz_34/20260904/episode_20260904_033907_000_caf3c846.npy.mp4
01a06a80-5758-7245-9c19-28c2bdab29df,industrial packing,completed,yam,yam_0_61,37.5,huangrongbo,good,,,prod,2026-09-04 03:41:36.558228+00:00,2026-09-04 12:35:26.044723+00:00,/nfs/data/sz_34/20260904/episode_20260904_033951_000_c1ded662.npy.mp4
01a06a80-f398-7bef-8801-436648f48b4b,industrial packing,completed,yam,yam_0_61,31.4,huangrongbo,good,,,prod,2026-09-04 03:42:09.798799+00:00,2026-09-04 12:37:30.815796+00:00,/nfs/data/sz_34/20260904/episode_20260904_034031_000_6ecee0ca.npy.mp4
01a06a81-ce58-73bc-904b-fe0aea2a586d,industrial packing,completed,yam,yam_0_61,37.5,huangrongbo,good,,,prod,2026-09-04 03:43:14.121069+00:00,2026-09-04 12:39:43.160452+00:00,/nfs/data/sz_34/20260904/episode_20260904_034127_000_072354ab.npy.mp4
01a06a82-6e80-7211-a352-fc5ae2d4ac7b,industrial packing,completed,yam,yam_0_61,43.5,huangrongbo,good,,,prod,2026-09-04 03:43:59.367905+00:00,2026-09-04 12:41:56.926659+00:00,/nfs/data/sz_34/20260904/episode_20260904_034208_000_ba27eed2.npy.mp4
01a06a83-2618-7657-b40c-871d1186c63e,industrial packing,completed,yam,yam_0_61,37.4,huangrongbo,good,,,prod,2026-09-04 03:44:44.642239+00:00,2026-09-04 12:43:05.496456+00:00,/nfs/data/sz_34/20260904/episode_20260904_034255_000_c7a60a31.npy.mp4
01a06a83-ca28-7eca-8773-5cad2bf0a36c,industrial packing,completed,yam,yam_0_61,39.0,huangrongbo,good,,,prod,2026-09-04 03:45:23.891816+00:00,2026-09-04 12:44:22.980346+00:00,/nfs/data/sz_34/20260904/episode_20260904_034337_000_a79962d2.npy.mp4
01a06a84-6e38-7fba-9275-867faf6a9b2c,industrial packing,completed,yam,yam_0_61,39.3,huangrongbo,good,,,prod,2026-09-04 03:46:08.165381+00:00,2026-09-04 12:45:29.475579+00:00,/nfs/data/sz_34/20260904/episode_20260904_034419_000_d69215a1.npy.mp4
01a06a85-1630-7441-b527-b6c41681dcee,industrial packing,completed,yam,yam_0_61,38.2,huangrongbo,good,,,prod,2026-09-04 03:46:48.446566+00:00,2026-09-04 12:46:36.757724+00:00,/nfs/data/sz_34/20260904/episode_20260904_034502_000_ff0d296b.npy.mp4
01a06a85-b658-79a9-b88e-dce9b4149060,industrial packing,completed,yam,yam_0_61,42.2,huangrongbo,good,,,prod,2026-09-04 03:47:32.713877+00:00,2026-09-04 12:48:00.077018+00:00,/nfs/data/sz_34/20260904/episode_20260904_034543_000_3d307ede.npy.mp4
01a06a86-6a08-7043-8a81-3a7f44717aea,industrial packing,completed,yam,yam_0_61,49.5,huangrongbo,good,,,prod,2026-09-04 03:48:29.036450+00:00,2026-09-04 12:49:41.547456+00:00,/nfs/data/sz_34/20260904/episode_20260904_034629_000_9c2cc3ac.npy.mp4
01a06a87-3910-776f-a1e6-982c5eb4c83d,industrial packing,completed,yam,yam_0_61,38.7,huangrongbo,good,,,prod,2026-09-04 03:49:08.296951+00:00,2026-09-04 12:51:10.205515+00:00,/nfs/data/sz_34/20260904/episode_20260904_034722_000_802a45d3.npy.mp4
01a06a87-e108-7a37-bda5-0f2f5a92a879,industrial packing,completed,yam,yam_0_61,42.4,huangrongbo,good,,,prod,2026-09-04 03:49:58.604788+00:00,2026-09-04 12:52:49.388886+00:00,/nfs/data/sz_34/20260904/episode_20260904_034805_000_ad35ba71.npy.mp4
01a06a88-90d0-794b-9939-ffa8bc8ddc45,industrial packing,completed,yam,yam_0_61,42.7,huangrongbo,good,,,prod,2026-09-04 03:50:43.941567+00:00,2026-09-04 12:54:40.296312+00:00,/nfs/data/sz_34/20260904/episode_20260904_034850_000_f2b86742.npy.mp4
01a06a89-4868-7a25-8478-e4998e01cf3d,industrial packing,completed,yam,yam_0_61,34.8,huangrongbo,good,,,prod,2026-09-04 03:51:17.197091+00:00,2026-09-04 12:55:52.143961+00:00,/nfs/data/sz_34/20260904/episode_20260904_034937_000_a5ff4e7d.npy.mp4
01a06a89-dcd8-70af-a614-b34d57aa60e1,industrial packing,completed,yam,yam_0_61,37.9,huangrongbo,good,,,prod,2026-09-04 03:52:02.480193+00:00,2026-09-04 12:57:04.658470+00:00,/nfs/data/sz_34/20260904/episode_20260904_035015_000_dad0fad8.npy.mp4
01a06a8a-80e8-7fd1-ae33-65357a4a081b,industrial packing,completed,yam,yam_0_61,37.4,huangrongbo,good,,,prod,2026-09-04 03:52:41.747238+00:00,2026-09-04 12:58:16.200757+00:00,/nfs/data/sz_34/20260904/episode_20260904_035057_000_5b35cb0d.npy.mp4
01a06a8b-2110-7814-8c5e-9933918d0adb,industrial packing,completed,yam,yam_0_61,39.0,huangrongbo,good,,,prod,2026-09-04 03:53:26.618231+00:00,2026-09-04 12:59:40.273358+00:00,/nfs/data/sz_34/20260904/episode_20260904_035138_000_de6d26f3.npy.mp4
01a06a8b-c520-7a19-8575-0d9d63eae162,industrial packing,completed,yam,yam_0_61,35.9,huangrongbo,good,,,prod,2026-09-04 03:54:05.886779+00:00,2026-09-04 13:00:52.674795+00:00,/nfs/data/sz_34/20260904/episode_20260904_035220_000_4ee66f76.npy.mp4
01a06a8c-5d78-7bda-8f03-5dab6affa23f,industrial packing,completed,yam,yam_0_61,37.8,huangrongbo,good,,,prod,2026-09-04 03:54:45.161159+00:00,2026-09-04 13:02:39.946594+00:00,/nfs/data/sz_34/20260904/episode_20260904_035259_000_c97fd392.npy.mp4
01a06a8d-0188-7fe0-a247-b961331d0a06,industrial packing,completed,yam,yam_0_61,35.8,huangrongbo,good,,,prod,2026-09-04 03:55:24.424559+00:00,2026-09-04 13:04:17.100595+00:00,/nfs/data/sz_34/20260904/episode_20260904_035341_000_03f306c9.npy.mp4
01a06a8d-99e0-7c0a-8ed4-2dc8ce051706,industrial packing,completed,yam,yam_0_61,42.9,huangrongbo,good,,,prod,2026-09-04 03:56:14.657553+00:00,2026-09-04 13:06:07.324926+00:00,/nfs/data/sz_34/20260904/episode_20260904_035420_000_79fb1539.npy.mp4
01a06a8f-8228-7bcc-8b35-47bad198a5bd,industrial packing,completed,yam,yam_0_61,42.6,huangrongbo,good,,,prod,2026-09-04 03:58:16.996784+00:00,2026-09-04 13:08:03.427006+00:00,/nfs/data/sz_34/20260904/episode_20260904_035625_000_3ff056d7.npy.mp4
01a06a90-35d8-7d0d-89ab-d44a17123df0,industrial packing,completed,yam,yam_0_61,36.8,huangrongbo,good,,,prod,2026-09-04 03:58:57.250791+00:00,2026-09-04 13:09:43.900180+00:00,/nfs/data/sz_34/20260904/episode_20260904_035711_000_3f975e37.npy.mp4
01a06a90-d600-72cd-959d-171bc8f19bc6,industrial packing,completed,yam,yam_0_61,41.9,huangrongbo,good,,,prod,2026-09-04 03:59:41.562845+00:00,2026-09-04 13:11:27.049968+00:00,/nfs/data/sz_34/20260904/episode_20260904_035752_000_3ea9bcb5.npy.mp4
01a06a91-85c8-7596-aba3-a2860651cb3a,industrial packing,completed,yam,yam_0_61,41.7,huangrongbo,good,,,prod,2026-09-04 04:00:26.843393+00:00,2026-09-04 13:13:10.012244+00:00,/nfs/data/sz_34/20260904/episode_20260904_035837_000_018e0925.npy.mp4
01a06a92-3590-7d57-9a91-5f8cdc54b61e,industrial packing,completed,yam,yam_0_61,41.8,huangrongbo,good,,,prod,2026-09-04 04:01:17.154871+00:00,2026-09-04 13:14:44.943284+00:00,/nfs/data/sz_34/20260904/episode_20260904_035922_000_6b29d92f.npy.mp4
01a06a92-e940-7b63-a4cc-f4cf97a79591,industrial packing,completed,yam,yam_0_61,40.5,huangrongbo,good,,,prod,2026-09-04 04:01:56.589656+00:00,2026-09-04 13:16:12.679887+00:00,/nfs/data/sz_34/20260904/episode_20260904_040008_000_fcb442f2.npy.mp4
01a06a93-9520-7595-900e-cb58c7c4dd62,industrial packing,completed,yam,yam_0_61,36.3,huangrongbo,good,,,prod,2026-09-04 04:02:36.217821+00:00,2026-09-04 13:17:48.812988+00:00,/nfs/data/sz_34/20260904/episode_20260904_040052_000_edb17e96.npy.mp4
01a06a94-3160-7e90-8712-e9112c461584,industrial packing,completed,yam,yam_0_61,42.1,huangrongbo,good,,,prod,2026-09-04 04:03:25.868673+00:00,2026-09-04 13:19:41.850413+00:00,/nfs/data/sz_34/20260904/episode_20260904_040132_000_0c93b587.npy.mp4
01a06a96-3cd0-78f3-827f-0b617a5dc61d,industrial packing,completed,yam,yam_0_61,43.7,huangrongbo,good,,,prod,2026-09-04 04:05:38.886390+00:00,2026-09-04 13:21:26.057555+00:00,/nfs/data/sz_34/20260904/episode_20260904_040346_000_46373022.npy.mp4
01a06a96-f468-7bb8-b2e9-142a2fccf029,industrial packing,completed,yam,yam_0_61,40.8,huangrongbo,good,,,prod,2026-09-04 04:06:23.599813+00:00,2026-09-04 13:23:15.808052+00:00,/nfs/data/sz_34/20260904/episode_20260904_040433_000_a406bd29.npy.mp4
01a06a97-ac00-7f2d-9eca-1e0ab1a66ec1,industrial packing,completed,yam,yam_0_61,39.8,huangrongbo,good,,,prod,2026-09-04 04:07:08.094711+00:00,2026-09-04 13:25:03.899501+00:00,/nfs/data/sz_34/20260904/episode_20260904_040520_000_a04642ad.npy.mp4
01a06a98-53f8-7514-a19d-045969934337,industrial packing,completed,yam,yam_0_61,36.4,huangrongbo,good,,,prod,2026-09-04 04:07:47.620587+00:00,2026-09-04 13:26:28.649088+00:00,/nfs/data/sz_34/20260904/episode_20260904_040603_000_82c02213.npy.mp4
01a06a98-f038-784a-ae28-c424a86c8e83,industrial packing,completed,yam,yam_0_61,38.1,huangrongbo,good,,,prod,2026-09-04 04:08:31.888515+00:00,2026-09-04 13:28:14.287970+00:00,/nfs/data/sz_34/20260904/episode_20260904_040643_000_af08bd34.npy.mp4
01a06a99-9448-7e1e-a1fe-3b4bb929189c,industrial packing,completed,yam,yam_0_61,39.5,huangrongbo,good,,,prod,2026-09-04 04:09:11.182537+00:00,2026-09-04 13:30:04.975989+00:00,/nfs/data/sz_34/20260904/episode_20260904_040725_000_53022905.npy.mp4
01a06a9a-3c40-7a2b-a69a-e95eb6e50661,industrial packing,completed,yam,yam_0_61,41.0,huangrongbo,good,,,prod,2026-09-04 04:09:56.467783+00:00,2026-09-04 13:31:43.429229+00:00,/nfs/data/sz_34/20260904/episode_20260904_040808_000_888be19e.npy.mp4
01a06a9a-ec08-7595-a9bb-60b00d283c73,industrial packing,completed,yam,yam_0_61,42.3,huangrongbo,good,,,prod,2026-09-04 04:10:46.758699+00:00,2026-09-04 13:33:07.937032+00:00,/nfs/data/sz_34/20260904/episode_20260904_040853_000_fc4b65e0.npy.mp4
01a06a9b-9fb8-7568-b861-56f91a26ccf6,industrial packing,completed,yam,yam_0_61,42.6,huangrongbo,good,,,prod,2026-09-04 04:11:31.040071+00:00,2026-09-04 13:34:59.384620+00:00,/nfs/data/sz_34/20260904/episode_20260904_040939_000_6afd2a7e.npy.mp4
01a06a9c-5750-70e0-9a25-c5b970d9c1d3,industrial packing,completed,yam,yam_0_61,39.7,huangrongbo,good,,,prod,2026-09-04 04:12:16.312975+00:00,2026-09-04 13:36:53.385114+00:00,/nfs/data/sz_34/20260904/episode_20260904_041026_000_172331f7.npy.mp4
01a06a9c-ff48-7b7e-8926-6935eb4542ba,industrial packing,completed,yam,yam_0_61,37.7,huangrongbo,good,,,prod,2026-09-04 04:12:55.618134+00:00,2026-09-04 13:38:29.788504+00:00,/nfs/data/sz_34/20260904/episode_20260904_041109_000_316c0b6a.npy.mp4
01a06a9d-a358-775d-9510-44949b22fb6b,industrial packing,completed,yam,yam_0_61,41.2,huangrongbo,good,,,prod,2026-09-04 04:13:40.896231+00:00,2026-09-04 13:40:46.114444+00:00,/nfs/data/sz_34/20260904/episode_20260904_041151_000_e6096701.npy.mp4
01a06a9e-5320-7e62-adfa-f1ae91bb7716,industrial packing,completed,yam,yam_0_61,39.6,huangrongbo,good,,,prod,2026-09-04 04:14:25.194532+00:00,2026-09-04 13:42:18.016160+00:00,/nfs/data/sz_34/20260904/episode_20260904_041236_000_2ed38449.npy.mp4
01a06a9e-ff00-7843-a96a-34f385fed623,industrial packing,completed,yam,yam_0_61,38.2,huangrongbo,good,,,prod,2026-09-04 04:15:04.453674+00:00,2026-09-04 13:43:25.060029+00:00,/nfs/data/sz_34/20260904/episode_20260904_041320_000_cdf1f6a5.npy.mp4
01a06a9f-9f28-7f9c-b773-2c3a551d3994,industrial packing,completed,yam,yam_0_61,40.4,huangrongbo,good,,,prod,2026-09-04 04:15:49.736116+00:00,2026-09-04 13:44:47.184950+00:00,/nfs/data/sz_34/20260904/episode_20260904_041401_000_3ca6e9ea.npy.mp4
01a06aa0-4ef0-7e31-8469-aa3436b6bbdf,industrial packing,completed,yam,yam_0_61,37.1,huangrongbo,good,,,prod,2026-09-04 04:16:34.024703+00:00,2026-09-04 13:46:19.853136+00:00,/nfs/data/sz_34/20260904/episode_20260904_041446_000_04bc1415.npy.mp4
01a06aa0-ef18-7dcd-9795-03dd48b687ab,industrial packing,completed,yam,yam_0_61,39.6,huangrongbo,good,,,prod,2026-09-04 04:17:13.296716+00:00,2026-09-04 13:47:58.940200+00:00,/nfs/data/sz_34/20260904/episode_20260904_041527_000_214985c6.npy.mp4
01a06aa1-9710-7bb4-a273-fa938df48ec2,industrial packing,completed,yam,yam_0_61,40.8,huangrongbo,good,,,prod,2026-09-04 04:18:03.573486+00:00,2026-09-04 13:49:19.907376+00:00,/nfs/data/sz_34/20260904/episode_20260904_041610_000_acbf95fe.npy.mp4
01a06aa2-46d8-7ba7-9cfa-d988e6f3c140,industrial packing,completed,yam,yam_0_61,40.1,huangrongbo,good,,,prod,2026-09-04 04:18:42.837260+00:00,2026-09-04 13:51:34.365105+00:00,/nfs/data/sz_34/20260904/episode_20260904_041655_000_ac84f5da.npy.mp4
01a06aa2-f2b8-70e8-b24b-3a619203e6a8,industrial packing,completed,yam,yam_0_61,40.2,huangrongbo,good,,,prod,2026-09-04 04:19:27.118189+00:00,2026-09-04 13:53:42.603385+00:00,/nfs/data/sz_34/20260904/episode_20260904_041739_000_947a8ca1.npy.mp4
01a06aa3-a280-7249-8669-c166cf9ac627,industrial packing,completed,yam,yam_0_61,40.7,huangrongbo,good,,,prod,2026-09-04 04:20:12.385567+00:00,2026-09-04 13:56:49.124987+00:00,/nfs/data/sz_34/20260904/episode_20260904_041824_000_b02b39c7.npy.mp4
01a06aa4-5248-7815-94d2-25ecbf591167,industrial packing,completed,yam,yam_0_61,33.3,huangrongbo,good,,,prod,2026-09-04 04:20:51.751727+00:00,2026-09-04 13:58:14.684967+00:00,/nfs/data/sz_34/20260904/episode_20260904_041909_000_dc22c2e8.npy.mp4
01a06aa4-e6b8-7f9d-998d-ec3161b97e41,industrial packing,completed,yam,yam_0_61,30.9,huangrongbo,good,,,prod,2026-09-04 04:21:25.027723+00:00,2026-09-04 13:59:29.417762+00:00,/nfs/data/sz_34/20260904/episode_20260904_041947_000_5788196a.npy.mp4
01a06aa5-6b88-7350-a8c2-d07ca31a9dd2,industrial packing,completed,yam,yam_0_61,36.5,huangrongbo,good,,,prod,2026-09-04 04:22:04.312605+00:00,2026-09-04 14:00:49.556989+00:00,/nfs/data/sz_34/20260904/episode_20260904_042021_000_d355247a.npy.mp4
01a06aa6-0bb0-76af-b22f-2e3c06579500,industrial packing,completed,yam,yam_0_61,37.2,huangrongbo,good,,,prod,2026-09-04 04:22:48.590570+00:00,2026-09-04 14:02:08.450092+00:00,/nfs/data/sz_34/20260904/episode_20260904_042102_000_2b8e6346.npy.mp4
01a06aa6-afc0-7b7c-bcda-2fa3da769d7f,industrial packing,completed,yam,yam_0_61,36.1,huangrongbo,good,,,prod,2026-09-04 04:23:27.857402+00:00,2026-09-04 14:03:45.467399+00:00,/nfs/data/sz_34/20260904/episode_20260904_042144_000_4123cb56.npy.mp4
01a06aa7-4c00-7d88-9e4b-28a83a156ae5,industrial packing,completed,yam,yam_0_61,34.1,huangrongbo,good,,,prod,2026-09-04 04:24:07.136033+00:00,2026-09-04 14:05:34.755875+00:00,/nfs/data/sz_34/20260904/episode_20260904_042224_000_175e8586.npy.mp4
01a06aa7-e458-7fa1-b4db-615f92ddd2db,industrial packing,completed,yam,yam_0_61,34.2,huangrongbo,good,,,prod,2026-09-04 04:24:46.407980+00:00,2026-09-04 14:07:32.559060+00:00,/nfs/data/sz_34/20260904/episode_20260904_042303_000_0bdc603e.npy.mp4
01a06aa8-7cb0-7464-b67a-7cf23774b39a,industrial packing,completed,yam,yam_0_61,31.9,huangrongbo,good,,,prod,2026-09-04 04:25:19.656678+00:00,2026-09-04 14:08:39.625087+00:00,/nfs/data/sz_34/20260904/episode_20260904_042342_000_d68b2b33.npy.mp4
01a06aa9-0950-7352-850f-1464c1c0719f,industrial packing,completed,yam,yam_0_61,31.8,huangrongbo,good,,,prod,2026-09-04 04:25:58.919110+00:00,2026-09-04 14:09:50.071174+00:00,/nfs/data/sz_34/20260904/episode_20260904_042418_000_661243b4.npy.mp4
01a06aa9-95f0-750d-a3c8-71e4eb432673,industrial packing,completed,yam,yam_0_61,37.3,huangrongbo,good,,,prod,2026-09-04 04:26:38.172914+00:00,2026-09-04 14:11:24.328694+00:00,/nfs/data/sz_34/20260904/episode_20260904_042454_000_192114f1.npy.mp4
01a06aaa-3de8-7de7-8789-9e913cb23852,industrial packing,completed,yam,yam_0_61,38.2,huangrongbo,good,,,prod,2026-09-04 04:27:22.468993+00:00,2026-09-04 14:12:49.175146+00:00,/nfs/data/sz_34/20260904/episode_20260904_042537_000_ba609fb2.npy.mp4
01a06aaa-e1f8-797e-9339-35bd69e35e2e,industrial packing,completed,yam,yam_0_61,40.3,huangrongbo,good,,,prod,2026-09-04 04:28:07.731826+00:00,2026-09-04 14:14:43.196605+00:00,/nfs/data/sz_34/20260904/episode_20260904_042619_000_e8684f9a.npy.mp4
01a06aab-8dd8-7194-a3a9-9d5e581d2084,industrial packing,completed,yam,yam_0_61,40.8,huangrongbo,good,,,prod,2026-09-04 04:28:52.016974+00:00,2026-09-04 14:16:16.874394+00:00,/nfs/data/sz_34/20260904/episode_20260904_042703_000_54539b5e.npy.mp4
01a06aac-3da0-78f3-9057-5dab37689f84,industrial packing,completed,yam,yam_0_61,36.1,huangrongbo,good,,,prod,2026-09-04 04:29:31.304488+00:00,2026-09-04 14:17:39.916710+00:00,/nfs/data/sz_34/20260904/episode_20260904_042748_000_6ba37eb7.npy.mp4
01a06aac-d9e0-7815-a860-c58ea15e066d,industrial packing,completed,yam,yam_0_61,36.2,huangrongbo,good,,,prod,2026-09-04 04:30:15.566743+00:00,2026-09-04 14:18:48.075943+00:00,/nfs/data/sz_34/20260904/episode_20260904_042828_000_9d781173.npy.mp4
01a06aad-7620-70f6-857f-56a6ed815965,industrial packing,completed,yam,yam_0_61,34.9,huangrongbo,good,,,prod,2026-09-04 04:30:49.827668+00:00,2026-09-04 14:19:48.015247+00:00,/nfs/data/sz_34/20260904/episode_20260904_042908_000_bb35e2c6.npy.mp4
01a06aae-0e78-71cb-9960-bf303de39aa0,industrial packing,completed,yam,yam_0_61,37.1,huangrongbo,good,,,prod,2026-09-04 04:31:34.098952+00:00,2026-09-04 14:21:21.307604+00:00,/nfs/data/sz_34/20260904/episode_20260904_042947_000_2e3b5b8d.npy.mp4
01a06aae-aea0-7d40-8466-c57c65033459,industrial packing,completed,yam,yam_0_61,38.3,huangrongbo,good,,,prod,2026-09-04 04:32:13.352526+00:00,2026-09-04 14:22:55.943010+00:00,/nfs/data/sz_34/20260904/episode_20260904_043028_000_fcfbd8ff.npy.mp4
01a06ab3-9870-7f95-bf34-b06570802369,industrial packing,completed,yam,yam_0_61,42.1,huangrongbo,good,,,prod,2026-09-04 04:37:43.956870+00:00,2026-09-04 14:24:18.183667+00:00,/nfs/data/sz_34/20260904/episode_20260904_043550_000_f737e877.npy.mp4
01a06ab4-4c20-785a-975b-793fbbe4e158,industrial packing,completed,yam,yam_0_61,39.4,huangrongbo,good,,,prod,2026-09-04 04:38:23.374790+00:00,2026-09-04 14:25:47.425518+00:00,/nfs/data/sz_34/20260904/episode_20260904_043636_000_ad4af69e.npy.mp4
01a06ab4-f418-7a6d-b405-274c1e5215b6,industrial packing,completed,yam,yam_0_61,36.1,huangrongbo,good,,,prod,2026-09-04 04:39:02.677704+00:00,2026-09-04 14:27:40.980954+00:00,/nfs/data/sz_34/20260904/episode_20260904_043719_000_90974a9f.npy.mp4
01a06ab5-8c70-7fdd-aff0-70a311f43db6,industrial packing,completed,yam,yam_0_61,41.3,huangrongbo,good,,,prod,2026-09-04 04:39:47.974636+00:00,2026-09-04 14:28:52.468784+00:00,/nfs/data/sz_34/20260904/episode_20260904_043758_000_be302a51.npy.mp4
01a06ab6-3c38-7a2a-b354-a67a5a208a6d,industrial packing,completed,yam,yam_0_61,38.7,huangrongbo,good,,,prod,2026-09-04 04:40:32.277079+00:00,2026-09-04 14:30:04.041906+00:00,/nfs/data/sz_34/20260904/episode_20260904_043843_000_40dfe1b0.npy.mp4
01a06ab6-e430-7c38-929e-830b72119174,industrial packing,completed,yam,yam_0_61,42.1,huangrongbo,good,,,prod,2026-09-04 04:41:17.575264+00:00,2026-09-04 14:31:36.745062+00:00,/nfs/data/sz_34/20260904/episode_20260904_043926_000_91f1899b.npy.mp4
01a06ab7-97e0-7781-b5ad-5e9c8e9dfe2a,industrial packing,completed,yam,yam_0_61,39.4,huangrongbo,good,,,prod,2026-09-04 04:42:01.887179+00:00,2026-09-04 14:33:45.668437+00:00,/nfs/data/sz_34/20260904/episode_20260904_044012_000_80397964.npy.mp4
01a06ab8-3fd8-74c2-8c7c-6ec74f087319,industrial packing,completed,yam,yam_0_61,36.5,huangrongbo,good,,,prod,2026-09-04 04:42:41.178977+00:00,2026-09-04 14:35:52.704231+00:00,/nfs/data/sz_34/20260904/episode_20260904_044055_000_ae8d63b7.npy.mp4
01a06ab8-dc18-72dc-802a-fc57519c9a36,industrial packing,completed,yam,yam_0_61,36.9,huangrongbo,good,,,prod,2026-09-04 04:43:20.437794+00:00,2026-09-04 14:37:11.692391+00:00,/nfs/data/sz_34/20260904/episode_20260904_044135_000_8a15edec.npy.mp4
01a06ab9-7c40-76d3-ac10-27fef24e8889,industrial packing,completed,yam,yam_0_61,39.1,huangrongbo,good,,,prod,2026-09-04 04:44:05.735019+00:00,2026-09-04 14:38:24.771499+00:00,/nfs/data/sz_34/20260904/episode_20260904_044216_000_df99d4bb.npy.mp4
01a06aba-2438-70f9-a780-6df48b62c75f,industrial packing,completed,yam,yam_0_61,40.7,huangrongbo,good,,,prod,2026-09-04 04:44:51.014489+00:00,2026-09-04 14:40:15.447713+00:00,/nfs/data/sz_34/20260904/episode_20260904_044259_000_e3144911.npy.mp4
01a06aba-d018-7a1a-911d-5ff1a3919d31,industrial packing,completed,yam,yam_0_61,36.4,huangrongbo,good,,,prod,2026-09-04 04:45:30.280372+00:00,2026-09-04 14:42:08.804907+00:00,/nfs/data/sz_34/20260904/episode_20260904_044343_000_f9243109.npy.mp4
01a06abb-6c58-7d27-b584-1f12f12a7692,industrial packing,completed,yam,yam_0_61,32.7,huangrongbo,good,,,prod,2026-09-04 04:46:03.532996+00:00,2026-09-04 14:43:28.597721+00:00,/nfs/data/sz_34/20260904/episode_20260904_044423_000_cf3884e4.npy.mp4
01a06abc-0c80-746d-8c37-5e06074eac61,industrial packing,completed,yam,yam_0_61,32.7,huangrongbo,good,,,prod,2026-09-04 04:46:42.787332+00:00,2026-09-04 14:44:54.284726+00:00,/nfs/data/sz_34/20260904/episode_20260904_044504_000_dd48e09a.npy.mp4
01a06abc-aca8-7ba3-a4d6-c197425b9fcc,industrial packing,completed,yam,yam_0_61,39.8,huangrongbo,good,,,prod,2026-09-04 04:47:32.066238+00:00,2026-09-04 14:46:35.449128+00:00,/nfs/data/sz_34/20260904/episode_20260904_044545_000_f1a0e531.npy.mp4
01a06abd-5888-74a9-8945-15e5232560c3,industrial packing,completed,yam,yam_0_61,31.9,huangrongbo,good,,,prod,2026-09-04 04:48:10.317606+00:00,2026-09-04 14:47:54.369318+00:00,/nfs/data/sz_34/20260904/episode_20260904_044629_000_9eb6ffc3.npy.mp4
01a06abf-48a0-7fd7-913e-4e0627ea547c,industrial packing,completed,yam,yam_0_61,32.0,huangrongbo,good,,,prod,2026-09-04 04:50:14.672131+00:00,2026-09-04 14:49:44.576317+00:00,/nfs/data/sz_34/20260904/episode_20260904_044836_000_8f9fd958.npy.mp4
01a06abf-d540-7d80-b249-5a3b9fcdd8fe,industrial packing,completed,yam,yam_0_61,34.4,huangrongbo,good,,,prod,2026-09-04 04:50:53.949892+00:00,2026-09-04 14:52:20.504501+00:00,/nfs/data/sz_34/20260904/episode_20260904_044912_000_4137839e.npy.mp4
01a06ac0-69b0-732f-a585-17f5efff1db3,industrial packing,completed,yam,yam_0_61,31.2,huangrongbo,good,,,prod,2026-09-04 04:51:27.200678+00:00,2026-09-04 14:53:26.208595+00:00,/nfs/data/sz_34/20260904/episode_20260904_044950_000_472d97b2.npy.mp4
01a06ac0-f268-7330-abb4-dfebbc5d3556,industrial packing,completed,yam,yam_0_61,38.8,huangrongbo,good,,,prod,2026-09-04 04:52:11.459394+00:00,2026-09-04 14:55:31.966368+00:00,/nfs/data/sz_34/20260904/episode_20260904_045025_000_4fc14e37.npy.mp4
01a06ac1-9a60-7530-96ab-6c489278335f,industrial packing,completed,yam,yam_0_61,36.4,huangrongbo,good,,,prod,2026-09-04 04:52:50.775610+00:00,2026-09-04 14:57:41.886265+00:00,/nfs/data/sz_34/20260904/episode_20260904_045108_000_326ac335.npy.mp4
01a06ac2-36a0-791a-992f-23724ddee714,industrial packing,completed,yam,yam_0_61,36.8,huangrongbo,good,,,prod,2026-09-04 04:53:35.031479+00:00,2026-09-04 15:00:35.023417+00:00,/nfs/data/sz_34/20260904/episode_20260904_045148_000_6ccc2b01.npy.mp4
01a06ac4-3a40-7d83-aedd-4753ed7b8d9e,industrial packing,completed,yam,yam_0_61,41.7,huangrongbo,good,,,prod,2026-09-04 04:55:52.382534+00:00,2026-09-04 15:03:02.324277+00:00,/nfs/data/sz_34/20260904/episode_20260904_045400_000_ada51760.npy.mp4
01a06ac4-ea08-71f5-b431-1251fc9824d9,industrial packing,completed,yam,yam_0_61,36.7,huangrongbo,good,,,prod,2026-09-04 04:56:32.651606+00:00,2026-09-04 15:05:14.674465+00:00,/nfs/data/sz_34/20260904/episode_20260904_045445_000_16f8707f.npy.mp4
01a06ac5-8648-73b4-89d5-ccfbed4dffca,industrial packing,completed,yam,yam_0_61,37.1,huangrongbo,good,,,prod,2026-09-04 04:57:11.904442+00:00,2026-09-04 15:07:18.795881+00:00,/nfs/data/sz_34/20260904/episode_20260904_045525_000_e0cca28f.npy.mp4
01a06ac6-2670-762f-a37c-56bf491fb3bf,industrial packing,completed,yam,yam_0_61,38.8,huangrongbo,good,,,prod,2026-09-04 04:57:56.167817+00:00,2026-09-04 15:09:07.691106+00:00,/nfs/data/sz_34/20260904/episode_20260904_045606_000_386bf936.npy.mp4
01a06ac6-ce68-7fa8-84c2-24963e047aa6,industrial packing,completed,yam,yam_0_61,40.6,huangrongbo,good,,,prod,2026-09-04 04:58:41.459286+00:00,2026-09-04 15:10:15.759894+00:00,/nfs/data/sz_34/20260904/episode_20260904_045649_000_84e4069b.npy.mp4
01a06ac7-7a48-7faf-9df9-47410727737f,industrial packing,completed,yam,yam_0_61,33.4,huangrongbo,good,,,prod,2026-09-04 04:59:15.730708+00:00,2026-09-04 15:11:36.229818+00:00,/nfs/data/sz_34/20260904/episode_20260904_045733_000_e906cedf.npy.mp4
01a06ac8-0eb8-7d11-a476-d1577e4be18a,industrial packing,completed,yam,yam_0_61,35.7,huangrongbo,good,,,prod,2026-09-04 04:59:54.010363+00:00,2026-09-04 15:13:09.886972+00:00,/nfs/data/sz_34/20260904/episode_20260904_045811_000_b8f569e8.npy.mp4
01a06ac8-aaf8-7837-847a-fecf8ca99555,industrial packing,completed,yam,yam_0_61,36.3,huangrongbo,good,,,prod,2026-09-04 05:00:39.289594+00:00,2026-09-04 15:14:45.035597+00:00,/nfs/data/sz_34/20260904/episode_20260904_045851_000_42fd428f.npy.mp4
01a06ac9-4738-7585-af37-184ee9602b1a,industrial packing,completed,yam,yam_0_61,39.4,huangrongbo,good,,,prod,2026-09-04 05:01:18.554155+00:00,2026-09-04 15:17:05.935360+00:00,/nfs/data/sz_34/20260904/episode_20260904_045931_000_68b9dcba.npy.mp4
01a06ac9-ef30-7ad1-b08b-e765775eba65,industrial packing,completed,yam,yam_0_61,34.6,huangrongbo,good,,,prod,2026-09-04 05:01:57.826142+00:00,2026-09-04 15:18:19.220169+00:00,/nfs/data/sz_34/20260904/episode_20260904_050014_000_a75515d6.npy.mp4
01a06aca-83a0-7b54-8893-519a5f2c9e04,industrial packing,completed,yam,yam_0_61,35.2,huangrongbo,good,,,prod,2026-09-04 05:02:37.096885+00:00,2026-09-04 15:19:47.266104+00:00,/nfs/data/sz_34/20260904/episode_20260904_050052_000_257908e2.npy.mp4
01a06acb-1bf8-725c-a68f-037f222f0fea,industrial packing,completed,yam,yam_0_61,36.3,huangrongbo,good,,,prod,2026-09-04 05:03:16.368727+00:00,2026-09-04 15:22:16.001792+00:00,/nfs/data/sz_34/20260904/episode_20260904_050131_000_54985efe.npy.mp4
01a06acb-b838-7de1-afb3-f9e01b6e3003,industrial packing,completed,yam,yam_0_61,38.5,huangrongbo,good,,,prod,2026-09-04 05:04:01.637079+00:00,2026-09-04 15:24:56.026211+00:00,/nfs/data/sz_34/20260904/episode_20260904_050211_000_936668b3.npy.mp4
01a06acc-5c48-70c9-bbc2-c710e66af25f,industrial packing,completed,yam,yam_0_61,36.4,huangrongbo,good,,,prod,2026-09-04 05:04:40.931015+00:00,2026-09-04 15:26:25.887230+00:00,/nfs/data/sz_34/20260904/episode_20260904_050253_000_87c8f6b7.npy.mp4
01a06acc-f888-7b3e-bb13-64147c9ed52e,industrial packing,completed,yam,yam_0_61,34.6,huangrongbo,good,,,prod,2026-09-04 05:05:15.226706+00:00,2026-09-04 15:27:55.431538+00:00,/nfs/data/sz_34/20260904/episode_20260904_050333_000_4ca77f6d.npy.mp4
01a06acd-90e0-7671-bd7b-718d5dee40f5,industrial packing,completed,yam,yam_0_61,33.6,huangrongbo,good,,,prod,2026-09-04 05:05:53.502794+00:00,2026-09-04 15:29:32.138178+00:00,/nfs/data/sz_34/20260904/episode_20260904_050412_000_7a2090d5.npy.mp4
01a06ace-34f0-7888-abe7-484a601d1d00,industrial packing,completed,yam,yam_0_61,31.9,huangrongbo,good,,,prod,2026-09-04 05:06:32.776087+00:00,2026-09-04 15:31:12.971049+00:00,/nfs/data/sz_34/20260904/episode_20260904_050454_000_e58afca9.npy.mp4
01a06ace-e0d0-7413-b05e-90a6afdc46d1,industrial packing,completed,yam,yam_0_61,24.4,huangrongbo,good,,,prod,2026-09-04 05:07:10.052581+00:00,2026-09-04 15:32:48.660909+00:00,/nfs/data/sz_34/20260904/episode_20260904_050538_000_fd062549.npy.mp4
01a06acf-5600-796b-8de6-36a35e992388,industrial packing,completed,yam,yam_0_61,24.2,huangrongbo,good,,,prod,2026-09-04 05:07:38.320860+00:00,2026-09-04 15:34:14.505732+00:00,/nfs/data/sz_34/20260904/episode_20260904_050608_000_4ff40e08.npy.mp4
01a06acf-c360-7206-b27f-2f48ae997489,industrial packing,completed,yam,yam_0_61,26.3,huangrongbo,good,,,prod,2026-09-04 05:08:11.618918+00:00,2026-09-04 15:35:17.193319+00:00,/nfs/data/sz_34/20260904/episode_20260904_050636_000_ddbb2848.npy.mp4
01a06ad0-3890-7ed4-8a38-ae46de8b7e24,industrial packing,completed,yam,yam_0_61,27.7,huangrongbo,good,,,prod,2026-09-04 05:08:39.891352+00:00,2026-09-04 15:37:04.910112+00:00,/nfs/data/sz_34/20260904/episode_20260904_050706_000_ffd23e12.npy.mp4
01a06ad0-b590-7988-a603-67978290cf8c,industrial packing,completed,yam,yam_0_61,30.6,huangrongbo,good,,,prod,2026-09-04 05:09:19.164371+00:00,2026-09-04 15:38:47.217369+00:00,/nfs/data/sz_34/20260904/episode_20260904_050738_000_211f27ce.npy.mp4
01a06ad1-3a60-79b3-b794-f735499c5933,industrial packing,completed,yam,yam_0_61,29.1,huangrongbo,good,,,prod,2026-09-04 05:09:47.465402+00:00,2026-09-04 15:40:19.850071+00:00,/nfs/data/sz_34/20260904/episode_20260904_050812_000_701bbc53.npy.mp4
01a06ad1-bb48-71d1-baa9-dce4146c0b7d,industrial packing,completed,yam,yam_0_61,31.8,huangrongbo,good,,,prod,2026-09-04 05:10:26.750776+00:00,2026-09-04 15:41:56.337438+00:00,/nfs/data/sz_34/20260904/episode_20260904_050845_000_33e03cf5.npy.mp4
01a06ad2-4400-7a02-a504-e31ccf17d9df,industrial packing,completed,yam,yam_0_61,34.3,huangrongbo,good,,,prod,2026-09-04 05:11:00.008928+00:00,2026-09-04 15:44:23.120768+00:00,/nfs/data/sz_34/20260904/episode_20260904_050920_000_caecc6ad.npy.mp4
01a06ad2-d870-7fe0-87b0-c1974ed82e2c,industrial packing,completed,yam,yam_0_61,33.5,huangrongbo,good,,,prod,2026-09-04 05:11:39.275871+00:00,2026-09-04 15:46:19.845124+00:00,/nfs/data/sz_34/20260904/episode_20260904_050958_000_35afb1d3.npy.mp4
01a06ad3-68f8-7fcb-a842-1a914b306d13,industrial packing,completed,yam,yam_0_61,30.1,huangrongbo,good,,,prod,2026-09-04 05:12:13.539737+00:00,2026-09-04 15:47:52.133858+00:00,/nfs/data/sz_34/20260904/episode_20260904_051035_000_ae12ad6e.npy.mp4
01a06ad3-edc8-7ed6-9518-1f4d669821ea,industrial packing,completed,yam,yam_0_61,36.5,huangrongbo,good,,,prod,2026-09-04 05:12:51.806634+00:00,2026-09-04 15:49:32.810543+00:00,/nfs/data/sz_34/20260904/episode_20260904_051109_000_cf2bcf21.npy.mp4
01a06ad4-8a08-73e8-996f-1bb5ad7b0aed,industrial packing,completed,yam,yam_0_61,31.6,huangrongbo,good,,,prod,2026-09-04 05:13:31.088532+00:00,2026-09-04 15:51:06.148033+00:00,/nfs/data/sz_34/20260904/episode_20260904_051149_000_66455332.npy.mp4
01a06ad5-12c0-7231-adc3-2e432505cf10,industrial packing,completed,yam,yam_0_61,35.1,huangrongbo,good,,,prod,2026-09-04 05:14:10.339191+00:00,2026-09-04 15:52:17.324534+00:00,/nfs/data/sz_34/20260904/episode_20260904_051224_000_045a1786.npy.mp4
01a06ad5-ab18-7b43-a65b-011a05fc97ad,industrial packing,completed,yam,yam_0_61,31.1,huangrongbo,good,,,prod,2026-09-04 05:14:44.651938+00:00,2026-09-04 15:54:04.462131+00:00,/nfs/data/sz_34/20260904/episode_20260904_051303_000_6c95ef5b.npy.mp4
01a06ad6-33d0-7280-aa86-114b1fc60589,industrial packing,completed,yam,yam_0_61,29.9,huangrongbo,good,,,prod,2026-09-04 05:15:17.902798+00:00,2026-09-04 15:55:32.040786+00:00,/nfs/data/sz_34/20260904/episode_20260904_051338_000_4f5a0d37.npy.mp4
01a06ad6-b8a0-7fe3-a5f1-b1596f6078af,industrial packing,completed,yam,yam_0_61,37.1,huangrongbo,good,,,prod,2026-09-04 05:15:58.160755+00:00,2026-09-04 15:57:37.052360+00:00,/nfs/data/sz_34/20260904/episode_20260904_051412_000_974569f5.npy.mp4
01a06ad7-58c8-7319-abee-4ee62dfdcd37,industrial packing,completed,yam,yam_0_61,35.7,huangrongbo,good,,,prod,2026-09-04 05:16:37.444982+00:00,2026-09-04 15:59:25.637120+00:00,/nfs/data/sz_34/20260904/episode_20260904_051453_000_c2cda88b.npy.mp4
01a06ad7-f120-739e-bcc9-c000ceb60688,industrial packing,completed,yam,yam_0_61,34.5,huangrongbo,good,,,prod,2026-09-04 05:17:15.692339+00:00,2026-09-04 16:01:12.511980+00:00,/nfs/data/sz_34/20260904/episode_20260904_051532_000_6d3a87af.npy.mp4
01a06ad8-8978-74b4-848e-0ac6c5c79c19,industrial packing,completed,yam,yam_0_61,32.7,huangrongbo,good,,,prod,2026-09-04 05:17:49.953462+00:00,2026-09-04 16:03:24.657636+00:00,/nfs/data/sz_34/20260904/episode_20260904_051611_000_ab75c8bb.npy.mp4
01a06ad9-1618-741a-a05c-d0cbe43b91ad,industrial packing,completed,yam,yam_0_61,36.7,huangrongbo,good,,,prod,2026-09-04 05:18:34.210556+00:00,2026-09-04 16:05:35.615626+00:00,/nfs/data/sz_34/20260904/episode_20260904_051647_000_03ea4503.npy.mp4
01a06ad9-ba28-7b63-9d45-3502d21c4f38,industrial packing,completed,yam,yam_0_61,34.4,huangrongbo,good,,,prod,2026-09-04 05:19:13.468855+00:00,2026-09-04 16:07:24.526586+00:00,/nfs/data/sz_34/20260904/episode_20260904_051729_000_9d024d34.npy.mp4
01a06ada-5280-7d25-9d9e-7097cb9d03eb,industrial packing,completed,yam,yam_0_61,38.8,huangrongbo,good,,,prod,2026-09-04 05:19:57.801771+00:00,2026-09-04 16:08:51.001541+00:00,/nfs/data/sz_34/20260904/episode_20260904_051808_000_1ac83f4a.npy.mp4
01a06ada-fa78-7701-97b9-1753db9db548,industrial packing,completed,yam,yam_0_61,32.8,huangrongbo,good,,,prod,2026-09-04 05:20:32.058413+00:00,2026-09-04 16:10:18.269839+00:00,/nfs/data/sz_34/20260904/episode_20260904_051851_000_b751aae5.npy.mp4
01a06adb-8718-7130-ba1e-c9016f56a014,industrial packing,completed,yam,yam_0_61,33.7,huangrongbo,good,,,prod,2026-09-04 05:21:11.379934+00:00,2026-09-04 16:12:25.333200+00:00,/nfs/data/sz_34/20260904/episode_20260904_051927_000_b317ff1c.npy.mp4
01a06adc-17a0-781b-abf4-be980e837d7a,industrial packing,completed,yam,yam_0_61,32.3,huangrongbo,good,,,prod,2026-09-04 05:21:45.660736+00:00,2026-09-04 16:14:33.777635+00:00,/nfs/data/sz_34/20260904/episode_20260904_052004_000_397d67ea.npy.mp4
01a06adc-a440-7a6c-a995-d1695099d0b9,industrial packing,completed,yam,yam_0_61,30.6,huangrongbo,good,,,prod,2026-09-04 05:22:19.944815+00:00,2026-09-04 16:15:44.165624+00:00,/nfs/data/sz_34/20260904/episode_20260904_052040_000_6c250e2d.npy.mp4
01a06add-2cf8-733c-99b4-efcd5694d342,industrial packing,completed,yam,yam_0_61,33.5,huangrongbo,good,,,prod,2026-09-04 05:22:58.209063+00:00,2026-09-04 16:17:15.758052+00:00,/nfs/data/sz_34/20260904/episode_20260904_052115_000_f783f2e8.npy.mp4
01a06add-bd80-7639-b8b4-242d0fd0cc4f,industrial packing,completed,yam,yam_0_61,31.2,huangrongbo,good,,,prod,2026-09-04 05:23:32.466053+00:00,2026-09-04 16:18:43.152063+00:00,/nfs/data/sz_34/20260904/episode_20260904_052152_000_38e90ba9.npy.mp4
01a06ade-4638-7933-9289-ffa8e940d8b5,industrial packing,completed,yam,yam_0_61,33.7,huangrongbo,good,,,prod,2026-09-04 05:24:11.734330+00:00,2026-09-04 16:19:58.057489+00:00,/nfs/data/sz_34/20260904/episode_20260904_052227_000_e8efbf92.npy.mp4
01a06ade-daa8-7711-8019-4cfc7e8c4353,industrial packing,completed,yam,yam_0_61,30.6,huangrongbo,good,,,prod,2026-09-04 05:24:44.993135+00:00,2026-09-04 16:21:10.354256+00:00,/nfs/data/sz_34/20260904/episode_20260904_052305_000_7345b3de.npy.mp4
01a06adf-d4a8-7b8f-a855-4a48e7b66853,industrial packing,completed,yam,yam_0_61,29.9,huangrongbo,good,,,prod,2026-09-04 05:25:49.312592+00:00,2026-09-04 16:22:44.361398+00:00,/nfs/data/sz_34/20260904/episode_20260904_052409_000_f94b36a5.npy.mp4
01a06ae0-5590-7d21-8417-d70ba859c5d9,industrial packing,completed,yam,yam_0_61,33.6,huangrongbo,good,,,prod,2026-09-04 05:26:22.633490+00:00,2026-09-04 16:24:43.643824+00:00,/nfs/data/sz_34/20260904/episode_20260904_052442_000_6e40eebf.npy.mp4
01a06ae0-ea00-75be-a262-39d05267f068,industrial packing,completed,yam,yam_0_61,36.2,huangrongbo,good,,,prod,2026-09-04 05:27:01.948729+00:00,2026-09-04 16:27:03.329372+00:00,/nfs/data/sz_34/20260904/episode_20260904_052520_000_306bb61a.npy.mp4
01a06ae1-8640-7a32-b296-f388054d81c5,industrial packing,completed,yam,yam_0_61,36.4,huangrongbo,good,,,prod,2026-09-04 05:27:46.232090+00:00,2026-09-04 16:28:16.435781+00:00,/nfs/data/sz_34/20260904/episode_20260904_052600_000_aef1173a.npy.mp4
01a06ae2-2280-74c5-8cf7-972734566849,industrial packing,completed,yam,yam_0_61,33.5,huangrongbo,good,,,prod,2026-09-04 05:28:20.496372+00:00,2026-09-04 16:29:32.395337+00:00,/nfs/data/sz_34/20260904/episode_20260904_052640_000_e8a43bfa.npy.mp4
01a06ae2-b6f0-7132-85b8-95f2ff08cb75,industrial packing,completed,yam,yam_0_61,34.8,huangrongbo,good,,,prod,2026-09-04 05:28:59.767061+00:00,2026-09-04 16:30:47.927338+00:00,/nfs/data/sz_34/20260904/episode_20260904_052718_000_75ef5dfb.npy.mp4
01a06ae3-5b00-7f3a-917c-f63fe0c99c78,industrial packing,completed,yam,yam_0_61,31.4,huangrongbo,good,,,prod,2026-09-04 05:29:38.047856+00:00,2026-09-04 16:31:59.999278+00:00,/nfs/data/sz_34/20260904/episode_20260904_052800_000_d76a0684.npy.mp4
01a06ae3-e7a0-7c34-9599-7ddee985af98,industrial packing,completed,yam,yam_0_61,34.9,huangrongbo,good,,,prod,2026-09-04 05:30:22.316274+00:00,2026-09-04 16:33:00.292765+00:00,/nfs/data/sz_34/20260904/episode_20260904_052836_000_724211c9.npy.mp4
01a06ae4-7c10-7a36-a6bc-297c74bfeee9,industrial packing,completed,yam,yam_0_61,35.6,huangrongbo,good,,,prod,2026-09-04 05:30:56.609995+00:00,2026-09-04 16:34:05.606000+00:00,/nfs/data/sz_34/20260904/episode_20260904_052914_000_7d406ea2.npy.mp4
01a06ae5-1850-7d1a-bbde-0df2767a17b9,industrial packing,completed,yam,yam_0_61,39.9,huangrongbo,good,,,prod,2026-09-04 05:31:40.876223+00:00,2026-09-04 16:35:33.380647+00:00,/nfs/data/sz_34/20260904/episode_20260904_052954_000_8fa4e0a8.npy.mp4
01a06ae5-c430-7d2e-9014-0d06feb0b14a,industrial packing,completed,yam,yam_0_61,34.2,huangrongbo,good,,,prod,2026-09-04 05:32:20.171374+00:00,2026-09-04 16:36:53.509719+00:00,/nfs/data/sz_34/20260904/episode_20260904_053038_000_e5e012bd.npy.mp4
01a06ae6-58a0-7495-8b61-4da6403a24f4,industrial packing,completed,yam,yam_0_61,29.8,huangrongbo,good,,,prod,2026-09-04 05:32:54.438563+00:00,2026-09-04 16:38:19.121475+00:00,/nfs/data/sz_34/20260904/episode_20260904_053116_000_ef6aecdc.npy.mp4
01a06ae6-d988-7057-9066-13820492012a,industrial packing,completed,yam,yam_0_61,33.1,huangrongbo,good,,,prod,2026-09-04 05:33:32.796464+00:00,2026-09-04 16:40:19.850448+00:00,/nfs/data/sz_34/20260904/episode_20260904_053149_000_4902cf55.npy.mp4
01a06ae7-71e0-7183-bfcd-4eae9d4b478a,industrial packing,completed,yam,yam_0_61,25.0,huangrongbo,good,,,prod,2026-09-04 05:34:01.039260+00:00,2026-09-04 16:42:11.734693+00:00,/nfs/data/sz_34/20260904/episode_20260904_053228_000_a795b013.npy.mp4
01a06ae7-e328-7575-a449-d3c667f61401,industrial packing,completed,yam,yam_0_61,32.3,huangrongbo,good,,,prod,2026-09-04 05:34:35.321185+00:00,2026-09-04 16:43:54.032113+00:00,/nfs/data/sz_34/20260904/episode_20260904_053257_000_5aaf3af3.npy.mp4
01a06ae8-6fc8-7973-a4d0-8a731ac94713,industrial packing,completed,yam,yam_0_61,31.4,huangrongbo,good,,,prod,2026-09-04 05:35:13.601112+00:00,2026-09-04 16:45:36.650523+00:00,/nfs/data/sz_34/20260904/episode_20260904_053333_000_d36652e6.npy.mp4
01a06ae8-f880-7488-bbed-efb8959bc33f,industrial packing,completed,yam,yam_0_61,29.9,huangrongbo,good,,,prod,2026-09-04 05:35:47.873673+00:00,2026-09-04 16:47:32.851863+00:00,/nfs/data/sz_34/20260904/episode_20260904_053408_000_989729d9.npy.mp4
01a06ae9-7968-7beb-be5e-bf3e1c66ddfe,industrial packing,completed,yam,yam_0_61,28.9,huangrongbo,good,,,prod,2026-09-04 05:36:16.133706+00:00,2026-09-04 16:49:52.312599+00:00,/nfs/data/sz_34/20260904/episode_20260904_053441_000_4d147c39.npy.mp4
01a06ae9-fa50-7fc3-9f4b-a046fca0792f,industrial packing,completed,yam,yam_0_61,33.5,huangrongbo,good,,,prod,2026-09-04 05:36:55.419639+00:00,2026-09-04 16:51:11.142523+00:00,/nfs/data/sz_34/20260904/episode_20260904_053514_000_c278ac7a.npy.mp4
01a06aea-8ec0-7d5b-9de0-e7195f92fc4b,industrial packing,completed,yam,yam_0_61,30.5,huangrongbo,good,,,prod,2026-09-04 05:37:28.706977+00:00,2026-09-04 16:52:24.439899+00:00,/nfs/data/sz_34/20260904/episode_20260904_053552_000_ae12f80b.npy.mp4
01a06aeb-1390-7989-a88c-a60f0d736ead,industrial packing,completed,yam,yam_0_61,35.6,huangrongbo,good,,,prod,2026-09-04 05:38:12.997605+00:00,2026-09-04 16:53:35.021130+00:00,/nfs/data/sz_34/20260904/episode_20260904_053626_000_cb93b934.npy.mp4
01a06aeb-afd0-7583-a241-4439e7be931a,industrial packing,completed,yam,yam_0_61,33.4,huangrongbo,good,,,prod,2026-09-04 05:38:47.233969+00:00,2026-09-04 16:54:56.675679+00:00,/nfs/data/sz_34/20260904/episode_20260904_053706_000_053fb47d.npy.mp4
01a06aec-4058-7cf8-922e-b25fa7e9e4d5,industrial packing,completed,yam,yam_0_61,31.3,huangrongbo,good,,,prod,2026-09-04 05:39:20.488950+00:00,2026-09-04 16:56:51.380721+00:00,/nfs/data/sz_34/20260904/episode_20260904_053743_000_49015f11.npy.mp4
01a06aec-c910-7382-b44d-e6f3a3d33baa,industrial packing,completed,yam,yam_0_61,32.6,huangrongbo,good,,,prod,2026-09-04 05:39:59.752360+00:00,2026-09-04 16:58:14.322104+00:00,/nfs/data/sz_34/20260904/episode_20260904_053818_000_27594741.npy.mp4
01a06aed-78d8-75e2-9256-3f8d85fac21b,industrial packing,completed,yam,yam_0_61,32.0,huangrongbo,good,,,prod,2026-09-04 05:40:44.245695+00:00,2026-09-04 16:59:25.731885+00:00,/nfs/data/sz_34/20260904/episode_20260904_053903_000_001949a3.npy.mp4
01a06aee-0578-718d-8c89-396ab2649f4a,industrial packing,completed,yam,yam_0_61,36.3,huangrongbo,good,,,prod,2026-09-04 05:41:22.518909+00:00,2026-09-04 17:01:19.254018+00:00,/nfs/data/sz_34/20260904/episode_20260904_053939_000_508d6675.npy.mp4
01a06aee-a1b8-76d7-ae95-acf1c4ee4910,industrial packing,completed,yam,yam_0_61,30.3,huangrongbo,good,,,prod,2026-09-04 05:41:56.825155+00:00,2026-09-04 17:02:56.474847+00:00,/nfs/data/sz_34/20260904/episode_20260904_054019_000_e3ef1012.npy.mp4
01a06aef-2a70-7f23-8fda-b1b474a54135,industrial packing,completed,yam,yam_0_61,34.3,huangrongbo,good,,,prod,2026-09-04 05:42:35.102126+00:00,2026-09-04 17:04:00.580543+00:00,/nfs/data/sz_34/20260904/episode_20260904_054054_000_6240197b.npy.mp4
01a06aef-c2c8-71f4-9b1c-9b32081473aa,industrial packing,completed,yam,yam_0_61,31.3,huangrongbo,good,,,prod,2026-09-04 05:43:14.412399+00:00,2026-09-04 17:06:04.276880+00:00,/nfs/data/sz_34/20260904/episode_20260904_054133_000_582b23ed.npy.mp4
01a06af0-4f68-7bf1-848a-8905a06ba78a,industrial packing,completed,yam,yam_0_61,30.5,huangrongbo,good,,,prod,2026-09-04 05:43:47.680472+00:00,2026-09-04 17:07:12.010448+00:00,/nfs/data/sz_34/20260904/episode_20260904_054209_000_ec1b1c65.npy.mp4
01a06af0-d438-7e8e-976e-eb9c43593052,industrial packing,completed,yam,yam_0_61,35.0,huangrongbo,good,,,prod,2026-09-04 05:44:27.003682+00:00,2026-09-04 17:08:39.115527+00:00,/nfs/data/sz_34/20260904/episode_20260904_054243_000_6c737bc9.npy.mp4
01a06af1-6c90-7af9-b789-010ead1df5e4,industrial packing,completed,yam,yam_0_61,34.5,huangrongbo,good,,,prod,2026-09-04 05:45:06.521551+00:00,2026-09-04 17:10:19.414532+00:00,/nfs/data/sz_34/20260904/episode_20260904_054322_000_59aeefff.npy.mp4
01a06af2-0100-718d-887c-9459e1f984a6,industrial packing,completed,yam,yam_0_61,35.5,huangrongbo,good,,,prod,2026-09-04 05:45:45.804339+00:00,2026-09-04 17:11:40.975678+00:00,/nfs/data/sz_34/20260904/episode_20260904_054400_000_fb1a48fe.npy.mp4
01a06af3-7030-7ad6-bc76-c49bdbc23b09,industrial packing,completed,yam,yam_0_61,38.6,huangrongbo,good,,,prod,2026-09-04 05:47:23.145350+00:00,2026-09-04 17:12:53.304239+00:00,/nfs/data/sz_34/20260904/episode_20260904_054534_000_ab5d04b1.npy.mp4
01a06af4-1440-76f5-b588-68e24a4ee083,industrial packing,completed,yam,yam_0_61,33.4,huangrongbo,good,,,prod,2026-09-04 05:47:57.428617+00:00,2026-09-04 17:14:45.438698+00:00,/nfs/data/sz_34/20260904/episode_20260904_054616_000_8c8b4306.npy.mp4
01a06af4-a4c8-7af9-ba06-43ee7bae8bc7,industrial packing,completed,yam,yam_0_61,35.1,huangrongbo,good,,,prod,2026-09-04 05:48:36.737336+00:00,2026-09-04 17:16:04.475154+00:00,/nfs/data/sz_34/20260904/episode_20260904_054653_000_5c93b6cf.npy.mp4
01a06af5-3d20-719a-8b06-eb64a9cfdf1c,industrial packing,completed,yam,yam_0_61,33.7,huangrongbo,good,,,prod,2026-09-04 05:49:16.011547+00:00,2026-09-04 17:17:24.236923+00:00,/nfs/data/sz_34/20260904/episode_20260904_054732_000_18fa0217.npy.mp4
01a06af5-d190-7369-a27c-735125d9c56c,industrial packing,completed,yam,yam_0_61,35.1,huangrongbo,good,,,prod,2026-09-04 05:49:55.287486+00:00,2026-09-04 17:19:09.377740+00:00,/nfs/data/sz_34/20260904/episode_20260904_054810_000_bfd6a278.npy.mp4
01a06af6-6600-7bda-b0b3-cbd3f20f0c44,industrial packing,completed,yam,yam_0_61,37.2,huangrongbo,good,,,prod,2026-09-04 05:50:34.602325+00:00,2026-09-04 17:20:36.416723+00:00,/nfs/data/sz_34/20260904/episode_20260904_054848_000_a62ff23c.npy.mp4
01a06af7-0628-7b1a-8dfb-ee62d51fd27e,industrial packing,completed,yam,yam_0_61,32.5,huangrongbo,good,,,prod,2026-09-04 05:51:09.001863+00:00,2026-09-04 17:21:55.890446+00:00,/nfs/data/sz_34/20260904/episode_20260904_054929_000_6f568cff.npy.mp4
01a06af7-96b0-7f64-99df-2ae6ba5dd41e,industrial packing,completed,yam,yam_0_61,33.3,huangrongbo,good,,,prod,2026-09-04 05:51:47.289135+00:00,2026-09-04 17:22:59.937158+00:00,/nfs/data/sz_34/20260904/episode_20260904_055006_000_894e0228.npy.mp4
01a06af8-2738-7ca0-8f56-af69ee1fae59,industrial packing,completed,yam,yam_0_61,34.3,huangrongbo,good,,,prod,2026-09-04 05:52:26.549218+00:00,2026-09-04 17:24:35.806854+00:00,/nfs/data/sz_34/20260904/episode_20260904_055043_000_dd5c856e.npy.mp4
01a06af8-bba8-7c26-b208-2b09f5a4d942,industrial packing,completed,yam,yam_0_61,38.7,huangrongbo,good,,,prod,2026-09-04 05:53:11.837343+00:00,2026-09-04 17:26:32.242839+00:00,/nfs/data/sz_34/20260904/episode_20260904_055121_000_d645b82a.npy.mp4
01a06af9-63a0-7cd5-b00a-501cd53a0a8f,industrial packing,completed,yam,yam_0_61,34.7,huangrongbo,good,,,prod,2026-09-04 05:53:46.122791+00:00,2026-09-04 17:27:53.248021+00:00,/nfs/data/sz_34/20260904/episode_20260904_055204_000_d5637414.npy.mp4
01a06af9-f810-7cf7-93d4-c4ede5dbff6b,industrial packing,completed,yam,yam_0_61,35.5,huangrongbo,good,,,prod,2026-09-04 05:54:24.401976+00:00,2026-09-04 17:29:36.658062+00:00,/nfs/data/sz_34/20260904/episode_20260904_055242_000_2ab42061.npy.mp4
01a06afa-9068-7115-8028-aec0ae42c3fa,industrial packing,completed,yam,yam_0_61,31.0,huangrongbo,good,,,prod,2026-09-04 05:54:58.688553+00:00,2026-09-04 17:31:13.390711+00:00,/nfs/data/sz_34/20260904/episode_20260904_055321_000_cf724ac5.npy.mp4
01a06afb-1920-7399-acec-c978b51c6d54,industrial packing,completed,yam,yam_0_61,30.1,huangrongbo,good,,,prod,2026-09-04 05:55:31.955077+00:00,2026-09-04 17:32:36.702790+00:00,/nfs/data/sz_34/20260904/episode_20260904_055356_000_bfc83854.npy.mp4
01a06afb-9a08-74fc-a3c2-db8fb04bcefb,industrial packing,completed,yam,yam_0_61,32.7,huangrongbo,good,,,prod,2026-09-04 05:56:11.229335+00:00,2026-09-04 17:33:52.378156+00:00,/nfs/data/sz_34/20260904/episode_20260904_055429_000_9e928ae1.npy.mp4
01a06afc-2a90-7964-91a2-67fdaf7009b8,industrial packing,completed,yam,yam_0_61,33.8,huangrongbo,good,,,prod,2026-09-04 05:56:50.497962+00:00,2026-09-04 17:36:29.980980+00:00,/nfs/data/sz_34/20260904/episode_20260904_055506_000_55a2fe28.npy.mp4
01a06afc-bb18-7480-91e3-aea28b174e77,industrial packing,completed,yam,yam_0_61,32.6,huangrongbo,good,,,prod,2026-09-04 05:57:23.889849+00:00,2026-09-04 17:37:35.464923+00:00,/nfs/data/sz_34/20260904/episode_20260904_055543_000_f5f49664.npy.mp4
01a06afd-4ba0-7d6d-9708-ed6eee73b542,industrial packing,completed,yam,yam_0_61,33.4,huangrongbo,good,,,prod,2026-09-04 05:58:03.179820+00:00,2026-09-04 17:38:55.249514+00:00,/nfs/data/sz_34/20260904/episode_20260904_055620_000_95fcb41b.npy.mp4
01a06afd-dc28-7e80-88c6-4bb503a7aad0,industrial packing,completed,yam,yam_0_61,33.0,huangrongbo,good,,,prod,2026-09-04 05:58:36.414412+00:00,2026-09-04 17:40:21.162892+00:00,/nfs/data/sz_34/20260904/episode_20260904_055657_000_2b0cd65d.npy.mp4
01a06afe-6cb0-70f2-b27a-4d5fa7797e62,industrial packing,completed,yam,yam_0_61,33.9,huangrongbo,good,,,prod,2026-09-04 05:59:15.691450+00:00,2026-09-04 17:41:54.757298+00:00,/nfs/data/sz_34/20260904/episode_20260904_055734_000_06df3972.npy.mp4
01a06aff-0120-7839-b3e9-5ea2f97bac74,industrial packing,completed,yam,yam_0_61,38.0,huangrongbo,good,,,prod,2026-09-04 05:59:59.972811+00:00,2026-09-04 17:43:52.804039+00:00,/nfs/data/sz_34/20260904/episode_20260904_055812_000_c07e0e5a.npy.mp4
01a06aff-a148-711e-b604-e43ec7686192,industrial packing,completed,yam,yam_0_61,34.0,huangrongbo,good,,,prod,2026-09-04 06:00:34.237474+00:00,2026-09-04 17:45:45.904728+00:00,/nfs/data/sz_34/20260904/episode_20260904_055853_000_ee37883e.npy.mp4
01a06b00-35b8-7771-a6f5-70daf1e1d3f6,industrial packing,completed,yam,yam_0_61,37.2,huangrongbo,good,,,prod,2026-09-04 06:01:18.518388+00:00,2026-09-04 17:47:29.942728+00:00,/nfs/data/sz_34/20260904/episode_20260904_055931_000_f964cb53.npy.mp4
01a06b00-d5e0-7c29-8dd8-f6172e7d3e5d,industrial packing,completed,yam,yam_0_61,36.1,huangrongbo,good,,,prod,2026-09-04 06:01:57.856378+00:00,2026-09-04 17:50:40.535985+00:00,/nfs/data/sz_34/20260904/episode_20260904_060012_000_8574e1ed.npy.mp4
01a06b01-6e38-7ab9-9d47-3f87ec238b04,industrial packing,completed,yam,yam_0_61,30.8,huangrongbo,good,,,prod,2026-09-04 06:02:32.143674+00:00,2026-09-04 17:51:44.835203+00:00,/nfs/data/sz_34/20260904/episode_20260904_060051_000_a72d435e.npy.mp4
01a06b02-1a18-7850-998b-0b63ad93bd04,industrial packing,completed,yam,yam_0_61,33.8,huangrongbo,good,,,prod,2026-09-04 06:03:15.632041+00:00,2026-09-04 17:53:02.842877+00:00,/nfs/data/sz_34/20260904/episode_20260904_060135_000_c3ee4d95.npy.mp4
01a06b02-ae88-782d-8fe9-26468cb63792,industrial packing,completed,yam,yam_0_61,32.3,huangrongbo,good,,,prod,2026-09-04 06:03:54.894955+00:00,2026-09-04 17:54:04.937380+00:00,/nfs/data/sz_34/20260904/episode_20260904_060213_000_adca31da.npy.mp4
01a06b03-3b28-7e35-8ffc-e7a77f47020c,industrial packing,completed,yam,yam_0_61,37.6,huangrongbo,good,,,prod,2026-09-04 06:04:34.176957+00:00,2026-09-04 17:55:06.448782+00:00,/nfs/data/sz_34/20260904/episode_20260904_060249_000_c07bc143.npy.mp4
01a06b03-df38-7e36-99c3-ea3964f4b854,industrial packing,completed,yam,yam_0_61,36.5,huangrongbo,good,,,prod,2026-09-04 06:05:18.441161+00:00,2026-09-04 17:56:43.652217+00:00,/nfs/data/sz_34/20260904/episode_20260904_060331_000_68f2ce91.npy.mp4
01a06b04-7b78-7df1-a6f3-59dbe7cfcc9f,industrial packing,completed,yam,yam_0_61,31.3,huangrongbo,good,,,prod,2026-09-04 06:05:52.684444+00:00,2026-09-04 17:57:56.608986+00:00,/nfs/data/sz_34/20260904/episode_20260904_060411_000_54f8501d.npy.mp4
01a06b05-0430-793c-9280-1f52340b3ed3,industrial packing,completed,yam,yam_0_61,35.2,huangrongbo,good,,,prod,2026-09-04 06:06:31.955494+00:00,2026-09-04 17:59:00.713936+00:00,/nfs/data/sz_34/20260904/episode_20260904_060446_000_46f7dd0f.npy.mp4
01a06b05-9c88-7e1e-bcec-650c8de2b68e,industrial packing,completed,yam,yam_0_61,35.7,huangrongbo,good,,,prod,2026-09-04 06:07:11.230793+00:00,2026-09-04 18:00:05.248875+00:00,/nfs/data/sz_34/20260904/episode_20260904_060525_000_17c7d8f9.npy.mp4
01a06b06-34e0-7b0f-a5f3-4f3635a15a6b,industrial packing,completed,yam,yam_0_61,41.9,huangrongbo,good,,,prod,2026-09-04 06:07:56.545439+00:00,2026-09-04 18:01:11.916610+00:00,/nfs/data/sz_34/20260904/episode_20260904_060604_000_70b637a1.npy.mp4
01a06b06-e890-7504-9a45-0ca5be832995,industrial packing,completed,yam,yam_0_61,35.2,huangrongbo,good,,,prod,2026-09-04 06:08:35.882809+00:00,2026-09-04 18:02:04.221466+00:00,/nfs/data/sz_34/20260904/episode_20260904_060650_000_eaa76d5b.npy.mp4
01a06b07-80e8-75bd-adc1-4b61c48b2421,industrial packing,completed,yam,yam_0_61,37.3,huangrongbo,good,,,prod,2026-09-04 06:09:15.245072+00:00,2026-09-04 18:03:05.975156+00:00,/nfs/data/sz_34/20260904/episode_20260904_060729_000_4b7b1406.npy.mp4
01a06b08-1d28-769e-a137-6139640ae047,industrial packing,completed,yam,yam_0_61,32.6,huangrongbo,good,,,prod,2026-09-04 06:09:48.603051+00:00,2026-09-04 18:04:11.336716+00:00,/nfs/data/sz_34/20260904/episode_20260904_060809_000_d7b3dd78.npy.mp4
01a06b08-a9c8-7bef-a042-0b083440b42f,industrial packing,completed,yam,yam_0_61,35.8,huangrongbo,good,,,prod,2026-09-04 06:10:27.969158+00:00,2026-09-04 18:05:12.471231+00:00,/nfs/data/sz_34/20260904/episode_20260904_060845_000_7cf601b0.npy.mp4
01a06b09-4608-70ed-8536-a3eb00ef0e63,industrial packing,completed,yam,yam_0_61,34.3,huangrongbo,good,,,prod,2026-09-04 06:11:07.304554+00:00,2026-09-04 18:06:02.293165+00:00,/nfs/data/sz_34/20260904/episode_20260904_060925_000_6da62b7d.npy.mp4
01a06b09-da78-7002-bb39-358ac2962921,industrial packing,completed,yam,yam_0_61,33.8,huangrongbo,good,,,prod,2026-09-04 06:11:46.602648+00:00,2026-09-04 18:06:58.018456+00:00,/nfs/data/sz_34/20260904/episode_20260904_061003_000_8656f29e.npy.mp4
01a06b0a-6ee8-75d0-b113-68546f1f3589,industrial packing,completed,yam,yam_0_61,34.6,huangrongbo,good,,,prod,2026-09-04 06:12:25.861457+00:00,2026-09-04 18:07:58.438008+00:00,/nfs/data/sz_34/20260904/episode_20260904_061041_000_3f905937.npy.mp4
01a06b0b-0740-7715-b12b-19db15492520,industrial packing,completed,yam,yam_0_61,31.7,huangrongbo,good,,,prod,2026-09-04 06:12:59.132274+00:00,2026-09-04 18:09:00.928198+00:00,/nfs/data/sz_34/20260904/episode_20260904_061120_000_7d0aa8bc.npy.mp4
01a06b0b-93e0-73db-af7e-0c22b4545887,industrial packing,completed,yam,yam_0_61,37.4,huangrongbo,good,,,prod,2026-09-04 06:13:44.403561+00:00,2026-09-04 18:10:07.547801+00:00,/nfs/data/sz_34/20260904/episode_20260904_061156_000_c4a130c4.npy.mp4
01a06b0c-37f0-7e4b-83b6-98d37275e260,industrial packing,completed,yam,yam_0_61,30.4,huangrongbo,good,,,prod,2026-09-04 06:14:17.664766+00:00,2026-09-04 18:11:06.643063+00:00,/nfs/data/sz_34/20260904/episode_20260904_061238_000_c8b3eaa3.npy.mp4
01a06b0c-bcc0-7fd0-8a76-dad851cba472,industrial packing,completed,yam,yam_0_61,32.2,huangrongbo,good,,,prod,2026-09-04 06:14:51.931047+00:00,2026-09-04 18:12:12.359404+00:00,/nfs/data/sz_34/20260904/episode_20260904_061312_000_acee150c.npy.mp4
01a06b0d-4960-7dd9-9fd7-4d2c020a9164,industrial packing,completed,yam,yam_0_61,35.3,huangrongbo,good,,,prod,2026-09-04 06:15:31.267734+00:00,2026-09-04 18:13:13.800049+00:00,/nfs/data/sz_34/20260904/episode_20260904_061348_000_75e12d4c.npy.mp4
01a06b0d-e5a0-7e3b-840f-6d4cc3b7c704,industrial packing,completed,yam,yam_0_61,33.5,huangrongbo,good,,,prod,2026-09-04 06:16:09.526801+00:00,2026-09-04 18:14:11.817358+00:00,/nfs/data/sz_34/20260904/episode_20260904_061428_000_5317955c.npy.mp4
01a06b0e-7628-7471-af30-eb8a22e36d6f,industrial packing,completed,yam,yam_0_61,38.4,huangrongbo,good,,,prod,2026-09-04 06:16:54.858844+00:00,2026-09-04 18:15:26.057242+00:00,/nfs/data/sz_34/20260904/episode_20260904_061505_000_81c675a3.npy.mp4
01a06b0f-1a38-7279-baa6-38adf73115f1,industrial packing,completed,yam,yam_0_61,37.6,huangrongbo,good,,,prod,2026-09-04 06:17:34.128043+00:00,2026-09-04 18:16:30.336714+00:00,/nfs/data/sz_34/20260904/episode_20260904_061547_000_4f1af647.npy.mp4
01a06b0f-c230-7bbc-b06c-f05889d6b141,industrial packing,completed,yam,yam_0_61,33.4,huangrongbo,good,,,prod,2026-09-04 06:18:13.401923+00:00,2026-09-04 18:17:47.828128+00:00,/nfs/data/sz_34/20260904/episode_20260904_061630_000_4e275f35.npy.mp4
01a06b10-52b8-7151-be39-2a1a42a488b1,industrial packing,completed,yam,yam_0_61,37.1,huangrongbo,good,,,prod,2026-09-04 06:18:52.678535+00:00,2026-09-04 07:01:52.929996+00:00,/nfs/data/sz_34/20260904/episode_20260904_061707_000_8c5ab885.npy.mp4
01a06b10-f2e0-71a5-b3e9-f65a7ff5be00,industrial packing,completed,yam,yam_0_61,28.3,huangrongbo,good,,,prod,2026-09-04 06:19:25.975248+00:00,2026-09-04 07:01:52.910635+00:00,/nfs/data/sz_34/20260904/episode_20260904_061748_000_be2d1424.npy.mp4
01a06b11-6fe0-7c97-8d78-b80135f29b36,industrial packing,completed,yam,yam_0_61,34.4,huangrongbo,good,,,prod,2026-09-04 06:20:05.254860+00:00,2026-09-04 07:01:52.807953+00:00,/nfs/data/sz_34/20260904/episode_20260904_061820_000_d5b39a48.npy.mp4
01a06b12-0838-7f17-ac82-f1153adecc87,industrial packing,completed,yam,yam_0_61,35.5,huangrongbo,good,,,prod,2026-09-04 06:20:44.557748+00:00,2026-09-04 07:01:52.110991+00:00,/nfs/data/sz_34/20260904/episode_20260904_061859_000_cb441cdc.npy.mp4
01a06b12-a860-7f98-be9f-78515e129454,industrial packing,completed,yam,yam_0_61,34.3,huangrongbo,good,,,prod,2026-09-04 06:21:23.798603+00:00,2026-09-04 07:01:52.302590+00:00,/nfs/data/sz_34/20260904/episode_20260904_061940_000_e9c2324c.npy.mp4
01a06b13-3cd0-771f-9b61-82601a3c21b3,industrial packing,completed,yam,yam_0_61,37.3,huangrongbo,good,,,prod,2026-09-04 06:22:03.093256+00:00,2026-09-04 07:01:51.752874+00:00,/nfs/data/sz_34/20260904/episode_20260904_062018_000_d758c797.npy.mp4
01a06b13-dcf8-73ba-9f39-7fce25d1ec6a,industrial packing,completed,yam,yam_0_61,36.0,huangrongbo,good,,,prod,2026-09-04 06:22:42.422455+00:00,2026-09-04 07:01:51.709214+00:00,/nfs/data/sz_34/20260904/episode_20260904_062059_000_4216ebf7.npy.mp4
01a06b14-7938-738f-bf0a-8933955efdbe,industrial packing,completed,yam,yam_0_61,35.2,huangrongbo,good,,,prod,2026-09-04 06:23:20.686615+00:00,2026-09-04 07:01:50.982954+00:00,/nfs/data/sz_34/20260904/episode_20260904_062139_000_102f4980.npy.mp4
01a06b15-0da8-7b9c-a7eb-7c286f884dd4,industrial packing,completed,yam,yam_0_61,33.6,huangrongbo,good,,,prod,2026-09-04 06:23:59.941546+00:00,2026-09-04 07:01:51.678186+00:00,/nfs/data/sz_34/20260904/episode_20260904_062217_000_35cbbeb4.npy.mp4
01a06b15-a218-7de0-b5d6-19a0d5708cbb,industrial packing,completed,yam,yam_0_61,38.2,huangrongbo,good,,,prod,2026-09-04 06:24:44.203242+00:00,2026-09-04 07:01:51.108964+00:00,/nfs/data/sz_34/20260904/episode_20260904_062255_000_5cc87513.npy.mp4
01a06b16-55c8-735b-ad24-c4f00dc02d08,industrial packing,completed,yam,yam_0_61,33.4,huangrongbo,good,,,prod,2026-09-04 06:25:23.475792+00:00,2026-09-04 07:01:51.066563+00:00,/nfs/data/sz_34/20260904/episode_20260904_062341_000_b6a3261d.npy.mp4
01a06b16-ee20-7803-8c6a-3a8064150b10,industrial packing,completed,yam,yam_0_61,36.3,huangrongbo,good,,,prod,2026-09-04 06:26:02.748016+00:00,2026-09-04 07:01:51.057747+00:00,/nfs/data/sz_34/20260904/episode_20260904_062420_000_e8c04632.npy.mp4
01a06b17-8a60-74dd-b987-bb2930e48920,industrial packing,completed,yam,yam_0_61,36.4,huangrongbo,good,,,prod,2026-09-04 06:26:47.006926+00:00,2026-09-04 07:01:49.974259+00:00,/nfs/data/sz_34/20260904/episode_20260904_062500_000_5666f0a9.npy.mp4
01a06b18-26a0-72d0-8c6c-e962af5e7afc,industrial packing,completed,yam,yam_0_61,34.9,huangrongbo,good,,,prod,2026-09-04 06:27:26.284649+00:00,2026-09-04 07:01:49.833961+00:00,/nfs/data/sz_34/20260904/episode_20260904_062540_000_cfb6f80b.npy.mp4
01a06b18-c2e0-7d69-afbb-e473e3076946,industrial packing,completed,yam,yam_0_61,36.2,huangrongbo,good,,,prod,2026-09-04 06:28:05.560554+00:00,2026-09-04 07:01:49.748276+00:00,/nfs/data/sz_34/20260904/episode_20260904_062620_000_a7aa85e6.npy.mp4
01a06b19-5f20-7b7d-8fb4-eb991fe1ca2a,industrial packing,completed,yam,yam_0_61,29.6,huangrongbo,good,,,prod,2026-09-04 06:28:39.890389+00:00,2026-09-04 07:01:49.723673+00:00,/nfs/data/sz_34/20260904/episode_20260904_062700_000_cb8f2a52.npy.mp4
01a06b19-e3f0-72cd-9e4e-bc1c1928dfbb,industrial packing,completed,yam,yam_0_61,30.6,huangrongbo,good,,,prod,2026-09-04 06:29:13.154616+00:00,2026-09-04 07:01:49.630501+00:00,/nfs/data/sz_34/20260904/episode_20260904_062734_000_d590c70d.npy.mp4
01a06b1a-64d8-7660-9012-5337b6b3b1f7,industrial packing,completed,yam,yam_0_61,32.9,huangrongbo,good,,,prod,2026-09-04 06:29:47.412854+00:00,2026-09-04 07:01:49.585153+00:00,/nfs/data/sz_34/20260904/episode_20260904_062807_000_1232cbf0.npy.mp4
01a06b1a-f560-7d81-a4f8-8b3ff1bb3667,industrial packing,completed,yam,yam_0_61,31.2,huangrongbo,good,,,prod,2026-09-04 06:30:26.698904+00:00,2026-09-04 07:01:48.816505+00:00,/nfs/data/sz_34/20260904/episode_20260904_062844_000_1a41202a.npy.mp4
01a06b1b-8200-72ec-b04a-20ab8c8a34fe,industrial packing,completed,yam,yam_0_61,39.6,huangrongbo,good,,,prod,2026-09-04 06:31:10.983310+00:00,2026-09-04 07:01:48.775415+00:00,/nfs/data/sz_34/20260904/episode_20260904_062920_000_cda462e0.npy.mp4
01a06b1c-2de0-7978-bea6-ef1735834a88,industrial packing,completed,yam,yam_0_61,32.9,huangrongbo,good,,,prod,2026-09-04 06:31:45.217500+00:00,2026-09-04 07:01:48.691991+00:00,/nfs/data/sz_34/20260904/episode_20260904_063004_000_475d0a34.npy.mp4
01a06b1c-be68-71d6-a255-a08e46cb7d00,industrial packing,completed,yam,yam_0_61,35.7,huangrongbo,good,,,prod,2026-09-04 06:32:24.477631+00:00,2026-09-04 07:01:48.541043+00:00,/nfs/data/sz_34/20260904/episode_20260904_063041_000_cd494ca9.npy.mp4
01a06b1d-5aa8-7cfa-8432-6742ce505897,industrial packing,completed,yam,yam_0_61,32.0,huangrongbo,good,,,prod,2026-09-04 06:33:03.741905+00:00,2026-09-04 07:01:48.608901+00:00,/nfs/data/sz_34/20260904/episode_20260904_063121_000_d17d2f65.npy.mp4
01a06b1d-e748-702e-8b50-bc5d21a884be,industrial packing,completed,yam,yam_0_61,33.0,huangrongbo,good,,,prod,2026-09-04 06:33:37.027694+00:00,2026-09-04 07:01:48.030216+00:00,/nfs/data/sz_34/20260904/episode_20260904_063157_000_86aea351.npy.mp4
01a06b1e-77d0-715e-ad71-cfc2b18eff0d,industrial packing,completed,yam,yam_0_61,32.4,huangrongbo,good,,,prod,2026-09-04 06:34:16.314089+00:00,2026-09-04 07:01:47.991049+00:00,/nfs/data/sz_34/20260904/episode_20260904_063234_000_770a61b0.npy.mp4
01a06b1f-0470-75df-b018-85a451c86035,industrial packing,completed,yam,yam_0_61,32.8,huangrongbo,good,,,prod,2026-09-04 06:34:50.549995+00:00,2026-09-04 07:01:47.916161+00:00,/nfs/data/sz_34/20260904/episode_20260904_063310_000_37a6cc6b.npy.mp4
01a06b1f-94f8-744a-a66f-357f5f39925f,industrial packing,completed,yam,yam_0_61,34.3,huangrongbo,good,,,prod,2026-09-04 06:35:29.802630+00:00,2026-09-04 07:01:47.810649+00:00,/nfs/data/sz_34/20260904/episode_20260904_063347_000_2961514e.npy.mp4
01a06b20-2968-72f1-a4d1-f4ac4d628dfb,industrial packing,completed,yam,yam_0_61,30.9,huangrongbo,good,,,prod,2026-09-04 06:36:03.056046+00:00,2026-09-04 07:01:47.660293+00:00,/nfs/data/sz_34/20260904/episode_20260904_063425_000_30c2f3d5.npy.mp4
01a06b21-ac20-7bce-b54e-3b901f735db7,industrial packing,completed,yam,yam_0_61,35.3,huangrongbo,good,,,prod,2026-09-04 06:37:50.404692+00:00,2026-09-04 07:01:47.762062+00:00,/nfs/data/sz_34/20260904/episode_20260904_063604_000_59829de6.npy.mp4
01a06b22-4478-7310-b5a1-484ef312ad35,industrial packing,completed,yam,yam_0_61,32.0,huangrongbo,good,,,prod,2026-09-04 06:38:23.651596+00:00,2026-09-04 07:01:47.738392+00:00,/nfs/data/sz_34/20260904/episode_20260904_063643_000_25c475b4.npy.mp4
01a06b22-d118-73fb-a302-284fc00fcc9e,industrial packing,completed,yam,yam_0_61,36.5,huangrongbo,good,,,prod,2026-09-04 06:39:02.903774+00:00,2026-09-04 07:01:47.728146+00:00,/nfs/data/sz_34/20260904/episode_20260904_063719_000_573a1970.npy.mp4
01a06b23-6d58-7002-834f-80700abdf630,industrial packing,completed,yam,yam_0_61,34.8,huangrongbo,good,,,prod,2026-09-04 06:39:42.184051+00:00,2026-09-04 07:01:47.575479+00:00,/nfs/data/sz_34/20260904/episode_20260904_063759_000_72ac3a39.npy.mp4
01a06b24-0998-7298-bd53-864233846569,industrial packing,completed,yam,yam_0_61,35.0,huangrongbo,good,,,prod,2026-09-04 06:40:21.453564+00:00,2026-09-04 07:01:46.977863+00:00,/nfs/data/sz_34/20260904/episode_20260904_063839_000_69feb592.npy.mp4
01a06b24-a1f0-74c3-a21d-499634654df5,industrial packing,completed,yam,yam_0_61,30.5,huangrongbo,good,,,prod,2026-09-04 06:40:55.725371+00:00,2026-09-04 07:01:47.151116+00:00,/nfs/data/sz_34/20260904/episode_20260904_063918_000_39a62bab.npy.mp4
01a06b25-2e90-750f-9a4e-6545d284fb69,industrial packing,completed,yam,yam_0_61,32.4,huangrongbo,good,,,prod,2026-09-04 06:41:33.978608+00:00,2026-09-04 07:01:47.128729+00:00,/nfs/data/sz_34/20260904/episode_20260904_063954_000_1e590e96.npy.mp4
01a06b25-bf18-7e8b-900d-282884db4197,industrial packing,completed,yam,yam_0_61,33.2,huangrongbo,good,,,prod,2026-09-04 06:42:13.245618+00:00,2026-09-04 07:01:46.117959+00:00,/nfs/data/sz_34/20260904/episode_20260904_064031_000_1ee49c2a.npy.mp4
01a06b26-5388-793a-842a-d9ec6ba1ffa8,industrial packing,completed,yam,yam_0_61,34.7,huangrongbo,good,,,prod,2026-09-04 06:42:52.514107+00:00,2026-09-04 07:01:45.976803+00:00,/nfs/data/sz_34/20260904/episode_20260904_064109_000_0924151b.npy.mp4
01a06b26-e7f8-7ca5-a418-d632c5a6fe8f,industrial packing,completed,yam,yam_0_61,29.7,huangrongbo,good,,,prod,2026-09-04 06:43:25.795622+00:00,2026-09-04 07:01:45.810283+00:00,/nfs/data/sz_34/20260904/episode_20260904_064147_000_31cff9cd.npy.mp4
01a06b27-c6a0-767b-b003-47b07e50f135,industrial packing,completed,yam,yam_0_61,28.6,huangrongbo,good,,,prod,2026-09-04 06:44:21.311087+00:00,2026-09-04 07:01:45.910629+00:00,/nfs/data/sz_34/20260904/episode_20260904_064244_000_c219d332.npy.mp4
01a06b28-4788-7c8b-a04b-88fd57d54f55,industrial packing,completed,yam,yam_0_61,30.2,huangrongbo,good,,,prod,2026-09-04 06:44:54.593594+00:00,2026-09-04 07:01:45.742259+00:00,/nfs/data/sz_34/20260904/episode_20260904_064317_000_ebf0d427.npy.mp4
01a06b28-cc58-7385-96fa-4a5cc0f8cdd3,industrial packing,completed,yam,yam_0_61,27.8,huangrongbo,good,,,prod,2026-09-04 06:45:27.867524+00:00,2026-09-04 07:01:45.689549+00:00,/nfs/data/sz_34/20260904/episode_20260904_064351_000_538aab72.npy.mp4
01a06b29-4d40-752d-a503-2da0c6af96a1,industrial packing,completed,yam,yam_0_61,31.8,huangrongbo,good,,,prod,2026-09-04 06:46:02.112247+00:00,2026-09-04 07:01:45.036600+00:00,/nfs/data/sz_34/20260904/episode_20260904_064424_000_9fea3f32.npy.mp4
01a06b29-d9e0-754a-b971-d095310c6f05,industrial packing,completed,yam,yam_0_61,39.8,huangrongbo,good,,,prod,2026-09-04 06:46:51.454285+00:00,2026-09-04 07:01:45.204246+00:00,/nfs/data/sz_34/20260904/episode_20260904_064500_000_fb159351.npy.mp4
01a06b2a-85c0-7edc-814c-3bd05cbe916e,industrial packing,completed,yam,yam_0_61,29.8,huangrongbo,good,,,prod,2026-09-04 06:47:19.834687+00:00,2026-09-04 07:01:44.741740+00:00,/nfs/data/sz_34/20260904/episode_20260904_064544_000_f655ed24.npy.mp4
01a06b2b-0a90-7727-8cd4-4a79ad5844c5,industrial packing,completed,yam,yam_0_61,34.2,huangrongbo,good,,,prod,2026-09-04 06:47:59.127473+00:00,2026-09-04 07:01:44.672652+00:00,/nfs/data/sz_34/20260904/episode_20260904_064618_000_6f127c29.npy.mp4
01a06b2b-9f00-7262-8ec5-77f4d9895678,industrial packing,completed,yam,yam_0_61,33.2,huangrongbo,good,,,prod,2026-09-04 06:48:38.425990+00:00,2026-09-04 07:01:44.656484+00:00,/nfs/data/sz_34/20260904/episode_20260904_064656_000_24783aed.npy.mp4
01a06b2c-3370-7716-915b-8400f4c92486,industrial packing,completed,yam,yam_0_61,34.2,huangrongbo,good,,,prod,2026-09-04 06:49:17.698932+00:00,2026-09-04 07:01:44.652914+00:00,/nfs/data/sz_34/20260904/episode_20260904_064734_000_3fa5abfa.npy.mp4
01a06b2c-cbc8-71c4-b599-6f27fcfa9b52,industrial packing,completed,yam,yam_0_61,33.0,huangrongbo,good,,,prod,2026-09-04 06:49:56.012125+00:00,2026-09-04 07:01:43.829053+00:00,/nfs/data/sz_34/20260904/episode_20260904_064813_000_b8bcf3ca.npy.mp4
01a06b2d-5c50-710c-9355-f02eea4bd0ba,industrial packing,completed,yam,yam_0_61,29.4,huangrongbo,good,,,prod,2026-09-04 06:50:25.283258+00:00,2026-09-04 07:01:44.489582+00:00,/nfs/data/sz_34/20260904/episode_20260904_064850_000_1a8b39f0.npy.mp4
01a06b2d-dd38-79af-a4c0-e81b656861c8,industrial packing,completed,yam,yam_0_61,30.5,huangrongbo,good,,,prod,2026-09-04 06:51:03.550126+00:00,2026-09-04 07:01:44.456867+00:00,/nfs/data/sz_34/20260904/episode_20260904_064923_000_8fd32cf8.npy.mp4
01a06b2e-65f0-76e2-9e8d-6dcbe98145c2,industrial packing,completed,yam,yam_0_61,30.3,huangrongbo,good,,,prod,2026-09-04 06:51:36.809500+00:00,2026-09-04 07:01:43.001947+00:00,/nfs/data/sz_34/20260904/episode_20260904_064958_000_8b89418e.npy.mp4
01a06b2f-8ae8-7958-b521-11d0a9564995,industrial packing,completed,yam,yam_0_61,31.1,huangrongbo,good,,,prod,2026-09-04 06:52:51.108814+00:00,2026-09-04 07:01:42.980236+00:00,/nfs/data/sz_34/20260904/episode_20260904_065113_000_fb2bc787.npy.mp4
01a06b30-1788-7dda-8d4f-d265c9e061c7,industrial packing,completed,yam,yam_0_61,31.3,huangrongbo,good,,,prod,2026-09-04 06:53:29.380355+00:00,2026-09-04 07:01:42.723667+00:00,/nfs/data/sz_34/20260904/episode_20260904_065149_000_de4c77f5.npy.mp4
01a06b30-a040-72ca-9c6d-b812507087eb,industrial packing,completed,yam,yam_0_61,33.4,huangrongbo,good,,,prod,2026-09-04 06:54:03.652078+00:00,2026-09-04 07:01:42.891959+00:00,/nfs/data/sz_34/20260904/episode_20260904_065224_000_20856dc5.npy.mp4
01a06b31-34b0-766c-8116-01e475569e48,industrial packing,completed,yam,yam_0_61,32.2,huangrongbo,good,,,prod,2026-09-04 06:54:42.916775+00:00,2026-09-04 07:01:42.805132+00:00,/nfs/data/sz_34/20260904/episode_20260904_065302_000_8e5eaf58.npy.mp4
01a06b31-c150-71e9-8957-33ba5ff72132,industrial packing,completed,yam,yam_0_61,36.9,huangrongbo,good,,,prod,2026-09-04 06:55:22.223954+00:00,2026-09-04 07:01:42.770326+00:00,/nfs/data/sz_34/20260904/episode_20260904_065338_000_c6fa3f07.npy.mp4
01a06b32-6178-7956-b253-eb7661ccfbe1,industrial packing,completed,yam,yam_0_61,37.8,huangrongbo,good,,,prod,2026-09-04 06:56:06.518606+00:00,2026-09-04 07:01:42.113737+00:00,/nfs/data/sz_34/20260904/episode_20260904_065419_000_91eb2858.npy.mp4
01a06b33-0588-7c25-bd9e-e06f0692f4f8,industrial packing,completed,yam,yam_0_61,31.6,huangrongbo,good,,,prod,2026-09-04 06:56:39.776813+00:00,2026-09-04 07:01:42.253982+00:00,/nfs/data/sz_34/20260904/episode_20260904_065501_000_a9105edb.npy.mp4
01a06b33-9228-7045-b85a-94378286cd39,industrial packing,completed,yam,yam_0_61,35.6,huangrongbo,good,,,prod,2026-09-04 06:57:19.052784+00:00,2026-09-04 07:01:41.707877+00:00,/nfs/data/sz_34/20260904/episode_20260904_065537_000_e174fef2.npy.mp4
01a06b34-2e68-7c40-9168-9a2559e611d2,industrial packing,completed,yam,yam_0_61,33.4,huangrongbo,good,,,prod,2026-09-04 06:57:58.361230+00:00,2026-09-04 07:01:41.652645+00:00,/nfs/data/sz_34/20260904/episode_20260904_065617_000_e56ce0a0.npy.mp4
01a06b34-bef0-74a1-9a05-a6b69692e008,industrial packing,completed,yam,yam_0_61,37.7,huangrongbo,good,,,prod,2026-09-04 06:58:42.719914+00:00,2026-09-04 07:01:41.630922+00:00,/nfs/data/sz_34/20260904/episode_20260904_065654_000_9414f7f0.npy.mp4
01a06b35-6300-77d5-8e7b-bae5be74e853,industrial packing,completed,yam,yam_0_61,35.6,huangrongbo,good,,,prod,2026-09-04 06:59:22.063653+00:00,2026-09-04 07:01:40.938793+00:00,/nfs/data/sz_34/20260904/episode_20260904_065736_000_35705297.npy.mp4
01a06b35-ff40-77d1-aa4c-dbefaec9928a,industrial packing,completed,yam,yam_0_61,38.0,huangrongbo,good,,,prod,2026-09-04 07:00:02.346207+00:00,2026-09-04 07:01:40.992893+00:00,/nfs/data/sz_34/20260904/episode_20260904_065816_000_46c69e35.npy.mp4
01a06b36-a350-7332-b269-bb519e4a70ff,industrial packing,completed,yam,yam_0_61,41.2,huangrongbo,good,,,prod,2026-09-04 07:00:46.633058+00:00,2026-09-04 07:01:37.913093+00:00,/nfs/data/sz_34/20260904/episode_20260904_065858_000_6838e57c.npy.mp4
01a06b37-5700-701f-924d-6219c8e5eec2,industrial packing,completed,yam,yam_0_61,34.1,huangrongbo,good,,,prod,2026-09-04 07:01:24.933762+00:00,2026-09-04 07:06:25.965888+00:00,/nfs/data/sz_34/20260904/episode_20260904_065944_000_00c6daef.npy.mp4
01a06cc8-8620-79f6-a53b-128ce2f3cd40,industrial packing,completed,yam,yam_0_61,24.5,yinli,,,,prod,2026-09-04 14:19:28.966803+00:00,2026-09-04 14:19:29.088758+00:00,/nfs/data/sz_34/20260904/episode_20260904_141756_000_796d5c2e.npy.mp4
01a06cc8-f380-7607-b067-c2466423e5ae,industrial packing,completed,yam,yam_0_61,24.3,yinli,,,,prod,2026-09-04 14:19:57.306366+00:00,2026-09-04 14:19:57.400978+00:00,/nfs/data/sz_34/20260904/episode_20260904_141824_000_760fb83f.npy.mp4
01a06cc9-7850-7b86-b3db-42714f527f75,industrial packing,completed,yam,yam_0_61,23.7,yinli,,,,prod,2026-09-04 14:20:30.622603+00:00,2026-09-04 14:20:30.755134+00:00,/nfs/data/sz_34/20260904/episode_20260904_141858_000_75b1ba2d.npy.mp4
01a06cc9-e5b0-7955-bf37-4621db203053,industrial packing,completed,yam,yam_0_61,23.1,yinli,,,,prod,2026-09-04 14:20:53.977128+00:00,2026-09-04 14:20:54.115988+00:00,/nfs/data/sz_34/20260904/episode_20260904_141926_000_5c9ab416.npy.mp4
01a06cca-4b40-7fb1-80d2-4e1a69c9b3c4,industrial packing,completed,yam,yam_0_61,22.5,yinli,,,,prod,2026-09-04 14:21:21.415036+00:00,2026-09-04 14:21:21.514247+00:00,/nfs/data/sz_34/20260904/episode_20260904_141952_000_08a9eefb.npy.mp4
01a06cca-b4b8-7c44-9fa2-13b1a6043288,industrial packing,completed,yam,yam_0_61,21.7,yinli,,,,prod,2026-09-04 14:21:49.732612+00:00,2026-09-04 14:21:49.869362+00:00,/nfs/data/sz_34/20260904/episode_20260904_142019_000_7110e1ca.npy.mp4
01a06ccc-d798-71e1-8262-c8fddb5cfeb8,industrial packing,completed,yam,yam_0_61,21.5,yinli,,,,prod,2026-09-04 14:24:07.245988+00:00,2026-09-04 14:24:07.324626+00:00,/nfs/data/sz_34/20260904/episode_20260904_142239_000_be892875.npy.mp4
01a06ccd-3d28-74a7-8bbd-42f687e03510,industrial packing,completed,yam,yam_0_61,22.9,yinli,,,,prod,2026-09-04 14:24:35.511977+00:00,2026-09-04 14:24:35.595286+00:00,/nfs/data/sz_34/20260904/episode_20260904_142305_000_70a8a46c.npy.mp4
01a06ce4-8230-7efa-aa7e-530ceb0c7477,industrial packing,completed,yam,yam_0_61,21.1,yinli,,,,prod,2026-09-04 14:49:56.931195+00:00,2026-09-04 14:49:57.011415+00:00,/nfs/data/sz_34/20260904/episode_20260904_144830_000_b7181ad2.npy.mp4
01a06ce4-e3d8-7018-ad64-ff9b876acfa7,industrial packing,completed,yam,yam_0_61,24.9,yinli,,,,prod,2026-09-04 14:50:25.213131+00:00,2026-09-04 14:50:25.294198+00:00,/nfs/data/sz_34/20260904/episode_20260904_144855_000_d7e69975.npy.mp4
01a06ce5-5520-7c38-a22a-a49f8809516c,industrial packing,completed,yam,yam_0_61,26.6,yinli,,,,prod,2026-09-04 14:50:58.495851+00:00,2026-09-04 14:50:58.617313+00:00,/nfs/data/sz_34/20260904/episode_20260904_144924_000_107a6e0b.npy.mp4
01a06ce5-ce38-7bf6-8f00-1ac0539e4da0,industrial packing,completed,yam,yam_0_61,25.3,yinli,,,,prod,2026-09-04 14:51:26.829276+00:00,2026-09-04 14:51:26.916934+00:00,/nfs/data/sz_34/20260904/episode_20260904_144955_000_15cff52a.npy.mp4
01a06ce6-4368-7344-9cc4-72e4a7ea41d9,industrial packing,completed,yam,yam_0_61,24.2,yinli,,,,prod,2026-09-04 14:51:55.123065+00:00,2026-09-04 14:51:55.201967+00:00,/nfs/data/sz_34/20260904/episode_20260904_145025_000_9af6420b.npy.mp4
01a06ce6-ace0-75f6-9d5c-27cca92237f9,industrial packing,completed,yam,yam_0_61,22.0,yinli,,,,prod,2026-09-04 14:52:23.396339+00:00,2026-09-04 14:52:23.471525+00:00,/nfs/data/sz_34/20260904/episode_20260904_145052_000_77e54b0a.npy.mp4
01a06ce7-1270-7a37-ba27-df5704a8739a,industrial packing,completed,yam,yam_0_61,24.6,yinli,,,,prod,2026-09-04 14:52:51.646224+00:00,2026-09-04 14:52:51.722038+00:00,/nfs/data/sz_34/20260904/episode_20260904_145118_000_2c4d378d.npy.mp4
01a06ce7-7fd0-7632-a328-d62ee5749148,industrial packing,completed,yam,yam_0_61,25.0,yinli,,,,prod,2026-09-04 14:53:19.912436+00:00,2026-09-04 14:53:19.995729+00:00,/nfs/data/sz_34/20260904/episode_20260904_145146_000_05873c59.npy.mp4
01a06ce7-f118-7e3c-823d-d74b10a2d586,industrial packing,completed,yam,yam_0_61,24.9,yinli,,,,prod,2026-09-04 14:53:48.199722+00:00,2026-09-04 14:53:48.276848+00:00,/nfs/data/sz_34/20260904/episode_20260904_145215_000_184d2f9d.npy.mp4
01a06ce8-6260-76c0-a29f-ff083b48dd84,industrial packing,completed,yam,yam_0_61,25.9,yinli,,,,prod,2026-09-04 14:54:16.477616+00:00,2026-09-04 14:54:16.559385+00:00,/nfs/data/sz_34/20260904/episode_20260904_145244_000_49067392.npy.mp4
01a06ce8-d3a8-743c-9c04-2ca1e44c49c7,industrial packing,completed,yam,yam_0_61,27.4,yinli,,,,prod,2026-09-04 14:54:53.040838+00:00,2026-09-04 14:54:53.226265+00:00,/nfs/data/sz_34/20260904/episode_20260904_145313_000_03fe7fcc.npy.mp4
01a06ce9-4cc0-7070-97b3-b8efd0a4f067,industrial packing,completed,yam,yam_0_61,25.2,yinli,,,,prod,2026-09-04 14:55:18.444157+00:00,2026-09-04 14:55:18.515547+00:00,/nfs/data/sz_34/20260904/episode_20260904_145344_000_9bde4b56.npy.mp4
01a06ce9-be08-770b-ad3b-cf330dde600f,industrial packing,completed,yam,yam_0_61,31.6,yinli,,,,prod,2026-09-04 14:55:52.663977+00:00,2026-09-04 14:55:52.742725+00:00,/nfs/data/sz_34/20260904/episode_20260904_145413_000_48290777.npy.mp4
01a06ceb-9e80-7b49-9c9d-0d81b63f82c1,industrial packing,completed,yam,yam_0_61,25.4,yinli,,,,prod,2026-09-04 14:57:51.062256+00:00,2026-09-04 14:57:51.136303+00:00,/nfs/data/sz_34/20260904/episode_20260904_145616_000_7372d34a.npy.mp4
01a06cec-0be0-7b2d-a277-03d3c9ca49a7,industrial packing,completed,yam,yam_0_61,27.6,yinli,,,,prod,2026-09-04 14:58:19.308528+00:00,2026-09-04 14:58:19.378380+00:00,/nfs/data/sz_34/20260904/episode_20260904_145644_000_5c65e288.npy.mp4
01a06cec-88e0-79a2-94ab-9a08b1d1ec9e,industrial packing,completed,yam,yam_0_61,28.2,yinli,,,,prod,2026-09-04 14:58:53.557106+00:00,2026-09-04 14:58:53.627154+00:00,/nfs/data/sz_34/20260904/episode_20260904_145716_000_ad5633e6.npy.mp4
01a06ced-05e0-793a-9da0-ee5fbcfb2eca,industrial packing,completed,yam,yam_0_61,28.9,yinli,,,,prod,2026-09-04 14:59:27.807501+00:00,2026-09-04 14:59:27.887775+00:00,/nfs/data/sz_34/20260904/episode_20260904_145748_000_233d9750.npy.mp4
01a06ced-86c8-7db2-908d-e5d2fa5c8448,industrial packing,completed,yam,yam_0_61,24.8,yinli,,,,prod,2026-09-04 14:59:56.065761+00:00,2026-09-04 14:59:56.142121+00:00,/nfs/data/sz_34/20260904/episode_20260904_145821_000_38da53a2.npy.mp4
01a06ced-f428-70a1-9ee6-fd244843f6ed,industrial packing,completed,yam,yam_0_61,28.9,yinli,,,,prod,2026-09-04 15:00:24.329747+00:00,2026-09-04 15:00:24.393987+00:00,/nfs/data/sz_34/20260904/episode_20260904_145849_000_907e1165.npy.mp4
01a06cee-7128-724e-9377-59b1e0244989,industrial packing,completed,yam,yam_0_61,24.5,yinli,,,,prod,2026-09-04 15:00:52.593156+00:00,2026-09-04 15:00:52.672589+00:00,/nfs/data/sz_34/20260904/episode_20260904_145921_000_4b89f2c7.npy.mp4
01a06cee-ee28-7f1c-bc95-8785f8d8f794,industrial packing,completed,yam,yam_0_61,31.5,yinli,,,,prod,2026-09-04 15:01:31.860028+00:00,2026-09-04 15:01:31.925492+00:00,/nfs/data/sz_34/20260904/episode_20260904_145953_000_b97b4e34.npy.mp4
01a06cef-76e0-7282-a4af-44b226d4349d,industrial packing,completed,yam,yam_0_61,29.5,yinli,,,,prod,2026-09-04 15:02:05.102597+00:00,2026-09-04 15:02:05.181147+00:00,/nfs/data/sz_34/20260904/episode_20260904_150028_000_4f2d484f.npy.mp4
01a06cef-f3e0-7bae-b599-a79544d88460,industrial packing,completed,yam,yam_0_61,29.3,yinli,,,,prod,2026-09-04 15:02:39.361616+00:00,2026-09-04 15:02:39.453037+00:00,/nfs/data/sz_34/20260904/episode_20260904_150100_000_465adf7d.npy.mp4
01a06cf0-78b0-75b8-a1da-03848669e789,industrial packing,completed,yam,yam_0_61,36.1,yinli,,,,prod,2026-09-04 15:03:18.677373+00:00,2026-09-04 15:03:18.752899+00:00,/nfs/data/sz_34/20260904/episode_20260904_150134_000_1d60cc49.npy.mp4
01a06cf1-14f0-7fd6-bfcb-18cffd7dc0f9,industrial packing,completed,yam,yam_0_61,34.1,yinli,,,,prod,2026-09-04 15:03:57.949198+00:00,2026-09-04 15:03:58.025571+00:00,/nfs/data/sz_34/20260904/episode_20260904_150214_000_295c6869.npy.mp4
01a06cf1-b518-7aee-b5fc-8f3e0884930b,industrial packing,completed,yam,yam_0_61,29.4,yinli,,,,prod,2026-09-04 15:04:32.209183+00:00,2026-09-04 15:04:32.285378+00:00,/nfs/data/sz_34/20260904/episode_20260904_150255_000_650ea1fe.npy.mp4
01a06cf2-3600-7550-b790-26af5cb909ec,industrial packing,completed,yam,yam_0_61,30.1,yinli,,,,prod,2026-09-04 15:05:05.472766+00:00,2026-09-04 15:05:05.547407+00:00,/nfs/data/sz_34/20260904/episode_20260904_150328_000_96ceaf28.npy.mp4
01a06cf2-d628-7e86-9811-95ce612cc765,industrial packing,completed,yam,yam_0_61,29.6,yinli,,,,prod,2026-09-04 15:05:44.742645+00:00,2026-09-04 15:05:44.821092+00:00,/nfs/data/sz_34/20260904/episode_20260904_150409_000_e1933da4.npy.mp4
01a06cf3-5ee0-7310-a7ad-7cccb488f26a,industrial packing,completed,yam,yam_0_61,31.8,yinli,,,,prod,2026-09-04 15:06:24.014742+00:00,2026-09-04 15:06:24.096004+00:00,/nfs/data/sz_34/20260904/episode_20260904_150444_000_7baf41ba.npy.mp4
01a06cf3-eb80-7063-9a75-b78d63492ff4,industrial packing,completed,yam,yam_0_61,30.6,yinli,,,,prod,2026-09-04 15:06:57.757884+00:00,2026-09-04 15:06:58.044675+00:00,/nfs/data/sz_34/20260904/episode_20260904_150520_000_b16e2391.npy.mp4
01a06cf4-7438-7cdd-8409-798ff070dd75,industrial packing,completed,yam,yam_0_61,29.8,yinli,,,,prod,2026-09-04 15:07:31.239743+00:00,2026-09-04 15:07:31.384609+00:00,/nfs/data/sz_34/20260904/episode_20260904_150555_000_a7bce703.npy.mp4
01a06cf4-f908-7278-baa9-c7cfb7c234ad,industrial packing,completed,yam,yam_0_61,31.5,yinli,,,,prod,2026-09-04 15:08:09.586258+00:00,2026-09-04 15:08:09.652208+00:00,/nfs/data/sz_34/20260904/episode_20260904_150629_000_37d352c0.npy.mp4
01a06cf5-81c0-72d9-9659-125cd5150aa8,industrial packing,completed,yam,yam_0_61,27.9,yinli,,,,prod,2026-09-04 15:08:38.817057+00:00,2026-09-04 15:08:38.895419+00:00,/nfs/data/sz_34/20260904/episode_20260904_150704_000_fe453756.npy.mp4
01a06cf5-fec0-733c-a1fc-a791073986d4,industrial packing,completed,yam,yam_0_61,33.5,yinli,,,,prod,2026-09-04 15:09:18.107615+00:00,2026-09-04 15:09:18.185490+00:00,/nfs/data/sz_34/20260904/episode_20260904_150736_000_61d75197.npy.mp4
01a06cf6-9330-7829-9589-f9bc37ff7dec,industrial packing,completed,yam,yam_0_61,38.5,yinli,,,,prod,2026-09-04 15:10:02.373995+00:00,2026-09-04 15:10:02.495063+00:00,/nfs/data/sz_34/20260904/episode_20260904_150814_000_00464cc7.npy.mp4
01a06cf7-3b28-75c9-a2d4-aae0da9437a2,industrial packing,completed,yam,yam_0_61,32.0,yinli,,,,prod,2026-09-04 15:10:36.717892+00:00,2026-09-04 15:10:36.816040+00:00,/nfs/data/sz_34/20260904/episode_20260904_150857_000_60f2999d.npy.mp4
01a06cf7-c3e0-717b-8101-a585de9dcc32,industrial packing,completed,yam,yam_0_61,29.8,yinli,,,,prod,2026-09-04 15:11:10.003880+00:00,2026-09-04 15:11:10.067741+00:00,/nfs/data/sz_34/20260904/episode_20260904_150932_000_0535230d.npy.mp4
01a06cf9-7d48-7809-ba85-a77a4695705d,industrial packing,completed,yam,yam_0_61,35.5,yinli,,,,prod,2026-09-04 15:13:09.362512+00:00,2026-09-04 15:13:09.438698+00:00,/nfs/data/sz_34/20260904/episode_20260904_151125_000_06e360dd.npy.mp4
01a06cfa-1988-7835-a6c5-1efb9c621734,industrial packing,completed,yam,yam_0_61,38.6,yinli,,,,prod,2026-09-04 15:13:54.626530+00:00,2026-09-04 15:13:54.690312+00:00,/nfs/data/sz_34/20260904/episode_20260904_151205_000_05528271.npy.mp4
01a06cfa-c180-72e4-86c8-6f4cd63a564c,industrial packing,completed,yam,yam_0_61,45.2,yinli,,,,prod,2026-09-04 15:14:44.887347+00:00,2026-09-04 15:14:44.963098+00:00,/nfs/data/sz_34/20260904/episode_20260904_151248_000_5c3cb9c9.npy.mp4
01a06cfb-80e8-7b47-960e-7337891c2f3b,industrial packing,completed,yam,yam_0_61,48.9,yinli,,,,prod,2026-09-04 15:15:36.181628+00:00,2026-09-04 15:15:36.246597+00:00,/nfs/data/sz_34/20260904/episode_20260904_151337_000_01dac67d.npy.mp4
01a06cfc-4ff0-7d66-80b9-c2833b87a7b5,industrial packing,completed,yam,yam_0_61,42.0,yinli,,,,prod,2026-09-04 15:16:20.437476+00:00,2026-09-04 15:16:20.513665+00:00,/nfs/data/sz_34/20260904/episode_20260904_151430_000_46dd10a6.npy.mp4
01a06cfd-03a0-74b0-b7ec-ca71b9c36c4d,industrial packing,completed,yam,yam_0_61,42.2,yinli,,,,prod,2026-09-04 15:17:05.703618+00:00,2026-09-04 15:17:05.779094+00:00,/nfs/data/sz_34/20260904/episode_20260904_151516_000_387ad49a.npy.mp4
01a06cfd-b750-7309-9171-da41a03556d6,industrial packing,completed,yam,yam_0_61,45.2,yinli,,,,prod,2026-09-04 15:17:55.981962+00:00,2026-09-04 15:17:56.056020+00:00,/nfs/data/sz_34/20260904/episode_20260904_151602_000_e90b5ec9.npy.mp4
01a06cfe-76b8-71a8-a10b-22ea49da901c,industrial packing,completed,yam,yam_0_61,36.7,yinli,,,,prod,2026-09-04 15:18:35.277869+00:00,2026-09-04 15:18:35.430228+00:00,/nfs/data/sz_34/20260904/episode_20260904_151651_000_ad8d8b6d.npy.mp4
01a06cff-16e0-7b3d-9edf-11422fb22359,industrial packing,completed,yam,yam_0_61,39.3,yinli,,,,prod,2026-09-04 15:19:20.667472+00:00,2026-09-04 15:19:20.733559+00:00,/nfs/data/sz_34/20260904/episode_20260904_151732_000_28b138bf.npy.mp4
01a06cff-c2c0-7402-8c28-297aaa77365f,industrial packing,completed,yam,yam_0_61,38.9,yinli,,,,prod,2026-09-04 15:20:04.927235+00:00,2026-09-04 15:20:05.049377+00:00,/nfs/data/sz_34/20260904/episode_20260904_151816_000_0eaa2f27.npy.mp4
01a06d00-6ea0-79db-807a-9a3888dc6f45,industrial packing,completed,yam,yam_0_61,33.7,yinli,,,,prod,2026-09-04 15:20:44.249489+00:00,2026-09-04 15:20:44.334519+00:00,/nfs/data/sz_34/20260904/episode_20260904_151900_000_febcf9e4.npy.mp4
01a06d0e-35f8-7dfa-9d4f-f63a265c3815,industrial packing,completed,yam,yam_0_61,31.4,yinli,,,,prod,2026-09-04 15:35:41.356196+00:00,2026-09-04 15:35:41.426739+00:00,/nfs/data/sz_34/20260904/episode_20260904_153403_000_f7d12be8.npy.mp4
01a06d0e-c298-7a11-8ea0-dca8e6a82ee1,industrial packing,completed,yam,yam_0_61,30.0,yinli,,,,prod,2026-09-04 15:36:14.623834+00:00,2026-09-04 15:36:14.704741+00:00,/nfs/data/sz_34/20260904/episode_20260904_153439_000_6a05bf22.npy.mp4
01a06d0f-4b50-739a-a303-f91f6b2408e6,industrial packing,completed,yam,yam_0_61,28.6,yinli,,,,prod,2026-09-04 15:36:48.888267+00:00,2026-09-04 15:36:48.951542+00:00,/nfs/data/sz_34/20260904/episode_20260904_153514_000_3c9c0497.npy.mp4
01a06d0f-cc38-7bdc-8cd8-ed3c8d5cbae4,industrial packing,completed,yam,yam_0_61,30.3,yinli,,,,prod,2026-09-04 15:37:27.150903+00:00,2026-09-04 15:37:27.225505+00:00,/nfs/data/sz_34/20260904/episode_20260904_153547_000_ac981ed4.npy.mp4
01a06d10-54f0-7e36-8755-c98a1f402fee,industrial packing,completed,yam,yam_0_61,30.2,yinli,,,,prod,2026-09-04 15:38:01.419557+00:00,2026-09-04 15:38:01.489069+00:00,/nfs/data/sz_34/20260904/episode_20260904_153622_000_7affd994.npy.mp4
01a06d10-e190-71a2-9b01-f8fe83a47aa6,industrial packing,completed,yam,yam_0_61,38.3,yinli,,,,prod,2026-09-04 15:38:45.691740+00:00,2026-09-04 15:38:45.762771+00:00,/nfs/data/sz_34/20260904/episode_20260904_153658_000_2a9d472c.npy.mp4
01a06d11-8988-786b-8bda-b4abd74e68d0,industrial packing,completed,yam,yam_0_61,31.0,yinli,,,,prod,2026-09-04 15:39:19.945978+00:00,2026-09-04 15:39:20.020713+00:00,/nfs/data/sz_34/20260904/episode_20260904_153741_000_8dd574c2.npy.mp4
01a06d12-1a10-79bd-9a54-8b728a1b57ca,industrial packing,completed,yam,yam_0_61,32.0,yinli,,,,prod,2026-09-04 15:39:59.207799+00:00,2026-09-04 15:39:59.286907+00:00,/nfs/data/sz_34/20260904/episode_20260904_153818_000_7712e18b.npy.mp4
01a06d12-aa98-739d-b10e-fa018222aa99,industrial packing,completed,yam,yam_0_61,32.1,yinli,,,,prod,2026-09-04 15:40:38.458600+00:00,2026-09-04 15:40:38.576484+00:00,/nfs/data/sz_34/20260904/episode_20260904_153855_000_efbf5e66.npy.mp4
01a06d13-3b20-7ff0-aff0-e291f38736fc,industrial packing,completed,yam,yam_0_61,32.7,yinli,,,,prod,2026-09-04 15:41:12.770024+00:00,2026-09-04 15:41:12.834476+00:00,/nfs/data/sz_34/20260904/episode_20260904_153932_000_96cd87ea.npy.mp4
01a06d14-2d50-700a-802f-b2e3749be8c4,industrial packing,completed,yam,yam_0_61,30.3,yinli,,,,prod,2026-09-04 15:42:11.039750+00:00,2026-09-04 15:42:11.113497+00:00,/nfs/data/sz_34/20260904/episode_20260904_154034_000_49271a6e.npy.mp4
01a06d14-b608-7613-bf75-8297c0c4962b,industrial packing,completed,yam,yam_0_61,29.2,yinli,,,,prod,2026-09-04 15:42:44.301473+00:00,2026-09-04 15:42:44.373738+00:00,/nfs/data/sz_34/20260904/episode_20260904_154109_000_044de7b5.npy.mp4
01a06d15-3ad8-7088-8934-3e55208e7651,industrial packing,completed,yam,yam_0_61,33.1,yinli,,,,prod,2026-09-04 15:43:23.542954+00:00,2026-09-04 15:43:23.615468+00:00,/nfs/data/sz_34/20260904/episode_20260904_154143_000_ed3e293c.npy.mp4
01a06d15-cf48-73bd-bac2-4d55fce94e45,industrial packing,completed,yam,yam_0_61,25.1,yinli,,,,prod,2026-09-04 15:43:51.790920+00:00,2026-09-04 15:43:51.865857+00:00,/nfs/data/sz_34/20260904/episode_20260904_154221_000_2431a3ce.npy.mp4
01a06d16-5be8-7207-892c-2b53481b77fc,industrial packing,completed,yam,yam_0_61,31.6,yinli,,,,prod,2026-09-04 15:44:36.071556+00:00,2026-09-04 15:44:36.241495+00:00,/nfs/data/sz_34/20260904/episode_20260904_154257_000_f9f41abb.npy.mp4
01a06d16-ec70-7865-a800-a30d2153d835,industrial packing,completed,yam,yam_0_61,30.7,yinli,,,,prod,2026-09-04 15:45:14.440676+00:00,2026-09-04 15:45:14.622398+00:00,/nfs/data/sz_34/20260904/episode_20260904_154334_000_448f76fb.npy.mp4
01a06d17-80e0-707e-8c28-fb88297f515a,industrial packing,completed,yam,yam_0_61,32.8,yinli,,,,prod,2026-09-04 15:45:53.867808+00:00,2026-09-04 15:45:53.951120+00:00,/nfs/data/sz_34/20260904/episode_20260904_154412_000_bcc9446b.npy.mp4
01a06d18-1938-7917-80cd-7ab66699bd80,industrial packing,completed,yam,yam_0_61,28.9,yinli,,,,prod,2026-09-04 15:46:27.137278+00:00,2026-09-04 15:46:27.205118+00:00,/nfs/data/sz_34/20260904/episode_20260904_154451_000_011c8f09.npy.mp4
01a06d18-a1f0-74b6-ae66-d4f1745ff4ac,industrial packing,completed,yam,yam_0_61,30.6,yinli,,,,prod,2026-09-04 15:47:05.383341+00:00,2026-09-04 15:47:05.457340+00:00,/nfs/data/sz_34/20260904/episode_20260904_154526_000_8c4b0068.npy.mp4
01a06d19-78c8-73eb-a835-ec7cc5792d2e,industrial packing,completed,yam,yam_0_61,29.1,yinli,,,,prod,2026-09-04 15:47:59.666955+00:00,2026-09-04 15:47:59.738897+00:00,/nfs/data/sz_34/20260904/episode_20260904_154621_000_7fc94b0f.npy.mp4
01a06d1b-70b0-7a70-b78c-c2b562d5508d,industrial packing,completed,yam,yam_0_61,24.7,yinli,,,,prod,2026-09-04 15:50:02.031617+00:00,2026-09-04 15:50:02.109127+00:00,/nfs/data/sz_34/20260904/episode_20260904_154830_000_c4f5e850.npy.mp4
01a06d1b-edb0-7328-84c4-cac0375f94f7,industrial packing,completed,yam,yam_0_61,32.2,yinli,,,,prod,2026-09-04 15:50:41.288541+00:00,2026-09-04 15:50:41.352464+00:00,/nfs/data/sz_34/20260904/episode_20260904_154902_000_6ef2d809.npy.mp4
01a06d1c-ff20-779e-b0ef-b49895fc0aed,industrial packing,completed,yam,yam_0_61,24.8,yinli,,,,prod,2026-09-04 15:51:44.564826+00:00,2026-09-04 15:51:44.631267+00:00,/nfs/data/sz_34/20260904/episode_20260904_155012_000_87a9f3e5.npy.mp4
01a06d1d-7068-7924-9b08-1dc977ca1904,industrial packing,completed,yam,yam_0_61,35.3,yinli,,,,prod,2026-09-04 15:52:23.843636+00:00,2026-09-04 15:52:23.918682+00:00,/nfs/data/sz_34/20260904/episode_20260904_155041_000_9927cd6e.npy.mp4
01a06d1e-08c0-749d-b7b5-5ea25781d17d,industrial packing,completed,yam,yam_0_61,34.7,yinli,,,,prod,2026-09-04 15:53:03.117459+00:00,2026-09-04 15:53:03.190798+00:00,/nfs/data/sz_34/20260904/episode_20260904_155120_000_69729ace.npy.mp4
01a06d1e-a118-7565-a0ac-f4840e3c27cb,industrial packing,completed,yam,yam_0_61,30.6,yinli,,,,prod,2026-09-04 15:53:36.350054+00:00,2026-09-04 15:53:36.417310+00:00,/nfs/data/sz_34/20260904/episode_20260904_155159_000_1d7add01.npy.mp4
01a06d1f-29d0-7d51-babc-42805ee39d34,industrial packing,completed,yam,yam_0_61,30.3,yinli,,,,prod,2026-09-04 15:54:10.586031+00:00,2026-09-04 15:54:10.655247+00:00,/nfs/data/sz_34/20260904/episode_20260904_155234_000_dcad0d66.npy.mp4
01a06d1f-be40-7629-8d29-49e608007ade,industrial packing,completed,yam,yam_0_61,31.9,yinli,,,,prod,2026-09-04 15:54:53.842148+00:00,2026-09-04 15:54:53.911706+00:00,/nfs/data/sz_34/20260904/episode_20260904_155312_000_5d5079ce.npy.mp4
01a06d20-4ec8-7bf7-8265-ec9be88526e8,industrial packing,completed,yam,yam_0_61,39.5,yinli,,,,prod,2026-09-04 15:55:39.148131+00:00,2026-09-04 15:55:39.216021+00:00,/nfs/data/sz_34/20260904/episode_20260904_155349_000_33e5f2dc.npy.mp4
01a06d20-faa8-7145-b118-8f9a6c102397,industrial packing,completed,yam,yam_0_61,33.9,yinli,,,,prod,2026-09-04 15:56:18.398219+00:00,2026-09-04 15:56:18.466120+00:00,/nfs/data/sz_34/20260904/episode_20260904_155433_000_ed1a37d0.npy.mp4
01a06d21-8f18-7194-b96f-15bdf6906b77,industrial packing,completed,yam,yam_0_61,37.3,yinli,,,,prod,2026-09-04 15:56:57.657155+00:00,2026-09-04 15:56:57.727698+00:00,/nfs/data/sz_34/20260904/episode_20260904_155511_000_00eacff1.npy.mp4
01a06d22-2f40-78a3-a871-2a0cfe14314f,industrial packing,completed,yam,yam_0_61,39.9,yinli,,,,prod,2026-09-04 15:57:42.933908+00:00,2026-09-04 15:57:43.004286+00:00,/nfs/data/sz_34/20260904/episode_20260904_155552_000_b26e2dec.npy.mp4
01a06d22-db20-7f43-9dff-bde923fc11c1,industrial packing,completed,yam,yam_0_61,37.4,yinli,,,,prod,2026-09-04 15:58:23.187647+00:00,2026-09-04 15:58:23.256111+00:00,/nfs/data/sz_34/20260904/episode_20260904_155636_000_06849e6a.npy.mp4
01a06d23-7f30-7c31-bab7-35b5ffa6a7d5,industrial packing,completed,yam,yam_0_61,42.3,yinli,,,,prod,2026-09-04 15:59:07.450960+00:00,2026-09-04 15:59:07.518696+00:00,/nfs/data/sz_34/20260904/episode_20260904_155718_000_166a9041.npy.mp4
01a06d24-32e0-7603-a61e-18267426cc71,industrial packing,completed,yam,yam_0_61,40.2,yinli,,,,prod,2026-09-04 15:59:52.709181+00:00,2026-09-04 15:59:52.783647+00:00,/nfs/data/sz_34/20260904/episode_20260904_155804_000_514afe19.npy.mp4
01a06d24-dec0-7058-a97a-96d0f2beee44,industrial packing,completed,yam,yam_0_61,39.5,yinli,,,,prod,2026-09-04 16:00:36.977363+00:00,2026-09-04 16:00:37.057681+00:00,/nfs/data/sz_34/20260904/episode_20260904_155848_000_f0da6528.npy.mp4
01a06d25-8aa0-76f9-b495-38910f1289e3,industrial packing,completed,yam,yam_0_61,36.1,yinli,,,,prod,2026-09-04 16:01:17.231582+00:00,2026-09-04 16:01:17.301782+00:00,/nfs/data/sz_34/20260904/episode_20260904_155932_000_012681d8.npy.mp4
01a06d26-26e0-741d-b8b5-458cc4bb50d7,industrial packing,completed,yam,yam_0_61,32.5,yinli,,,,prod,2026-09-04 16:01:50.467279+00:00,2026-09-04 16:01:50.533552+00:00,/nfs/data/sz_34/20260904/episode_20260904_160012_000_2c9c2454.npy.mp4
01a06d26-e260-7749-87ca-ff8acd9a5abc,industrial packing,completed,yam,yam_0_61,39.0,yinli,,,,prod,2026-09-04 16:02:50.736078+00:00,2026-09-04 16:02:50.815635+00:00,/nfs/data/sz_34/20260904/episode_20260904_160100_000_f7983177.npy.mp4
01a06d27-8a58-7653-8161-e9514030ef46,industrial packing,completed,yam,yam_0_61,44.5,yinli,,,,prod,2026-09-04 16:03:36.000219+00:00,2026-09-04 16:03:36.080451+00:00,/nfs/data/sz_34/20260904/episode_20260904_160143_000_19b9bae7.npy.mp4
01a06d28-49c0-7443-a567-de1eb098194f,industrial packing,completed,yam,yam_0_61,38.6,yinli,,,,prod,2026-09-04 16:04:20.261367+00:00,2026-09-04 16:04:20.335664+00:00,/nfs/data/sz_34/20260904/episode_20260904_160232_000_920f98af.npy.mp4
01a06d28-f1b8-7815-906e-455b283b4826,industrial packing,completed,yam,yam_0_61,33.9,yinli,,,,prod,2026-09-04 16:04:59.519651+00:00,2026-09-04 16:04:59.587827+00:00,/nfs/data/sz_34/20260904/episode_20260904_160315_000_cb3a9758.npy.mp4
01a06d29-e3e8-7740-9562-3e96da40fdd2,industrial packing,completed,yam,yam_0_61,33.2,yinli,,,,prod,2026-09-04 16:05:58.787099+00:00,2026-09-04 16:05:58.855094+00:00,/nfs/data/sz_34/20260904/episode_20260904_160417_000_0bcb3d83.npy.mp4
01a06d2a-7470-7c9f-91ed-59a4f96fb8e8,industrial packing,completed,yam,yam_0_61,36.2,yinli,,,,prod,2026-09-04 16:06:38.020155+00:00,2026-09-04 16:06:38.086550+00:00,/nfs/data/sz_34/20260904/episode_20260904_160454_000_f2681c26.npy.mp4
01a06d2b-1498-7216-b2b6-652969f21302,industrial packing,completed,yam,yam_0_61,38.4,yinli,,,,prod,2026-09-04 16:07:23.271354+00:00,2026-09-04 16:07:23.341394+00:00,/nfs/data/sz_34/20260904/episode_20260904_160535_000_18c6d2df.npy.mp4
01a06d2b-bc90-73a8-b1c8-712e1233c772,industrial packing,completed,yam,yam_0_61,35.7,yinli,,,,prod,2026-09-04 16:08:02.505190+00:00,2026-09-04 16:08:02.573199+00:00,/nfs/data/sz_34/20260904/episode_20260904_160618_000_b69e9cee.npy.mp4
01a06d2c-58d0-7bc4-baf3-ce1ec52ede8a,industrial packing,completed,yam,yam_0_61,33.5,yinli,,,,prod,2026-09-04 16:08:41.755913+00:00,2026-09-04 16:08:41.823258+00:00,/nfs/data/sz_34/20260904/episode_20260904_160658_000_83d38f53.npy.mp4
01a06d2c-ed40-7daa-8dd5-b0c9f838f6e4,industrial packing,completed,yam,yam_0_61,35.2,yinli,,,,prod,2026-09-04 16:09:20.992278+00:00,2026-09-04 16:09:21.058847+00:00,/nfs/data/sz_34/20260904/episode_20260904_160736_000_12114b47.npy.mp4
01a06d2d-8598-76d7-8029-c6c54191e9d4,industrial packing,completed,yam,yam_0_61,46.1,yinli,,,,prod,2026-09-04 16:10:11.230731+00:00,2026-09-04 16:10:11.297962+00:00,/nfs/data/sz_34/20260904/episode_20260904_160815_000_c9c23191.npy.mp4
01a06d2e-50b8-73cb-8b8b-7f493c4093d4,industrial packing,completed,yam,yam_0_61,33.8,yinli,,,,prod,2026-09-04 16:10:51.479517+00:00,2026-09-04 16:10:51.546503+00:00,/nfs/data/sz_34/20260904/episode_20260904_160907_000_83a188fe.npy.mp4
01a06d2e-e910-7cfc-b326-170a4a260678,industrial packing,completed,yam,yam_0_61,34.2,yinli,,,,prod,2026-09-04 16:11:30.721526+00:00,2026-09-04 16:11:30.788248+00:00,/nfs/data/sz_34/20260904/episode_20260904_160946_000_024c8e90.npy.mp4
01a06d2f-8168-744d-ae08-c9a4cc4678d4,industrial packing,completed,yam,yam_0_61,38.4,yinli,,,,prod,2026-09-04 16:12:14.959180+00:00,2026-09-04 16:12:15.032814+00:00,/nfs/data/sz_34/20260904/episode_20260904_161025_000_c825548a.npy.mp4
01a06d30-2960-716e-b399-040ffb2534a4,industrial packing,completed,yam,yam_0_61,37.8,yinli,,,,prod,2026-09-04 16:12:55.225722+00:00,2026-09-04 16:12:55.291934+00:00,/nfs/data/sz_34/20260904/episode_20260904_161108_000_0ef29fde.npy.mp4
01a06d30-cd70-7143-abed-8157583bb293,industrial packing,completed,yam,yam_0_61,33.6,yinli,,,,prod,2026-09-04 16:13:34.482381+00:00,2026-09-04 16:13:34.550112+00:00,/nfs/data/sz_34/20260904/episode_20260904_161150_000_afcd42be.npy.mp4
01a06d31-61e0-7650-a615-65016fe600a5,industrial packing,completed,yam,yam_0_61,35.5,yinli,,,,prod,2026-09-04 16:14:13.729388+00:00,2026-09-04 16:14:13.797150+00:00,/nfs/data/sz_34/20260904/episode_20260904_161228_000_613b31df.npy.mp4
01a06d31-fe20-7d05-898b-4e8e7476068c,industrial packing,completed,yam,yam_0_61,33.3,yinli,,,,prod,2026-09-04 16:14:47.957831+00:00,2026-09-04 16:14:48.083614+00:00,/nfs/data/sz_34/20260904/episode_20260904_161308_000_84c3d4e1.npy.mp4
01a06d32-9290-7b74-a31c-cbb0afa5071f,industrial packing,completed,yam,yam_0_61,35.2,yinli,,,,prod,2026-09-04 16:15:32.278122+00:00,2026-09-04 16:15:32.360326+00:00,/nfs/data/sz_34/20260904/episode_20260904_161346_000_04a9260b.npy.mp4
01a06d33-2ae8-7b6b-9b4b-213c5d35c7b0,industrial packing,completed,yam,yam_0_61,36.6,yinli,,,,prod,2026-09-04 16:16:11.544983+00:00,2026-09-04 16:16:11.612266+00:00,/nfs/data/sz_34/20260904/episode_20260904_161425_000_d926a38f.npy.mp4
01a06d33-c728-7644-acb0-17205cc3525d,industrial packing,completed,yam,yam_0_61,35.1,yinli,,,,prod,2026-09-04 16:16:50.784092+00:00,2026-09-04 16:16:50.851845+00:00,/nfs/data/sz_34/20260904/episode_20260904_161505_000_3c2e0a2e.npy.mp4
01a06d34-6750-7514-b7c2-99d175452092,industrial packing,completed,yam,yam_0_61,34.3,yinli,,,,prod,2026-09-04 16:17:30.030315+00:00,2026-09-04 16:17:30.097304+00:00,/nfs/data/sz_34/20260904/episode_20260904_161546_000_ee28ea35.npy.mp4
01a06d35-0390-7b30-b3aa-eb9f94c5859d,industrial packing,completed,yam,yam_0_61,42.6,yinli,,,,prod,2026-09-04 16:18:15.257831+00:00,2026-09-04 16:18:15.327466+00:00,/nfs/data/sz_34/20260904/episode_20260904_161626_000_b1f06c76.npy.mp4
01a06d35-cac8-7bf7-9312-55aa2e2d81c8,industrial packing,completed,yam,yam_0_61,34.6,yinli,,,,prod,2026-09-04 16:18:59.494636+00:00,2026-09-04 16:18:59.562068+00:00,/nfs/data/sz_34/20260904/episode_20260904_161717_000_18b4d519.npy.mp4
01a06d36-8648-7044-84e9-984c7a81e519,industrial packing,completed,yam,yam_0_61,35.5,yinli,,,,prod,2026-09-04 16:19:48.748158+00:00,2026-09-04 16:19:48.829922+00:00,/nfs/data/sz_34/20260904/episode_20260904_161805_000_90633c2c.npy.mp4
01a06d37-2670-7280-88ab-0271a0e1c878,industrial packing,completed,yam,yam_0_61,35.1,yinli,,,,prod,2026-09-04 16:20:27.996038+00:00,2026-09-04 16:20:28.062404+00:00,/nfs/data/sz_34/20260904/episode_20260904_161846_000_10a63394.npy.mp4
01a06d38-4b68-7b21-892e-64560d91f072,industrial packing,completed,yam,yam_0_61,32.3,yinli,,,,prod,2026-09-04 16:21:42.269467+00:00,2026-09-04 16:21:42.335692+00:00,/nfs/data/sz_34/20260904/episode_20260904_162001_000_2d8ec707.npy.mp4
01a06d38-dfd8-75d8-b012-e5bae0de7b3f,industrial packing,completed,yam,yam_0_61,31.3,yinli,,,,prod,2026-09-04 16:22:20.502210+00:00,2026-09-04 16:22:20.569065+00:00,/nfs/data/sz_34/20260904/episode_20260904_162039_000_78205eb2.npy.mp4
01a06d39-8bb8-78b6-9206-0e6d6c7e93ab,industrial packing,completed,yam,yam_0_61,30.5,yinli,,,,prod,2026-09-04 16:23:04.743285+00:00,2026-09-04 16:23:04.811778+00:00,/nfs/data/sz_34/20260904/episode_20260904_162123_000_7e9b11ad.npy.mp4
01a06d3a-1c40-717f-b92f-7c2be7a5ab95,industrial packing,completed,yam,yam_0_61,31.0,yinli,,,,prod,2026-09-04 16:23:37.977604+00:00,2026-09-04 16:23:38.044634+00:00,/nfs/data/sz_34/20260904/episode_20260904_162200_000_1c981042.npy.mp4
01a06d3a-acc8-72c1-9652-eada8e0b35d2,industrial packing,completed,yam,yam_0_61,29.7,yinli,,,,prod,2026-09-04 16:24:17.220688+00:00,2026-09-04 16:24:17.302898+00:00,/nfs/data/sz_34/20260904/episode_20260904_162237_000_6387d32d.npy.mp4
01a06d3b-3d50-7059-b207-5fcbc88fd3ef,industrial packing,completed,yam,yam_0_61,34.9,yinli,,,,prod,2026-09-04 16:24:56.491924+00:00,2026-09-04 16:24:56.568615+00:00,/nfs/data/sz_34/20260904/episode_20260904_162314_000_d47102ef.npy.mp4
01a06d3b-d5a8-77b5-8b85-3f8dff054b0e,industrial packing,completed,yam,yam_0_61,34.3,yinli,,,,prod,2026-09-04 16:25:35.750853+00:00,2026-09-04 16:25:35.820606+00:00,/nfs/data/sz_34/20260904/episode_20260904_162353_000_fe5b34f2.npy.mp4
01a06d3c-75d0-787b-85ea-7e86aaec21a7,industrial packing,completed,yam,yam_0_61,34.0,yinli,good,,,prod,2026-09-04 16:26:14.978816+00:00,2026-09-04 16:27:31.005284+00:00,/nfs/data/sz_34/20260904/episode_20260904_162434_000_27853142.npy.mp4
01a06d3e-5260-7d02-a622-60e421789c65,industrial packing,completed,yam,yam_0_61,41.2,yinli,,,,prod,2026-09-04 16:28:24.309925+00:00,2026-09-04 16:28:24.447106+00:00,/nfs/data/sz_34/20260904/episode_20260904_162636_000_599e2002.npy.mp4
01a06d3f-09f8-7ace-ba37-2ba0d292366e,industrial packing,completed,yam,yam_0_61,34.0,yinli,,,,prod,2026-09-04 16:29:03.654810+00:00,2026-09-04 16:29:03.743908+00:00,/nfs/data/sz_34/20260904/episode_20260904_162723_000_fcfce51d.npy.mp4
01a06d3f-a638-74e4-a321-2001709b7430,industrial packing,completed,yam,yam_0_61,27.8,yinli,,,,prod,2026-09-04 16:29:36.932386+00:00,2026-09-04 16:29:37.058501+00:00,/nfs/data/sz_34/20260904/episode_20260904_162803_000_6a920637.npy.mp4
01a06d40-2b08-78c6-a77f-bb1bb81dbb29,industrial packing,completed,yam,yam_0_61,34.0,yinli,,,,prod,2026-09-04 16:30:21.274976+00:00,2026-09-04 16:30:21.358733+00:00,/nfs/data/sz_34/20260904/episode_20260904_162837_000_5d341b74.npy.mp4
01a06d40-c748-7d64-be05-6a7de09a6316,industrial packing,completed,yam,yam_0_61,34.9,yinli,,,,prod,2026-09-04 16:31:00.528814+00:00,2026-09-04 16:31:00.617880+00:00,/nfs/data/sz_34/20260904/episode_20260904_162917_000_6f2dc2d6.npy.mp4
01a06d41-6b58-70e5-97d7-35bd1a165e13,industrial packing,completed,yam,yam_0_61,43.5,yinli,,,,prod,2026-09-04 16:31:50.820237+00:00,2026-09-04 16:31:50.900653+00:00,/nfs/data/sz_34/20260904/episode_20260904_162959_000_c6c618f0.npy.mp4
01a06d42-51d0-7b6e-ad05-2027eaf798ac,industrial packing,completed,yam,yam_0_61,36.6,yinli,,,,prod,2026-09-04 16:32:46.114705+00:00,2026-09-04 16:32:46.198600+00:00,/nfs/data/sz_34/20260904/episode_20260904_163058_000_34f4f97c.npy.mp4
01a06d42-f5e0-731b-8c93-a746d86831ea,industrial packing,completed,yam,yam_0_61,41.0,yinli,,,,prod,2026-09-04 16:33:30.414825+00:00,2026-09-04 16:33:30.489273+00:00,/nfs/data/sz_34/20260904/episode_20260904_163140_000_66aed8e4.npy.mp4
01a06d43-a5a8-7944-b49d-d7cee58b42f0,industrial packing,completed,yam,yam_0_61,36.4,yinli,,,,prod,2026-09-04 16:34:10.670097+00:00,2026-09-04 16:34:10.754272+00:00,/nfs/data/sz_34/20260904/episode_20260904_163225_000_08786a61.npy.mp4
01a06d44-3e00-76e1-b621-c9aec49fc0e1,industrial packing,completed,yam,yam_0_61,45.7,yinli,,,,prod,2026-09-04 16:35:00.951590+00:00,2026-09-04 16:35:01.021804+00:00,/nfs/data/sz_34/20260904/episode_20260904_163304_000_685fcf22.npy.mp4
01a06d45-0150-712c-90fb-80386ba6e196,industrial packing,completed,yam,yam_0_61,39.1,yinli,,,,prod,2026-09-04 16:35:41.203334+00:00,2026-09-04 16:35:41.284230+00:00,/nfs/data/sz_34/20260904/episode_20260904_163354_000_37fc5bde.npy.mp4
01a06d45-a948-7e08-a468-73f879cb6665,industrial packing,completed,yam,yam_0_61,36.7,yinli,,,,prod,2026-09-04 16:36:25.480018+00:00,2026-09-04 16:36:25.617142+00:00,/nfs/data/sz_34/20260904/episode_20260904_163437_000_f1e4c9f8.npy.mp4
01a06d46-4588-74d5-95af-3d63f4f1e345,industrial packing,completed,yam,yam_0_61,40.9,yinli,,,,prod,2026-09-04 16:37:05.837083+00:00,2026-09-04 16:37:05.957772+00:00,/nfs/data/sz_34/20260904/episode_20260904_163517_000_8978654b.npy.mp4
01a06d46-f550-7661-9206-40e392a9f239,industrial packing,completed,yam,yam_0_61,36.0,yinli,,,,prod,2026-09-04 16:37:45.142670+00:00,2026-09-04 16:37:45.209823+00:00,/nfs/data/sz_34/20260904/episode_20260904_163602_000_9d850fa9.npy.mp4
01a06d47-9d48-7133-80e3-7aec6478199c,industrial packing,completed,yam,yam_0_61,35.8,yinli,,,,prod,2026-09-04 16:38:29.410794+00:00,2026-09-04 16:38:29.492694+00:00,/nfs/data/sz_34/20260904/episode_20260904_163645_000_ed84db10.npy.mp4
01a06d48-4158-70ff-b06a-16284128a5d8,industrial packing,completed,yam,yam_0_61,36.3,yinli,,,,prod,2026-09-04 16:39:13.691458+00:00,2026-09-04 16:39:13.763601+00:00,/nfs/data/sz_34/20260904/episode_20260904_163727_000_4d9c468f.npy.mp4
01a06d48-f508-7e87-a24c-3471cf1c618b,industrial packing,completed,yam,yam_0_61,35.4,yinli,,,,prod,2026-09-04 16:39:58.943047+00:00,2026-09-04 16:39:59.019115+00:00,/nfs/data/sz_34/20260904/episode_20260904_163813_000_15fc7eba.npy.mp4
01a06d49-8d60-7f2a-b5ad-5d96b60522fe,industrial packing,completed,yam,yam_0_61,39.2,yinli,,,,prod,2026-09-04 16:40:43.218017+00:00,2026-09-04 16:40:43.288005+00:00,/nfs/data/sz_34/20260904/episode_20260904_163852_000_bc70122b.npy.mp4
01a06d4a-3940-71ef-8700-7b22b0ff312a,industrial packing,completed,yam,yam_0_61,39.0,yinli,,,,prod,2026-09-04 16:41:23.452146+00:00,2026-09-04 16:41:23.526781+00:00,/nfs/data/sz_34/20260904/episode_20260904_163936_000_ad5e87e7.npy.mp4
01a06d4a-e908-7cf0-b001-08d007301237,industrial packing,completed,yam,yam_0_61,37.0,yinli,,,,prod,2026-09-04 16:42:07.724668+00:00,2026-09-04 16:42:07.797507+00:00,/nfs/data/sz_34/20260904/episode_20260904_164021_000_4f63f16b.npy.mp4
01a06d4b-8548-7d81-bc00-1f618b7c0ccf,industrial packing,completed,yam,yam_0_61,35.9,yinli,,,,prod,2026-09-04 16:42:47.983707+00:00,2026-09-04 16:42:48.051816+00:00,/nfs/data/sz_34/20260904/episode_20260904_164101_000_7652ef99.npy.mp4
01a06d4c-2188-70b1-ac04-3ecde70a484a,industrial packing,completed,yam,yam_0_61,35.0,yinli,,,,prod,2026-09-04 16:43:22.218373+00:00,2026-09-04 16:43:22.292924+00:00,/nfs/data/sz_34/20260904/episode_20260904_164141_000_5679fc0d.npy.mp4
01a06d4c-d150-70b8-9476-e8997c72381d,industrial packing,completed,yam,yam_0_61,34.4,yinli,,,,prod,2026-09-04 16:44:11.476697+00:00,2026-09-04 16:44:11.550884+00:00,/nfs/data/sz_34/20260904/episode_20260904_164226_000_cf5053df.npy.mp4
01a06d4d-65c0-7a21-b0a7-28837e3f1df8,industrial packing,completed,yam,yam_0_61,37.9,yinli,,,,prod,2026-09-04 16:44:51.727820+00:00,2026-09-04 16:44:51.801899+00:00,/nfs/data/sz_34/20260904/episode_20260904_164304_000_d3cdd606.npy.mp4
01a06d4e-0db8-7754-b6a8-55282f2f68dc,industrial packing,completed,yam,yam_0_61,36.8,yinli,,,,prod,2026-09-04 16:45:30.984892+00:00,2026-09-04 16:45:31.060231+00:00,/nfs/data/sz_34/20260904/episode_20260904_164347_000_0b28af71.npy.mp4
01a06d4e-a9f8-7352-b261-17392c0b9517,industrial packing,completed,yam,yam_0_61,35.3,yinli,,,,prod,2026-09-04 16:46:10.250682+00:00,2026-09-04 16:46:10.314740+00:00,/nfs/data/sz_34/20260904/episode_20260904_164427_000_aea1ff82.npy.mp4
01a06d4f-4638-78b4-bcf8-d31aedf9dff9,industrial packing,completed,yam,yam_0_61,39.2,yinli,,,,prod,2026-09-04 16:46:55.493967+00:00,2026-09-04 16:46:55.575470+00:00,/nfs/data/sz_34/20260904/episode_20260904_164507_000_5eb64ff7.npy.mp4
01a06d4f-ee30-7d00-942e-7cdf48fe5d7f,industrial packing,completed,yam,yam_0_61,36.3,yinli,,,,prod,2026-09-04 16:47:34.772151+00:00,2026-09-04 16:47:34.840143+00:00,/nfs/data/sz_34/20260904/episode_20260904_164550_000_94d59616.npy.mp4
01a06d50-8e58-7e1f-adc3-5db70f06d08d,industrial packing,completed,yam,yam_0_61,31.7,yinli,,,,prod,2026-09-04 16:48:09.002396+00:00,2026-09-04 16:48:09.076377+00:00,/nfs/data/sz_34/20260904/episode_20260904_164631_000_31a1f95a.npy.mp4
01a06d51-1af8-7013-b3e8-bca81e5977ce,industrial packing,completed,yam,yam_0_61,37.0,yinli,,,,prod,2026-09-04 16:48:53.262580+00:00,2026-09-04 16:48:53.333037+00:00,/nfs/data/sz_34/20260904/episode_20260904_164707_000_371d1d4c.npy.mp4
01a06d51-bb20-706d-aa2b-b1897cef86f0,industrial packing,completed,yam,yam_0_61,34.2,yinli,,,,prod,2026-09-04 16:49:32.512036+00:00,2026-09-04 16:49:32.589410+00:00,/nfs/data/sz_34/20260904/episode_20260904_164748_000_db0b001e.npy.mp4
01a06d52-4ba8-7d36-a108-5cd0cc97dfa5,industrial packing,completed,yam,yam_0_61,39.9,yinli,,,,prod,2026-09-04 16:50:12.778572+00:00,2026-09-04 16:50:12.849316+00:00,/nfs/data/sz_34/20260904/episode_20260904_164825_000_c5e0a7df.npy.mp4
01a06d52-f788-7587-a5f1-e60c1e4be861,industrial packing,completed,yam,yam_0_61,41.2,yinli,,,,prod,2026-09-04 16:50:58.020953+00:00,2026-09-04 16:50:58.107147+00:00,/nfs/data/sz_34/20260904/episode_20260904_164909_000_4f6dac42.npy.mp4
01a06d53-ca78-7f90-ac09-309e27d5136c,industrial packing,completed,yam,yam_0_61,36.1,yinli,,,,prod,2026-09-04 16:51:47.307861+00:00,2026-09-04 16:51:47.384764+00:00,/nfs/data/sz_34/20260904/episode_20260904_165003_000_d69e2e1e.npy.mp4
01a06d54-6aa0-70f6-a3a0-2b9e0adf2a46,industrial packing,completed,yam,yam_0_61,30.7,yinli,,,,prod,2026-09-04 16:52:21.566714+00:00,2026-09-04 16:52:21.643902+00:00,/nfs/data/sz_34/20260904/episode_20260904_165044_000_41de0319.npy.mp4
01a06d54-ef70-7677-84a2-3eca0ca7b27c,industrial packing,completed,yam,yam_0_61,38.7,yinli,,,,prod,2026-09-04 16:53:05.843515+00:00,2026-09-04 16:53:05.916358+00:00,/nfs/data/sz_34/20260904/episode_20260904_165118_000_6d8ce009.npy.mp4
01a06d55-9768-7386-a42c-bdd2d82e46c4,industrial packing,completed,yam,yam_0_61,41.3,yinli,,,,prod,2026-09-04 16:53:51.108565+00:00,2026-09-04 16:53:51.175857+00:00,/nfs/data/sz_34/20260904/episode_20260904_165201_000_52994920.npy.mp4
01a06d56-4730-7061-b9be-454f25e99e79,industrial packing,completed,yam,yam_0_61,40.3,yinli,,,,prod,2026-09-04 16:54:36.355714+00:00,2026-09-04 16:54:36.436781+00:00,/nfs/data/sz_34/20260904/episode_20260904_165246_000_f34a470c.npy.mp4
01a06d56-f6f8-7fec-8455-9a5812dcef0f,industrial packing,completed,yam,yam_0_61,37.9,yinli,,,,prod,2026-09-04 16:55:15.629413+00:00,2026-09-04 16:55:15.704455+00:00,/nfs/data/sz_34/20260904/episode_20260904_165331_000_ba7ea0fb.npy.mp4
01a06d57-9720-7475-aa21-9ef9fca92ff9,industrial packing,completed,yam,yam_0_61,34.8,yinli,,,,prod,2026-09-04 16:55:55.908321+00:00,2026-09-04 16:55:55.992132+00:00,/nfs/data/sz_34/20260904/episode_20260904_165412_000_bbe68dbf.npy.mp4
01a06d58-2b90-75aa-9d84-5504cc54cb80,industrial packing,completed,yam,yam_0_61,31.2,yinli,,,,prod,2026-09-04 16:56:29.186202+00:00,2026-09-04 16:56:29.263831+00:00,/nfs/data/sz_34/20260904/episode_20260904_165450_000_851c0912.npy.mp4
01a06d58-b448-7fa1-ac97-45a1a32edec5,industrial packing,completed,yam,yam_0_61,32.0,yinli,,,,prod,2026-09-04 16:57:03.433656+00:00,2026-09-04 16:57:03.506568+00:00,/nfs/data/sz_34/20260904/episode_20260904_165525_000_749a6c93.npy.mp4
01a06d59-40e8-75cb-9523-1a15cacb0702,industrial packing,completed,yam,yam_0_61,32.5,yinli,,,,prod,2026-09-04 16:57:42.703934+00:00,2026-09-04 16:57:42.778028+00:00,/nfs/data/sz_34/20260904/episode_20260904_165601_000_f9c8e309.npy.mp4
01a06d59-cd88-76b4-ae28-1943a6be4be3,industrial packing,completed,yam,yam_0_61,35.6,yinli,,,,prod,2026-09-04 16:58:21.960485+00:00,2026-09-04 16:58:22.031116+00:00,/nfs/data/sz_34/20260904/episode_20260904_165637_000_aa46a036.npy.mp4
01a06d5a-69c8-73f0-994a-686efebac853,industrial packing,completed,yam,yam_0_61,33.9,yinli,,,,prod,2026-09-04 16:59:01.216315+00:00,2026-09-04 16:59:01.296391+00:00,/nfs/data/sz_34/20260904/episode_20260904_165717_000_201e5c43.npy.mp4
01a06d5b-d128-74cf-b2c7-ee76d875763a,industrial packing,completed,yam,yam_0_61,40.7,yinli,,,,prod,2026-09-04 17:00:41.534570+00:00,2026-09-04 17:00:41.607729+00:00,/nfs/data/sz_34/20260904/episode_20260904_165849_000_151e06f1.npy.mp4
01a06d5c-80f0-7791-956e-88f1f0743584,industrial packing,completed,yam,yam_0_61,34.5,yinli,,,,prod,2026-09-04 17:01:15.804405+00:00,2026-09-04 17:01:15.878763+00:00,/nfs/data/sz_34/20260904/episode_20260904_165934_000_7b3a9acb.npy.mp4
01a06d5d-1560-75eb-a2d2-c34db0842a7b,industrial packing,completed,yam,yam_0_61,31.2,yinli,,,,prod,2026-09-04 17:01:50.074549+00:00,2026-09-04 17:01:50.144685+00:00,/nfs/data/sz_34/20260904/episode_20260904_170012_000_3a32e8be.npy.mp4
01a06d5d-a5e8-724b-84f6-09f10525a056,industrial packing,completed,yam,yam_0_61,35.4,yinli,,,,prod,2026-09-04 17:02:34.337166+00:00,2026-09-04 17:02:34.419686+00:00,/nfs/data/sz_34/20260904/episode_20260904_170049_000_e4ddfe0f.npy.mp4
01a06d5e-49f8-7183-be5b-8cdc59870853,industrial packing,completed,yam,yam_0_61,48.1,yinli,,,,prod,2026-09-04 17:03:29.626323+00:00,2026-09-04 17:03:29.710968+00:00,/nfs/data/sz_34/20260904/episode_20260904_170131_000_ca067b2f.npy.mp4
01a06d5f-1900-74cd-8873-84a6b60380b1,industrial packing,completed,yam,yam_0_61,33.9,yinli,,,,prod,2026-09-04 17:04:08.914256+00:00,2026-09-04 17:04:08.992772+00:00,/nfs/data/sz_34/20260904/episode_20260904_170224_000_3800ec84.npy.mp4
01a06d5f-ad70-7ee7-b766-f0b1fbbda61e,industrial packing,completed,yam,yam_0_61,29.4,yinli,,,,prod,2026-09-04 17:04:38.170759+00:00,2026-09-04 17:04:38.245232+00:00,/nfs/data/sz_34/20260904/episode_20260904_170302_000_de75e638.npy.mp4
01a06d60-3240-7df1-a809-d8c8c6ab3c96,industrial packing,completed,yam,yam_0_61,31.1,yinli,,,,prod,2026-09-04 17:05:16.431669+00:00,2026-09-04 17:05:16.498480+00:00,/nfs/data/sz_34/20260904/episode_20260904_170336_000_dd74613f.npy.mp4
01a06d60-baf8-7863-8782-0d176a2b90d7,industrial packing,completed,yam,yam_0_61,32.9,yinli,,,,prod,2026-09-04 17:05:50.674944+00:00,2026-09-04 17:05:50.750719+00:00,/nfs/data/sz_34/20260904/episode_20260904_170411_000_be279fa0.npy.mp4
01a06d61-4b80-7595-9587-48bd0319d9d7,industrial packing,completed,yam,yam_0_61,40.8,yinli,,,,prod,2026-09-04 17:06:40.958780+00:00,2026-09-04 17:06:41.037835+00:00,/nfs/data/sz_34/20260904/episode_20260904_170448_000_682617f5.npy.mp4
01a06d61-fb48-71b2-9a90-de962e474a35,industrial packing,completed,yam,yam_0_61,38.1,yinli,,,,prod,2026-09-04 17:07:20.219639+00:00,2026-09-04 17:07:20.286783+00:00,/nfs/data/sz_34/20260904/episode_20260904_170533_000_44c393ef.npy.mp4
01a06d62-aef8-7a27-8e5b-1aeb9bbb3d85,industrial packing,completed,yam,yam_0_61,44.8,yinli,,,,prod,2026-09-04 17:08:16.510184+00:00,2026-09-04 17:08:16.598707+00:00,/nfs/data/sz_34/20260904/episode_20260904_170619_000_36230f97.npy.mp4
01a06d63-7248-737e-b6c3-85fa915704c5,industrial packing,completed,yam,yam_0_61,32.4,yinli,,,,prod,2026-09-04 17:08:49.789624+00:00,2026-09-04 17:08:49.857816+00:00,/nfs/data/sz_34/20260904/episode_20260904_170709_000_9b870026.npy.mp4
01a06d64-02d0-749d-ac15-7a0f15895874,industrial packing,completed,yam,yam_0_61,35.9,yinli,,,,prod,2026-09-04 17:09:30.034659+00:00,2026-09-04 17:09:30.113248+00:00,/nfs/data/sz_34/20260904/episode_20260904_170746_000_fdaf1fc0.npy.mp4
01a06d64-9f10-79d6-90d7-85f1c5aab222,industrial packing,completed,yam,yam_0_61,36.4,yinli,,,,prod,2026-09-04 17:10:14.298751+00:00,2026-09-04 17:10:14.376672+00:00,/nfs/data/sz_34/20260904/episode_20260904_170826_000_d61c26f4.npy.mp4
01a06d65-3f38-7c3e-ae9f-97925f7681e6,industrial packing,completed,yam,yam_0_61,36.1,yinli,,,,prod,2026-09-04 17:10:53.577788+00:00,2026-09-04 17:10:53.640491+00:00,/nfs/data/sz_34/20260904/episode_20260904_170907_000_59a738dc.npy.mp4
01a06d66-0288-7e31-a33f-e18699a0752d,industrial packing,completed,yam,yam_0_61,33.7,yinli,,,,prod,2026-09-04 17:11:37.840155+00:00,2026-09-04 17:11:37.910591+00:00,/nfs/data/sz_34/20260904/episode_20260904_170957_000_27639306.npy.mp4
01a06d66-9ae0-7595-9955-39dbc3683e67,industrial packing,completed,yam,yam_0_61,31.6,yinli,,,,prod,2026-09-04 17:12:16.098401+00:00,2026-09-04 17:12:16.170194+00:00,/nfs/data/sz_34/20260904/episode_20260904_171036_000_10e1acc1.npy.mp4
01a06d67-2780-7dc3-bcf8-519c319ee3f7,industrial packing,completed,yam,yam_0_61,33.7,yinli,,,,prod,2026-09-04 17:12:55.348989+00:00,2026-09-04 17:12:55.424036+00:00,/nfs/data/sz_34/20260904/episode_20260904_171112_000_992fc902.npy.mp4
01a06d67-c7a8-7cd8-a265-87d5c7fc0b25,industrial packing,completed,yam,yam_0_61,35.6,yinli,,,,prod,2026-09-04 17:13:39.600100+00:00,2026-09-04 17:13:39.673876+00:00,/nfs/data/sz_34/20260904/episode_20260904_171153_000_9aa57be5.npy.mp4
01a06d68-6bb8-7ea8-88b7-76741a04d120,industrial packing,completed,yam,yam_0_61,32.6,yinli,,,,prod,2026-09-04 17:14:13.849065+00:00,2026-09-04 17:14:13.927650+00:00,/nfs/data/sz_34/20260904/episode_20260904_171235_000_2bd6f3c5.npy.mp4
01a06d68-fc40-78c5-ae3b-cc6e18ed3895,industrial packing,completed,yam,yam_0_61,34.1,yinli,,,,prod,2026-09-04 17:14:53.109067+00:00,2026-09-04 17:14:53.182295+00:00,/nfs/data/sz_34/20260904/episode_20260904_171312_000_2d293d3b.npy.mp4
01a06d69-9c68-7ebd-bacf-3fa4e087937d,industrial packing,completed,yam,yam_0_61,28.9,yinli,,,,prod,2026-09-04 17:15:31.376982+00:00,2026-09-04 17:15:31.444775+00:00,/nfs/data/sz_34/20260904/episode_20260904_171353_000_18de5e64.npy.mp4
01a06d6a-30d8-7800-8746-b66d97af2294,industrial packing,completed,yam,yam_0_61,32.8,yinli,,,,prod,2026-09-04 17:16:10.619189+00:00,2026-09-04 17:16:10.684803+00:00,/nfs/data/sz_34/20260904/episode_20260904_171431_000_b71467b1.npy.mp4
01a06d6a-c930-79cb-bda9-08b8aa554ce3,industrial packing,completed,yam,yam_0_61,33.9,yinli,,,,prod,2026-09-04 17:16:54.841308+00:00,2026-09-04 17:16:54.920721+00:00,/nfs/data/sz_34/20260904/episode_20260904_171510_000_90f76835.npy.mp4
01a06d6c-ad90-74b7-b681-a0960d61400a,industrial packing,completed,yam,yam_0_61,29.8,yinli,,,,prod,2026-09-04 17:18:55.183086+00:00,2026-09-04 17:18:55.248524+00:00,/nfs/data/sz_34/20260904/episode_20260904_171714_000_67deebf2.npy.mp4
01a06d6d-3648-72a4-b9bc-8cfcd8678c21,industrial packing,completed,yam,yam_0_61,29.0,yinli,,,,prod,2026-09-04 17:19:23.406367+00:00,2026-09-04 17:19:23.477761+00:00,/nfs/data/sz_34/20260904/episode_20260904_171749_000_7103fa3d.npy.mp4
01a06d6d-bb18-76aa-80c0-ac205d904783,industrial packing,completed,yam,yam_0_61,28.0,yinli,,,,prod,2026-09-04 17:19:57.677319+00:00,2026-09-04 17:19:57.820524+00:00,/nfs/data/sz_34/20260904/episode_20260904_171823_000_e48b9337.npy.mp4
01a06d6e-3818-78f7-9a43-a83e1d6cea9e,industrial packing,completed,yam,yam_0_61,33.0,yinli,,,,prod,2026-09-04 17:20:36.044603+00:00,2026-09-04 17:20:36.109022+00:00,/nfs/data/sz_34/20260904/episode_20260904_171855_000_4fe33e0c.npy.mp4
01a06d6e-c8a0-7806-8360-1cb24f401701,industrial packing,completed,yam,yam_0_61,33.6,yinli,,,,prod,2026-09-04 17:21:15.296337+00:00,2026-09-04 17:21:15.379274+00:00,/nfs/data/sz_34/20260904/episode_20260904_171932_000_450a7c6d.npy.mp4
01a06d6f-5928-7bcb-bb75-b7ec328a6f0d,industrial packing,completed,yam,yam_0_61,34.2,yinli,,,,prod,2026-09-04 17:21:49.550116+00:00,2026-09-04 17:21:49.618728+00:00,/nfs/data/sz_34/20260904/episode_20260904_172009_000_447a097a.npy.mp4
01a06d6f-f180-7cc3-a499-81220a54c59b,industrial packing,completed,yam,yam_0_61,43.9,yinli,,,,prod,2026-09-04 17:22:45.828844+00:00,2026-09-04 17:22:45.916329+00:00,/nfs/data/sz_34/20260904/episode_20260904_172048_000_948cba97.npy.mp4
01a06d70-b4d0-734f-882e-39a3a8348314,industrial packing,completed,yam,yam_0_61,32.7,yinli,,,,prod,2026-09-04 17:23:19.073777+00:00,2026-09-04 17:23:19.144497+00:00,/nfs/data/sz_34/20260904/episode_20260904_172138_000_7aee2e07.npy.mp4
01a06d71-d1f8-7a0c-9d59-c0289c989afe,industrial packing,completed,yam,yam_0_61,28.4,yinli,,,,prod,2026-09-04 17:24:28.372331+00:00,2026-09-04 17:24:28.506735+00:00,/nfs/data/sz_34/20260904/episode_20260904_172251_000_194d1145.npy.mp4
01a06d72-52e0-7067-8136-87355462a783,industrial packing,completed,yam,yam_0_61,33.9,yinli,,,,prod,2026-09-04 17:25:07.710890+00:00,2026-09-04 17:25:07.789938+00:00,/nfs/data/sz_34/20260904/episode_20260904_172324_000_b19cc5c8.npy.mp4
01a06d72-e368-7c2c-a143-9fff107fe961,industrial packing,completed,yam,yam_0_61,32.3,yinli,,,,prod,2026-09-04 17:25:40.946858+00:00,2026-09-04 17:25:41.027527+00:00,/nfs/data/sz_34/20260904/episode_20260904_172401_000_212b0c69.npy.mp4
01a06d74-8d30-77c7-a65a-c5da22eaa925,industrial packing,completed,yam,yam_0_61,27.5,yinli,,,,prod,2026-09-04 17:27:25.270718+00:00,2026-09-04 17:27:25.343050+00:00,/nfs/data/sz_34/20260904/episode_20260904_172550_000_99e40a7d.npy.mp4
01a06d75-0648-71f1-8ba7-7d4904338f2b,industrial packing,completed,yam,yam_0_61,33.2,yinli,,,,prod,2026-09-04 17:28:04.535655+00:00,2026-09-04 17:28:04.618550+00:00,/nfs/data/sz_34/20260904/episode_20260904_172621_000_30b53a1f.npy.mp4
01a06d75-9ab8-7f35-b29f-a610212966dd,industrial packing,completed,yam,yam_0_61,31.5,yinli,,,,prod,2026-09-04 17:28:37.832654+00:00,2026-09-04 17:28:37.899551+00:00,/nfs/data/sz_34/20260904/episode_20260904_172659_000_c369d41c.npy.mp4
01a06d76-3310-7131-96c0-f478b44f6e2f,industrial packing,completed,yam,yam_0_61,33.5,yinli,,,,prod,2026-09-04 17:29:22.104028+00:00,2026-09-04 17:29:22.174104+00:00,/nfs/data/sz_34/20260904/episode_20260904_172738_000_35a11cc7.npy.mp4
01a06d76-c780-7c49-8b9c-dafdf4b3b294,industrial packing,completed,yam,yam_0_61,23.2,yinli,,,,prod,2026-09-04 17:29:45.338949+00:00,2026-09-04 17:29:45.411269+00:00,/nfs/data/sz_34/20260904/episode_20260904_172816_000_a6763ce4.npy.mp4
01a06d77-bd98-760a-af16-9c6dbad6261c,industrial packing,completed,yam,yam_0_61,38.1,yinli,,,,prod,2026-09-04 17:31:04.649524+00:00,2026-09-04 17:31:04.720752+00:00,/nfs/data/sz_34/20260904/episode_20260904_172919_000_ddd82b03.npy.mp4
01a06d78-6590-76fd-904d-6b380f2224f6,industrial packing,completed,yam,yam_0_61,30.9,yinli,,,,prod,2026-09-04 17:31:43.904802+00:00,2026-09-04 17:31:43.977905+00:00,/nfs/data/sz_34/20260904/episode_20260904_173002_000_b7946591.npy.mp4
01a06d78-f230-7e4c-9b2f-d08e1c0a2791,industrial packing,completed,yam,yam_0_61,39.4,yinli,,,,prod,2026-09-04 17:32:29.171155+00:00,2026-09-04 17:32:29.255465+00:00,/nfs/data/sz_34/20260904/episode_20260904_173038_000_48fe2307.npy.mp4
01a06d79-9a28-7c4c-be10-e578449b5b80,industrial packing,completed,yam,yam_0_61,33.6,yinli,,,,prod,2026-09-04 17:33:03.424751+00:00,2026-09-04 17:33:03.498148+00:00,/nfs/data/sz_34/20260904/episode_20260904_173121_000_eacb4028.npy.mp4
01a06d7a-2e98-787e-8bfc-065ce4c280e0,industrial packing,completed,yam,yam_0_61,35.1,yinli,,,,prod,2026-09-04 17:33:43.679878+00:00,2026-09-04 17:33:43.752860+00:00,/nfs/data/sz_34/20260904/episode_20260904_173159_000_d0c3c39d.npy.mp4
01a06d7a-cec0-74f9-a750-cc6a26a4c390,industrial packing,completed,yam,yam_0_61,32.5,yinli,,,,prod,2026-09-04 17:34:22.939367+00:00,2026-09-04 17:34:23.010523+00:00,/nfs/data/sz_34/20260904/episode_20260904_173240_000_b1055658.npy.mp4
01a06d7b-5f48-73d2-99cc-fcaf267ab576,industrial packing,completed,yam,yam_0_61,38.7,yinli,,,,prod,2026-09-04 17:35:08.206844+00:00,2026-09-04 17:35:08.277337+00:00,/nfs/data/sz_34/20260904/episode_20260904_173317_000_140a62f8.npy.mp4
01a06d7c-0740-7f00-be0a-1039ea47a52d,industrial packing,completed,yam,yam_0_61,36.6,yinli,,,,prod,2026-09-04 17:35:47.450759+00:00,2026-09-04 17:35:47.518939+00:00,/nfs/data/sz_34/20260904/episode_20260904_173400_000_8da9fab3.npy.mp4
01a06d7c-a380-707e-8225-2a8e28b215b7,industrial packing,completed,yam,yam_0_61,40.6,yinli,,,,prod,2026-09-04 17:36:32.709101+00:00,2026-09-04 17:36:32.788451+00:00,/nfs/data/sz_34/20260904/episode_20260904_173440_000_06cac66c.npy.mp4
01a06d7d-5730-7419-a56f-f4df6ab5d52b,industrial packing,completed,yam,yam_0_61,40.5,yinli,,,,prod,2026-09-04 17:37:17.970270+00:00,2026-09-04 17:37:18.048338+00:00,/nfs/data/sz_34/20260904/episode_20260904_173526_000_42c80005.npy.mp4
01a06d7e-0ae0-7ce5-8cd1-b0999aa3ed47,industrial packing,completed,yam,yam_0_61,38.7,yinli,,,,prod,2026-09-04 17:37:58.235963+00:00,2026-09-04 17:37:58.324399+00:00,/nfs/data/sz_34/20260904/episode_20260904_173612_000_85b25351.npy.mp4
01a06d7e-be90-7d38-85ad-b7a41906f2e8,industrial packing,completed,yam,yam_0_61,44.9,yinli,,,,prod,2026-09-04 17:38:53.526033+00:00,2026-09-04 17:38:53.602267+00:00,/nfs/data/sz_34/20260904/episode_20260904_173658_000_16cb0073.npy.mp4
01a06d7f-7df8-7d2c-931b-bc9d08e3f270,industrial packing,completed,yam,yam_0_61,46.7,yinli,,,,prod,2026-09-04 17:39:43.784844+00:00,2026-09-04 17:39:43.856844+00:00,/nfs/data/sz_34/20260904/episode_20260904_173747_000_a63acb31.npy.mp4
01a06d80-4530-703f-93c8-75252a0ad232,industrial packing,completed,yam,yam_0_61,40.4,yinli,,,,prod,2026-09-04 17:40:29.057410+00:00,2026-09-04 17:40:29.161608+00:00,/nfs/data/sz_34/20260904/episode_20260904_173838_000_6563f575.npy.mp4
01a06d80-f110-72c2-b952-0a964ba1e030,industrial packing,completed,yam,yam_0_61,38.9,yinli,,,,prod,2026-09-04 17:41:08.361263+00:00,2026-09-04 17:41:08.444412+00:00,/nfs/data/sz_34/20260904/episode_20260904_173922_000_1de6066a.npy.mp4
01a06d81-9908-7676-9362-018b4ad83f33,industrial packing,completed,yam,yam_0_61,48.4,yinli,,,,prod,2026-09-04 17:42:04.655090+00:00,2026-09-04 17:42:04.728998+00:00,/nfs/data/sz_34/20260904/episode_20260904_174005_000_d8dae5cd.npy.mp4
01a06d82-6fe0-75f8-888d-52803e48d457,industrial packing,completed,yam,yam_0_61,40.2,yinli,,,,prod,2026-09-04 17:42:48.935713+00:00,2026-09-04 17:42:49.005283+00:00,/nfs/data/sz_34/20260904/episode_20260904_174100_000_f86fc8fd.npy.mp4
01a06d83-1fa8-7cf6-8032-d4d3d277154e,industrial packing,completed,yam,yam_0_61,40.0,yinli,,,,prod,2026-09-04 17:43:34.219666+00:00,2026-09-04 17:43:34.287144+00:00,/nfs/data/sz_34/20260904/episode_20260904_174145_000_e16d91ac.npy.mp4
01a06d83-cb88-7217-8573-c6f60bc6567d,industrial packing,completed,yam,yam_0_61,30.9,yinli,,,,prod,2026-09-04 17:44:08.478027+00:00,2026-09-04 17:44:08.550140+00:00,/nfs/data/sz_34/20260904/episode_20260904_174229_000_03dbd9bd.npy.mp4
01a06d84-5828-791a-afdb-1d48568e66c2,industrial packing,completed,yam,yam_0_61,44.3,yinli,,,,prod,2026-09-04 17:44:58.740555+00:00,2026-09-04 17:44:58.813401+00:00,/nfs/data/sz_34/20260904/episode_20260904_174305_000_95cda236.npy.mp4
01a06d85-13a8-706c-a9d5-fbccf5a313c1,industrial packing,completed,yam,yam_0_61,36.9,yinli,,,,prod,2026-09-04 17:45:37.969287+00:00,2026-09-04 17:45:38.039173+00:00,/nfs/data/sz_34/20260904/episode_20260904_174353_000_b1585ec8.npy.mp4
01a06d8d-7c00-7a1c-979f-400060539131,industrial packing,completed,yam,yam_0_61,28.8,yinli,,,,prod,2026-09-04 17:54:42.758690+00:00,2026-09-04 17:54:42.831527+00:00,/nfs/data/sz_34/20260904/episode_20260904_175304_000_efb208bc.npy.mp4
01a06d8d-f900-7aaa-a986-a8e5bf5a9030,industrial packing,completed,yam,yam_0_61,27.0,yinli,,,,prod,2026-09-04 17:55:11.006066+00:00,2026-09-04 17:55:11.118850+00:00,/nfs/data/sz_34/20260904/episode_20260904_175336_000_a79b0224.npy.mp4
01a06d8e-79e8-7116-9190-4382fe02d85e,industrial packing,completed,yam,yam_0_61,29.9,yinli,,,,prod,2026-09-04 17:55:50.313666+00:00,2026-09-04 17:55:50.382061+00:00,/nfs/data/sz_34/20260904/episode_20260904_175409_000_b01b1281.npy.mp4
01a06d8e-feb8-7805-ba63-d6c914a95a58,industrial packing,completed,yam,yam_0_61,31.8,yinli,,,,prod,2026-09-04 17:56:24.550347+00:00,2026-09-04 17:56:24.629621+00:00,/nfs/data/sz_34/20260904/episode_20260904_175443_000_8612a02b.npy.mp4
01a06d8f-8770-7bff-8fdf-3cc74fc0fb66,industrial packing,completed,yam,yam_0_61,28.9,yinli,,,,prod,2026-09-04 17:56:52.809418+00:00,2026-09-04 17:56:52.881697+00:00,/nfs/data/sz_34/20260904/episode_20260904_175518_000_a8256c14.npy.mp4
01a06d90-0858-71ba-bcad-4f6d87f2c749,industrial packing,completed,yam,yam_0_61,34.2,yinli,,,,prod,2026-09-04 17:57:32.051993+00:00,2026-09-04 17:57:32.166755+00:00,/nfs/data/sz_34/20260904/episode_20260904_175551_000_2a3e62d8.npy.mp4
01a06d90-9cc8-7906-982d-b8e4a1850a8b,industrial packing,completed,yam,yam_0_61,34.9,yinli,,,,prod,2026-09-04 17:58:11.339177+00:00,2026-09-04 17:58:11.413348+00:00,/nfs/data/sz_34/20260904/episode_20260904_175629_000_2ac81f10.npy.mp4
01a06d93-e4a0-7053-866f-39fe77075345,industrial packing,completed,yam,yam_0_61,28.2,yinli,,,,prod,2026-09-04 18:01:42.738971+00:00,2026-09-04 18:01:42.811702+00:00,/nfs/data/sz_34/20260904/episode_20260904_180004_000_273dee08.npy.mp4
01a06d94-61a0-7d81-b239-c7bbe38aaa37,industrial packing,completed,yam,yam_0_61,28.7,yinli,,,,prod,2026-09-04 18:02:10.973681+00:00,2026-09-04 18:02:11.043553+00:00,/nfs/data/sz_34/20260904/episode_20260904_180036_000_0a0f2519.npy.mp4
01a06d94-f610-71df-b82c-4d45df60020e,industrial packing,completed,yam,yam_0_61,25.2,yinli,,,,prod,2026-09-04 18:02:49.227443+00:00,2026-09-04 18:02:49.313287+00:00,/nfs/data/sz_34/20260904/episode_20260904_180114_000_2687170b.npy.mp4
01a06d95-6b40-7c2c-a2a5-1ca7648f93af,industrial packing,completed,yam,yam_0_61,31.3,yinli,,,,prod,2026-09-04 18:03:23.496346+00:00,2026-09-04 18:03:23.578582+00:00,/nfs/data/sz_34/20260904/episode_20260904_180144_000_d0693327.npy.mp4
01a06d95-f7e0-7690-a65f-b02845622fca,industrial packing,completed,yam,yam_0_61,36.1,yinli,,,,prod,2026-09-04 18:04:02.771536+00:00,2026-09-04 18:04:02.852568+00:00,/nfs/data/sz_34/20260904/episode_20260904_180220_000_38e55603.npy.mp4
01a06d96-9420-7290-89d1-9ac7371caf53,industrial packing,completed,yam,yam_0_61,29.9,yinli,,,,prod,2026-09-04 18:04:36.039754+00:00,2026-09-04 18:04:36.115567+00:00,/nfs/data/sz_34/20260904/episode_20260904_180300_000_92c97b20.npy.mp4
01a06d97-1cd8-769f-9931-1d01ebcabd64,industrial packing,completed,yam,yam_0_61,34.3,yinli,,,,prod,2026-09-04 18:05:20.324683+00:00,2026-09-04 18:05:20.394519+00:00,/nfs/data/sz_34/20260904/episode_20260904_180335_000_36034dd1.npy.mp4
01a06d97-b918-7d7f-be33-0a8eac28345a,industrial packing,completed,yam,yam_0_61,28.1,yinli,,,,prod,2026-09-04 18:05:49.560995+00:00,2026-09-04 18:05:49.633447+00:00,/nfs/data/sz_34/20260904/episode_20260904_180415_000_ea9e41bb.npy.mp4
01a06d98-3a00-7e55-8810-2a4b3be53fff,industrial packing,completed,yam,yam_0_61,32.9,yinli,,,,prod,2026-09-04 18:06:27.834411+00:00,2026-09-04 18:06:27.919601+00:00,/nfs/data/sz_34/20260904/episode_20260904_180448_000_030e5c93.npy.mp4
01a06d98-c6a0-787a-80e8-20c72fa15f7d,industrial packing,completed,yam,yam_0_61,29.7,yinli,,,,prod,2026-09-04 18:07:02.099671+00:00,2026-09-04 18:07:02.173072+00:00,/nfs/data/sz_34/20260904/episode_20260904_180524_000_cb49a8bd.npy.mp4
01a06d99-4b70-79ec-8b93-20b386592e63,industrial packing,completed,yam,yam_0_61,29.6,yinli,,,,prod,2026-09-04 18:07:36.352860+00:00,2026-09-04 18:07:36.436670+00:00,/nfs/data/sz_34/20260904/episode_20260904_180558_000_677a6b8c.npy.mp4
01a06d99-c870-74ea-ac01-43b392fdec15,industrial packing,completed,yam,yam_0_61,28.5,yinli,,,,prod,2026-09-04 18:08:04.619784+00:00,2026-09-04 18:08:04.699281+00:00,/nfs/data/sz_34/20260904/episode_20260904_180630_000_3e103897.npy.mp4
01a06d9a-4570-75c3-8c0b-de2d2ee01582,industrial packing,completed,yam,yam_0_61,27.1,yinli,,,,prod,2026-09-04 18:08:37.866075+00:00,2026-09-04 18:08:37.946177+00:00,/nfs/data/sz_34/20260904/episode_20260904_180702_000_198fd6f6.npy.mp4
01a06d9a-be88-730e-9736-e190578dfae6,industrial packing,completed,yam,yam_0_61,30.0,yinli,,,,prod,2026-09-04 18:09:12.135383+00:00,2026-09-04 18:09:12.209451+00:00,/nfs/data/sz_34/20260904/episode_20260904_180733_000_4681c057.npy.mp4
01a06d9b-4358-789c-abf6-fb34ec5e1f32,industrial packing,completed,yam,yam_0_61,34.3,yinli,,,,prod,2026-09-04 18:09:51.385557+00:00,2026-09-04 18:09:51.458876+00:00,/nfs/data/sz_34/20260904/episode_20260904_180807_000_d5709748.npy.mp4
01a06d9b-d7c8-7863-bbf1-0e8ff6b29d01,industrial packing,completed,yam,yam_0_61,31.2,yinli,,,,prod,2026-09-04 18:10:25.623114+00:00,2026-09-04 18:10:25.697006+00:00,/nfs/data/sz_34/20260904/episode_20260904_180845_000_5eccfd97.npy.mp4
01a06d9c-6850-7d2b-9dde-01999e1823cf,industrial packing,completed,yam,yam_0_61,32.7,yinli,,,,prod,2026-09-04 18:11:04.874097+00:00,2026-09-04 18:11:04.949170+00:00,/nfs/data/sz_34/20260904/episode_20260904_180922_000_8737a592.npy.mp4
01a06d9c-fcc0-72a2-864f-72da059b727d,industrial packing,completed,yam,yam_0_61,32.9,yinli,,,,prod,2026-09-04 18:11:39.115284+00:00,2026-09-04 18:11:39.189532+00:00,/nfs/data/sz_34/20260904/episode_20260904_181000_000_bdaa918b.npy.mp4
01a06d9d-8960-78c0-a4a9-61bfa532280f,industrial packing,completed,yam,yam_0_61,33.8,yinli,,,,prod,2026-09-04 18:12:18.383800+00:00,2026-09-04 18:12:18.453412+00:00,/nfs/data/sz_34/20260904/episode_20260904_181036_000_5f5eb592.npy.mp4
01a06d9e-19e8-7bb8-be84-dd07ecb89fb7,industrial packing,completed,yam,yam_0_61,34.3,yinli,,,,prod,2026-09-04 18:12:57.640574+00:00,2026-09-04 18:12:57.719978+00:00,/nfs/data/sz_34/20260904/episode_20260904_181113_000_80d026e6.npy.mp4
01a06d9e-b628-7de3-89c5-6d29d0c3b6c7,industrial packing,completed,yam,yam_0_61,32.6,yinli,,,,prod,2026-09-04 18:13:35.906297+00:00,2026-09-04 18:13:35.978269+00:00,/nfs/data/sz_34/20260904/episode_20260904_181153_000_3bd78317.npy.mp4
01a06d9f-46b0-733c-a256-296379cca124,industrial packing,completed,yam,yam_0_61,34.3,yinli,,,,prod,2026-09-04 18:14:15.565163+00:00,2026-09-04 18:14:15.637269+00:00,/nfs/data/sz_34/20260904/episode_20260904_181230_000_5abe8d68.npy.mp4
01a06d9f-e2f0-7fb6-9268-2ee072feb777,industrial packing,completed,yam,yam_0_61,33.8,yinli,,,,prod,2026-09-04 18:14:54.813717+00:00,2026-09-04 18:14:54.890042+00:00,/nfs/data/sz_34/20260904/episode_20260904_181310_000_ce65d8ad.npy.mp4
01a06da0-8ed0-7167-a87a-76406ee5ee8a,industrial packing,completed,yam,yam_0_61,38.3,yinli,,,,prod,2026-09-04 18:15:39.059835+00:00,2026-09-04 18:15:39.133510+00:00,/nfs/data/sz_34/20260904/episode_20260904_181354_000_ed1f02e1.npy.mp4
01a06da1-36c8-7b3a-a12f-25d612b63e8f,industrial packing,completed,yam,yam_0_61,36.3,yinli,,,,prod,2026-09-04 18:16:23.312235+00:00,2026-09-04 18:16:23.384530+00:00,/nfs/data/sz_34/20260904/episode_20260904_181437_000_205fc52b.npy.mp4
01a06da1-d6f0-7f82-a05c-380dba6f9727,industrial packing,completed,yam,yam_0_61,32.2,yinli,,,,prod,2026-09-04 18:16:57.567563+00:00,2026-09-04 18:16:57.648137+00:00,/nfs/data/sz_34/20260904/episode_20260904_181518_000_bb83f02c.npy.mp4
01a06da2-6b60-77c7-9400-05022057b5f6,industrial packing,completed,yam,yam_0_61,33.7,yinli,,,,prod,2026-09-04 18:17:36.844033+00:00,2026-09-04 18:17:36.924110+00:00,/nfs/data/sz_34/20260904/episode_20260904_181556_000_97f4f1a5.npy.mp4
01a06da2-ffd0-7442-af48-b9a0e3fec71e,industrial packing,completed,yam,yam_0_61,41.1,yinli,,,,prod,2026-09-04 18:18:27.112195+00:00,2026-09-04 18:18:27.191479+00:00,/nfs/data/sz_34/20260904/episode_20260904_181634_000_f4e41aee.npy.mp4
01a06da3-af98-79a6-b780-ba66bd34e311,industrial packing,completed,yam,yam_0_61,39.7,yinli,,,,prod,2026-09-04 18:19:06.373211+00:00,2026-09-04 18:19:06.443822+00:00,/nfs/data/sz_34/20260904/episode_20260904_181719_000_b467a44d.npy.mp4
