id,task_name,status,arm_type,station_type,duration_s,operator,overall_quality,annotation_quality,audit_result,data_purpose,created_at,updated_at,nfs_path
01a05c9e-37e0-71ea-9761-b65360a91d60,industrial packing,completed,yam,yam_0_61,15.9,huangrongbo,good,,,prod,2026-09-01 10:59:11.235350+00:00,2026-09-01 11:00:39.298957+00:00,/nfs/data/sz_44/20260901/episode_20260901_105748_000_772687b0.npy.mp4
01a05c69-1a38-7899-af16-3d7c284c4a69,industrial packing,completed,yam,yam_0_61,34.9,huangrongbo,poor,,,prod,2026-09-01 10:01:35.274760+00:00,2026-09-01 10:55:57.439240+00:00,/nfs/data/sz_44/20260901/episode_20260901_095947_000_1e790924.npy.mp4
01a05c83-baa0-770b-aeae-6a5822f7a2b8,industrial packing,completed,yam,yam_0_61,24.7,huangrongbo,good,,,prod,2026-09-01 10:30:26.382624+00:00,2026-09-01 10:55:18.409336+00:00,/nfs/data/sz_44/20260901/episode_20260901_102852_000_53c32059.npy.mp4
01a05c84-9948-7b7b-aee3-d62c7ce23eb6,industrial packing,completed,yam,yam_0_61,30.9,huangrongbo,good,,,prod,2026-09-01 10:31:33.823670+00:00,2026-09-01 10:55:18.365757+00:00,/nfs/data/sz_44/20260901/episode_20260901_102949_000_1ed0ef4e.npy.mp4
01a05c84-2800-7687-99bf-f0e746d05faf,industrial packing,completed,yam,yam_0_61,25.0,huangrongbo,good,,,prod,2026-09-01 10:30:57.243585+00:00,2026-09-01 10:55:18.280460+00:00,/nfs/data/sz_44/20260901/episode_20260901_102920_000_0ea14400.npy.mp4
01a05c86-1fe8-77f5-b209-12991cad2e75,industrial packing,completed,yam,yam_0_61,24.3,huangrongbo,good,,,prod,2026-09-01 10:33:04.318932+00:00,2026-09-01 10:55:17.818253+00:00,/nfs/data/sz_44/20260901/episode_20260901_103129_000_f2fec8ca.npy.mp4
01a05c88-1000-7d1d-a729-2c254f137bed,industrial packing,completed,yam,yam_0_61,25.0,huangrongbo,good,,,prod,2026-09-01 10:35:09.840836+00:00,2026-09-01 10:55:17.794145+00:00,/nfs/data/sz_44/20260901/episode_20260901_103336_000_cb8b8dd5.npy.mp4
01a05c88-eac0-7c1c-afdd-88739c6d375d,industrial packing,completed,yam,yam_0_61,26.1,huangrongbo,good,,,prod,2026-09-01 10:36:15.356303+00:00,2026-09-01 10:55:17.607905+00:00,/nfs/data/sz_44/20260901/episode_20260901_103432_000_45ec6e5d.npy.mp4
01a05c89-d138-75ba-8a43-3b9bbab3c274,industrial packing,completed,yam,yam_0_61,27.2,huangrongbo,good,,,prod,2026-09-01 10:37:06.843589+00:00,2026-09-01 10:55:17.527120+00:00,/nfs/data/sz_44/20260901/episode_20260901_103531_000_cd3c13b3.npy.mp4
01a05c8a-4668-7204-91d7-9e85f4153cb8,industrial packing,completed,yam,yam_0_61,28.8,huangrongbo,good,,,prod,2026-09-01 10:37:44.211534+00:00,2026-09-01 10:55:17.406327+00:00,/nfs/data/sz_44/20260901/episode_20260901_103601_000_23512ef6.npy.mp4
01a05c8a-c750-7da9-9973-da36370be5ea,industrial packing,completed,yam,yam_0_61,22.2,huangrongbo,good,,,prod,2026-09-01 10:38:04.520136+00:00,2026-09-01 10:55:17.404991+00:00,/nfs/data/sz_44/20260901/episode_20260901_103634_000_8d1d0658.npy.mp4
01a05c8b-7ee8-736f-a667-da02e0ce21ec,industrial packing,completed,yam,yam_0_61,26.1,huangrongbo,good,,,prod,2026-09-01 10:38:54.918215+00:00,2026-09-01 10:55:17.333478+00:00,/nfs/data/sz_44/20260901/episode_20260901_103721_000_9c5201d4.npy.mp4
01a05c8b-f030-76ff-9a01-0faf28d526a6,industrial packing,completed,yam,yam_0_61,28.9,huangrongbo,good,,,prod,2026-09-01 10:39:32.254123+00:00,2026-09-01 10:55:16.789854+00:00,/nfs/data/sz_44/20260901/episode_20260901_103750_000_6d47bbc2.npy.mp4
01a05c8c-7118-77e3-aa68-03f2f0a61ed3,industrial packing,completed,yam,yam_0_61,28.3,huangrongbo,good,,,prod,2026-09-01 10:40:04.572339+00:00,2026-09-01 10:55:16.570866+00:00,/nfs/data/sz_44/20260901/episode_20260901_103823_000_546c9f54.npy.mp4
01a05c8c-ee18-7dce-a88c-b357ebb16a06,industrial packing,completed,yam,yam_0_61,26.0,huangrongbo,good,,,prod,2026-09-01 10:40:30.904957+00:00,2026-09-01 10:55:16.391759+00:00,/nfs/data/sz_44/20260901/episode_20260901_103855_000_7325c4bc.npy.mp4
01a05c8e-ab68-7dba-a68d-4b550035cf6b,industrial packing,completed,yam,yam_0_61,25.9,huangrongbo,good,,,prod,2026-09-01 10:42:26.606898+00:00,2026-09-01 10:55:16.334458+00:00,/nfs/data/sz_44/20260901/episode_20260901_104049_000_4fee4683.npy.mp4
01a05c8d-6730-740a-97d3-af293ccd612b,industrial packing,completed,yam,yam_0_61,20.7,huangrongbo,good,,,prod,2026-09-01 10:40:55.199097+00:00,2026-09-01 10:55:16.267889+00:00,/nfs/data/sz_44/20260901/episode_20260901_103926_000_2ecae7c8.npy.mp4
01a05c8f-2480-73eb-be4f-d049e1807133,industrial packing,completed,yam,yam_0_61,24.9,huangrongbo,good,,,prod,2026-09-01 10:42:57.915112+00:00,2026-09-01 10:55:15.775746+00:00,/nfs/data/sz_44/20260901/episode_20260901_104120_000_e7784c71.npy.mp4
01a05c8f-95c8-7c84-ad6f-d0df6be3ce80,industrial packing,completed,yam,yam_0_61,25.2,huangrongbo,good,,,prod,2026-09-01 10:43:24.216740+00:00,2026-09-01 10:55:15.546572+00:00,/nfs/data/sz_44/20260901/episode_20260901_104149_000_e51b6d40.npy.mp4
01a05c90-0710-7c07-9116-eae6bbe2d4d5,industrial packing,completed,yam,yam_0_61,27.4,huangrongbo,good,,,prod,2026-09-01 10:43:55.542676+00:00,2026-09-01 10:55:15.413152+00:00,/nfs/data/sz_44/20260901/episode_20260901_104218_000_55192f50.npy.mp4
01a05c90-8028-7b28-80ac-3a45e575f73e,industrial packing,completed,yam,yam_0_61,22.9,huangrongbo,good,,,prod,2026-09-01 10:44:21.879565+00:00,2026-09-01 10:55:15.385816+00:00,/nfs/data/sz_44/20260901/episode_20260901_104249_000_b16ac901.npy.mp4
01a05c90-e9a0-754a-a383-3532b6177af8,industrial packing,completed,yam,yam_0_61,24.8,huangrongbo,good,,,prod,2026-09-01 10:44:53.204986+00:00,2026-09-01 10:55:15.243390+00:00,/nfs/data/sz_44/20260901/episode_20260901_104316_000_3e1f5d5a.npy.mp4
01a05c91-5700-7db1-b2a0-bf2b200caf36,industrial packing,completed,yam,yam_0_61,25.1,huangrongbo,good,,,prod,2026-09-01 10:45:18.500370+00:00,2026-09-01 10:55:14.770731+00:00,/nfs/data/sz_44/20260901/episode_20260901_104344_000_b7c53f0e.npy.mp4
01a05c91-d018-788c-859f-31206ec3478e,industrial packing,completed,yam,yam_0_61,25.0,huangrongbo,good,,,prod,2026-09-01 10:45:49.800901+00:00,2026-09-01 10:55:14.521086+00:00,/nfs/data/sz_44/20260901/episode_20260901_104415_000_3888905e.npy.mp4
01a05c92-3d78-7458-8a65-bb1e64545e81,industrial packing,completed,yam,yam_0_61,26.8,huangrongbo,good,,,prod,2026-09-01 10:46:22.096685+00:00,2026-09-01 10:55:14.436547+00:00,/nfs/data/sz_44/20260901/episode_20260901_104443_000_d5eafe85.npy.mp4
01a05c93-2bc0-7061-ba34-f8636fcd2979,industrial packing,completed,yam,yam_0_61,23.9,huangrongbo,good,,,prod,2026-09-01 10:47:18.708496+00:00,2026-09-01 10:55:14.366487+00:00,/nfs/data/sz_44/20260901/episode_20260901_104544_000_205c72f9.npy.mp4
01a05c92-b690-7f41-a0bf-3c2b8e059d00,industrial packing,completed,yam,yam_0_61,25.8,huangrongbo,good,,,prod,2026-09-01 10:46:47.395903+00:00,2026-09-01 10:55:14.260803+00:00,/nfs/data/sz_44/20260901/episode_20260901_104514_000_1ba23955.npy.mp4
01a05c93-9538-752d-a724-f55ea8ae3d42,industrial packing,completed,yam,yam_0_61,25.0,huangrongbo,good,,,prod,2026-09-01 10:47:43.970223+00:00,2026-09-01 10:55:13.714535+00:00,/nfs/data/sz_44/20260901/episode_20260901_104611_000_3110df24.npy.mp4
01a05c94-0680-7c81-888e-78906e58172f,industrial packing,completed,yam,yam_0_61,23.5,huangrongbo,good,,,prod,2026-09-01 10:48:15.259952+00:00,2026-09-01 10:55:13.683603+00:00,/nfs/data/sz_44/20260901/episode_20260901_104640_000_99ce99c4.npy.mp4
01a05c94-6ff8-71ab-ac93-dddd4ba645b9,industrial packing,completed,yam,yam_0_61,22.0,huangrongbo,good,,,prod,2026-09-01 10:48:40.563934+00:00,2026-09-01 10:55:13.531985+00:00,/nfs/data/sz_44/20260901/episode_20260901_104707_000_d6135939.npy.mp4
01a05c94-d588-7b07-ab2b-89fabb09cb7b,industrial packing,completed,yam,yam_0_61,24.1,huangrongbo,good,,,prod,2026-09-01 10:49:06.859623+00:00,2026-09-01 10:55:13.460781+00:00,/nfs/data/sz_44/20260901/episode_20260901_104733_000_d5c9f81f.npy.mp4
01a05c95-b818-7047-a462-448bf10660fa,industrial packing,completed,yam,yam_0_61,23.3,huangrongbo,good,,,prod,2026-09-01 10:50:03.436611+00:00,2026-09-01 10:55:13.394543+00:00,/nfs/data/sz_44/20260901/episode_20260901_104831_000_695041ba.npy.mp4
01a05c96-2190-73d9-b248-e751bcbd30d1,industrial packing,completed,yam,yam_0_61,26.4,huangrongbo,good,,,prod,2026-09-01 10:50:35.721128+00:00,2026-09-01 10:55:13.364585+00:00,/nfs/data/sz_44/20260901/episode_20260901_104858_000_a9b90a8f.npy.mp4
01a05c95-42e8-753a-ac42-04e8e8de939f,industrial packing,completed,yam,yam_0_61,26.8,huangrongbo,good,,,prod,2026-09-01 10:49:38.150656+00:00,2026-09-01 10:55:13.320815+00:00,/nfs/data/sz_44/20260901/episode_20260901_104801_000_57be9bc9.npy.mp4
01a05c96-96c0-70e3-a844-63182fae379c,industrial packing,completed,yam,yam_0_61,29.7,huangrongbo,good,,,prod,2026-09-01 10:51:06.997358+00:00,2026-09-01 10:55:12.676439+00:00,/nfs/data/sz_44/20260901/episode_20260901_104928_000_42943051.npy.mp4
01a05c97-1b90-780c-b4fa-22d9bcce02c6,industrial packing,completed,yam,yam_0_61,24.3,huangrongbo,good,,,prod,2026-09-01 10:51:37.312526+00:00,2026-09-01 10:55:12.394972+00:00,/nfs/data/sz_44/20260901/episode_20260901_105002_000_7d807ea2.npy.mp4
01a05b91-0da0-7974-86ac-cf94850f22eb,industrial packing,completed,yam,yam_0_61,21.2,huangrongbo,poor,,,prod,2026-09-01 06:05:16.064631+00:00,2026-09-01 10:52:49.333251+00:00,/nfs/data/sz_44/20260901/episode_20260901_060348_000_b567d9ad.npy.mp4
01a05b99-9d08-7003-953d-7036c18fe2ea,industrial packing,completed,yam,yam_0_61,27.2,huangrongbo,poor,,,prod,2026-09-01 06:14:47.288085+00:00,2026-09-01 10:52:17.317613+00:00,/nfs/data/sz_44/20260901/episode_20260901_061309_000_6e68b37f.npy.mp4
01a05baa-0828-72e5-a1a0-9ea202c44291,industrial packing,completed,yam,yam_0_61,29.6,huangrongbo,poor,,,prod,2026-09-01 06:32:46.488802+00:00,2026-09-01 10:51:18.188032+00:00,/nfs/data/sz_44/20260901/episode_20260901_063105_000_33b16fd9.npy.mp4
01a05b78-1318-71bb-831b-51c436f071ab,industrial packing,completed,yam,yam_0_61,24.4,huangrongbo,good,,,prod,2026-09-01 05:38:04.135405+00:00,2026-09-01 10:35:20.652925+00:00,/nfs/data/sz_44/20260901/episode_20260901_053631_000_ae88d2a5.npy.mp4
01a05b77-a1d0-73f3-9e6b-eb14833d8d41,industrial packing,completed,yam,yam_0_61,23.9,huangrongbo,good,,,prod,2026-09-01 05:37:38.850993+00:00,2026-09-01 10:35:20.479942+00:00,/nfs/data/sz_44/20260901/episode_20260901_053602_000_f9c3ea2c.npy.mp4
01a05b78-8078-7e2f-9f8c-023a70869831,industrial packing,completed,yam,yam_0_61,26.4,huangrongbo,good,,,prod,2026-09-01 05:38:35.458100+00:00,2026-09-01 10:35:20.298327+00:00,/nfs/data/sz_44/20260901/episode_20260901_053659_000_76f78dbb.npy.mp4
01a05b78-f5a8-70ef-aa47-2d80e71f515a,industrial packing,completed,yam,yam_0_61,25.1,huangrongbo,good,,,prod,2026-09-01 05:39:06.733883+00:00,2026-09-01 10:35:19.811150+00:00,/nfs/data/sz_44/20260901/episode_20260901_053729_000_0b9355e8.npy.mp4
01a05b79-66f0-7f52-b74f-06d2f1a8b1f6,industrial packing,completed,yam,yam_0_61,25.0,huangrongbo,good,,,prod,2026-09-01 05:39:33.046366+00:00,2026-09-01 10:35:19.642527+00:00,/nfs/data/sz_44/20260901/episode_20260901_053758_000_ddc42c5b.npy.mp4
01a05b7a-4980-77e6-a77e-5b7dcfbafa0f,industrial packing,completed,yam,yam_0_61,28.8,huangrongbo,good,,,prod,2026-09-01 05:40:36.615704+00:00,2026-09-01 10:35:19.514067+00:00,/nfs/data/sz_44/20260901/episode_20260901_053856_000_87c0eb87.npy.mp4
01a05b79-d450-7880-a7f6-9a4401cdab25,industrial packing,completed,yam,yam_0_61,25.3,huangrongbo,good,,,prod,2026-09-01 05:40:04.304866+00:00,2026-09-01 10:35:19.467588+00:00,/nfs/data/sz_44/20260901/episode_20260901_053826_000_b2a8cb94.npy.mp4
01a05b7a-ca68-7e64-93e2-cd7787a3fb09,industrial packing,completed,yam,yam_0_61,25.2,huangrongbo,good,,,prod,2026-09-01 05:41:01.885705+00:00,2026-09-01 10:35:19.278544+00:00,/nfs/data/sz_44/20260901/episode_20260901_053929_000_c45832ba.npy.mp4
01a05b7b-6a90-7653-b380-c62c97b17cc5,industrial packing,completed,yam,yam_0_61,29.3,huangrongbo,good,,,prod,2026-09-01 05:41:49.259862+00:00,2026-09-01 10:35:18.749115+00:00,/nfs/data/sz_44/20260901/episode_20260901_054010_000_ed9b7bf2.npy.mp4
01a05b7b-eb78-70ac-adbe-4c4a03c84e64,industrial packing,completed,yam,yam_0_61,27.6,huangrongbo,good,,,prod,2026-09-01 05:42:21.551908+00:00,2026-09-01 10:35:18.547205+00:00,/nfs/data/sz_44/20260901/episode_20260901_054043_000_7a22dc40.npy.mp4
01a05b7c-6490-7904-a40e-e064af7902cc,industrial packing,completed,yam,yam_0_61,27.5,huangrongbo,good,,,prod,2026-09-01 05:42:52.852543+00:00,2026-09-01 10:35:18.468915+00:00,/nfs/data/sz_44/20260901/episode_20260901_054114_000_a1d714b9.npy.mp4
01a05b7d-6278-7bc6-8775-a2616ec53f53,industrial packing,completed,yam,yam_0_61,30.1,huangrongbo,good,,,prod,2026-09-01 05:44:02.491269+00:00,2026-09-01 10:35:18.374576+00:00,/nfs/data/sz_44/20260901/episode_20260901_054219_000_d719d45f.npy.mp4
01a05b7c-dda8-70e8-a22d-147b5e393f6e,industrial packing,completed,yam,yam_0_61,30.7,huangrongbo,good,,,prod,2026-09-01 05:43:25.187142+00:00,2026-09-01 10:35:18.299944+00:00,/nfs/data/sz_44/20260901/episode_20260901_054145_000_24a2a9fa.npy.mp4
01a05b7d-e748-75b6-b1ce-b36a4d4a5bc5,industrial packing,completed,yam,yam_0_61,28.1,huangrongbo,good,,,prod,2026-09-01 05:44:34.822297+00:00,2026-09-01 10:35:17.917243+00:00,/nfs/data/sz_44/20260901/episode_20260901_054253_000_b28f32fe.npy.mp4
01a05b7e-6448-766f-b2cb-67b0ba6bd14f,industrial packing,completed,yam,yam_0_61,26.5,huangrongbo,good,,,prod,2026-09-01 05:45:01.111156+00:00,2026-09-01 10:35:17.658484+00:00,/nfs/data/sz_44/20260901/episode_20260901_054325_000_1b121567.npy.mp4
01a05b7f-5678-76e2-9f15-a3701c9b87f7,industrial packing,completed,yam,yam_0_61,24.5,huangrongbo,good,,,prod,2026-09-01 05:46:03.696765+00:00,2026-09-01 10:35:17.504579+00:00,/nfs/data/sz_44/20260901/episode_20260901_054427_000_84fd3306.npy.mp4
01a05b7e-d978-762d-a1df-c4881b10fb57,industrial packing,completed,yam,yam_0_61,27.4,huangrongbo,good,,,prod,2026-09-01 05:45:32.400305+00:00,2026-09-01 10:35:17.478623+00:00,/nfs/data/sz_44/20260901/episode_20260901_054355_000_d1da096b.npy.mp4
01a05b7f-cba8-71aa-97aa-ec72e9ccc4b4,industrial packing,completed,yam,yam_0_61,32.2,huangrongbo,good,,,prod,2026-09-01 05:46:41.029756+00:00,2026-09-01 10:35:16.831107+00:00,/nfs/data/sz_44/20260901/episode_20260901_054457_000_a87b00de.npy.mp4
01a05b80-5848-7eed-b7be-fe195aa05894,industrial packing,completed,yam,yam_0_61,30.9,huangrongbo,good,,,prod,2026-09-01 05:47:13.323136+00:00,2026-09-01 10:35:16.728408+00:00,/nfs/data/sz_44/20260901/episode_20260901_054533_000_a727a2fc.npy.mp4
01a05b80-e100-76d9-bbf9-fbb5396e7747,industrial packing,completed,yam,yam_0_61,30.1,huangrongbo,good,,,prod,2026-09-01 05:47:50.648728+00:00,2026-09-01 10:35:16.545588+00:00,/nfs/data/sz_44/20260901/episode_20260901_054608_000_5c6523f2.npy.mp4
01a05b81-dee8-7bc9-b345-d816b299c6cc,industrial packing,completed,yam,yam_0_61,28.4,huangrongbo,good,,,prod,2026-09-01 05:48:55.246981+00:00,2026-09-01 10:35:16.421853+00:00,/nfs/data/sz_44/20260901/episode_20260901_054713_000_cde5d3b7.npy.mp4
01a05b81-61e8-7bca-8c47-b0ebdab211a2,industrial packing,completed,yam,yam_0_61,28.2,huangrongbo,good,,,prod,2026-09-01 05:48:22.957623+00:00,2026-09-01 10:35:16.371736+00:00,/nfs/data/sz_44/20260901/episode_20260901_054641_000_b1a9eb15.npy.mp4
01a05b82-5fd0-7610-abee-4d9944805294,industrial packing,completed,yam,yam_0_61,29.1,huangrongbo,good,,,prod,2026-09-01 05:49:26.589717+00:00,2026-09-01 10:35:15.832277+00:00,/nfs/data/sz_44/20260901/episode_20260901_054746_000_8df82fee.npy.mp4
01a05b82-e4a0-7aa4-b08f-eb25151ecb3e,industrial packing,completed,yam,yam_0_61,31.1,huangrongbo,good,,,prod,2026-09-01 05:50:04.881255+00:00,2026-09-01 10:35:15.652138+00:00,/nfs/data/sz_44/20260901/episode_20260901_054820_000_6f4a7e3b.npy.mp4
01a05b83-6d58-7615-9fc2-784045a1cb6d,industrial packing,completed,yam,yam_0_61,30.8,huangrongbo,good,,,prod,2026-09-01 05:50:36.178245+00:00,2026-09-01 10:35:15.588412+00:00,/nfs/data/sz_44/20260901/episode_20260901_054855_000_eeba15fd.npy.mp4
01a05b83-f610-78ec-b62f-065ff35c2839,industrial packing,completed,yam,yam_0_61,28.0,huangrongbo,good,,,prod,2026-09-01 05:51:08.448343+00:00,2026-09-01 10:35:15.516389+00:00,/nfs/data/sz_44/20260901/episode_20260901_054930_000_f67925d7.npy.mp4
01a05b84-7310-7e6d-928f-fa73e860c1f4,industrial packing,completed,yam,yam_0_61,29.7,huangrongbo,good,,,prod,2026-09-01 05:51:39.745810+00:00,2026-09-01 10:35:15.352652+00:00,/nfs/data/sz_44/20260901/episode_20260901_055002_000_a727d2f7.npy.mp4
01a05b84-f3f8-7b05-a5d8-66081512f6dd,industrial packing,completed,yam,yam_0_61,29.1,huangrongbo,good,,,prod,2026-09-01 05:52:17.033069+00:00,2026-09-01 10:35:14.774813+00:00,/nfs/data/sz_44/20260901/episode_20260901_055035_000_525fefc3.npy.mp4
01a05b85-74e0-7806-ab8a-980b13ed98bd,industrial packing,completed,yam,yam_0_61,27.9,huangrongbo,good,,,prod,2026-09-01 05:52:49.355611+00:00,2026-09-01 10:35:14.644634+00:00,/nfs/data/sz_44/20260901/episode_20260901_055108_000_bf910181.npy.mp4
01a05b85-edf8-7f7a-ab43-d5cad4a48f67,industrial packing,completed,yam,yam_0_61,28.1,huangrongbo,good,,,prod,2026-09-01 05:53:20.678589+00:00,2026-09-01 10:35:14.547821+00:00,/nfs/data/sz_44/20260901/episode_20260901_055139_000_378ac7b6.npy.mp4
01a05b86-6ee0-7e4a-8fa5-e07c8ec15fea,industrial packing,completed,yam,yam_0_61,32.5,huangrongbo,good,,,prod,2026-09-01 05:53:59.015585+00:00,2026-09-01 10:35:14.537247+00:00,/nfs/data/sz_44/20260901/episode_20260901_055212_000_1f588e32.npy.mp4
01a05b86-fb80-708a-b9c8-aacd8e4ea7b4,industrial packing,completed,yam,yam_0_61,28.2,huangrongbo,good,,,prod,2026-09-01 05:54:25.311778+00:00,2026-09-01 10:35:14.299622+00:00,/nfs/data/sz_44/20260901/episode_20260901_055248_000_c345a673.npy.mp4
01a05b87-7880-75b5-b93f-588ccd201611,industrial packing,completed,yam,yam_0_61,31.0,huangrongbo,good,,,prod,2026-09-01 05:55:02.640241+00:00,2026-09-01 10:35:13.864025+00:00,/nfs/data/sz_44/20260901/episode_20260901_055320_000_e28d5df7.npy.mp4
01a05b88-0138-7aa1-b4f1-d6127d9bc9ff,industrial packing,completed,yam,yam_0_61,30.2,huangrongbo,good,,,prod,2026-09-01 05:55:34.909297+00:00,2026-09-01 10:35:13.648834+00:00,/nfs/data/sz_44/20260901/episode_20260901_055355_000_93592e03.npy.mp4
01a05b88-fb38-759f-934d-2558d5ecf873,industrial packing,completed,yam,yam_0_61,28.9,huangrongbo,good,,,prod,2026-09-01 05:56:37.473097+00:00,2026-09-01 10:35:13.551049+00:00,/nfs/data/sz_44/20260901/episode_20260901_055459_000_db50e9aa.npy.mp4
01a05b88-8608-7464-8369-9e4137f26513,industrial packing,completed,yam,yam_0_61,26.9,huangrongbo,good,,,prod,2026-09-01 05:56:06.178297+00:00,2026-09-01 10:35:13.545247+00:00,/nfs/data/sz_44/20260901/episode_20260901_055429_000_9e895414.npy.mp4
01a05b89-f920-78b8-8e4a-cae3b4077656,industrial packing,completed,yam,yam_0_61,26.2,huangrongbo,good,,,prod,2026-09-01 05:57:40.331125+00:00,2026-09-01 10:35:13.410165+00:00,/nfs/data/sz_44/20260901/episode_20260901_055604_000_029299b9.npy.mp4
01a05b8b-77f0-7177-bf23-c40363ec8000,industrial packing,completed,yam,yam_0_61,31.0,huangrongbo,good,,,prod,2026-09-01 05:59:25.766221+00:00,2026-09-01 10:35:13.342720+00:00,/nfs/data/sz_44/20260901/episode_20260901_055742_000_eaf719df.npy.mp4
01a05b89-7c20-7f13-8445-71a9f51e7eda,industrial packing,completed,yam,yam_0_61,28.5,huangrongbo,good,,,prod,2026-09-01 05:57:09.884836+00:00,2026-09-01 10:35:13.337087+00:00,/nfs/data/sz_44/20260901/episode_20260901_055532_000_9dcf1917.npy.mp4
01a05b8b-fcc0-7ffd-a42c-5ba3605203d0,industrial packing,completed,yam,yam_0_61,28.4,huangrongbo,good,,,prod,2026-09-01 05:59:58.059527+00:00,2026-09-01 10:35:12.669954+00:00,/nfs/data/sz_44/20260901/episode_20260901_055816_000_8488a5c6.npy.mp4
01a05b8c-79c0-797b-a06c-3ccc4bb7c9e1,industrial packing,completed,yam,yam_0_61,27.8,huangrongbo,good,,,prod,2026-09-01 06:00:24.344140+00:00,2026-09-01 10:35:12.536294+00:00,/nfs/data/sz_44/20260901/episode_20260901_055848_000_9d18d8b5.npy.mp4
01a05b8d-7b90-7792-8f6f-333050af8f32,industrial packing,completed,yam,yam_0_61,30.5,huangrongbo,good,,,prod,2026-09-01 06:01:33.939004+00:00,2026-09-01 10:35:12.414861+00:00,/nfs/data/sz_44/20260901/episode_20260901_055954_000_c63c3b1b.npy.mp4
01a05b8c-f6c0-7d1b-b67e-f73d94b6a5ee,industrial packing,completed,yam,yam_0_61,29.9,huangrongbo,good,,,prod,2026-09-01 06:01:01.643925+00:00,2026-09-01 10:35:12.349499+00:00,/nfs/data/sz_44/20260901/episode_20260901_055920_000_8e0c6a37.npy.mp4
01a05b8e-0060-7e62-bb46-2bd9b708dd3c,industrial packing,completed,yam,yam_0_61,29.1,huangrongbo,good,,,prod,2026-09-01 06:02:05.271489+00:00,2026-09-01 10:35:11.877938+00:00,/nfs/data/sz_44/20260901/episode_20260901_060028_000_afb5f823.npy.mp4
01a05b8e-8148-7e5b-b97e-6c0fa521e3ff,industrial packing,completed,yam,yam_0_61,28.7,huangrongbo,good,,,prod,2026-09-01 06:02:42.625918+00:00,2026-09-01 10:35:11.729074+00:00,/nfs/data/sz_44/20260901/episode_20260901_060101_000_d7e0ffdd.npy.mp4
01a05b8f-0230-7cca-a387-0f19b0cb0943,industrial packing,completed,yam,yam_0_61,29.3,huangrongbo,good,,,prod,2026-09-01 06:03:14.924509+00:00,2026-09-01 10:35:11.562748+00:00,/nfs/data/sz_44/20260901/episode_20260901_060134_000_611ccc70.npy.mp4
01a05b8f-8318-7496-b1d7-d6315979ce8c,industrial packing,completed,yam,yam_0_61,28.6,huangrongbo,good,,,prod,2026-09-01 06:03:46.227881+00:00,2026-09-01 10:35:11.438346+00:00,/nfs/data/sz_44/20260901/episode_20260901_060207_000_2109a213.npy.mp4
01a05b90-88d0-77f4-a637-dcd04591eed9,industrial packing,completed,yam,yam_0_61,29.6,huangrongbo,good,,,prod,2026-09-01 06:04:56.815628+00:00,2026-09-01 10:35:11.360011+00:00,/nfs/data/sz_44/20260901/episode_20260901_060314_000_4084ebbb.npy.mp4
01a05b90-0400-782b-a7b4-dfed49006d79,industrial packing,completed,yam,yam_0_61,30.8,huangrongbo,good,,,prod,2026-09-01 06:04:24.545709+00:00,2026-09-01 10:35:11.298762+00:00,/nfs/data/sz_44/20260901/episode_20260901_060240_000_ac7b7218.npy.mp4
01a05b92-1358-71eb-9948-c07d8acbbbf5,industrial packing,completed,yam,yam_0_61,29.9,huangrongbo,good,,,prod,2026-09-01 06:06:39.478464+00:00,2026-09-01 10:35:10.438187+00:00,/nfs/data/sz_44/20260901/episode_20260901_060455_000_34a962b6.npy.mp4
01a05b92-9828-7186-86e7-cf0aa2b3c651,industrial packing,completed,yam,yam_0_61,25.9,huangrongbo,good,,,prod,2026-09-01 06:07:04.763853+00:00,2026-09-01 10:35:10.411013+00:00,/nfs/data/sz_44/20260901/episode_20260901_060529_000_f3908be6.npy.mp4
01a05b93-0d58-7be7-81bb-e8e22a83f54c,industrial packing,completed,yam,yam_0_61,27.7,huangrongbo,good,,,prod,2026-09-01 06:07:36.045484+00:00,2026-09-01 10:35:10.313380+00:00,/nfs/data/sz_44/20260901/episode_20260901_060559_000_4cd296cf.npy.mp4
01a05b93-8a58-7e2f-bb83-839b51aa45e7,industrial packing,completed,yam,yam_0_61,26.3,huangrongbo,good,,,prod,2026-09-01 06:08:07.330865+00:00,2026-09-01 10:35:09.773350+00:00,/nfs/data/sz_44/20260901/episode_20260901_060631_000_a9fbd6ff.npy.mp4
01a05b93-ff88-7858-8ce5-a5e738b9921e,industrial packing,completed,yam,yam_0_61,28.8,huangrongbo,good,,,prod,2026-09-01 06:08:38.619757+00:00,2026-09-01 10:35:09.717027+00:00,/nfs/data/sz_44/20260901/episode_20260901_060701_000_b3dc40b5.npy.mp4
01a05b94-8070-77a3-9f08-0ba81762f760,industrial packing,completed,yam,yam_0_61,26.8,huangrongbo,good,,,prod,2026-09-01 06:09:09.930100+00:00,2026-09-01 10:35:09.629342+00:00,/nfs/data/sz_44/20260901/episode_20260901_060734_000_cd2d99d6.npy.mp4
01a05b94-f5a0-7a63-91fb-0f5bb7d0dad7,industrial packing,completed,yam,yam_0_61,28.2,huangrongbo,good,,,prod,2026-09-01 06:09:41.222934+00:00,2026-09-01 10:35:09.542860+00:00,/nfs/data/sz_44/20260901/episode_20260901_060804_000_cc95603e.npy.mp4
01a05b95-f388-7051-8093-30b3a43f8461,industrial packing,completed,yam,yam_0_61,29.0,huangrongbo,good,,,prod,2026-09-01 06:10:49.790003+00:00,2026-09-01 10:35:09.457391+00:00,/nfs/data/sz_44/20260901/episode_20260901_060909_000_9f67e69e.npy.mp4
01a05b95-7e58-7ec4-8267-0d1fbde7998c,industrial packing,completed,yam,yam_0_61,26.3,huangrongbo,good,,,prod,2026-09-01 06:10:17.501723+00:00,2026-09-01 10:35:09.394230+00:00,/nfs/data/sz_44/20260901/episode_20260901_060839_000_5e610832.npy.mp4
01a05b96-7858-7609-b7c3-72f401331079,industrial packing,completed,yam,yam_0_61,24.2,huangrongbo,good,,,prod,2026-09-01 06:11:16.086348+00:00,2026-09-01 10:35:08.963915+00:00,/nfs/data/sz_44/20260901/episode_20260901_060943_000_23dda982.npy.mp4
01a05b96-e5b8-7b1d-8687-cf46fcc0ccb8,industrial packing,completed,yam,yam_0_61,25.9,huangrongbo,good,,,prod,2026-09-01 06:11:46.386118+00:00,2026-09-01 10:35:08.915105+00:00,/nfs/data/sz_44/20260901/episode_20260901_061011_000_f51bd884.npy.mp4
01a05b97-66a0-7621-b94f-7ac3fe0eca96,industrial packing,completed,yam,yam_0_61,24.0,huangrongbo,good,,,prod,2026-09-01 06:12:16.676711+00:00,2026-09-01 10:35:08.771261+00:00,/nfs/data/sz_44/20260901/episode_20260901_061044_000_f72f4f79.npy.mp4
01a05b97-d018-7873-b09e-e42769cd6401,industrial packing,completed,yam,yam_0_61,22.7,huangrongbo,good,,,prod,2026-09-01 06:12:41.996835+00:00,2026-09-01 10:35:08.731275+00:00,/nfs/data/sz_44/20260901/episode_20260901_061111_000_a839f6b7.npy.mp4
01a05b98-3990-79fd-a953-01e6e4fb425a,industrial packing,completed,yam,yam_0_61,27.5,huangrongbo,good,,,prod,2026-09-01 06:13:19.348187+00:00,2026-09-01 10:35:08.616560+00:00,/nfs/data/sz_44/20260901/episode_20260901_061138_000_80b01ccd.npy.mp4
01a05b98-be60-7c11-9b68-c85e945d236f,industrial packing,completed,yam,yam_0_61,23.6,huangrongbo,good,,,prod,2026-09-01 06:13:44.649241+00:00,2026-09-01 10:35:08.549093+00:00,/nfs/data/sz_44/20260901/episode_20260901_061212_000_402dd88d.npy.mp4
01a05b99-27d8-7a78-be2a-1867f0f18274,industrial packing,completed,yam,yam_0_61,26.2,huangrongbo,good,,,prod,2026-09-01 06:14:15.941038+00:00,2026-09-01 10:35:08.455907+00:00,/nfs/data/sz_44/20260901/episode_20260901_061239_000_2060c402.npy.mp4
01a05b9a-4cd0-781c-99e5-b17f579a6676,industrial packing,completed,yam,yam_0_61,22.6,huangrongbo,good,,,prod,2026-09-01 06:15:27.612015+00:00,2026-09-01 10:35:07.892727+00:00,/nfs/data/sz_44/20260901/episode_20260901_061354_000_75f27e09.npy.mp4
01a05b9a-c200-795a-a0b9-ac92c65c9bc6,industrial packing,completed,yam,yam_0_61,23.1,huangrongbo,good,,,prod,2026-09-01 06:15:57.934331+00:00,2026-09-01 10:35:07.767306+00:00,/nfs/data/sz_44/20260901/episode_20260901_061424_000_9b825aa8.npy.mp4
01a05b9b-3348-7a53-b159-19b3e8bf1085,industrial packing,completed,yam,yam_0_61,25.6,huangrongbo,good,,,prod,2026-09-01 06:16:29.251545+00:00,2026-09-01 10:35:07.722160+00:00,/nfs/data/sz_44/20260901/episode_20260901_061453_000_06ab424e.npy.mp4
01a05b9c-15d8-7977-851c-2a4d08f13b00,industrial packing,completed,yam,yam_0_61,26.9,huangrongbo,good,,,prod,2026-09-01 06:17:28.010240+00:00,2026-09-01 10:35:07.528078+00:00,/nfs/data/sz_44/20260901/episode_20260901_061551_000_5224e869.npy.mp4
01a05b9b-a490-72ed-b4cc-013e94105df5,industrial packing,completed,yam,yam_0_61,25.9,huangrongbo,good,,,prod,2026-09-01 06:17:01.622394+00:00,2026-09-01 10:35:07.491204+00:00,/nfs/data/sz_44/20260901/episode_20260901_061522_000_9021230c.npy.mp4
01a05b9c-8ef0-7177-8807-a09d65843769,industrial packing,completed,yam,yam_0_61,26.4,huangrongbo,good,,,prod,2026-09-01 06:17:59.327007+00:00,2026-09-01 10:35:06.866096+00:00,/nfs/data/sz_44/20260901/episode_20260901_061622_000_f6be48b5.npy.mp4
01a05b9d-0420-7d14-8347-ad9248b85a11,industrial packing,completed,yam,yam_0_61,24.2,huangrongbo,good,,,prod,2026-09-01 06:18:24.675138+00:00,2026-09-01 10:35:06.640883+00:00,/nfs/data/sz_44/20260901/episode_20260901_061652_000_5b9c82d5.npy.mp4
01a05b9d-7180-7b92-ab36-8d8e777719b1,industrial packing,completed,yam,yam_0_61,25.2,huangrongbo,good,,,prod,2026-09-01 06:18:57.013273+00:00,2026-09-01 10:35:06.477169+00:00,/nfs/data/sz_44/20260901/episode_20260901_061720_000_2a6d0faa.npy.mp4
01a05b9e-5028-7ff6-b0a5-f445aeb083ce,industrial packing,completed,yam,yam_0_61,27.0,huangrongbo,good,,,prod,2026-09-01 06:19:53.586631+00:00,2026-09-01 10:35:06.386966+00:00,/nfs/data/sz_44/20260901/episode_20260901_061817_000_eee68883.npy.mp4
01a05b9d-e2c8-7174-ae00-4159ff8006ce,industrial packing,completed,yam,yam_0_61,25.1,huangrongbo,good,,,prod,2026-09-01 06:19:22.290235+00:00,2026-09-01 10:35:06.285592+00:00,/nfs/data/sz_44/20260901/episode_20260901_061749_000_4e1ed9a8.npy.mp4
01a05b9e-c940-73a6-985b-086c5aa892f5,industrial packing,completed,yam,yam_0_61,23.7,huangrongbo,good,,,prod,2026-09-01 06:20:19.904850+00:00,2026-09-01 10:34:23.706644+00:00,/nfs/data/sz_44/20260901/episode_20260901_061848_000_1dec162a.npy.mp4
01a05b9f-36a0-743a-be12-a47f78075354,industrial packing,completed,yam,yam_0_61,26.2,huangrongbo,good,,,prod,2026-09-01 06:20:50.204188+00:00,2026-09-01 10:34:23.672124+00:00,/nfs/data/sz_44/20260901/episode_20260901_061916_000_cb493a63.npy.mp4
01a05b9f-abd0-751c-901c-d4fe356007af,industrial packing,completed,yam,yam_0_61,25.0,huangrongbo,good,,,prod,2026-09-01 06:21:21.507822+00:00,2026-09-01 10:34:23.435516+00:00,/nfs/data/sz_44/20260901/episode_20260901_061946_000_15b18ff4.npy.mp4
01a05ba0-1d18-7a4b-af3e-a21a5b308733,industrial packing,completed,yam,yam_0_61,26.2,huangrongbo,good,,,prod,2026-09-01 06:21:53.794790+00:00,2026-09-01 10:34:23.379407+00:00,/nfs/data/sz_44/20260901/episode_20260901_062015_000_433faba1.npy.mp4
01a05ba0-9248-726f-950d-da67482fdb86,industrial packing,completed,yam,yam_0_61,24.2,huangrongbo,good,,,prod,2026-09-01 06:22:19.054056+00:00,2026-09-01 10:34:22.921877+00:00,/nfs/data/sz_44/20260901/episode_20260901_062045_000_e7c3f62a.npy.mp4
01a05ba0-ffa8-70c0-b980-2fa1c7fa145f,industrial packing,completed,yam,yam_0_61,24.1,huangrongbo,good,,,prod,2026-09-01 06:22:44.319969+00:00,2026-09-01 10:34:22.750006+00:00,/nfs/data/sz_44/20260901/episode_20260901_062113_000_71f8468a.npy.mp4
01a05ba1-78c0-794c-9a86-ebd3f2adc900,industrial packing,completed,yam,yam_0_61,26.0,huangrongbo,good,,,prod,2026-09-01 06:23:21.623963+00:00,2026-09-01 10:34:22.589240+00:00,/nfs/data/sz_44/20260901/episode_20260901_062144_000_f3544049.npy.mp4
01a05ba1-ea08-7871-921b-178ea2208796,industrial packing,completed,yam,yam_0_61,27.0,huangrongbo,good,,,prod,2026-09-01 06:23:52.920494+00:00,2026-09-01 10:34:22.562056+00:00,/nfs/data/sz_44/20260901/episode_20260901_062213_000_f5322fbd.npy.mp4
01a05ba2-6320-7f43-a670-2de8e6de9686,industrial packing,completed,yam,yam_0_61,25.0,huangrongbo,good,,,prod,2026-09-01 06:24:19.231962+00:00,2026-09-01 10:34:22.415851+00:00,/nfs/data/sz_44/20260901/episode_20260901_062244_000_6b667a70.npy.mp4
01a05ba2-d468-71b6-9147-15330a526c12,industrial packing,completed,yam,yam_0_61,26.4,huangrongbo,good,,,prod,2026-09-01 06:24:50.553660+00:00,2026-09-01 10:34:22.322957+00:00,/nfs/data/sz_44/20260901/episode_20260901_062313_000_d7aa1ce5.npy.mp4
01a05ba3-4998-7a5b-a303-2ffe4c372886,industrial packing,completed,yam,yam_0_61,22.9,huangrongbo,good,,,prod,2026-09-01 06:25:16.819797+00:00,2026-09-01 10:34:21.842253+00:00,/nfs/data/sz_44/20260901/episode_20260901_062343_000_18e86eee.npy.mp4
01a05ba3-b310-7b62-9d9d-c16cdb136524,industrial packing,completed,yam,yam_0_61,26.7,huangrongbo,good,,,prod,2026-09-01 06:25:48.063393+00:00,2026-09-01 10:34:21.670965+00:00,/nfs/data/sz_44/20260901/episode_20260901_062410_000_570e6d82.npy.mp4
01a05ba5-9b58-7c5a-ac21-719be0d2f958,industrial packing,completed,yam,yam_0_61,23.2,huangrongbo,good,,,prod,2026-09-01 06:27:46.492536+00:00,2026-09-01 10:34:21.497917+00:00,/nfs/data/sz_44/20260901/episode_20260901_062615_000_71a66bcc.npy.mp4
01a05ba6-6e48-701e-811e-55f3111f414e,industrial packing,completed,yam,yam_0_61,23.9,huangrongbo,good,,,prod,2026-09-01 06:28:43.066113+00:00,2026-09-01 10:34:21.478870+00:00,/nfs/data/sz_44/20260901/episode_20260901_062709_000_341e11db.npy.mp4
01a05ba6-04d0-7a96-8a51-6067d9892d9d,industrial packing,completed,yam,yam_0_61,23.5,huangrongbo,good,,,prod,2026-09-01 06:28:16.759275+00:00,2026-09-01 10:34:21.324107+00:00,/nfs/data/sz_44/20260901/episode_20260901_062642_000_17ed6641.npy.mp4
01a05ba6-d7c0-7d76-a18d-2d8bfaa7024b,industrial packing,completed,yam,yam_0_61,24.8,huangrongbo,good,,,prod,2026-09-01 06:29:09.378645+00:00,2026-09-01 10:34:20.861340+00:00,/nfs/data/sz_44/20260901/episode_20260901_062736_000_299b75b5.npy.mp4
01a05ba7-ba50-74a9-82fc-2fbb2d52517a,industrial packing,completed,yam,yam_0_61,24.2,huangrongbo,good,,,prod,2026-09-01 06:30:06.001632+00:00,2026-09-01 10:34:20.661039+00:00,/nfs/data/sz_44/20260901/episode_20260901_062834_000_c1d706f9.npy.mp4
01a05ba7-4520-7968-9efb-90f78afad02c,industrial packing,completed,yam,yam_0_61,26.2,huangrongbo,good,,,prod,2026-09-01 06:29:40.687278+00:00,2026-09-01 10:34:20.612810+00:00,/nfs/data/sz_44/20260901/episode_20260901_062804_000_a0b9151b.npy.mp4
01a05ba8-3368-75d6-9a61-51337bae56ff,industrial packing,completed,yam,yam_0_61,25.1,huangrongbo,good,,,prod,2026-09-01 06:30:42.311376+00:00,2026-09-01 10:34:20.529095+00:00,/nfs/data/sz_44/20260901/episode_20260901_062905_000_270fea70.npy.mp4
01a05ba9-21b0-718f-ab70-16f481aa80b8,industrial packing,completed,yam,yam_0_61,25.2,huangrongbo,good,,,prod,2026-09-01 06:31:39.918670+00:00,2026-09-01 10:34:20.334892+00:00,/nfs/data/sz_44/20260901/episode_20260901_063006_000_6b924043.npy.mp4
01a05ba8-a4b0-76c1-882a-447e694fb894,industrial packing,completed,yam,yam_0_61,26.8,huangrongbo,good,,,prod,2026-09-01 06:31:13.622814+00:00,2026-09-01 10:34:20.318528+00:00,/nfs/data/sz_44/20260901/episode_20260901_062934_000_db813a92.npy.mp4
01a05ba9-a298-7c80-8b6c-dcbfe5a570bd,industrial packing,completed,yam,yam_0_61,22.8,huangrongbo,good,,,prod,2026-09-01 06:32:10.214271+00:00,2026-09-01 10:34:19.809819+00:00,/nfs/data/sz_44/20260901/episode_20260901_063039_000_a5718aac.npy.mp4
01a05baa-df00-7a63-818c-ee07de8ea717,industrial packing,completed,yam,yam_0_61,22.2,huangrongbo,good,,,prod,2026-09-01 06:33:31.821401+00:00,2026-09-01 10:34:19.654364+00:00,/nfs/data/sz_44/20260901/episode_20260901_063200_000_be99b39e.npy.mp4
01a05bab-40a8-774d-a770-e7c41e780221,industrial packing,completed,yam,yam_0_61,24.8,huangrongbo,good,,,prod,2026-09-01 06:33:58.111806+00:00,2026-09-01 10:34:19.536923+00:00,/nfs/data/sz_44/20260901/episode_20260901_063225_000_a2736432.npy.mp4
01a05bab-b1f0-7bfb-8273-ab1d5a664c3f,industrial packing,completed,yam,yam_0_61,24.7,huangrongbo,good,,,prod,2026-09-01 06:34:29.460293+00:00,2026-09-01 10:34:19.534084+00:00,/nfs/data/sz_44/20260901/episode_20260901_063254_000_556ba372.npy.mp4
01a05bac-1f50-77b8-b1c6-0821520d426b,industrial packing,completed,yam,yam_0_61,23.5,huangrongbo,good,,,prod,2026-09-01 06:34:54.738313+00:00,2026-09-01 10:34:19.300089+00:00,/nfs/data/sz_44/20260901/episode_20260901_063322_000_86e37609.npy.mp4
01a05bac-88c8-710c-b1b8-87d0e82f1719,industrial packing,completed,yam,yam_0_61,24.2,huangrongbo,good,,,prod,2026-09-01 06:35:26.632995+00:00,2026-09-01 10:34:19.194753+00:00,/nfs/data/sz_44/20260901/episode_20260901_063349_000_168fb8a2.npy.mp4
01a05bac-f628-7d60-b05a-fad14dcff8df,industrial packing,completed,yam,yam_0_61,28.5,huangrongbo,good,,,prod,2026-09-01 06:35:57.925957+00:00,2026-09-01 10:34:18.998074+00:00,/nfs/data/sz_44/20260901/episode_20260901_063417_000_43125e9c.npy.mp4
01a05bad-7328-7ddf-91ac-174301088f7a,industrial packing,completed,yam,yam_0_61,25.1,huangrongbo,good,,,prod,2026-09-01 06:36:25.245181+00:00,2026-09-01 10:34:18.934288+00:00,/nfs/data/sz_44/20260901/episode_20260901_063449_000_87d2ecf9.npy.mp4
01a05bad-e470-7128-a99f-63cb70c5a942,industrial packing,completed,yam,yam_0_61,25.9,huangrongbo,good,,,prod,2026-09-01 06:36:56.594101+00:00,2026-09-01 10:34:18.695504+00:00,/nfs/data/sz_44/20260901/episode_20260901_063518_000_818aea1b.npy.mp4
01a05bb0-9fa8-7321-b3fc-496551eb8567,industrial packing,completed,yam,yam_0_61,28.4,huangrongbo,good,,,prod,2026-09-01 06:39:55.330207+00:00,2026-09-01 10:34:18.642039+00:00,/nfs/data/sz_44/20260901/episode_20260901_063817_000_698fbd41.npy.mp4
01a05bae-55b8-7ca2-a3f4-630046590903,industrial packing,completed,yam,yam_0_61,25.2,huangrongbo,good,,,prod,2026-09-01 06:37:22.900240+00:00,2026-09-01 10:34:18.498131+00:00,/nfs/data/sz_44/20260901/episode_20260901_063547_000_63ab253a.npy.mp4
01a05bae-c700-7655-8848-ffbcbf8c427f,industrial packing,completed,yam,yam_0_61,24.7,huangrongbo,good,,,prod,2026-09-01 06:37:54.200528+00:00,2026-09-01 10:34:18.359972+00:00,/nfs/data/sz_44/20260901/episode_20260901_063616_000_925881e3.npy.mp4
01a05baf-3460-7e2a-94cd-24eefc0cc4e5,industrial packing,completed,yam,yam_0_61,28.5,huangrongbo,good,,,prod,2026-09-01 06:38:26.479605+00:00,2026-09-01 10:34:18.010040+00:00,/nfs/data/sz_44/20260901/episode_20260901_063644_000_bc99a5c8.npy.mp4
01a05baf-b160-74e8-ac3b-8efa349e9df7,industrial packing,completed,yam,yam_0_61,24.2,huangrongbo,good,,,prod,2026-09-01 06:38:51.747856+00:00,2026-09-01 10:34:17.733891+00:00,/nfs/data/sz_44/20260901/episode_20260901_063716_000_d504bde3.npy.mp4
01a05bb0-1ec0-7952-b392-eae4ac79d1b2,industrial packing,completed,yam,yam_0_61,28.9,huangrongbo,good,,,prod,2026-09-01 06:39:24.042252+00:00,2026-09-01 10:34:17.655612+00:00,/nfs/data/sz_44/20260901/episode_20260901_063744_000_bf0bfaf0.npy.mp4
01a05bb1-2090-7218-8df8-f986211cd8a0,industrial packing,completed,yam,yam_0_61,30.9,huangrongbo,good,,,prod,2026-09-01 06:40:33.618445+00:00,2026-09-01 10:34:17.093583+00:00,/nfs/data/sz_44/20260901/episode_20260901_063850_000_d04d7d8e.npy.mp4
01a05bb1-a948-7561-9e01-1fa8386bf9b3,industrial packing,completed,yam,yam_0_61,30.9,huangrongbo,good,,,prod,2026-09-01 06:41:10.927334+00:00,2026-09-01 10:34:17.045877+00:00,/nfs/data/sz_44/20260901/episode_20260901_063925_000_09d6de1c.npy.mp4
01a05bb2-3200-78f1-b836-1d531b10fc19,industrial packing,completed,yam,yam_0_61,27.0,huangrongbo,good,,,prod,2026-09-01 06:41:37.217419+00:00,2026-09-01 10:34:16.635929+00:00,/nfs/data/sz_44/20260901/episode_20260901_064000_000_fb6a979f.npy.mp4
01a05bb2-ab18-7737-973d-018c686f03e8,industrial packing,completed,yam,yam_0_61,27.5,huangrongbo,good,,,prod,2026-09-01 06:42:08.472919+00:00,2026-09-01 10:34:16.596569+00:00,/nfs/data/sz_44/20260901/episode_20260901_064031_000_da3ed79e.npy.mp4
01a05bb4-4d10-722d-9808-3008bd0664ac,industrial packing,completed,yam,yam_0_61,32.0,huangrongbo,good,,,prod,2026-09-01 06:43:59.899475+00:00,2026-09-01 10:34:16.442953+00:00,/nfs/data/sz_44/20260901/episode_20260901_064218_000_b22a9fe1.npy.mp4
01a05bb4-d5c8-7ebc-bf56-4e1daa6efdfe,industrial packing,completed,yam,yam_0_61,32.2,huangrongbo,good,,,prod,2026-09-01 06:44:37.212309+00:00,2026-09-01 10:34:15.980412+00:00,/nfs/data/sz_44/20260901/episode_20260901_064253_000_c9f47329.npy.mp4
01a05bb5-6268-73c9-bed2-936d3a34bd4f,industrial packing,completed,yam,yam_0_61,38.9,huangrongbo,good,,,prod,2026-09-01 06:45:21.522373+00:00,2026-09-01 10:34:15.872647+00:00,/nfs/data/sz_44/20260901/episode_20260901_064329_000_9e3b1baf.npy.mp4
01a05bb6-0a60-78e6-8331-16902291e085,industrial packing,completed,yam,yam_0_61,32.3,huangrongbo,good,,,prod,2026-09-01 06:45:52.812260+00:00,2026-09-01 10:34:15.815374+00:00,/nfs/data/sz_44/20260901/episode_20260901_064412_000_0d83e7c3.npy.mp4
01a05bb7-6dd8-73c4-95ca-8208a979ecff,industrial packing,completed,yam,yam_0_61,25.6,huangrongbo,good,,,prod,2026-09-01 06:47:19.205362+00:00,2026-09-01 10:34:15.529103+00:00,/nfs/data/sz_44/20260901/episode_20260901_064543_000_0dbcff87.npy.mp4
01a05bb8-0a18-79fb-9d7e-2663a4867ea8,industrial packing,completed,yam,yam_0_61,26.8,huangrongbo,good,,,prod,2026-09-01 06:48:00.515709+00:00,2026-09-01 10:34:15.523647+00:00,/nfs/data/sz_44/20260901/episode_20260901_064623_000_085b1c56.npy.mp4
01a05bb8-8330-7094-8c78-6cf8d191a1ef,industrial packing,completed,yam,yam_0_61,34.8,huangrongbo,good,,,prod,2026-09-01 06:48:43.822295+00:00,2026-09-01 10:34:14.970122+00:00,/nfs/data/sz_44/20260901/episode_20260901_064654_000_3f6cbc17.npy.mp4
01a05bb9-17a0-73d9-93b2-4b2556209afe,industrial packing,completed,yam,yam_0_61,33.1,huangrongbo,good,,,prod,2026-09-01 06:49:16.111472+00:00,2026-09-01 10:34:14.912172+00:00,/nfs/data/sz_44/20260901/episode_20260901_064732_000_b9b6d863.npy.mp4
01a05bb9-a828-738e-b021-f2b39ea65a7f,industrial packing,completed,yam,yam_0_61,35.0,huangrongbo,good,,,prod,2026-09-01 06:49:54.447841+00:00,2026-09-01 10:34:14.697297+00:00,/nfs/data/sz_44/20260901/episode_20260901_064809_000_e8c391b3.npy.mp4
01a05bba-3c98-78d3-a6ec-27bb324b8805,industrial packing,completed,yam,yam_0_61,33.7,huangrongbo,good,,,prod,2026-09-01 06:50:31.759189+00:00,2026-09-01 10:34:14.669650+00:00,/nfs/data/sz_44/20260901/episode_20260901_064847_000_7ec9d223.npy.mp4
01a05bba-d108-72be-a788-9832ec51fafa,industrial packing,completed,yam,yam_0_61,35.6,huangrongbo,good,,,prod,2026-09-01 06:51:15.093480+00:00,2026-09-01 10:34:14.317164+00:00,/nfs/data/sz_44/20260901/episode_20260901_064925_000_e91c0f96.npy.mp4
01a05bbb-6960-71fa-ba63-0f698eb64a89,industrial packing,completed,yam,yam_0_61,36.3,huangrongbo,good,,,prod,2026-09-01 06:51:54.382834+00:00,2026-09-01 10:34:13.999959+00:00,/nfs/data/sz_44/20260901/episode_20260901_065004_000_abc9c1a7.npy.mp4
01a05bbc-05a0-7858-97a3-7d2d1bf18411,industrial packing,completed,yam,yam_0_61,34.9,huangrongbo,good,,,prod,2026-09-01 06:52:31.761786+00:00,2026-09-01 10:34:13.832476+00:00,/nfs/data/sz_44/20260901/episode_20260901_065044_000_6ea19017.npy.mp4
01a05bbc-9df8-7b99-8d2a-8b5b8e2bb39a,industrial packing,completed,yam,yam_0_61,35.9,huangrongbo,good,,,prod,2026-09-01 06:53:10.108060+00:00,2026-09-01 10:34:13.706125+00:00,/nfs/data/sz_44/20260901/episode_20260901_065123_000_3631345d.npy.mp4
01a05bbd-3a38-793c-8617-754989a0e630,industrial packing,completed,yam,yam_0_61,32.7,huangrongbo,good,,,prod,2026-09-01 06:53:48.474249+00:00,2026-09-01 10:34:13.661169+00:00,/nfs/data/sz_44/20260901/episode_20260901_065203_000_9a99e2de.npy.mp4
01a05bbe-6318-7e51-b3f8-abfa53553013,industrial packing,completed,yam,yam_0_61,34.0,huangrongbo,good,,,prod,2026-09-01 06:55:05.115109+00:00,2026-09-01 10:34:13.587615+00:00,/nfs/data/sz_44/20260901/episode_20260901_065319_000_53e988f2.npy.mp4
01a05bbd-cac0-7ff1-9a85-4733886f5963,industrial packing,completed,yam,yam_0_61,35.7,huangrongbo,good,,,prod,2026-09-01 06:54:26.824961+00:00,2026-09-01 10:34:13.380351+00:00,/nfs/data/sz_44/20260901/episode_20260901_065240_000_29d4428f.npy.mp4
01a05bbe-f788-75ee-8ca7-b16f1051938f,industrial packing,completed,yam,yam_0_61,33.1,huangrongbo,good,,,prod,2026-09-01 06:55:42.416815+00:00,2026-09-01 10:34:12.958051+00:00,/nfs/data/sz_44/20260901/episode_20260901_065357_000_20de2659.npy.mp4
01a05bbf-8810-7de2-81c3-58ec22419044,industrial packing,completed,yam,yam_0_61,35.0,huangrongbo,good,,,prod,2026-09-01 06:56:20.722137+00:00,2026-09-01 10:34:12.942319+00:00,/nfs/data/sz_44/20260901/episode_20260901_065434_000_8afcc238.npy.mp4
01a05bc0-2068-7bfa-babf-448b77614148,industrial packing,completed,yam,yam_0_61,32.8,huangrongbo,good,,,prod,2026-09-01 06:56:58.014245+00:00,2026-09-01 10:34:12.777838+00:00,/nfs/data/sz_44/20260901/episode_20260901_065513_000_2bcac568.npy.mp4
01a05bc0-b0f0-7165-81dd-560e05389b18,industrial packing,completed,yam,yam_0_61,34.5,huangrongbo,good,,,prod,2026-09-01 06:57:36.344313+00:00,2026-09-01 10:34:12.659937+00:00,/nfs/data/sz_44/20260901/episode_20260901_065550_000_d232af8c.npy.mp4
01a05bc3-77e0-75b5-ba46-985a33d8a141,industrial packing,completed,yam,yam_0_61,36.0,huangrongbo,good,,,prod,2026-09-01 07:00:40.088308+00:00,2026-09-01 10:34:12.570903+00:00,/nfs/data/sz_44/20260901/episode_20260901_065852_000_6b0cce8a.npy.mp4
01a05bc4-1bf0-798a-9f55-7a5ff71861d9,industrial packing,completed,yam,yam_0_61,27.7,huangrongbo,good,,,prod,2026-09-01 07:01:11.439751+00:00,2026-09-01 10:34:12.458727+00:00,/nfs/data/sz_44/20260901/episode_20260901_065934_000_1691fa0b.npy.mp4
01a05bc1-4560-7ff0-a44f-28faa994f1dd,industrial packing,completed,yam,yam_0_61,35.0,huangrongbo,good,,,prod,2026-09-01 06:58:14.602204+00:00,2026-09-01 10:34:12.383467+00:00,/nfs/data/sz_44/20260901/episode_20260901_065628_000_a2156dda.npy.mp4
01a05bc4-98f0-7d3a-8d81-18d10264fab2,industrial packing,completed,yam,yam_0_61,34.1,huangrongbo,good,,,prod,2026-09-01 07:01:54.798093+00:00,2026-09-01 10:34:11.888704+00:00,/nfs/data/sz_44/20260901/episode_20260901_070006_000_693cc9ee.npy.mp4
01a05bc5-2d60-71eb-9f6e-5cb0a288c085,industrial packing,completed,yam,yam_0_61,33.3,huangrongbo,good,,,prod,2026-09-01 07:02:27.203674+00:00,2026-09-01 10:34:11.769250+00:00,/nfs/data/sz_44/20260901/episode_20260901_070044_000_cbe15074.npy.mp4
01a05bc5-bde8-7658-9f9c-9e9498bc740d,industrial packing,completed,yam,yam_0_61,33.2,huangrongbo,good,,,prod,2026-09-01 07:03:04.563993+00:00,2026-09-01 10:34:11.741382+00:00,/nfs/data/sz_44/20260901/episode_20260901_070121_000_a22a7eac.npy.mp4
01a05bc6-4e70-7a66-9490-57df4b98e3b9,industrial packing,completed,yam,yam_0_61,33.9,huangrongbo,good,,,prod,2026-09-01 07:03:41.895238+00:00,2026-09-01 10:34:11.634779+00:00,/nfs/data/sz_44/20260901/episode_20260901_070158_000_522c3255.npy.mp4
01a05bc6-e2e0-7199-adec-f613e2be14b0,industrial packing,completed,yam,yam_0_61,36.9,huangrongbo,good,,,prod,2026-09-01 07:04:25.333178+00:00,2026-09-01 10:34:11.554115+00:00,/nfs/data/sz_44/20260901/episode_20260901_070236_000_93ca54b9.npy.mp4
01a05bc7-86f0-7ea6-950e-a5f3fd1c7474,industrial packing,completed,yam,yam_0_61,31.4,huangrongbo,good,,,prod,2026-09-01 07:05:02.734778+00:00,2026-09-01 10:34:11.504683+00:00,/nfs/data/sz_44/20260901/episode_20260901_070318_000_69517d04.npy.mp4
01a05bc8-0fa8-72e5-b695-0a8fae157f4b,industrial packing,completed,yam,yam_0_61,29.1,huangrongbo,good,,,prod,2026-09-01 07:05:35.118395+00:00,2026-09-01 10:34:10.815341+00:00,/nfs/data/sz_44/20260901/episode_20260901_070353_000_28ead856.npy.mp4
01a05bc8-9090-755c-a6b8-7a0bd7f9f92b,industrial packing,completed,yam,yam_0_61,31.2,huangrongbo,good,,,prod,2026-09-01 07:06:07.425405+00:00,2026-09-01 10:34:10.705407+00:00,/nfs/data/sz_44/20260901/episode_20260901_070426_000_6c6ce59d.npy.mp4
01a05bc9-1948-710c-a480-d519f2479a4b,industrial packing,completed,yam,yam_0_61,30.8,huangrongbo,good,,,prod,2026-09-01 07:06:44.748693+00:00,2026-09-01 10:34:10.605954+00:00,/nfs/data/sz_44/20260901/episode_20260901_070501_000_f096e396.npy.mp4
01a05bc9-a200-7a22-b64c-2fb79382d8cd,industrial packing,completed,yam,yam_0_61,33.0,huangrongbo,good,,,prod,2026-09-01 07:07:22.194852+00:00,2026-09-01 10:34:10.574019+00:00,/nfs/data/sz_44/20260901/episode_20260901_070536_000_ac0c1b00.npy.mp4
01a05bca-3288-7321-bad4-d1fcb029d328,industrial packing,completed,yam,yam_0_61,31.4,huangrongbo,good,,,prod,2026-09-01 07:07:54.520321+00:00,2026-09-01 10:34:10.521539+00:00,/nfs/data/sz_44/20260901/episode_20260901_070613_000_0a0a58b3.npy.mp4
01a05bca-bf28-7211-9c31-c2fa9ce6faa6,industrial packing,completed,yam,yam_0_61,30.9,huangrongbo,good,,,prod,2026-09-01 07:08:31.853159+00:00,2026-09-01 10:34:10.326063+00:00,/nfs/data/sz_44/20260901/episode_20260901_070649_000_78f05104.npy.mp4
01a05bcb-4fb0-72e0-9e5a-3a1f5fcf9b3d,industrial packing,completed,yam,yam_0_61,31.2,huangrongbo,good,,,prod,2026-09-01 07:09:09.183643+00:00,2026-09-01 10:34:09.821557+00:00,/nfs/data/sz_44/20260901/episode_20260901_070726_000_685957b2.npy.mp4
01a05bcb-d480-796d-b443-983781901c39,industrial packing,completed,yam,yam_0_61,29.1,huangrongbo,good,,,prod,2026-09-01 07:09:41.451948+00:00,2026-09-01 10:34:09.709278+00:00,/nfs/data/sz_44/20260901/episode_20260901_070800_000_78aae802.npy.mp4
01a05bce-f160-7451-a7e4-b215a757bb69,industrial packing,completed,yam,yam_0_61,30.4,huangrongbo,good,,,prod,2026-09-01 07:13:04.055286+00:00,2026-09-01 10:34:09.584253+00:00,/nfs/data/sz_44/20260901/episode_20260901_071124_000_e98e6b73.npy.mp4
01a05bcf-7a18-79d6-9a37-621ff02f4ea0,industrial packing,completed,yam,yam_0_61,34.6,huangrongbo,good,,,prod,2026-09-01 07:13:47.521342+00:00,2026-09-01 10:34:09.473857+00:00,/nfs/data/sz_44/20260901/episode_20260901_071159_000_54feb655.npy.mp4
01a05bd0-0e88-7448-b08e-b69a47ffcc04,industrial packing,completed,yam,yam_0_61,31.5,huangrongbo,good,,,prod,2026-09-01 07:14:19.896389+00:00,2026-09-01 10:34:09.406277+00:00,/nfs/data/sz_44/20260901/episode_20260901_071237_000_b3485bdc.npy.mp4
01a05bd0-9b28-7cd2-a56d-7368ee30ec33,industrial packing,completed,yam,yam_0_61,34.0,huangrongbo,good,,,prod,2026-09-01 07:14:57.550265+00:00,2026-09-01 10:34:08.869616+00:00,/nfs/data/sz_44/20260901/episode_20260901_071313_000_ec4767c3.npy.mp4
01a05bd1-2bb0-71d3-ba8e-d69fee7addf0,industrial packing,completed,yam,yam_0_61,28.9,huangrongbo,good,,,prod,2026-09-01 07:15:30.102451+00:00,2026-09-01 10:34:08.774132+00:00,/nfs/data/sz_44/20260901/episode_20260901_071350_000_31a82b66.npy.mp4
01a05bd1-ac98-7daf-8093-33ddfda3a8c6,industrial packing,completed,yam,yam_0_61,29.6,huangrongbo,good,,,prod,2026-09-01 07:16:01.475194+00:00,2026-09-01 10:34:08.654912+00:00,/nfs/data/sz_44/20260901/episode_20260901_071423_000_bb698723.npy.mp4
01a05bd2-3938-7fa7-ba33-167f7daf6716,industrial packing,completed,yam,yam_0_61,31.8,huangrongbo,good,,,prod,2026-09-01 07:16:44.792164+00:00,2026-09-01 10:34:08.579738+00:00,/nfs/data/sz_44/20260901/episode_20260901_071459_000_aa93941a.npy.mp4
01a05bd2-c1f0-7c6c-b981-eed282c89b7b,industrial packing,completed,yam,yam_0_61,32.9,huangrongbo,good,,,prod,2026-09-01 07:17:17.105846+00:00,2026-09-01 10:34:08.460077+00:00,/nfs/data/sz_44/20260901/episode_20260901_071534_000_5e3ea3c2.npy.mp4
01a05bd3-5278-714d-915e-a55dc9bf14e2,industrial packing,completed,yam,yam_0_61,34.6,huangrongbo,good,,,prod,2026-09-01 07:18:00.469593+00:00,2026-09-01 10:34:08.387055+00:00,/nfs/data/sz_44/20260901/episode_20260901_071611_000_1fd597f2.npy.mp4
01a05bd3-e6e8-7ab5-a47e-570365c4975b,industrial packing,completed,yam,yam_0_61,33.6,huangrongbo,good,,,prod,2026-09-01 07:18:32.800119+00:00,2026-09-01 10:34:08.096803+00:00,/nfs/data/sz_44/20260901/episode_20260901_071649_000_71069611.npy.mp4
01a05bd4-7b58-7a7c-891d-9bd0c49d57e7,industrial packing,completed,yam,yam_0_61,29.3,huangrongbo,good,,,prod,2026-09-01 07:19:05.108318+00:00,2026-09-01 10:34:08.045226+00:00,/nfs/data/sz_44/20260901/episode_20260901_071727_000_9a28eb76.npy.mp4
01a05bd4-fc40-7b1e-a8d9-a29be2801150,industrial packing,completed,yam,yam_0_61,32.5,huangrongbo,good,,,prod,2026-09-01 07:19:42.408623+00:00,2026-09-01 10:34:07.804739+00:00,/nfs/data/sz_44/20260901/episode_20260901_071800_000_8b08c67a.npy.mp4
01a05bd5-88e0-778b-9451-1395deef9b6a,industrial packing,completed,yam,yam_0_61,35.5,huangrongbo,good,,,prod,2026-09-01 07:20:25.751089+00:00,2026-09-01 10:34:07.752999+00:00,/nfs/data/sz_44/20260901/episode_20260901_071836_000_e332634a.npy.mp4
01a05bd6-add8-78d3-a86a-bab818ddeb69,industrial packing,completed,yam,yam_0_61,37.1,huangrongbo,good,,,prod,2026-09-01 07:21:42.391238+00:00,2026-09-01 10:34:07.518602+00:00,/nfs/data/sz_44/20260901/episode_20260901_071951_000_094543b5.npy.mp4
01a05bd6-2138-72ed-83e2-751d3efde46b,industrial packing,completed,yam,yam_0_61,32.4,huangrongbo,good,,,prod,2026-09-01 07:20:58.075369+00:00,2026-09-01 10:34:07.396264+00:00,/nfs/data/sz_44/20260901/episode_20260901_071915_000_db5d2db4.npy.mp4
01a05bd7-4e00-77db-9a7a-c37289007b5a,industrial packing,completed,yam,yam_0_61,29.9,huangrongbo,good,,,prod,2026-09-01 07:22:14.719754+00:00,2026-09-01 10:34:07.101017+00:00,/nfs/data/sz_44/20260901/episode_20260901_072032_000_06a2c619.npy.mp4
01a05bd7-d2d0-7be9-be51-727338d3b2ba,industrial packing,completed,yam,yam_0_61,29.2,huangrongbo,good,,,prod,2026-09-01 07:22:46.995063+00:00,2026-09-01 10:34:06.910234+00:00,/nfs/data/sz_44/20260901/episode_20260901_072106_000_a9c686c3.npy.mp4
01a05bd9-6910-7689-ae86-9db65ad1b90c,industrial packing,completed,yam,yam_0_61,32.0,huangrongbo,good,,,prod,2026-09-01 07:24:34.346296+00:00,2026-09-01 10:34:06.860453+00:00,/nfs/data/sz_44/20260901/episode_20260901_072250_000_263b463d.npy.mp4
01a05bd8-53b8-7f4d-9ccc-19d58d3bfdc0,industrial packing,completed,yam,yam_0_61,30.3,huangrongbo,good,,,prod,2026-09-01 07:23:19.299835+00:00,2026-09-01 10:34:06.638602+00:00,/nfs/data/sz_44/20260901/episode_20260901_072139_000_b2723178.npy.mp4
01a05bd8-dc70-7e88-b51e-940693d340ef,industrial packing,completed,yam,yam_0_61,32.0,huangrongbo,good,,,prod,2026-09-01 07:23:57.065924+00:00,2026-09-01 10:34:06.464758+00:00,/nfs/data/sz_44/20260901/episode_20260901_072214_000_1c210a96.npy.mp4
01a05bd9-f5b0-79e0-9096-9989522eac36,industrial packing,completed,yam,yam_0_61,31.4,huangrongbo,good,,,prod,2026-09-01 07:25:06.639245+00:00,2026-09-01 10:33:28.646948+00:00,/nfs/data/sz_44/20260901/episode_20260901_072326_000_bc78b342.npy.mp4
01a05bda-7e68-7d69-b8b0-1cb7cbafb00d,industrial packing,completed,yam,yam_0_61,31.8,huangrongbo,good,,,prod,2026-09-01 07:25:43.996465+00:00,2026-09-01 10:33:28.385106+00:00,/nfs/data/sz_44/20260901/episode_20260901_072401_000_268ae992.npy.mp4
01a05bdb-9b90-792a-a5ff-b683566b8471,industrial packing,completed,yam,yam_0_61,24.6,huangrongbo,good,,,prod,2026-09-01 07:26:50.670219+00:00,2026-09-01 10:33:28.196944+00:00,/nfs/data/sz_44/20260901/episode_20260901_072514_000_c48a96bf.npy.mp4
01a05bdb-0720-7b1e-b1ef-2905c0f789af,industrial packing,completed,yam,yam_0_61,25.9,huangrongbo,good,,,prod,2026-09-01 07:26:14.367928+00:00,2026-09-01 10:33:27.877756+00:00,/nfs/data/sz_44/20260901/episode_20260901_072436_000_9397b5a9.npy.mp4
01a05bdc-0cd8-7739-a7f9-063a0448efaf,industrial packing,completed,yam,yam_0_61,26.8,huangrongbo,good,,,prod,2026-09-01 07:27:20.946024+00:00,2026-09-01 10:33:27.631186+00:00,/nfs/data/sz_44/20260901/episode_20260901_072543_000_62cea9d6.npy.mp4
01a05bdd-06d8-73f0-8da4-945031b3d443,industrial packing,completed,yam,yam_0_61,25.7,huangrongbo,good,,,prod,2026-09-01 07:28:22.767100+00:00,2026-09-01 10:33:27.546606+00:00,/nfs/data/sz_44/20260901/episode_20260901_072647_000_ce8006c9.npy.mp4
01a05bdd-7820-7af1-9a0e-9a6488c1914b,industrial packing,completed,yam,yam_0_61,28.0,huangrongbo,good,,,prod,2026-09-01 07:28:54.066231+00:00,2026-09-01 10:33:27.366089+00:00,/nfs/data/sz_44/20260901/episode_20260901_072716_000_549e95d1.npy.mp4
01a05bdd-f520-770d-ba09-d7dca8deda4f,industrial packing,completed,yam,yam_0_61,26.3,huangrongbo,good,,,prod,2026-09-01 07:29:26.380090+00:00,2026-09-01 10:33:27.198851+00:00,/nfs/data/sz_44/20260901/episode_20260901_072748_000_7707e135.npy.mp4
01a05bde-6a50-7035-9571-ff37e1e28920,industrial packing,completed,yam,yam_0_61,29.6,huangrongbo,good,,,prod,2026-09-01 07:29:57.654341+00:00,2026-09-01 10:33:27.111738+00:00,/nfs/data/sz_44/20260901/episode_20260901_072818_000_7feacba6.npy.mp4
01a05bde-ef20-79c2-a471-3f0510604dcb,industrial packing,completed,yam,yam_0_61,32.8,huangrongbo,good,,,prod,2026-09-01 07:30:35.946829+00:00,2026-09-01 10:33:27.062259+00:00,/nfs/data/sz_44/20260901/episode_20260901_072852_000_9b32e83a.npy.mp4
01a05bdf-7fa8-7345-86ff-455938bff30e,industrial packing,completed,yam,yam_0_61,32.8,huangrongbo,good,,,prod,2026-09-01 07:31:13.314003+00:00,2026-09-01 10:33:27.000702+00:00,/nfs/data/sz_44/20260901/episode_20260901_072929_000_e76b5b79.npy.mp4
01a05be0-1800-7a78-839b-fdb81b840b20,industrial packing,completed,yam,yam_0_61,30.8,huangrongbo,good,,,prod,2026-09-01 07:31:50.626924+00:00,2026-09-01 10:33:26.789938+00:00,/nfs/data/sz_44/20260901/episode_20260901_073008_000_d5db4e4d.npy.mp4
01a05be0-9cd0-7d27-be8e-cb0e892c93a5,industrial packing,completed,yam,yam_0_61,35.8,huangrongbo,good,,,prod,2026-09-01 07:32:28.961987+00:00,2026-09-01 10:33:26.728043+00:00,/nfs/data/sz_44/20260901/episode_20260901_073042_000_51868115.npy.mp4
01a05be1-c998-73cb-bb84-094c93262f9f,industrial packing,completed,yam,yam_0_61,35.7,huangrongbo,good,,,prod,2026-09-01 07:33:50.670138+00:00,2026-09-01 10:33:26.433679+00:00,/nfs/data/sz_44/20260901/episode_20260901_073159_000_8501c1bd.npy.mp4
01a05be1-3cf8-75dd-afb5-1a43af9000c7,industrial packing,completed,yam,yam_0_61,31.9,huangrongbo,good,,,prod,2026-09-01 07:33:06.357063+00:00,2026-09-01 10:33:26.316072+00:00,/nfs/data/sz_44/20260901/episode_20260901_073123_000_07bf9eba.npy.mp4
01a05be3-7f18-7b9f-af3c-2c9501b3aaa8,industrial packing,completed,yam,yam_0_61,31.9,huangrongbo,good,,,prod,2026-09-01 07:35:32.714324+00:00,2026-09-01 10:33:25.512091+00:00,/nfs/data/sz_44/20260901/episode_20260901_073351_000_681f975d.npy.mp4
01a05be2-f660-790e-abb6-774fa9a0ce31,industrial packing,completed,yam,yam_0_61,31.4,huangrongbo,good,,,prod,2026-09-01 07:35:00.424313+00:00,2026-09-01 10:33:25.498287+00:00,/nfs/data/sz_44/20260901/episode_20260901_073316_000_510fa19d.npy.mp4
01a05be2-61f0-7831-b3ab-c18943a83193,industrial packing,completed,yam,yam_0_61,31.9,huangrongbo,good,,,prod,2026-09-01 07:34:23.003565+00:00,2026-09-01 10:33:25.447608+00:00,/nfs/data/sz_44/20260901/episode_20260901_073238_000_1f2e9a7e.npy.mp4
01a05be4-07d0-7736-8101-71a713768637,industrial packing,completed,yam,yam_0_61,32.7,huangrongbo,good,,,prod,2026-09-01 07:36:11.014488+00:00,2026-09-01 10:33:24.748527+00:00,/nfs/data/sz_44/20260901/episode_20260901_073426_000_ca248327.npy.mp4
01a05be5-2cc8-7205-a744-93ae8aee4ca3,industrial packing,completed,yam,yam_0_61,28.7,huangrongbo,good,,,prod,2026-09-01 07:37:20.655274+00:00,2026-09-01 10:33:24.397688+00:00,/nfs/data/sz_44/20260901/episode_20260901_073541_000_0457d73a.npy.mp4
01a05be4-9858-704c-80e7-8dcebfe8a1ba,industrial packing,completed,yam,yam_0_61,33.3,huangrongbo,good,,,prod,2026-09-01 07:36:49.332672+00:00,2026-09-01 10:33:24.211358+00:00,/nfs/data/sz_44/20260901/episode_20260901_073503_000_548de391.npy.mp4
01a05be6-3e38-7bb2-a095-e5375e184c6c,industrial packing,completed,yam,yam_0_61,32.3,huangrongbo,good,,,prod,2026-09-01 07:38:36.282446+00:00,2026-09-01 10:33:23.975158+00:00,/nfs/data/sz_44/20260901/episode_20260901_073651_000_50c53668.npy.mp4
01a05be5-adb0-73d5-ba33-908402a433c6,industrial packing,completed,yam,yam_0_61,32.7,huangrongbo,good,,,prod,2026-09-01 07:37:57.964142+00:00,2026-09-01 10:33:23.222648+00:00,/nfs/data/sz_44/20260901/episode_20260901_073614_000_e13226cc.npy.mp4
01a05beb-33c0-7df6-a4d3-a7e95aa5ecf5,industrial packing,completed,yam,yam_0_61,37.2,huangrongbo,good,,,prod,2026-09-01 07:44:05.274318+00:00,2026-09-01 10:33:22.970660+00:00,/nfs/data/sz_44/20260901/episode_20260901_074216_000_8ab5111c.npy.mp4
01a05be6-c6f0-7003-93e3-8aac99cdfb71,industrial packing,completed,yam,yam_0_61,29.0,huangrongbo,good,,,prod,2026-09-01 07:39:07.568237+00:00,2026-09-01 10:33:22.776736+00:00,/nfs/data/sz_44/20260901/episode_20260901_073726_000_fd436de5.npy.mp4
01a05bec-d9a0-7228-bf6a-869cc45c1e6c,industrial packing,completed,yam,yam_0_61,32.4,huangrongbo,good,,,prod,2026-09-01 07:45:46.199462+00:00,2026-09-01 10:33:21.929171+00:00,/nfs/data/sz_44/20260901/episode_20260901_074404_000_0a79abe4.npy.mp4
01a05bec-3d60-73a0-a6ef-17c84a776a6b,industrial packing,completed,yam,yam_0_61,34.2,huangrongbo,good,,,prod,2026-09-01 07:45:13.656996+00:00,2026-09-01 10:33:21.742048+00:00,/nfs/data/sz_44/20260901/episode_20260901_074324_000_ae6f0d1c.npy.mp4
01a05bed-6640-78ee-b869-4466bd5b1462,industrial packing,completed,yam,yam_0_61,32.0,huangrongbo,good,,,prod,2026-09-01 07:46:23.516281+00:00,2026-09-01 10:33:21.643293+00:00,/nfs/data/sz_44/20260901/episode_20260901_074440_000_acb72302.npy.mp4
01a05bed-fe98-7d23-84ba-217c0cdeca5f,industrial packing,completed,yam,yam_0_61,30.3,huangrongbo,good,,,prod,2026-09-01 07:47:00.814121+00:00,2026-09-01 10:33:20.855156+00:00,/nfs/data/sz_44/20260901/episode_20260901_074519_000_a2f66c82.npy.mp4
01a05bef-8d08-7ffa-9e29-760ca401af3d,industrial packing,completed,yam,yam_0_61,32.8,huangrongbo,good,,,prod,2026-09-01 07:48:47.774816+00:00,2026-09-01 10:33:20.771646+00:00,/nfs/data/sz_44/20260901/episode_20260901_074701_000_039de1fb.npy.mp4
01a05bee-8368-76a2-9e6c-341df9740a7d,industrial packing,completed,yam,yam_0_61,27.9,huangrongbo,good,,,prod,2026-09-01 07:47:33.190394+00:00,2026-09-01 10:33:20.654908+00:00,/nfs/data/sz_44/20260901/episode_20260901_074553_000_e8bf30fa.npy.mp4
01a05bee-fc80-77a7-8468-5399d4ab2b50,industrial packing,completed,yam,yam_0_61,31.1,huangrongbo,good,,,prod,2026-09-01 07:48:04.465602+00:00,2026-09-01 10:33:20.516011+00:00,/nfs/data/sz_44/20260901/episode_20260901_074624_000_1892a196.npy.mp4
01a05bf0-1d90-70c3-8ff7-183bd2b28469,industrial packing,completed,yam,yam_0_61,32.0,huangrongbo,good,,,prod,2026-09-01 07:49:21.096005+00:00,2026-09-01 10:33:20.217411+00:00,/nfs/data/sz_44/20260901/episode_20260901_074738_000_1966c19a.npy.mp4
01a05bf0-aa30-77a7-9174-ce69de73f23f,industrial packing,completed,yam,yam_0_61,31.6,huangrongbo,good,,,prod,2026-09-01 07:49:58.385301+00:00,2026-09-01 10:33:20.131900+00:00,/nfs/data/sz_44/20260901/episode_20260901_074814_000_0a0d9f2a.npy.mp4
01a05bf2-4c28-7383-a491-48b0ebbe6468,industrial packing,completed,yam,yam_0_61,33.2,huangrongbo,good,,,prod,2026-09-01 07:51:46.294902+00:00,2026-09-01 10:33:19.500193+00:00,/nfs/data/sz_44/20260901/episode_20260901_075001_000_60c1de65.npy.mp4
01a05bf1-3ab8-7d00-8149-a26931099388,industrial packing,completed,yam,yam_0_61,31.0,huangrongbo,good,,,prod,2026-09-01 07:50:35.687937+00:00,2026-09-01 10:33:19.435026+00:00,/nfs/data/sz_44/20260901/episode_20260901_074851_000_6dd10ad1.npy.mp4
01a05bf1-bf88-7952-9284-8e7b6f01db2d,industrial packing,completed,yam,yam_0_61,31.8,huangrongbo,good,,,prod,2026-09-01 07:51:07.989367+00:00,2026-09-01 10:33:19.336132+00:00,/nfs/data/sz_44/20260901/episode_20260901_074925_000_5f066501.npy.mp4
01a05bf3-f208-7fa1-93a3-46ac0524be80,industrial packing,completed,yam,yam_0_61,33.2,huangrongbo,good,,,prod,2026-09-01 07:53:34.231460+00:00,2026-09-01 10:33:19.061350+00:00,/nfs/data/sz_44/20260901/episode_20260901_075149_000_d928068e.npy.mp4
01a05bf2-dcb0-76d7-bcdf-88debcd66215,industrial packing,completed,yam,yam_0_61,30.8,huangrongbo,good,,,prod,2026-09-01 07:52:18.597882+00:00,2026-09-01 10:33:19.055880+00:00,/nfs/data/sz_44/20260901/episode_20260901_075038_000_289f8a55.npy.mp4
01a05bf3-6950-71e2-8116-51ed80355169,industrial packing,completed,yam,yam_0_61,30.8,huangrongbo,good,,,prod,2026-09-01 07:52:55.888628+00:00,2026-09-01 10:33:18.948593+00:00,/nfs/data/sz_44/20260901/episode_20260901_075114_000_72a828ad.npy.mp4
01a05bf4-8290-7bf8-be77-ca7f41659783,industrial packing,completed,yam,yam_0_61,32.4,huangrongbo,good,,,prod,2026-09-01 07:54:11.612858+00:00,2026-09-01 10:33:18.606535+00:00,/nfs/data/sz_44/20260901/episode_20260901_075226_000_98fd2e2a.npy.mp4
01a05bf5-0b48-79f9-8ec1-946757209bfe,industrial packing,completed,yam,yam_0_61,32.6,huangrongbo,good,,,prod,2026-09-01 07:54:44.911967+00:00,2026-09-01 10:33:18.314296+00:00,/nfs/data/sz_44/20260901/episode_20260901_075301_000_56b0cad8.npy.mp4
01a05bf5-9bd0-7e3b-b786-ef904b345734,industrial packing,completed,yam,yam_0_61,33.1,huangrongbo,good,,,prod,2026-09-01 07:55:22.204176+00:00,2026-09-01 10:33:18.241340+00:00,/nfs/data/sz_44/20260901/episode_20260901_075338_000_847d4452.npy.mp4
01a05bf6-b8f8-7db8-84ff-6e8eea504e11,industrial packing,completed,yam,yam_0_61,33.7,huangrongbo,good,,,prod,2026-09-01 07:56:38.859487+00:00,2026-09-01 10:33:17.404540+00:00,/nfs/data/sz_44/20260901/episode_20260901_075451_000_cceb5610.npy.mp4
01a05bf6-2c58-76ed-95f1-5dac588496b3,industrial packing,completed,yam,yam_0_61,32.9,huangrongbo,good,,,prod,2026-09-01 07:56:00.518251+00:00,2026-09-01 10:33:17.348603+00:00,/nfs/data/sz_44/20260901/episode_20260901_075415_000_e16fc4dd.npy.mp4
01a05bf7-4d68-7f9f-8445-094a4c659d9f,industrial packing,completed,yam,yam_0_61,33.4,huangrongbo,good,,,prod,2026-09-01 07:57:16.168229+00:00,2026-09-01 10:33:17.128337+00:00,/nfs/data/sz_44/20260901/episode_20260901_075529_000_a7cc571c.npy.mp4
01a05bf8-5ed8-7b30-9f84-8ccbfbe3878c,industrial packing,completed,yam,yam_0_61,34.9,huangrongbo,good,,,prod,2026-09-01 07:58:26.796330+00:00,2026-09-01 10:33:16.928010+00:00,/nfs/data/sz_44/20260901/episode_20260901_075639_000_48c97bce.npy.mp4
01a05bf7-ddf0-7cb3-aeb7-ad42d1ab4194,industrial packing,completed,yam,yam_0_61,29.5,huangrongbo,good,,,prod,2026-09-01 07:57:48.448550+00:00,2026-09-01 10:33:16.462348+00:00,/nfs/data/sz_44/20260901/episode_20260901_075606_000_ac2ca77d.npy.mp4
01a05bf8-f730-7a4c-8060-d58beb3bcdba,industrial packing,completed,yam,yam_0_61,32.7,huangrongbo,good,,,prod,2026-09-01 07:59:05.119459+00:00,2026-09-01 10:33:16.182991+00:00,/nfs/data/sz_44/20260901/episode_20260901_075718_000_186979cf.npy.mp4
01a05bfa-04b8-767f-ad7c-cf54eec7af4f,industrial packing,completed,yam,yam_0_61,32.7,huangrongbo,good,,,prod,2026-09-01 08:00:09.708563+00:00,2026-09-01 10:33:15.881144+00:00,/nfs/data/sz_44/20260901/episode_20260901_075827_000_d47fe5e3.npy.mp4
01a05bf9-83d0-760d-8b8f-13fd1ae05242,industrial packing,completed,yam,yam_0_61,29.4,huangrongbo,good,,,prod,2026-09-01 07:59:32.394804+00:00,2026-09-01 10:33:15.728383+00:00,/nfs/data/sz_44/20260901/episode_20260901_075754_000_566fa90f.npy.mp4
01a05bfb-3180-7ce8-8188-3549c5195dfb,industrial packing,completed,yam,yam_0_61,28.2,huangrongbo,good,,,prod,2026-09-01 08:01:23.295246+00:00,2026-09-01 10:33:15.517598+00:00,/nfs/data/sz_44/20260901/episode_20260901_075944_000_d7cf7568.npy.mp4
01a05bfa-9158-7e85-b2f7-064e8d5a0a7a,industrial packing,completed,yam,yam_0_61,31.8,huangrongbo,good,,,prod,2026-09-01 08:00:47.036172+00:00,2026-09-01 10:33:15.086835+00:00,/nfs/data/sz_44/20260901/episode_20260901_075903_000_54fc47cf.npy.mp4
01a05bfc-d378-7d9b-9341-2bf0e648e56e,industrial packing,completed,yam,yam_0_61,31.2,huangrongbo,good,,,prod,2026-09-01 08:03:12.724965+00:00,2026-09-01 10:33:14.553906+00:00,/nfs/data/sz_44/20260901/episode_20260901_080131_000_4ae95440.npy.mp4
01a05bfd-5c30-7ef4-a420-1d084e38c19d,industrial packing,completed,yam,yam_0_61,29.0,huangrongbo,good,,,prod,2026-09-01 08:03:44.050184+00:00,2026-09-01 10:33:14.002397+00:00,/nfs/data/sz_44/20260901/episode_20260901_080206_000_9e157437.npy.mp4
01a05bfd-dd18-753c-9c5d-5804ac40fcef,industrial packing,completed,yam,yam_0_61,34.7,huangrongbo,good,,,prod,2026-09-01 08:04:26.383408+00:00,2026-09-01 10:33:13.653509+00:00,/nfs/data/sz_44/20260901/episode_20260901_080239_000_04f57127.npy.mp4
01a05bfe-8510-7ad8-b0ca-55de71cff200,industrial packing,completed,yam,yam_0_61,32.9,huangrongbo,good,,,prod,2026-09-01 08:05:09.737048+00:00,2026-09-01 10:33:13.640613+00:00,/nfs/data/sz_44/20260901/episode_20260901_080322_000_f5717e8d.npy.mp4
01a05bff-1598-70b9-b824-630658434d57,industrial packing,completed,yam,yam_0_61,30.7,huangrongbo,good,,,prod,2026-09-01 08:05:42.036617+00:00,2026-09-01 10:33:13.501450+00:00,/nfs/data/sz_44/20260901/episode_20260901_080359_000_3b37c76f.npy.mp4
01a05bff-9a68-7a26-9cbe-54f6dabf6cb9,industrial packing,completed,yam,yam_0_61,34.4,huangrongbo,good,,,prod,2026-09-01 08:06:20.331658+00:00,2026-09-01 10:33:13.376040+00:00,/nfs/data/sz_44/20260901/episode_20260901_080433_000_6ef2e6c5.npy.mp4
01a05c00-c348-7498-acdc-aae1ddcfc2e5,industrial packing,completed,yam,yam_0_61,30.9,huangrongbo,good,,,prod,2026-09-01 08:07:30.982672+00:00,2026-09-01 10:33:12.970320+00:00,/nfs/data/sz_44/20260901/episode_20260901_080549_000_fe5cabb9.npy.mp4
01a05c00-32c0-7b5e-9cb1-1a1f294a0a38,industrial packing,completed,yam,yam_0_61,32.4,huangrongbo,good,,,prod,2026-09-01 08:06:58.651661+00:00,2026-09-01 10:33:12.623160+00:00,/nfs/data/sz_44/20260901/episode_20260901_080512_000_d069d74a.npy.mp4
01a05c01-d4b8-738b-a98c-a028ce7fa569,industrial packing,completed,yam,yam_0_61,28.7,huangrongbo,good,,,prod,2026-09-01 08:08:39.673866+00:00,2026-09-01 10:33:12.576957+00:00,/nfs/data/sz_44/20260901/episode_20260901_080659_000_a94907c8.npy.mp4
01a05c01-4c00-7cd2-85eb-dbc12cf49aec,industrial packing,completed,yam,yam_0_61,30.2,huangrongbo,good,,,prod,2026-09-01 08:08:08.287319+00:00,2026-09-01 10:33:12.171375+00:00,/nfs/data/sz_44/20260901/episode_20260901_080624_000_824c8060.npy.mp4
01a05c02-55a0-7187-b0d6-e7439cefd8e9,industrial packing,completed,yam,yam_0_61,28.2,huangrongbo,good,,,prod,2026-09-01 08:09:11.121093+00:00,2026-09-01 10:33:11.578940+00:00,/nfs/data/sz_44/20260901/episode_20260901_080732_000_3a4c480a.npy.mp4
01a05c02-de58-7bd9-b0f8-3dc39179ef0a,industrial packing,completed,yam,yam_0_61,30.8,huangrongbo,good,,,prod,2026-09-01 08:09:48.423055+00:00,2026-09-01 10:33:11.536513+00:00,/nfs/data/sz_44/20260901/episode_20260901_080807_000_f4020660.npy.mp4
01a05c03-6af8-7a21-b5b7-3114f9cb58d0,industrial packing,completed,yam,yam_0_61,31.3,huangrongbo,good,,,prod,2026-09-01 08:10:25.717809+00:00,2026-09-01 10:33:11.175601+00:00,/nfs/data/sz_44/20260901/episode_20260901_080843_000_a8083827.npy.mp4
01a05c03-f3b0-77f6-8dde-864260942d11,industrial packing,completed,yam,yam_0_61,29.5,huangrongbo,good,,,prod,2026-09-01 08:10:58.062410+00:00,2026-09-01 10:33:11.121764+00:00,/nfs/data/sz_44/20260901/episode_20260901_080918_000_324e43ff.npy.mp4
01a05c04-7498-74d4-96b5-2755863e029e,industrial packing,completed,yam,yam_0_61,33.1,huangrongbo,good,,,prod,2026-09-01 08:11:36.540885+00:00,2026-09-01 10:33:10.779301+00:00,/nfs/data/sz_44/20260901/episode_20260901_080951_000_45c5a2ed.npy.mp4
01a05c05-0520-712e-82ee-b287cee99876,industrial packing,completed,yam,yam_0_61,30.6,huangrongbo,good,,,prod,2026-09-01 08:12:13.508812+00:00,2026-09-01 10:33:10.613951+00:00,/nfs/data/sz_44/20260901/episode_20260901_081028_000_e1692229.npy.mp4
01a05c05-89f0-77a8-ac79-e3b7062ec763,industrial packing,completed,yam,yam_0_61,30.2,huangrongbo,good,,,prod,2026-09-01 08:12:45.857675+00:00,2026-09-01 10:33:09.880238+00:00,/nfs/data/sz_44/20260901/episode_20260901_081102_000_17d3993d.npy.mp4
01a05c06-0ec0-755b-bdf1-68c79def2440,industrial packing,completed,yam,yam_0_61,31.5,huangrongbo,good,,,prod,2026-09-01 08:13:18.242533+00:00,2026-09-01 10:33:09.632071+00:00,/nfs/data/sz_44/20260901/episode_20260901_081136_000_49c172f7.npy.mp4
01a05c06-9f48-77eb-8780-6e839e048ded,industrial packing,completed,yam,yam_0_61,30.2,huangrongbo,good,,,prod,2026-09-01 08:13:54.588092+00:00,2026-09-01 10:33:09.555320+00:00,/nfs/data/sz_44/20260901/episode_20260901_081213_000_e4910f0f.npy.mp4
01a05c07-acd0-7e9e-99ee-7e38f56d1239,industrial packing,completed,yam,yam_0_61,29.4,huangrongbo,good,,,prod,2026-09-01 08:15:03.238546+00:00,2026-09-01 10:33:09.436306+00:00,/nfs/data/sz_44/20260901/episode_20260901_081322_000_922f73b4.npy.mp4
01a05c07-2800-7241-8dc7-fd1b4f665d50,industrial packing,completed,yam,yam_0_61,29.6,huangrongbo,good,,,prod,2026-09-01 08:14:26.907194+00:00,2026-09-01 10:33:09.365256+00:00,/nfs/data/sz_44/20260901/episode_20260901_081248_000_dca692ab.npy.mp4
01a05c0a-25a0-7090-87af-cf40e7ec7fd0,industrial packing,completed,yam,yam_0_61,31.2,huangrongbo,good,,,prod,2026-09-01 08:17:47.926061+00:00,2026-09-01 10:33:09.056450+00:00,/nfs/data/sz_44/20260901/episode_20260901_081604_000_fc2d4318.npy.mp4
01a05c08-31a0-7f3c-80f9-4f290838bb81,industrial packing,completed,yam,yam_0_61,25.8,huangrongbo,good,,,prod,2026-09-01 08:15:29.515044+00:00,2026-09-01 10:33:09.035865+00:00,/nfs/data/sz_44/20260901/episode_20260901_081356_000_4fb33972.npy.mp4
01a05c08-a2e8-7115-9b6a-d01eeb848ef6,industrial packing,completed,yam,yam_0_61,28.4,huangrongbo,good,,,prod,2026-09-01 08:16:06.836564+00:00,2026-09-01 10:33:09.033527+00:00,/nfs/data/sz_44/20260901/episode_20260901_081425_000_6e5e59fa.npy.mp4
01a05c09-1fe8-7fda-9396-c79b6ef9b534,industrial packing,completed,yam,yam_0_61,28.4,huangrongbo,good,,,prod,2026-09-01 08:16:38.190473+00:00,2026-09-01 10:33:08.943389+00:00,/nfs/data/sz_44/20260901/episode_20260901_081457_000_60490a8e.npy.mp4
01a05c09-a0d0-7b68-adef-18cc48ba5050,industrial packing,completed,yam,yam_0_61,29.6,huangrongbo,good,,,prod,2026-09-01 08:17:10.551227+00:00,2026-09-01 10:33:08.830608+00:00,/nfs/data/sz_44/20260901/episode_20260901_081530_000_ae0adda3.npy.mp4
01a05c0c-b1f8-7f03-babd-11ab537ca6cc,industrial packing,completed,yam,yam_0_61,28.8,huangrongbo,good,,,prod,2026-09-01 08:20:33.551872+00:00,2026-09-01 10:33:08.747003+00:00,/nfs/data/sz_44/20260901/episode_20260901_081851_000_dccdea4e.npy.mp4
01a05c0b-3328-7f27-9526-2a8dd4c946cc,industrial packing,completed,yam,yam_0_61,31.1,huangrongbo,good,,,prod,2026-09-01 08:18:57.601854+00:00,2026-09-01 10:33:08.568505+00:00,/nfs/data/sz_44/20260901/episode_20260901_081713_000_76e29b64.npy.mp4
01a05c0a-ae58-752e-a7fa-a1a131acc89b,industrial packing,completed,yam,yam_0_61,30.0,huangrongbo,good,,,prod,2026-09-01 08:18:20.262988+00:00,2026-09-01 10:33:08.546733+00:00,/nfs/data/sz_44/20260901/episode_20260901_081639_000_922718f7.npy.mp4
01a05c0b-bbe0-7534-8c03-39487211cd8e,industrial packing,completed,yam,yam_0_61,26.8,huangrongbo,good,,,prod,2026-09-01 08:19:23.921959+00:00,2026-09-01 10:33:08.092896+00:00,/nfs/data/sz_44/20260901/episode_20260901_081748_000_9574c5b1.npy.mp4
01a05c0c-34f8-7d73-9527-8a96ae409c17,industrial packing,completed,yam,yam_0_61,27.9,huangrongbo,good,,,prod,2026-09-01 08:20:01.242304+00:00,2026-09-01 10:33:07.980876+00:00,/nfs/data/sz_44/20260901/episode_20260901_081819_000_98cf24a1.npy.mp4
01a05c0d-2ef8-7c5b-94c8-7ca9c9273a46,industrial packing,completed,yam,yam_0_61,29.0,huangrongbo,good,,,prod,2026-09-01 08:21:05.841745+00:00,2026-09-01 10:33:07.779291+00:00,/nfs/data/sz_44/20260901/episode_20260901_081923_000_c53fbdea.npy.mp4
01a05c10-9610-7b1c-b885-22f0270fb651,industrial packing,completed,yam,yam_0_61,26.9,huangrongbo,good,,,prod,2026-09-01 08:24:42.073498+00:00,2026-09-01 10:33:07.530016+00:00,/nfs/data/sz_44/20260901/episode_20260901_082306_000_283b3162.npy.mp4
01a05c0d-b3c8-7d40-b17d-8b8e223bcb50,industrial packing,completed,yam,yam_0_61,29.3,huangrongbo,good,,,prod,2026-09-01 08:21:38.166880+00:00,2026-09-01 10:33:07.328693+00:00,/nfs/data/sz_44/20260901/episode_20260901_081957_000_3de1e69e.npy.mp4
01a05c0e-34b0-78b7-8c02-6f6010b57f32,industrial packing,completed,yam,yam_0_61,30.2,huangrongbo,good,,,prod,2026-09-01 08:22:10.962170+00:00,2026-09-01 10:33:07.002843+00:00,/nfs/data/sz_44/20260901/episode_20260901_082030_000_3732d55b.npy.mp4
01a05c0f-3680-7cb0-83c4-f6df4796ac0c,industrial packing,completed,yam,yam_0_61,25.2,huangrongbo,good,,,prod,2026-09-01 08:23:12.989682+00:00,2026-09-01 10:33:06.792825+00:00,/nfs/data/sz_44/20260901/episode_20260901_082136_000_0e9e97cf.npy.mp4
01a05c0e-b980-7caf-873d-cf16fc81ec89,industrial packing,completed,yam,yam_0_61,25.8,huangrongbo,good,,,prod,2026-09-01 08:22:41.942788+00:00,2026-09-01 10:33:06.769571+00:00,/nfs/data/sz_44/20260901/episode_20260901_082104_000_18a7898d.npy.mp4
01a05c0f-a7c8-74a1-a443-a413e407bb7a,industrial packing,completed,yam,yam_0_61,26.4,huangrongbo,good,,,prod,2026-09-01 08:23:44.800480+00:00,2026-09-01 10:33:06.686245+00:00,/nfs/data/sz_44/20260901/episode_20260901_082205_000_19763637.npy.mp4
01a05c10-20e0-74a1-b4a6-21a7a33df185,industrial packing,completed,yam,yam_0_61,26.6,huangrongbo,good,,,prod,2026-09-01 08:24:11.227287+00:00,2026-09-01 10:33:06.571656+00:00,/nfs/data/sz_44/20260901/episode_20260901_082236_000_75bc9ee2.npy.mp4
01a05c11-16f8-7975-b087-4d7d1065eba5,industrial packing,completed,yam,yam_0_61,24.3,huangrongbo,good,,,prod,2026-09-01 08:25:13.479160+00:00,2026-09-01 10:33:05.863349+00:00,/nfs/data/sz_44/20260901/episode_20260901_082339_000_058affae.npy.mp4
01a05c11-8458-7510-b212-a474284ca2d4,industrial packing,completed,yam,yam_0_61,26.6,huangrongbo,good,,,prod,2026-09-01 08:25:45.017407+00:00,2026-09-01 10:33:05.845269+00:00,/nfs/data/sz_44/20260901/episode_20260901_082407_000_ba189eee.npy.mp4
01a05c11-fd70-7d6f-a4ea-42465e6cf2a2,industrial packing,completed,yam,yam_0_61,23.5,huangrongbo,good,,,prod,2026-09-01 08:26:10.769438+00:00,2026-09-01 10:33:05.732078+00:00,/nfs/data/sz_44/20260901/episode_20260901_082438_000_0def7e5a.npy.mp4
01a05c12-6ad0-7af5-ab65-622783992d57,industrial packing,completed,yam,yam_0_61,24.3,huangrongbo,good,,,prod,2026-09-01 08:26:41.947432+00:00,2026-09-01 10:33:05.722534+00:00,/nfs/data/sz_44/20260901/episode_20260901_082506_000_8e71ddce.npy.mp4
01a05c12-d830-76c4-84c5-89cbd83a44ce,industrial packing,completed,yam,yam_0_61,25.6,huangrongbo,good,,,prod,2026-09-01 08:27:13.720481+00:00,2026-09-01 10:33:05.497028+00:00,/nfs/data/sz_44/20260901/episode_20260901_082534_000_99444aba.npy.mp4
01a05c13-4d60-75f8-8d4a-2715c2411810,industrial packing,completed,yam,yam_0_61,24.9,huangrongbo,good,,,prod,2026-09-01 08:27:40.112347+00:00,2026-09-01 10:33:05.359269+00:00,/nfs/data/sz_44/20260901/episode_20260901_082604_000_9b12d057.npy.mp4
01a05c13-c290-70b2-9fed-5122ce586c73,industrial packing,completed,yam,yam_0_61,25.5,huangrongbo,good,,,prod,2026-09-01 08:28:09.970736+00:00,2026-09-01 10:33:04.862983+00:00,/nfs/data/sz_44/20260901/episode_20260901_082634_000_c8b5ea74.npy.mp4
01a05c14-37c0-7129-bd66-5330cd9e8e8c,industrial packing,completed,yam,yam_0_61,27.6,huangrongbo,good,,,prod,2026-09-01 08:28:41.422287+00:00,2026-09-01 10:32:57.983762+00:00,/nfs/data/sz_44/20260901/episode_20260901_082704_000_5e6a7d5b.npy.mp4
01a05c14-b4c0-77f0-81f3-430afbacfbb7,industrial packing,completed,yam,yam_0_61,27.4,huangrongbo,good,,,prod,2026-09-01 08:29:12.823894+00:00,2026-09-01 10:32:57.814043+00:00,/nfs/data/sz_44/20260901/episode_20260901_082736_000_b70d160f.npy.mp4
01a05c15-2dd8-7ee4-89e5-b40c3972a2e9,industrial packing,completed,yam,yam_0_61,26.9,huangrongbo,good,,,prod,2026-09-01 08:29:44.695207+00:00,2026-09-01 10:32:57.613019+00:00,/nfs/data/sz_44/20260901/episode_20260901_082807_000_91aa9c7d.npy.mp4
01a05c15-a6f0-7972-9472-31e2855588fc,industrial packing,completed,yam,yam_0_61,28.6,huangrongbo,good,,,prod,2026-09-01 08:30:16.536696+00:00,2026-09-01 10:32:57.131699+00:00,/nfs/data/sz_44/20260901/episode_20260901_082838_000_11d31938.npy.mp4
01a05c16-2bc0-7e24-9baa-2f6c8a626003,industrial packing,completed,yam,yam_0_61,32.3,huangrongbo,good,,,prod,2026-09-01 08:30:57.895747+00:00,2026-09-01 10:32:57.085267+00:00,/nfs/data/sz_44/20260901/episode_20260901_082912_000_ba7d7e4f.npy.mp4
01a05c17-e528-7ad1-9f1c-cf9859443fb9,industrial packing,completed,yam,yam_0_61,30.5,huangrongbo,good,,,prod,2026-09-01 08:32:45.479744+00:00,2026-09-01 10:32:56.871869+00:00,/nfs/data/sz_44/20260901/episode_20260901_083105_000_cc2cb637.npy.mp4
01a05c18-6de0-7d0b-8818-631e7997c793,industrial packing,completed,yam,yam_0_61,28.5,huangrongbo,good,,,prod,2026-09-01 08:33:16.766595+00:00,2026-09-01 10:32:56.838621+00:00,/nfs/data/sz_44/20260901/episode_20260901_083140_000_19869ad5.npy.mp4
01a05c19-67e0-7f8a-a908-8facfca173be,industrial packing,completed,yam,yam_0_61,27.8,huangrongbo,good,,,prod,2026-09-01 08:34:25.366651+00:00,2026-09-01 10:32:56.780107+00:00,/nfs/data/sz_44/20260901/episode_20260901_083244_000_f9890af3.npy.mp4
01a05c19-e4e0-737a-9e99-b7f9b1a49a1f,industrial packing,completed,yam,yam_0_61,28.8,huangrongbo,good,,,prod,2026-09-01 08:34:56.651385+00:00,2026-09-01 10:32:56.639053+00:00,/nfs/data/sz_44/20260901/episode_20260901_083316_000_70d58c21.npy.mp4
01a05c18-eae0-7bd8-b18f-23d62addfe75,industrial packing,completed,yam,yam_0_61,27.3,huangrongbo,good,,,prod,2026-09-01 08:33:48.047722+00:00,2026-09-01 10:32:56.611474+00:00,/nfs/data/sz_44/20260901/episode_20260901_083212_000_4f1e017c.npy.mp4
01a05c1a-65c8-799e-bb8c-5f07d03276bf,industrial packing,completed,yam,yam_0_61,28.1,huangrongbo,good,,,prod,2026-09-01 08:35:28.949868+00:00,2026-09-01 10:32:56.314303+00:00,/nfs/data/sz_44/20260901/episode_20260901_083349_000_e1fbc562.npy.mp4
01a05c1a-e2c8-7ba6-ba1b-429d480ac1c7,industrial packing,completed,yam,yam_0_61,29.6,huangrongbo,good,,,prod,2026-09-01 08:36:01.307314+00:00,2026-09-01 10:32:56.256937+00:00,/nfs/data/sz_44/20260901/episode_20260901_083421_000_fcf31f86.npy.mp4
01a05c1b-dcc8-7b2c-8dcc-58d666bd8272,industrial packing,completed,yam,yam_0_61,30.8,huangrongbo,good,,,prod,2026-09-01 08:37:10.995961+00:00,2026-09-01 10:32:56.233945+00:00,/nfs/data/sz_44/20260901/episode_20260901_083525_000_32480603.npy.mp4
01a05c1b-6798-77bd-af5b-772c78122c98,industrial packing,completed,yam,yam_0_61,26.8,huangrongbo,good,,,prod,2026-09-01 08:36:32.697935+00:00,2026-09-01 10:32:55.938835+00:00,/nfs/data/sz_44/20260901/episode_20260901_083455_000_1313cdbb.npy.mp4
01a05c1c-6580-7eeb-8699-4ec2f44bcab7,industrial packing,completed,yam,yam_0_61,22.9,huangrongbo,good,,,prod,2026-09-01 08:37:31.266051+00:00,2026-09-01 10:32:55.694699+00:00,/nfs/data/sz_44/20260901/episode_20260901_083600_000_31df4dd5.npy.mp4
01a05c1d-4810-7517-9589-8bc364faf425,industrial packing,completed,yam,yam_0_61,26.5,huangrongbo,good,,,prod,2026-09-01 08:38:32.915496+00:00,2026-09-01 10:32:55.378138+00:00,/nfs/data/sz_44/20260901/episode_20260901_083658_000_e690910b.npy.mp4
01a05c1c-cef8-7fda-a4a5-7adb690d8cab,industrial packing,completed,yam,yam_0_61,25.0,huangrongbo,good,,,prod,2026-09-01 08:38:01.635555+00:00,2026-09-01 10:32:55.258084+00:00,/nfs/data/sz_44/20260901/episode_20260901_083627_000_74cc9d7a.npy.mp4
01a05c1e-b358-768c-8765-59bdc5cde950,industrial packing,completed,yam,yam_0_61,26.3,huangrongbo,good,,,prod,2026-09-01 08:40:06.895278+00:00,2026-09-01 10:32:55.033308+00:00,/nfs/data/sz_44/20260901/episode_20260901_083831_000_8fee3439.npy.mp4
01a05c1d-bd40-7561-808b-a3b7be06d14b,industrial packing,completed,yam,yam_0_61,27.6,huangrongbo,good,,,prod,2026-09-01 08:39:04.222057+00:00,2026-09-01 10:32:54.983324+00:00,/nfs/data/sz_44/20260901/episode_20260901_083728_000_9aa0a13b.npy.mp4
01a05c1e-3a40-70af-8528-d7fbf2a9da7a,industrial packing,completed,yam,yam_0_61,27.0,huangrongbo,good,,,prod,2026-09-01 08:39:35.535439+00:00,2026-09-01 10:32:54.749258+00:00,/nfs/data/sz_44/20260901/episode_20260901_083800_000_331eab68.npy.mp4
01a05c20-2670-716a-9e8d-ea7d424d2455,industrial packing,completed,yam,yam_0_61,29.3,huangrongbo,good,,,prod,2026-09-01 08:41:46.940485+00:00,2026-09-01 10:32:54.668412+00:00,/nfs/data/sz_44/20260901/episode_20260901_084006_000_2296b32b.npy.mp4
01a05c1f-2888-75a7-b341-22e0cfef1f07,industrial packing,completed,yam,yam_0_61,26.7,huangrongbo,good,,,prod,2026-09-01 08:40:38.260748+00:00,2026-09-01 10:32:54.477733+00:00,/nfs/data/sz_44/20260901/episode_20260901_083901_000_782f8cbc.npy.mp4
01a05c1f-a970-771d-bfda-d546e2ad6ee1,industrial packing,completed,yam,yam_0_61,28.2,huangrongbo,good,,,prod,2026-09-01 08:41:10.627444+00:00,2026-09-01 10:32:54.130485+00:00,/nfs/data/sz_44/20260901/episode_20260901_083934_000_3350f360.npy.mp4
01a05c21-89e8-7236-9dba-9798a505d5cc,industrial packing,completed,yam,yam_0_61,25.0,huangrongbo,good,,,prod,2026-09-01 08:43:10.810968+00:00,2026-09-01 10:32:53.906995+00:00,/nfs/data/sz_44/20260901/episode_20260901_084137_000_8bbbb0f4.npy.mp4
01a05c20-a758-74ae-95d4-d86518c934fa,industrial packing,completed,yam,yam_0_61,22.9,huangrongbo,good,,,prod,2026-09-01 08:42:13.227668+00:00,2026-09-01 10:32:53.901057+00:00,/nfs/data/sz_44/20260901/episode_20260901_084039_000_f4cba68c.npy.mp4
01a05c21-10d0-707a-9db1-1d321775b787,industrial packing,completed,yam,yam_0_61,27.0,huangrongbo,good,,,prod,2026-09-01 08:42:44.530805+00:00,2026-09-01 10:32:53.823767+00:00,/nfs/data/sz_44/20260901/episode_20260901_084106_000_70ee27fd.npy.mp4
01a05c21-fb30-703d-ada3-1d32c5b3b68d,industrial packing,completed,yam,yam_0_61,23.6,huangrongbo,good,,,prod,2026-09-01 08:43:41.153024+00:00,2026-09-01 10:32:53.560724+00:00,/nfs/data/sz_44/20260901/episode_20260901_084206_000_5c1228cb.npy.mp4
01a05c22-e1a8-7127-9a13-351efefb818f,industrial packing,completed,yam,yam_0_61,23.5,huangrongbo,good,,,prod,2026-09-01 08:44:37.751920+00:00,2026-09-01 10:32:53.243257+00:00,/nfs/data/sz_44/20260901/episode_20260901_084305_000_b5950d55.npy.mp4
01a05c22-6890-79f4-a821-5e302c355fbf,industrial packing,completed,yam,yam_0_61,22.0,huangrongbo,good,,,prod,2026-09-01 08:44:06.431144+00:00,2026-09-01 10:32:53.019008+00:00,/nfs/data/sz_44/20260901/episode_20260901_084234_000_3df29a74.npy.mp4
01a05c24-3580-7e47-801f-f1a4f0d13ecb,industrial packing,completed,yam,yam_0_61,25.7,huangrongbo,good,,,prod,2026-09-01 08:46:10.688235+00:00,2026-09-01 10:32:52.774066+00:00,/nfs/data/sz_44/20260901/episode_20260901_084432_000_0b4480e2.npy.mp4
01a05c23-cc08-7888-88bf-b45ed50bec10,industrial packing,completed,yam,yam_0_61,22.7,huangrongbo,good,,,prod,2026-09-01 08:45:39.399374+00:00,2026-09-01 10:32:52.698482+00:00,/nfs/data/sz_44/20260901/episode_20260901_084405_000_224f7ba4.npy.mp4
01a05c23-4f08-7abf-b178-6c5412e500e6,industrial packing,completed,yam,yam_0_61,27.3,huangrongbo,good,,,prod,2026-09-01 08:45:08.072654+00:00,2026-09-01 10:32:52.499280+00:00,/nfs/data/sz_44/20260901/episode_20260901_084333_000_c9a704a6.npy.mp4
01a05c25-9ce0-7fd3-818c-7835c00e18ec,industrial packing,completed,yam,yam_0_61,25.3,huangrongbo,good,,,prod,2026-09-01 08:47:39.999398+00:00,2026-09-01 10:32:52.068243+00:00,/nfs/data/sz_44/20260901/episode_20260901_084604_000_93419c1e.npy.mp4
01a05c24-ae98-7d50-a92d-49074be97e88,industrial packing,completed,yam,yam_0_61,26.7,huangrongbo,good,,,prod,2026-09-01 08:46:42.127802+00:00,2026-09-01 10:32:51.952398+00:00,/nfs/data/sz_44/20260901/episode_20260901_084503_000_afb8adbe.npy.mp4
01a05c25-23c8-7d8a-9768-03590eaf1bc0,industrial packing,completed,yam,yam_0_61,27.2,huangrongbo,good,,,prod,2026-09-01 08:47:14.691119+00:00,2026-09-01 10:32:51.915626+00:00,/nfs/data/sz_44/20260901/episode_20260901_084533_000_ec53d1d3.npy.mp4
01a05c26-0e28-7905-ae3b-8a9b1e1c41b4,industrial packing,completed,yam,yam_0_61,30.5,huangrongbo,good,,,prod,2026-09-01 08:48:17.343765+00:00,2026-09-01 10:32:51.543367+00:00,/nfs/data/sz_44/20260901/episode_20260901_084633_000_9cbe11bb.npy.mp4
01a05c26-96e0-7d57-a91b-c2b8d91625a7,industrial packing,completed,yam,yam_0_61,24.1,huangrongbo,good,,,prod,2026-09-01 08:48:43.760711+00:00,2026-09-01 10:32:51.406957+00:00,/nfs/data/sz_44/20260901/episode_20260901_084708_000_7b095d40.npy.mp4
01a05c27-0440-7267-9d17-aac3de1316fd,industrial packing,completed,yam,yam_0_61,23.6,huangrongbo,good,,,prod,2026-09-01 08:49:10.455151+00:00,2026-09-01 10:32:50.875696+00:00,/nfs/data/sz_44/20260901/episode_20260901_084736_000_40438caa.npy.mp4
01a05c28-a250-715a-a2e7-94e8bcb4750f,industrial packing,completed,yam,yam_0_61,24.1,huangrongbo,good,,,prod,2026-09-01 08:50:54.983041+00:00,2026-09-01 10:32:50.771366+00:00,/nfs/data/sz_44/20260901/episode_20260901_084922_000_568e0833.npy.mp4
01a05c29-1f50-7ecd-952f-3f8791eec0b1,industrial packing,completed,yam,yam_0_61,25.0,huangrongbo,good,,,prod,2026-09-01 08:51:31.337122+00:00,2026-09-01 10:32:50.621811+00:00,/nfs/data/sz_44/20260901/episode_20260901_084954_000_a5436ef1.npy.mp4
01a05c29-9098-7184-81f4-6f344eff1c04,industrial packing,completed,yam,yam_0_61,25.5,huangrongbo,good,,,prod,2026-09-01 08:51:57.785584+00:00,2026-09-01 10:32:50.525455+00:00,/nfs/data/sz_44/20260901/episode_20260901_085023_000_3841cb33.npy.mp4
01a05c2a-01e0-7a21-8815-96c91a6e7c73,industrial packing,completed,yam,yam_0_61,27.8,huangrongbo,good,,,prod,2026-09-01 08:52:29.288256+00:00,2026-09-01 10:32:50.450262+00:00,/nfs/data/sz_44/20260901/episode_20260901_085052_000_736146f4.npy.mp4
01a05c2a-9650-7745-bf21-2bcfa6efa173,industrial packing,completed,yam,yam_0_61,23.4,huangrongbo,good,,,prod,2026-09-01 08:53:04.694127+00:00,2026-09-01 10:32:50.204659+00:00,/nfs/data/sz_44/20260901/episode_20260901_085130_000_a2c72f64.npy.mp4
01a05c2b-03b0-77bc-8c0a-0f6ff877dca4,industrial packing,completed,yam,yam_0_61,21.8,huangrongbo,good,,,prod,2026-09-01 08:53:29.981037+00:00,2026-09-01 10:32:50.045222+00:00,/nfs/data/sz_44/20260901/episode_20260901_085158_000_4c4036a6.npy.mp4
01a05c2b-6940-75d9-89a9-b88e09d42515,industrial packing,completed,yam,yam_0_61,24.2,huangrongbo,good,,,prod,2026-09-01 08:54:01.273387+00:00,2026-09-01 10:32:49.895546+00:00,/nfs/data/sz_44/20260901/episode_20260901_085224_000_53d6ba2b.npy.mp4
01a05c2c-47e8-7e58-8517-dba3221337cb,industrial packing,completed,yam,yam_0_61,27.6,huangrongbo,good,,,prod,2026-09-01 08:54:58.874925+00:00,2026-09-01 10:32:49.890977+00:00,/nfs/data/sz_44/20260901/episode_20260901_085321_000_155c26c6.npy.mp4
01a05c2b-da88-735f-8cbc-cfc9a3191d84,industrial packing,completed,yam,yam_0_61,24.3,huangrongbo,good,,,prod,2026-09-01 08:54:26.566107+00:00,2026-09-01 10:32:49.823848+00:00,/nfs/data/sz_44/20260901/episode_20260901_085253_000_083cca8d.npy.mp4
01a05c2c-c4e8-7195-96bc-bf89a9f715fb,industrial packing,completed,yam,yam_0_61,22.7,huangrongbo,good,,,prod,2026-09-01 08:55:24.178580+00:00,2026-09-01 10:32:49.777387+00:00,/nfs/data/sz_44/20260901/episode_20260901_085353_000_d25ae2e2.npy.mp4
01a05c2d-2e60-7205-9840-9b3ae6a0f667,industrial packing,completed,yam,yam_0_61,23.4,huangrongbo,good,,,prod,2026-09-01 08:55:54.446089+00:00,2026-09-01 10:32:49.556567+00:00,/nfs/data/sz_44/20260901/episode_20260901_085420_000_f096d7b1.npy.mp4
01a05c2d-97d8-749d-9c92-ef73f7c755f3,industrial packing,completed,yam,yam_0_61,25.5,huangrongbo,good,,,prod,2026-09-01 08:56:20.741868+00:00,2026-09-01 10:32:49.490103+00:00,/nfs/data/sz_44/20260901/episode_20260901_085447_000_d9e50f34.npy.mp4
01a05c2e-0d08-722b-9194-12e1c6acfa1c,industrial packing,completed,yam,yam_0_61,23.5,huangrongbo,good,,,prod,2026-09-01 08:56:52.081440+00:00,2026-09-01 10:32:49.446452+00:00,/nfs/data/sz_44/20260901/episode_20260901_085517_000_b3098f7a.npy.mp4
01a05c2e-7a68-7baa-9571-d781d130af96,industrial packing,completed,yam,yam_0_61,22.6,huangrongbo,good,,,prod,2026-09-01 08:57:17.410637+00:00,2026-09-01 10:32:49.380030+00:00,/nfs/data/sz_44/20260901/episode_20260901_085545_000_ce4d77fb.npy.mp4
01a05c2e-e7c8-7f0d-88e1-0fed3450b77b,industrial packing,completed,yam,yam_0_61,21.0,huangrongbo,good,,,prod,2026-09-01 08:57:41.731092+00:00,2026-09-01 10:32:49.327219+00:00,/nfs/data/sz_44/20260901/episode_20260901_085613_000_ba271701.npy.mp4
01a05c2f-4970-7f04-9c33-9bb715c15985,industrial packing,completed,yam,yam_0_61,23.1,huangrongbo,good,,,prod,2026-09-01 08:58:13.059446+00:00,2026-09-01 10:32:49.269126+00:00,/nfs/data/sz_44/20260901/episode_20260901_085638_000_46cd2b18.npy.mp4
01a05c2f-b6d0-7755-bcb5-15bbd8b0f722,industrial packing,completed,yam,yam_0_61,27.5,huangrongbo,good,,,prod,2026-09-01 08:58:45.376405+00:00,2026-09-01 10:32:49.193745+00:00,/nfs/data/sz_44/20260901/episode_20260901_085706_000_0a27fe13.npy.mp4
01a05c30-a900-70b6-b4ae-0750b143fd7f,industrial packing,completed,yam,yam_0_61,28.2,huangrongbo,good,,,prod,2026-09-01 08:59:49.174137+00:00,2026-09-01 10:32:48.764093+00:00,/nfs/data/sz_44/20260901/episode_20260901_085808_000_bce3dce8.npy.mp4
01a05c30-2fe8-705f-8fb5-8f4ee79b5d81,industrial packing,completed,yam,yam_0_61,26.4,huangrongbo,good,,,prod,2026-09-01 08:59:16.883334+00:00,2026-09-01 10:32:48.736648+00:00,/nfs/data/sz_44/20260901/episode_20260901_085737_000_0b738cae.npy.mp4
01a05c31-dd98-709a-bea5-26832192f5e2,industrial packing,completed,yam,yam_0_61,27.5,huangrongbo,good,,,prod,2026-09-01 09:01:06.840709+00:00,2026-09-01 10:32:48.348791+00:00,/nfs/data/sz_44/20260901/episode_20260901_085927_000_d595fd3c.npy.mp4
01a05c31-29e8-7625-9130-de28abdbf160,industrial packing,completed,yam,yam_0_61,27.8,huangrongbo,good,,,prod,2026-09-01 09:00:19.482552+00:00,2026-09-01 10:32:48.155942+00:00,/nfs/data/sz_44/20260901/episode_20260901_085841_000_af25d042.npy.mp4
01a05c32-5a98-726c-9a76-9090ba1b2f70,industrial packing,completed,yam,yam_0_61,25.3,huangrongbo,good,,,prod,2026-09-01 09:01:32.144724+00:00,2026-09-01 10:32:47.841258+00:00,/nfs/data/sz_44/20260901/episode_20260901_085959_000_6405140c.npy.mp4
01a05c38-a3f8-79ce-87c1-5dcd5c8d41e1,industrial packing,completed,yam,yam_0_61,25.9,huangrongbo,good,,,prod,2026-09-01 09:08:29.462940+00:00,2026-09-01 10:32:47.651115+00:00,/nfs/data/sz_44/20260901/episode_20260901_090651_000_a5238a01.npy.mp4
01a05c32-d3b0-7ed0-96bf-44b75f4c5f6c,industrial packing,completed,yam,yam_0_61,24.6,huangrongbo,good,,,prod,2026-09-01 09:02:02.463491+00:00,2026-09-01 10:32:47.239127+00:00,/nfs/data/sz_44/20260901/episode_20260901_090030_000_d76ebf22.npy.mp4
01a05c39-1928-7978-91b3-998c39952b2a,industrial packing,completed,yam,yam_0_61,24.8,huangrongbo,good,,,prod,2026-09-01 09:08:54.818243+00:00,2026-09-01 10:32:47.158132+00:00,/nfs/data/sz_44/20260901/episode_20260901_090721_000_f3dde86d.npy.mp4
01a05c39-8a70-7e49-96bd-909648c46c72,industrial packing,completed,yam,yam_0_61,27.1,huangrongbo,good,,,prod,2026-09-01 09:09:26.196035+00:00,2026-09-01 10:32:46.864138+00:00,/nfs/data/sz_44/20260901/episode_20260901_090750_000_760c4fd7.npy.mp4
01a05c3a-0770-700f-acd0-14d481fb5956,industrial packing,completed,yam,yam_0_61,25.9,huangrongbo,good,,,prod,2026-09-01 09:09:57.482300+00:00,2026-09-01 10:32:46.541524+00:00,/nfs/data/sz_44/20260901/episode_20260901_090822_000_aae4d408.npy.mp4
01a05c3a-78b8-7bac-9813-8da51c3e254a,industrial packing,completed,yam,yam_0_61,26.2,huangrongbo,good,,,prod,2026-09-01 09:10:28.775185+00:00,2026-09-01 10:32:45.793004+00:00,/nfs/data/sz_44/20260901/episode_20260901_090851_000_5b754567.npy.mp4
01a05c3a-ede8-7d62-be55-bf3edee76b0d,industrial packing,completed,yam,yam_0_61,27.6,huangrongbo,good,,,prod,2026-09-01 09:11:01.090172+00:00,2026-09-01 10:32:45.779553+00:00,/nfs/data/sz_44/20260901/episode_20260901_090921_000_eb8cbbf4.npy.mp4
01a05c3b-d460-74ac-b8bf-911ff2a38e19,industrial packing,completed,yam,yam_0_61,24.9,huangrongbo,good,,,prod,2026-09-01 09:11:58.687920+00:00,2026-09-01 10:32:45.594146+00:00,/nfs/data/sz_44/20260901/episode_20260901_091020_000_1f08807e.npy.mp4
01a05c3b-6ae8-7241-b211-f0265bf3d7cb,industrial packing,completed,yam,yam_0_61,23.4,huangrongbo,good,,,prod,2026-09-01 09:11:27.389994+00:00,2026-09-01 10:32:45.555951+00:00,/nfs/data/sz_44/20260901/episode_20260901_090953_000_3be040b6.npy.mp4
01a05c3c-45a8-79a5-8697-fa06695e8cce,industrial packing,completed,yam,yam_0_61,24.3,huangrongbo,good,,,prod,2026-09-01 09:12:23.998213+00:00,2026-09-01 10:32:45.459039+00:00,/nfs/data/sz_44/20260901/episode_20260901_091049_000_49658510.npy.mp4
01a05c3c-b6f0-7dcf-8f3d-28665fd0ad45,industrial packing,completed,yam,yam_0_61,27.6,huangrongbo,good,,,prod,2026-09-01 09:12:55.316075+00:00,2026-09-01 10:32:44.890632+00:00,/nfs/data/sz_44/20260901/episode_20260901_091118_000_2955a122.npy.mp4
01a05c3d-33f0-74e6-85ef-d66510e719ad,industrial packing,completed,yam,yam_0_61,23.7,huangrongbo,good,,,prod,2026-09-01 09:13:26.642578+00:00,2026-09-01 10:32:44.749865+00:00,/nfs/data/sz_44/20260901/episode_20260901_091150_000_5f821b48.npy.mp4
01a05c3d-a150-7411-aa53-4ebf8c059d11,industrial packing,completed,yam,yam_0_61,27.4,huangrongbo,good,,,prod,2026-09-01 09:13:58.949812+00:00,2026-09-01 10:32:44.689272+00:00,/nfs/data/sz_44/20260901/episode_20260901_091218_000_3523807f.npy.mp4
01a05c3e-1e50-7958-9b4d-276769901e26,industrial packing,completed,yam,yam_0_61,27.2,huangrongbo,good,,,prod,2026-09-01 09:14:30.250950+00:00,2026-09-01 10:32:44.483572+00:00,/nfs/data/sz_44/20260901/episode_20260901_091250_000_a994e3b7.npy.mp4
01a05c3e-9b50-7fdd-83c1-f48c0d96adcc,industrial packing,completed,yam,yam_0_61,24.7,huangrongbo,good,,,prod,2026-09-01 09:14:56.552702+00:00,2026-09-01 10:32:44.461088+00:00,/nfs/data/sz_44/20260901/episode_20260901_091322_000_0e4a7a6c.npy.mp4
01a05c3f-0c98-76b5-aacd-82b383220cd8,industrial packing,completed,yam,yam_0_61,28.8,huangrongbo,good,,,prod,2026-09-01 09:15:33.894892+00:00,2026-09-01 10:32:44.267942+00:00,/nfs/data/sz_44/20260901/episode_20260901_091351_000_b04a9af0.npy.mp4
01a05c3f-9168-7c99-80a0-302a830f3470,industrial packing,completed,yam,yam_0_61,25.4,huangrongbo,good,,,prod,2026-09-01 09:15:59.232818+00:00,2026-09-01 10:32:43.759026+00:00,/nfs/data/sz_44/20260901/episode_20260901_091425_000_450b8478.npy.mp4
01a05c40-0698-7ab7-89fa-d22dc8cf0c2a,industrial packing,completed,yam,yam_0_61,26.0,huangrongbo,good,,,prod,2026-09-01 09:16:30.650807+00:00,2026-09-01 10:32:43.597882+00:00,/nfs/data/sz_44/20260901/episode_20260901_091455_000_3cd44bea.npy.mp4
01a05c40-7fb0-7f31-9ab3-6c6aa0779892,industrial packing,completed,yam,yam_0_61,26.3,huangrongbo,good,,,prod,2026-09-01 09:17:01.936398+00:00,2026-09-01 10:32:43.481320+00:00,/nfs/data/sz_44/20260901/episode_20260901_091526_000_528ec964.npy.mp4
01a05c40-f4e0-727b-9ea3-4f1afe4999cf,industrial packing,completed,yam,yam_0_61,25.8,huangrongbo,good,,,prod,2026-09-01 09:17:33.250617+00:00,2026-09-01 10:32:43.353132+00:00,/nfs/data/sz_44/20260901/episode_20260901_091556_000_43fa515c.npy.mp4
01a05c41-d770-735f-b81c-34b5b4a80c8d,industrial packing,completed,yam,yam_0_61,25.6,huangrongbo,good,,,prod,2026-09-01 09:18:29.826600+00:00,2026-09-01 10:32:42.904561+00:00,/nfs/data/sz_44/20260901/episode_20260901_091654_000_e11c93f8.npy.mp4
01a05c41-6a10-72d0-bd14-fc7dc5f4b78d,industrial packing,completed,yam,yam_0_61,23.8,huangrongbo,good,,,prod,2026-09-01 09:17:58.525380+00:00,2026-09-01 10:32:42.792172+00:00,/nfs/data/sz_44/20260901/episode_20260901_091626_000_e7b6b0c5.npy.mp4
01a05c42-5088-71ee-9908-e2dce9c9504e,industrial packing,completed,yam,yam_0_61,25.8,huangrongbo,good,,,prod,2026-09-01 09:19:01.132898+00:00,2026-09-01 10:32:42.535854+00:00,/nfs/data/sz_44/20260901/episode_20260901_091725_000_61c44b73.npy.mp4
01a05c42-c5b8-7921-b31f-a527a04557b5,industrial packing,completed,yam,yam_0_61,24.4,huangrongbo,good,,,prod,2026-09-01 09:19:31.438190+00:00,2026-09-01 10:32:42.502026+00:00,/nfs/data/sz_44/20260901/episode_20260901_091755_000_85b139a6.npy.mp4
01a05c43-42b8-7f34-a674-333ea2e8475f,industrial packing,completed,yam,yam_0_61,23.5,huangrongbo,good,,,prod,2026-09-01 09:20:01.717554+00:00,2026-09-01 10:32:42.268413+00:00,/nfs/data/sz_44/20260901/episode_20260901_091827_000_93523020.npy.mp4
01a05c43-b018-7447-893f-7b874c420a3c,industrial packing,completed,yam,yam_0_61,22.6,huangrongbo,good,,,prod,2026-09-01 09:20:27.986365+00:00,2026-09-01 10:32:41.845140+00:00,/nfs/data/sz_44/20260901/episode_20260901_091855_000_edeba845.npy.mp4
01a05c44-1990-77ab-a4b2-b492754e5bde,industrial packing,completed,yam,yam_0_61,24.6,huangrongbo,good,,,prod,2026-09-01 09:20:59.283671+00:00,2026-09-01 10:32:41.605774+00:00,/nfs/data/sz_44/20260901/episode_20260901_091922_000_511a8168.npy.mp4
01a05c44-86f0-757c-a2e8-5c1bbb9d1da9,industrial packing,completed,yam,yam_0_61,24.2,huangrongbo,good,,,prod,2026-09-01 09:21:24.597653+00:00,2026-09-01 10:32:41.518388+00:00,/nfs/data/sz_44/20260901/episode_20260901_091950_000_cbc87c53.npy.mp4
01a05c45-6980-73c1-8955-1caebbdfab70,industrial packing,completed,yam,yam_0_61,25.6,huangrongbo,good,,,prod,2026-09-01 09:22:26.277966+00:00,2026-09-01 10:32:41.428081+00:00,/nfs/data/sz_44/20260901/episode_20260901_092048_000_c375beea.npy.mp4
01a05c45-03f0-7456-869a-1f7fc27d0e12,industrial packing,completed,yam,yam_0_61,22.3,huangrongbo,good,,,prod,2026-09-01 09:21:54.912455+00:00,2026-09-01 10:32:41.371008+00:00,/nfs/data/sz_44/20260901/episode_20260901_092022_000_62412c50.npy.mp4
01a05c45-deb0-7230-853d-a19b9164b8ba,industrial packing,completed,yam,yam_0_61,25.4,huangrongbo,good,,,prod,2026-09-01 09:22:51.542038+00:00,2026-09-01 10:32:40.746378+00:00,/nfs/data/sz_44/20260901/episode_20260901_092118_000_3b4ed28e.npy.mp4
01a05c46-4ff8-70cc-af7f-21061da267d2,industrial packing,completed,yam,yam_0_61,24.2,huangrongbo,good,,,prod,2026-09-01 09:23:22.871100+00:00,2026-09-01 10:32:40.612709+00:00,/nfs/data/sz_44/20260901/episode_20260901_092147_000_1eae81e9.npy.mp4
01a05c46-d0e0-73ad-b2d2-08b9084c92f2,industrial packing,completed,yam,yam_0_61,26.1,huangrongbo,good,,,prod,2026-09-01 09:23:59.170846+00:00,2026-09-01 10:32:40.536179+00:00,/nfs/data/sz_44/20260901/episode_20260901_092220_000_55954b8a.npy.mp4
01a05c48-c0f8-72a9-b653-bbdc0efceb48,industrial packing,completed,yam,yam_0_61,25.0,huangrongbo,good,,,prod,2026-09-01 09:26:01.085124+00:00,2026-09-01 10:32:40.478677+00:00,/nfs/data/sz_44/20260901/episode_20260901_092427_000_9fe43537.npy.mp4
01a05c47-4610-7f3b-8bb0-b6b9df03614a,industrial packing,completed,yam,yam_0_61,27.4,huangrongbo,good,,,prod,2026-09-01 09:24:29.464255+00:00,2026-09-01 10:32:40.428170+00:00,/nfs/data/sz_44/20260901/episode_20260901_092250_000_4428186e.npy.mp4
01a05c48-2c88-7603-9674-404985a418f8,industrial packing,completed,yam,yam_0_61,26.5,huangrongbo,good,,,prod,2026-09-01 09:25:25.806662+00:00,2026-09-01 10:32:40.308178+00:00,/nfs/data/sz_44/20260901/episode_20260901_092349_000_53c79a78.npy.mp4
01a05c49-3240-7984-a88b-d532d6c158bc,industrial packing,completed,yam,yam_0_61,21.4,huangrongbo,good,,,prod,2026-09-01 09:26:26.346404+00:00,2026-09-01 10:32:39.714547+00:00,/nfs/data/sz_44/20260901/episode_20260901_092456_000_5cdcfa89.npy.mp4
01a05c49-af40-7f43-b652-6f2c2110dc86,industrial packing,completed,yam,yam_0_61,25.8,huangrongbo,good,,,prod,2026-09-01 09:27:01.656685+00:00,2026-09-01 10:32:39.565357+00:00,/nfs/data/sz_44/20260901/episode_20260901_092528_000_eac0ab51.npy.mp4
01a05c4a-9d88-79ac-a737-8ab513880b34,industrial packing,completed,yam,yam_0_61,27.3,huangrongbo,good,,,prod,2026-09-01 09:28:05.258735+00:00,2026-09-01 10:31:15.765793+00:00,/nfs/data/sz_44/20260901/episode_20260901_092629_000_2d12caf3.npy.mp4
01a05c4a-2470-75a4-bc5a-f8ebbaa05190,industrial packing,completed,yam,yam_0_61,25.8,huangrongbo,good,,,prod,2026-09-01 09:27:32.958864+00:00,2026-09-01 10:31:15.394643+00:00,/nfs/data/sz_44/20260901/episode_20260901_092558_000_811c7f8c.npy.mp4
01a05c4b-8fb8-7328-a7ef-0e5c18669bae,industrial packing,completed,yam,yam_0_61,25.9,huangrongbo,good,,,prod,2026-09-01 09:29:07.974754+00:00,2026-09-01 10:31:15.287777+00:00,/nfs/data/sz_44/20260901/episode_20260901_092731_000_80df4e6a.npy.mp4
01a05c4c-04e8-758b-ab44-b639d13f6850,industrial packing,completed,yam,yam_0_61,27.2,huangrongbo,good,,,prod,2026-09-01 09:29:39.290210+00:00,2026-09-01 10:31:15.203159+00:00,/nfs/data/sz_44/20260901/episode_20260901_092801_000_19c25882.npy.mp4
01a05c4b-12b8-769b-a8c4-acfe1e47ee7a,industrial packing,completed,yam,yam_0_61,27.3,huangrongbo,good,,,prod,2026-09-01 09:28:36.596324+00:00,2026-09-01 10:31:15.027782+00:00,/nfs/data/sz_44/20260901/episode_20260901_092659_000_bec801b4.npy.mp4
01a05c4c-7e00-7b0b-87b8-3d70b4262fe3,industrial packing,completed,yam,yam_0_61,28.5,huangrongbo,good,,,prod,2026-09-01 09:30:10.596370+00:00,2026-09-01 10:31:14.338330+00:00,/nfs/data/sz_44/20260901/episode_20260901_092832_000_766d4e01.npy.mp4
01a05c4c-fee8-7ad5-9bd5-abb43bda2d7f,industrial packing,completed,yam,yam_0_61,28.4,huangrongbo,good,,,prod,2026-09-01 09:30:41.889687+00:00,2026-09-01 10:31:13.792582+00:00,/nfs/data/sz_44/20260901/episode_20260901_092905_000_e4705687.npy.mp4
01a05c4d-9b28-7b2a-8aeb-82ffa814f20e,industrial packing,completed,yam,yam_0_61,27.0,huangrongbo,good,,,prod,2026-09-01 09:31:23.199574+00:00,2026-09-01 10:31:13.552998+00:00,/nfs/data/sz_44/20260901/episode_20260901_092945_000_946125d4.npy.mp4
01a05c4e-1440-7fda-9037-d2acaa24e4f9,industrial packing,completed,yam,yam_0_61,34.0,huangrongbo,good,,,prod,2026-09-01 09:32:01.502801+00:00,2026-09-01 10:31:13.430615+00:00,/nfs/data/sz_44/20260901/episode_20260901_093016_000_dd9f490f.npy.mp4
01a05c4f-44f0-7258-8e89-2223eb75a3c5,industrial packing,completed,yam,yam_0_61,31.3,huangrongbo,good,,,prod,2026-09-01 09:33:17.116167+00:00,2026-09-01 10:31:13.341381+00:00,/nfs/data/sz_44/20260901/episode_20260901_093134_000_6ce12845.npy.mp4
01a05c4e-ac98-73bd-b369-97fde07e2c44,industrial packing,completed,yam,yam_0_61,34.9,huangrongbo,good,,,prod,2026-09-01 09:32:44.814014+00:00,2026-09-01 10:31:13.269786+00:00,/nfs/data/sz_44/20260901/episode_20260901_093055_000_b0630be3.npy.mp4
01a05c4f-d190-738b-abec-cd9a44953d4e,industrial packing,completed,yam,yam_0_61,28.8,huangrongbo,good,,,prod,2026-09-01 09:33:48.406224+00:00,2026-09-01 10:31:12.644519+00:00,/nfs/data/sz_44/20260901/episode_20260901_093210_000_5dcb4406.npy.mp4
01a05c50-5660-7df3-b578-b1db8bd1a164,industrial packing,completed,yam,yam_0_61,25.4,huangrongbo,good,,,prod,2026-09-01 09:34:19.717153+00:00,2026-09-01 10:31:12.431155+00:00,/nfs/data/sz_44/20260901/episode_20260901_093244_000_9e3f99b9.npy.mp4
01a05c50-cb90-705e-b5ae-228cc49004ed,industrial packing,completed,yam,yam_0_61,30.4,huangrongbo,good,,,prod,2026-09-01 09:34:57.099035+00:00,2026-09-01 10:31:12.406032+00:00,/nfs/data/sz_44/20260901/episode_20260901_093314_000_76f959ac.npy.mp4
01a05c51-5830-719f-9959-1e43ae40c56d,industrial packing,completed,yam,yam_0_61,26.8,huangrongbo,good,,,prod,2026-09-01 09:35:28.363946+00:00,2026-09-01 10:31:12.265295+00:00,/nfs/data/sz_44/20260901/episode_20260901_093350_000_5bbb8bea.npy.mp4
01a05c51-d148-77eb-ad61-68e46593b48e,industrial packing,completed,yam,yam_0_61,27.4,huangrongbo,good,,,prod,2026-09-01 09:36:00.664589+00:00,2026-09-01 10:31:11.841993+00:00,/nfs/data/sz_44/20260901/episode_20260901_093421_000_6c0b12ba.npy.mp4
01a05c52-4e48-71fc-8720-3b515ceebe56,industrial packing,completed,yam,yam_0_61,28.6,huangrongbo,good,,,prod,2026-09-01 09:36:31.937095+00:00,2026-09-01 10:31:11.657199+00:00,/nfs/data/sz_44/20260901/episode_20260901_093453_000_79dcb239.npy.mp4
01a05c52-d318-71bc-8196-85cb5290f62a,industrial packing,completed,yam,yam_0_61,24.6,huangrongbo,good,,,prod,2026-09-01 09:37:02.233199+00:00,2026-09-01 10:31:11.541173+00:00,/nfs/data/sz_44/20260901/episode_20260901_093527_000_ff044892.npy.mp4
01a05c53-bd78-7f9d-a424-f81484caba0f,industrial packing,completed,yam,yam_0_61,27.1,huangrongbo,good,,,prod,2026-09-01 09:38:05.750256+00:00,2026-09-01 10:31:11.420873+00:00,/nfs/data/sz_44/20260901/episode_20260901_093627_000_a09634a3.npy.mp4
01a05c53-4460-7c6b-a91b-67dcc45f72d2,industrial packing,completed,yam,yam_0_61,26.5,huangrongbo,good,,,prod,2026-09-01 09:37:34.506450+00:00,2026-09-01 10:31:11.330641+00:00,/nfs/data/sz_44/20260901/episode_20260901_093556_000_3a0ef171.npy.mp4
01a05c56-1af0-7c26-841a-786b75e98710,industrial packing,completed,yam,yam_0_61,26.0,huangrongbo,good,,,prod,2026-09-01 09:40:37.221316+00:00,2026-09-01 10:31:10.738533+00:00,/nfs/data/sz_44/20260901/episode_20260901_093902_000_7210f7d0.npy.mp4
01a05c57-14f0-7585-b184-e689f990bf45,industrial packing,completed,yam,yam_0_61,24.9,huangrongbo,good,,,prod,2026-09-01 09:41:38.801006+00:00,2026-09-01 10:31:10.586492+00:00,/nfs/data/sz_44/20260901/episode_20260901_094006_000_279bcbf9.npy.mp4
01a05c56-97f0-7d56-8902-8728b24b0548,industrial packing,completed,yam,yam_0_61,26.0,huangrongbo,good,,,prod,2026-09-01 09:41:07.509306+00:00,2026-09-01 10:31:10.524750+00:00,/nfs/data/sz_44/20260901/episode_20260901_093934_000_062ab79c.npy.mp4
01a05c58-0720-737c-b182-74d4041aa0d1,industrial packing,completed,yam,yam_0_61,26.9,huangrongbo,good,,,prod,2026-09-01 09:42:46.410607+00:00,2026-09-01 10:31:10.382292+00:00,/nfs/data/sz_44/20260901/episode_20260901_094108_000_a3d204b8.npy.mp4
01a05c57-8a20-78c9-a0ae-c8ba4505552d,industrial packing,completed,yam,yam_0_61,26.6,huangrongbo,good,,,prod,2026-09-01 09:42:15.108257+00:00,2026-09-01 10:31:10.339141+00:00,/nfs/data/sz_44/20260901/episode_20260901_094036_000_235b1272.npy.mp4
01a05c58-8808-73d6-b6f0-c9cbce46b81a,industrial packing,completed,yam,yam_0_61,31.2,huangrongbo,good,,,prod,2026-09-01 09:43:23.709220+00:00,2026-09-01 10:31:09.962516+00:00,/nfs/data/sz_44/20260901/episode_20260901_094141_000_01a3256b.npy.mp4
01a05c59-8dc0-74dc-af83-3d122c5130b5,industrial packing,completed,yam,yam_0_61,28.0,huangrongbo,good,,,prod,2026-09-01 09:44:27.369331+00:00,2026-09-01 10:31:09.877149+00:00,/nfs/data/sz_44/20260901/episode_20260901_094248_000_446f906d.npy.mp4
01a05c59-10c0-76ee-a122-a635b48996a7,industrial packing,completed,yam,yam_0_61,26.5,huangrongbo,good,,,prod,2026-09-01 09:43:56.015045+00:00,2026-09-01 10:31:09.732295+00:00,/nfs/data/sz_44/20260901/episode_20260901_094216_000_2f0de4c7.npy.mp4
01a05c5a-1290-74a1-b45a-5db3b0f68d08,industrial packing,completed,yam,yam_0_61,26.7,huangrongbo,good,,,prod,2026-09-01 09:44:58.728563+00:00,2026-09-01 10:31:09.600069+00:00,/nfs/data/sz_44/20260901/episode_20260901_094322_000_0d764a08.npy.mp4
01a05c5b-1078-7d6b-94f3-2718bb28e764,industrial packing,completed,yam,yam_0_61,24.5,huangrongbo,good,,,prod,2026-09-01 09:45:59.361876+00:00,2026-09-01 10:31:09.364624+00:00,/nfs/data/sz_44/20260901/episode_20260901_094427_000_4dc4a794.npy.mp4
01a05c5a-8f90-7e39-926e-2b17f7040612,industrial packing,completed,yam,yam_0_61,24.9,huangrongbo,good,,,prod,2026-09-01 09:45:29.083323+00:00,2026-09-01 10:31:09.349600+00:00,/nfs/data/sz_44/20260901/episode_20260901_094354_000_1595fade.npy.mp4
01a05c5b-85a8-7e94-910c-1f619a393704,industrial packing,completed,yam,yam_0_61,27.8,huangrongbo,good,,,prod,2026-09-01 09:46:35.680010+00:00,2026-09-01 10:31:08.791085+00:00,/nfs/data/sz_44/20260901/episode_20260901_094457_000_fbded8fa.npy.mp4
01a05c5c-02a8-7d6d-97df-7b12ff82b89c,industrial packing,completed,yam,yam_0_61,24.8,huangrongbo,good,,,prod,2026-09-01 09:47:06.968161+00:00,2026-09-01 10:31:08.598270+00:00,/nfs/data/sz_44/20260901/episode_20260901_094529_000_85d7d6e3.npy.mp4
01a05c5c-77d8-7e04-a20b-09b1150fd4eb,industrial packing,completed,yam,yam_0_61,23.8,huangrongbo,good,,,prod,2026-09-01 09:47:32.329970+00:00,2026-09-01 10:31:08.567898+00:00,/nfs/data/sz_44/20260901/episode_20260901_094559_000_76ae693a.npy.mp4
01a05c5c-e920-7087-a999-40854e2de214,industrial packing,completed,yam,yam_0_61,23.8,huangrongbo,good,,,prod,2026-09-01 09:48:03.622362+00:00,2026-09-01 10:31:08.454706+00:00,/nfs/data/sz_44/20260901/episode_20260901_094628_000_9c54641c.npy.mp4
01a05c5d-df38-788d-9cb8-00e3ad9e11cf,industrial packing,completed,yam,yam_0_61,25.0,huangrongbo,good,,,prod,2026-09-01 09:49:05.232274+00:00,2026-09-01 10:31:08.349885+00:00,/nfs/data/sz_44/20260901/episode_20260901_094731_000_38f23df7.npy.mp4
01a05c5d-5a68-76f0-bac6-6af7dda23573,industrial packing,completed,yam,yam_0_61,25.8,huangrongbo,good,,,prod,2026-09-01 09:48:33.919617+00:00,2026-09-01 10:31:08.323699+00:00,/nfs/data/sz_44/20260901/episode_20260901_094657_000_9c3fa954.npy.mp4
01a05c5e-5468-7ee5-9286-7df8d0c842fa,industrial packing,completed,yam,yam_0_61,26.7,huangrongbo,good,,,prod,2026-09-01 09:49:36.553519+00:00,2026-09-01 10:31:07.728244+00:00,/nfs/data/sz_44/20260901/episode_20260901_094801_000_1d5c9081.npy.mp4
01a05c5e-cd80-7203-83e5-988e62805c2b,industrial packing,completed,yam,yam_0_61,23.6,huangrongbo,good,,,prod,2026-09-01 09:50:06.860564+00:00,2026-09-01 10:31:07.590879+00:00,/nfs/data/sz_44/20260901/episode_20260901_094832_000_5f128745.npy.mp4
01a05c5f-3ec8-70c0-8647-a235ad6910fa,industrial packing,completed,yam,yam_0_61,25.7,huangrongbo,good,,,prod,2026-09-01 09:50:38.212148+00:00,2026-09-01 10:31:07.447747+00:00,/nfs/data/sz_44/20260901/episode_20260901_094901_000_796618d8.npy.mp4
01a05c5f-b7e0-7a9d-b925-4f7e20b28e0b,industrial packing,completed,yam,yam_0_61,30.1,huangrongbo,good,,,prod,2026-09-01 09:51:15.538857+00:00,2026-09-01 10:31:07.030633+00:00,/nfs/data/sz_44/20260901/episode_20260901_094932_000_e86e4f0e.npy.mp4
01a05c60-3cb0-7740-a304-06e441303686,industrial packing,completed,yam,yam_0_61,29.6,huangrongbo,good,,,prod,2026-09-01 09:51:47.871805+00:00,2026-09-01 10:31:06.792725+00:00,/nfs/data/sz_44/20260901/episode_20260901_095006_000_ce928135.npy.mp4
01a05c60-c180-75ca-9616-a3b8d5a94c71,industrial packing,completed,yam,yam_0_61,30.5,huangrongbo,good,,,prod,2026-09-01 09:52:20.203722+00:00,2026-09-01 10:31:06.708456+00:00,/nfs/data/sz_44/20260901/episode_20260901_095040_000_cdd50fc8.npy.mp4
01a05c61-4e20-780f-8209-96aeb43f05e4,industrial packing,completed,yam,yam_0_61,27.2,huangrongbo,good,,,prod,2026-09-01 09:52:51.535986+00:00,2026-09-01 10:31:06.644274+00:00,/nfs/data/sz_44/20260901/episode_20260901_095116_000_365e0aac.npy.mp4
01a05c61-cf08-7e98-9d1b-74beda0b06d4,industrial packing,completed,yam,yam_0_61,26.8,huangrongbo,good,,,prod,2026-09-01 09:53:26.816528+00:00,2026-09-01 10:31:06.591260+00:00,/nfs/data/sz_44/20260901/episode_20260901_095149_000_e6e54726.npy.mp4
01a05c63-cec0-790b-a7a5-60c5b03ed7d5,industrial packing,completed,yam,yam_0_61,31.1,huangrongbo,good,,,prod,2026-09-01 09:55:42.540561+00:00,2026-09-01 10:31:06.436598+00:00,/nfs/data/sz_44/20260901/episode_20260901_095400_000_90222a03.npy.mp4
01a05c64-5390-70f2-bed8-e6641ebf09e7,industrial packing,completed,yam,yam_0_61,31.2,huangrongbo,good,,,prod,2026-09-01 09:56:19.839887+00:00,2026-09-01 10:31:06.384190+00:00,/nfs/data/sz_44/20260901/episode_20260901_095434_000_8a9e25e5.npy.mp4
01a05c63-4220-7b1a-87d1-19d458680ddc,industrial packing,completed,yam,yam_0_61,31.4,huangrongbo,good,,,prod,2026-09-01 09:55:10.240308+00:00,2026-09-01 10:31:06.379736+00:00,/nfs/data/sz_44/20260901/episode_20260901_095324_000_84866cf9.npy.mp4
01a05c64-e030-7d3d-9fb5-96841419c0fe,industrial packing,completed,yam,yam_0_61,32.2,huangrongbo,good,,,prod,2026-09-01 09:56:52.155562+00:00,2026-09-01 10:31:05.816294+00:00,/nfs/data/sz_44/20260901/episode_20260901_095510_000_29f7742b.npy.mp4
01a05c65-6cd0-701a-834b-317598498ceb,industrial packing,completed,yam,yam_0_61,31.5,huangrongbo,good,,,prod,2026-09-01 09:57:29.456945+00:00,2026-09-01 10:31:05.714085+00:00,/nfs/data/sz_44/20260901/episode_20260901_095546_000_24e958bd.npy.mp4
01a05c65-f970-7428-bf65-9a0299ff34dd,industrial packing,completed,yam,yam_0_61,31.4,huangrongbo,good,,,prod,2026-09-01 09:58:07.927130+00:00,2026-09-01 10:31:05.492296+00:00,/nfs/data/sz_44/20260901/episode_20260901_095622_000_9095b7f5.npy.mp4
01a05c66-8228-7af9-9fdb-d17b26e679d3,industrial packing,completed,yam,yam_0_61,28.7,huangrongbo,good,,,prod,2026-09-01 09:58:39.728764+00:00,2026-09-01 10:31:05.384232+00:00,/nfs/data/sz_44/20260901/episode_20260901_095657_000_7dbe3c8c.npy.mp4
01a05c67-0310-7672-85d1-8b9fefec01a7,industrial packing,completed,yam,yam_0_61,32.0,huangrongbo,good,,,prod,2026-09-01 09:59:12.049601+00:00,2026-09-01 10:31:04.820737+00:00,/nfs/data/sz_44/20260901/episode_20260901_095730_000_7684f1b7.npy.mp4
01a05c67-8fb0-73e0-8e9f-df51f6c680f3,industrial packing,completed,yam,yam_0_61,30.6,huangrongbo,good,,,prod,2026-09-01 09:59:49.378553+00:00,2026-09-01 10:31:04.621976+00:00,/nfs/data/sz_44/20260901/episode_20260901_095806_000_fcb6c6e7.npy.mp4
01a05c68-1868-74df-9e48-473585198622,industrial packing,completed,yam,yam_0_61,29.6,huangrongbo,good,,,prod,2026-09-01 10:00:21.690326+00:00,2026-09-01 10:31:04.560741+00:00,/nfs/data/sz_44/20260901/episode_20260901_095841_000_e9dfcfab.npy.mp4
01a05c68-9d38-756a-81bc-9233926b1f90,industrial packing,completed,yam,yam_0_61,27.3,huangrongbo,good,,,prod,2026-09-01 10:00:52.963932+00:00,2026-09-01 10:31:04.418587+00:00,/nfs/data/sz_44/20260901/episode_20260901_095915_000_f48e63e3.npy.mp4
01a05c6a-4ed0-71b9-a8d0-90999758e053,industrial packing,completed,yam,yam_0_61,30.6,huangrongbo,good,,,prod,2026-09-01 10:02:47.646467+00:00,2026-09-01 10:31:03.731381+00:00,/nfs/data/sz_44/20260901/episode_20260901_100106_000_88bd3f0c.npy.mp4
01a05c6a-d3a0-7f6a-b4eb-5e8b5ec0d330,industrial packing,completed,yam,yam_0_61,30.8,huangrongbo,good,,,prod,2026-09-01 10:03:24.973113+00:00,2026-09-01 10:31:03.567251+00:00,/nfs/data/sz_44/20260901/episode_20260901_100140_000_c592d3a5.npy.mp4
01a05c6b-5c58-7d06-b81e-6fe15f9c3fb6,industrial packing,completed,yam,yam_0_61,29.6,huangrongbo,good,,,prod,2026-09-01 10:03:57.318739+00:00,2026-09-01 10:31:03.458877+00:00,/nfs/data/sz_44/20260901/episode_20260901_100215_000_58434cd1.npy.mp4
01a05c6b-e128-7a4d-a2f0-0f75c4f7d8a9,industrial packing,completed,yam,yam_0_61,27.5,huangrongbo,good,,,prod,2026-09-01 10:04:28.629343+00:00,2026-09-01 10:31:03.380146+00:00,/nfs/data/sz_44/20260901/episode_20260901_100249_000_8f34b0a4.npy.mp4
01a05c6c-65f8-77c1-bdfd-f341b4fc8aea,industrial packing,completed,yam,yam_0_61,28.0,huangrongbo,good,,,prod,2026-09-01 10:05:00.964787+00:00,2026-09-01 10:31:02.844474+00:00,/nfs/data/sz_44/20260901/episode_20260901_100323_000_574d465f.npy.mp4
01a05c6c-e2f8-7aaf-a453-6456479f3b36,industrial packing,completed,yam,yam_0_61,28.7,huangrongbo,good,,,prod,2026-09-01 10:05:38.318664+00:00,2026-09-01 10:31:02.694728+00:00,/nfs/data/sz_44/20260901/episode_20260901_100355_000_4486597b.npy.mp4
01a05c6d-63e0-7909-959b-f6d6551a5034,industrial packing,completed,yam,yam_0_61,29.5,huangrongbo,good,,,prod,2026-09-01 10:06:10.613373+00:00,2026-09-01 10:31:02.598637+00:00,/nfs/data/sz_44/20260901/episode_20260901_100428_000_600d14cb.npy.mp4
01a05c6d-e4c8-7e3c-adcd-3adf5fe2b209,industrial packing,completed,yam,yam_0_61,29.9,huangrongbo,good,,,prod,2026-09-01 10:06:41.900852+00:00,2026-09-01 10:31:02.533752+00:00,/nfs/data/sz_44/20260901/episode_20260901_100501_000_23dc1125.npy.mp4
01a05c6e-6998-7c20-8c60-8c1fae93040f,industrial packing,completed,yam,yam_0_61,32.5,huangrongbo,good,,,prod,2026-09-01 10:07:19.217926+00:00,2026-09-01 10:31:02.361545+00:00,/nfs/data/sz_44/20260901/episode_20260901_100535_000_4e95a9e1.npy.mp4
01a05c6e-fe08-7a84-81b1-15f143078453,industrial packing,completed,yam,yam_0_61,28.8,huangrongbo,good,,,prod,2026-09-01 10:07:51.523150+00:00,2026-09-01 10:31:01.913959+00:00,/nfs/data/sz_44/20260901/episode_20260901_100613_000_99c6550a.npy.mp4
01a05c6f-7ef0-78d3-bde3-6d1b75461b58,industrial packing,completed,yam,yam_0_61,26.1,huangrongbo,good,,,prod,2026-09-01 10:08:22.808108+00:00,2026-09-01 10:31:01.864180+00:00,/nfs/data/sz_44/20260901/episode_20260901_100646_000_ee383023.npy.mp4
01a05c6f-f808-70de-b3a8-1d05a42f8a65,industrial packing,completed,yam,yam_0_61,24.3,huangrongbo,good,,,prod,2026-09-01 10:08:54.092803+00:00,2026-09-01 10:31:01.657562+00:00,/nfs/data/sz_44/20260901/episode_20260901_100717_000_c277e37c.npy.mp4
01a05c70-6950-7ff0-a1a4-012ae854f4b5,industrial packing,completed,yam,yam_0_61,28.5,huangrongbo,good,,,prod,2026-09-01 10:09:26.397181+00:00,2026-09-01 10:31:01.620668+00:00,/nfs/data/sz_44/20260901/episode_20260901_100746_000_b82b08f8.npy.mp4
01a05c70-ea38-7e7a-a223-ab09f6d8d1d0,industrial packing,completed,yam,yam_0_61,24.7,huangrongbo,good,,,prod,2026-09-01 10:09:51.780891+00:00,2026-09-01 10:31:01.616350+00:00,/nfs/data/sz_44/20260901/episode_20260901_100819_000_b950709e.npy.mp4
01a05c71-5798-7db5-baeb-bb82cc21c759,industrial packing,completed,yam,yam_0_61,25.7,huangrongbo,good,,,prod,2026-09-01 10:10:23.105161+00:00,2026-09-01 10:31:01.342012+00:00,/nfs/data/sz_44/20260901/episode_20260901_100847_000_c10bb474.npy.mp4
01a05c71-ccc8-7e16-92a4-f36b91e35c31,industrial packing,completed,yam,yam_0_61,27.5,huangrongbo,good,,,prod,2026-09-01 10:10:54.431982+00:00,2026-09-01 10:31:00.882273+00:00,/nfs/data/sz_44/20260901/episode_20260901_100917_000_113436c3.npy.mp4
01a05c72-45e0-7ba2-89cb-86eaf5756698,industrial packing,completed,yam,yam_0_61,26.3,huangrongbo,good,,,prod,2026-09-01 10:11:25.766386+00:00,2026-09-01 10:31:00.774021+00:00,/nfs/data/sz_44/20260901/episode_20260901_100948_000_a3a94ae6.npy.mp4
01a05c72-bef8-7b2b-ab05-0fb488ccb260,industrial packing,completed,yam,yam_0_61,25.1,huangrongbo,good,,,prod,2026-09-01 10:11:52.134344+00:00,2026-09-01 10:31:00.735262+00:00,/nfs/data/sz_44/20260901/episode_20260901_101019_000_da084577.npy.mp4
01a05c73-3040-7636-87cb-5d5f594fde6e,industrial packing,completed,yam,yam_0_61,24.5,huangrongbo,good,,,prod,2026-09-01 10:12:22.450944+00:00,2026-09-01 10:31:00.523536+00:00,/nfs/data/sz_44/20260901/episode_20260901_101048_000_d9d50b52.npy.mp4
01a05c73-9da0-73f5-9075-73792b10c622,industrial packing,completed,yam,yam_0_61,27.0,huangrongbo,good,,,prod,2026-09-01 10:12:54.754935+00:00,2026-09-01 10:31:00.505111+00:00,/nfs/data/sz_44/20260901/episode_20260901_101116_000_8f68d80e.npy.mp4
01a05c74-16b8-7b37-a146-9468ddbbbf4a,industrial packing,completed,yam,yam_0_61,28.3,huangrongbo,good,,,prod,2026-09-01 10:13:26.063868+00:00,2026-09-01 10:30:59.948758+00:00,/nfs/data/sz_44/20260901/episode_20260901_101147_000_f7ed0afd.npy.mp4
01a05c74-93b8-7a3b-be2d-a4a8a16808c2,industrial packing,completed,yam,yam_0_61,25.8,huangrongbo,good,,,prod,2026-09-01 10:13:57.337932+00:00,2026-09-01 10:30:59.857540+00:00,/nfs/data/sz_44/20260901/episode_20260901_101219_000_8a49b2ce.npy.mp4
01a05c75-08e8-759b-839a-6cf8cbbb82bd,industrial packing,completed,yam,yam_0_61,27.4,huangrongbo,good,,,prod,2026-09-01 10:14:29.633710+00:00,2026-09-01 10:30:59.717228+00:00,/nfs/data/sz_44/20260901/episode_20260901_101249_000_ebeebb7c.npy.mp4
01a05c75-ff00-79d6-a250-33c150d8d3e7,industrial packing,completed,yam,yam_0_61,25.1,huangrongbo,good,,,prod,2026-09-01 10:15:26.209013+00:00,2026-09-01 10:30:59.474201+00:00,/nfs/data/sz_44/20260901/episode_20260901_101352_000_48a761fd.npy.mp4
01a05c75-8200-7c2a-9f19-e51362353d6d,industrial packing,completed,yam,yam_0_61,26.4,huangrongbo,good,,,prod,2026-09-01 10:14:55.941111+00:00,2026-09-01 10:30:59.425546+00:00,/nfs/data/sz_44/20260901/episode_20260901_101320_000_0b3cbdb2.npy.mp4
01a05c78-f0e8-7074-8b5b-329f4c99e019,industrial packing,completed,yam,yam_0_61,33.8,huangrongbo,good,,,prod,2026-09-01 10:18:52.041993+00:00,2026-09-01 10:30:59.111791+00:00,/nfs/data/sz_44/20260901/episode_20260901_101705_000_02df6c21.npy.mp4
01a05c76-7818-7833-9344-9bc0f9ffd4e6,industrial packing,completed,yam,yam_0_61,24.9,huangrongbo,good,,,prod,2026-09-01 10:15:57.511026+00:00,2026-09-01 10:30:59.101077+00:00,/nfs/data/sz_44/20260901/episode_20260901_101423_000_4d2ac6d0.npy.mp4
01a05c79-eed0-74c6-91da-0d5bf9ea6c5b,industrial packing,completed,yam,yam_0_61,28.0,huangrongbo,good,,,prod,2026-09-01 10:19:49.653455+00:00,2026-09-01 10:30:58.946147+00:00,/nfs/data/sz_44/20260901/episode_20260901_101810_000_06633154.npy.mp4
01a05c79-8170-7be3-8970-b225209254a5,industrial packing,completed,yam,yam_0_61,24.1,huangrongbo,good,,,prod,2026-09-01 10:19:18.358601+00:00,2026-09-01 10:30:58.893640+00:00,/nfs/data/sz_44/20260901/episode_20260901_101742_000_5c3f8344.npy.mp4
01a05c7a-67e8-7d95-8163-17056e1268a1,industrial packing,completed,yam,yam_0_61,31.4,huangrongbo,good,,,prod,2026-09-01 10:20:27.024123+00:00,2026-09-01 10:30:58.585322+00:00,/nfs/data/sz_44/20260901/episode_20260901_101841_000_f58c5f5b.npy.mp4
01a05c7a-f488-748b-a410-2bc6b703a8ee,industrial packing,completed,yam,yam_0_61,29.3,huangrongbo,good,,,prod,2026-09-01 10:20:59.408838+00:00,2026-09-01 10:30:58.503597+00:00,/nfs/data/sz_44/20260901/episode_20260901_101917_000_a050c8ce.npy.mp4
01a05c7b-7570-7225-aaf1-cc5c1053af85,industrial packing,completed,yam,yam_0_61,29.7,huangrongbo,good,,,prod,2026-09-01 10:21:31.801046+00:00,2026-09-01 10:30:58.069364+00:00,/nfs/data/sz_44/20260901/episode_20260901_101950_000_620a377a.npy.mp4
01a05c7b-fa40-7f82-ad6d-f66b9384233d,industrial packing,completed,yam,yam_0_61,29.0,huangrongbo,good,,,prod,2026-09-01 10:22:04.091575+00:00,2026-09-01 10:30:57.986829+00:00,/nfs/data/sz_44/20260901/episode_20260901_102024_000_788ca503.npy.mp4
01a05c7c-7b28-74e3-ae86-321b5fa4b703,industrial packing,completed,yam,yam_0_61,28.5,huangrongbo,good,,,prod,2026-09-01 10:22:35.412350+00:00,2026-09-01 10:30:57.829629+00:00,/nfs/data/sz_44/20260901/episode_20260901_102057_000_b0358a1a.npy.mp4
01a05c7d-7910-747d-b099-478d16f95612,industrial packing,completed,yam,yam_0_61,28.4,huangrongbo,good,,,prod,2026-09-01 10:23:44.064650+00:00,2026-09-01 10:30:57.719193+00:00,/nfs/data/sz_44/20260901/episode_20260901_102202_000_60f45ec5.npy.mp4
01a05c7c-fc10-74b8-b619-55f0e46824b0,industrial packing,completed,yam,yam_0_61,26.4,huangrongbo,good,,,prod,2026-09-01 10:23:06.748723+00:00,2026-09-01 10:30:57.699325+00:00,/nfs/data/sz_44/20260901/episode_20260901_102130_000_bbd6a013.npy.mp4
01a05c7d-f610-7c2b-bcc1-6cfddc480bc2,industrial packing,completed,yam,yam_0_61,27.2,huangrongbo,good,,,prod,2026-09-01 10:24:10.358612+00:00,2026-09-01 10:30:57.391399+00:00,/nfs/data/sz_44/20260901/episode_20260901_102234_000_f8114269.npy.mp4
01a05c7e-6f28-76df-82d9-583b5416ed85,industrial packing,completed,yam,yam_0_61,25.6,huangrongbo,good,,,prod,2026-09-01 10:24:41.665657+00:00,2026-09-01 10:30:56.977479+00:00,/nfs/data/sz_44/20260901/episode_20260901_102305_000_23b99ef1.npy.mp4
01a05c7e-e070-7bc1-a751-371b18e9a9e3,industrial packing,completed,yam,yam_0_61,28.9,huangrongbo,good,,,prod,2026-09-01 10:25:13.966853+00:00,2026-09-01 10:30:56.882727+00:00,/nfs/data/sz_44/20260901/episode_20260901_102334_000_6018cd79.npy.mp4
01a05c7f-6540-76ad-ac56-010fcc6ff2ae,industrial packing,completed,yam,yam_0_61,30.6,huangrongbo,good,,,prod,2026-09-01 10:25:51.306107+00:00,2026-09-01 10:30:56.738561+00:00,/nfs/data/sz_44/20260901/episode_20260901_102408_000_0b75a08b.npy.mp4
01a05c7f-ea10-7066-85ad-b090e64397cb,industrial packing,completed,yam,yam_0_61,28.1,huangrongbo,good,,,prod,2026-09-01 10:26:22.652045+00:00,2026-09-01 10:30:56.613268+00:00,/nfs/data/sz_44/20260901/episode_20260901_102442_000_1a249811.npy.mp4
01a05c83-5128-74e2-b399-f0a5e5d642a7,industrial packing,completed,yam,yam_0_61,23.8,huangrongbo,good,,,prod,2026-09-01 10:29:59.667926+00:00,2026-09-01 10:30:56.417697+00:00,/nfs/data/sz_44/20260901/episode_20260901_102825_000_d911af46.npy.mp4
01a05c80-6710-7a09-bce5-4eaef2b4bb96,industrial packing,completed,yam,yam_0_61,25.7,huangrongbo,good,,,prod,2026-09-01 10:26:49.051104+00:00,2026-09-01 10:30:56.349845+00:00,/nfs/data/sz_44/20260901/episode_20260901_102514_000_1e7d52f6.npy.mp4
01a05b77-2ca0-78a8-81be-549a3ef17899,industrial packing,completed,yam,yam_0_61,25.6,huangrongbo,good,,,prod,2026-09-01 05:37:07.486500+00:00,2026-09-01 05:37:33.479500+00:00,/nfs/data/sz_44/20260901/episode_20260901_053532_000_3846a8e7.npy.mp4
01a05b76-bb58-7128-a7cf-e82934d0a279,industrial packing,completed,yam,yam_0_61,24.4,huangrongbo,good,,,prod,2026-09-01 05:36:36.069997+00:00,2026-09-01 05:37:33.320485+00:00,/nfs/data/sz_44/20260901/episode_20260901_053503_000_39b041c4.npy.mp4
01a05b76-4a10-78ef-a9db-f98b0c1eeeef,industrial packing,completed,yam,yam_0_61,25.2,huangrongbo,good,,,prod,2026-09-01 05:36:10.770458+00:00,2026-09-01 05:36:37.826799+00:00,/nfs/data/sz_44/20260901/episode_20260901_053434_000_a942fb45.npy.mp4
01a05b74-84f0-79b0-a91e-14f2c266864e,industrial packing,completed,yam,yam_0_61,24.4,huangrongbo,good,,,prod,2026-09-01 05:34:13.984932+00:00,2026-09-01 05:36:37.376543+00:00,/nfs/data/sz_44/20260901/episode_20260901_053238_000_0827af02.npy.mp4
01a05b74-f250-7732-8452-715d21326c9c,industrial packing,completed,yam,yam_0_61,23.1,huangrongbo,good,,,prod,2026-09-01 05:34:39.292628+00:00,2026-09-01 05:36:37.273145+00:00,/nfs/data/sz_44/20260901/episode_20260901_053306_000_7f64b400.npy.mp4
01a05b75-6f50-7c79-aaa0-9fbae4acf607,industrial packing,completed,yam,yam_0_61,24.0,huangrongbo,good,,,prod,2026-09-01 05:35:09.614703+00:00,2026-09-01 05:36:36.700959+00:00,/nfs/data/sz_44/20260901/episode_20260901_053338_000_ec416009.npy.mp4
01a05b75-e480-768c-953f-925186815b71,industrial packing,completed,yam,yam_0_61,21.5,huangrongbo,good,,,prod,2026-09-01 05:35:39.097400+00:00,2026-09-01 05:36:36.474301+00:00,/nfs/data/sz_44/20260901/episode_20260901_053408_000_12169128.npy.mp4
01a05ac1-2ae0-7086-acbe-440cb6a278ae,industrial packing,completed,yam,yam_0_61,32.4,huangrongbo,good,,,prod,2026-09-01 02:18:31.246346+00:00,2026-09-01 05:35:38.878909+00:00,/nfs/data/sz_44/20260901/episode_20260901_021644_000_411f7f5b.npy.mp4
01a05ac1-b780-7654-8197-d2220daf2149,industrial packing,completed,yam,yam_0_61,34.2,huangrongbo,good,,,prod,2026-09-01 02:19:09.703133+00:00,2026-09-01 05:35:38.424813+00:00,/nfs/data/sz_44/20260901/episode_20260901_021720_000_74ba4858.npy.mp4
01a05ac2-4bf0-714f-ae4e-be1a19afcbdf,industrial packing,completed,yam,yam_0_61,31.4,huangrongbo,good,,,prod,2026-09-01 02:19:42.478617+00:00,2026-09-01 05:35:38.009479+00:00,/nfs/data/sz_44/20260901/episode_20260901_021758_000_64b5173a.npy.mp4
01a05ac2-d890-76c8-a5e4-97d1f247cb1f,industrial packing,completed,yam,yam_0_61,32.8,huangrongbo,good,,,prod,2026-09-01 02:20:19.640949+00:00,2026-09-01 05:35:37.871238+00:00,/nfs/data/sz_44/20260901/episode_20260901_021834_000_7d08963f.npy.mp4
01a05ac3-fd88-778c-a74b-a587ca0d8d8f,industrial packing,completed,yam,yam_0_61,30.4,huangrongbo,good,,,prod,2026-09-01 02:21:30.309593+00:00,2026-09-01 05:35:37.353939+00:00,/nfs/data/sz_44/20260901/episode_20260901_021949_000_b38a899f.npy.mp4
01a05ac3-6918-7d19-8398-3ed7807c28df,industrial packing,completed,yam,yam_0_61,33.9,huangrongbo,good,,,prod,2026-09-01 02:20:57.985370+00:00,2026-09-01 05:35:37.331046+00:00,/nfs/data/sz_44/20260901/episode_20260901_021911_000_8e8652a6.npy.mp4
01a05ac4-8258-76a1-9cf2-a585b84964d7,industrial packing,completed,yam,yam_0_61,31.8,huangrongbo,good,,,prod,2026-09-01 02:22:07.831559+00:00,2026-09-01 05:35:36.784405+00:00,/nfs/data/sz_44/20260901/episode_20260901_022023_000_dfad32d2.npy.mp4
01a05ac6-37d8-7cb3-9fcb-d46c678bca98,industrial packing,completed,yam,yam_0_61,33.4,huangrongbo,good,,,prod,2026-09-01 02:24:00.597208+00:00,2026-09-01 05:35:36.728778+00:00,/nfs/data/sz_44/20260901/episode_20260901_022215_000_5aa8d061.npy.mp4
01a05ac5-12e0-7ff9-969d-3196a60d11e7,industrial packing,completed,yam,yam_0_61,32.9,huangrongbo,good,,,prod,2026-09-01 02:22:45.710971+00:00,2026-09-01 05:35:36.653053+00:00,/nfs/data/sz_44/20260901/episode_20260901_022100_000_bc9f69aa.npy.mp4
01a05ac5-a750-74c5-8662-3b76d0b0df28,industrial packing,completed,yam,yam_0_61,33.0,huangrongbo,good,,,prod,2026-09-01 02:23:23.390195+00:00,2026-09-01 05:35:36.512401+00:00,/nfs/data/sz_44/20260901/episode_20260901_022138_000_802a3d9c.npy.mp4
01a05ac8-2bd8-714f-9c6d-25e33e1f43fe,industrial packing,completed,yam,yam_0_61,32.4,huangrongbo,good,,,prod,2026-09-01 02:26:07.571921+00:00,2026-09-01 05:35:36.371489+00:00,/nfs/data/sz_44/20260901/episode_20260901_022423_000_b312a43e.npy.mp4
01a05ac6-cc48-73c4-b24c-e48f4f6059d0,industrial packing,completed,yam,yam_0_61,31.9,huangrongbo,good,,,prod,2026-09-01 02:24:37.903277+00:00,2026-09-01 05:35:36.367111+00:00,/nfs/data/sz_44/20260901/episode_20260901_022253_000_4a7649a1.npy.mp4
01a05ac7-9768-718f-bf60-f9f322f5cbbc,industrial packing,completed,yam,yam_0_61,32.3,huangrongbo,good,,,prod,2026-09-01 02:25:30.284587+00:00,2026-09-01 05:35:36.101849+00:00,/nfs/data/sz_44/20260901/episode_20260901_022345_000_6fcd63e5.npy.mp4
01a05ac8-b878-7507-9843-536bcfb4ec90,industrial packing,completed,yam,yam_0_61,35.5,huangrongbo,good,,,prod,2026-09-01 02:26:45.875849+00:00,2026-09-01 05:35:35.411546+00:00,/nfs/data/sz_44/20260901/episode_20260901_022459_000_8d7cf9e3.npy.mp4
01a05ac9-54b8-7b3b-ba94-4b38bd47339d,industrial packing,completed,yam,yam_0_61,35.0,huangrongbo,good,,,prod,2026-09-01 02:27:24.162259+00:00,2026-09-01 05:35:35.287856+00:00,/nfs/data/sz_44/20260901/episode_20260901_022539_000_23f90f1d.npy.mp4
01a05ac9-ed10-7c6c-b93f-7aa2c64c95d7,industrial packing,completed,yam,yam_0_61,35.9,huangrongbo,good,,,prod,2026-09-01 02:28:07.484516+00:00,2026-09-01 05:35:34.854528+00:00,/nfs/data/sz_44/20260901/episode_20260901_022618_000_f368c77b.npy.mp4
01a05aca-8950-71e7-8b6d-47f54f159ba1,industrial packing,completed,yam,yam_0_61,33.8,huangrongbo,good,,,prod,2026-09-01 02:28:45.862356+00:00,2026-09-01 05:35:34.771015+00:00,/nfs/data/sz_44/20260901/episode_20260901_022658_000_72e5947a.npy.mp4
01a05acb-19d8-7580-8500-d7d6c0a7cefe,industrial packing,completed,yam,yam_0_61,33.6,huangrongbo,good,,,prod,2026-09-01 02:29:24.236857+00:00,2026-09-01 05:35:34.488329+00:00,/nfs/data/sz_44/20260901/episode_20260901_022735_000_8cf4c71f.npy.mp4
01a05acb-ae48-7c7c-9775-6a68dd5b417a,industrial packing,completed,yam,yam_0_61,34.9,huangrongbo,good,,,prod,2026-09-01 02:30:01.558599+00:00,2026-09-01 05:35:34.439337+00:00,/nfs/data/sz_44/20260901/episode_20260901_022813_000_6a485046.npy.mp4
01a05acc-61f8-73a7-8428-477d44b73883,industrial packing,completed,yam,yam_0_61,29.7,huangrongbo,good,,,prod,2026-09-01 02:30:37.898067+00:00,2026-09-01 05:35:34.362214+00:00,/nfs/data/sz_44/20260901/episode_20260901_022859_000_7ef726e6.npy.mp4
01a05acc-e6c8-786d-9d51-b04dd85f9805,industrial packing,completed,yam,yam_0_61,31.1,huangrongbo,good,,,prod,2026-09-01 02:31:15.211912+00:00,2026-09-01 05:35:34.104304+00:00,/nfs/data/sz_44/20260901/episode_20260901_022933_000_e85b5e7a.npy.mp4
01a05acd-7368-7f2b-b8d4-f5b4a504d699,industrial packing,completed,yam,yam_0_61,30.4,huangrongbo,good,,,prod,2026-09-01 02:31:53.507006+00:00,2026-09-01 05:35:34.052996+00:00,/nfs/data/sz_44/20260901/episode_20260901_023009_000_bf57f3e4.npy.mp4
01a05acd-f838-7708-ba45-edb700903b33,industrial packing,completed,yam,yam_0_61,30.6,huangrongbo,good,,,prod,2026-09-01 02:32:25.797245+00:00,2026-09-01 05:35:34.008675+00:00,/nfs/data/sz_44/20260901/episode_20260901_023043_000_94174c87.npy.mp4
01a05acf-1560-7b7a-b017-a933bea2fee9,industrial packing,completed,yam,yam_0_61,30.4,huangrongbo,good,,,prod,2026-09-01 02:33:35.457821+00:00,2026-09-01 05:35:33.749474+00:00,/nfs/data/sz_44/20260901/episode_20260901_023156_000_f039fe58.npy.mp4
01a05acf-9a30-7d04-8758-84c5e1d80ea9,industrial packing,completed,yam,yam_0_61,30.6,huangrongbo,good,,,prod,2026-09-01 02:34:12.788180+00:00,2026-09-01 05:35:33.676468+00:00,/nfs/data/sz_44/20260901/episode_20260901_023230_000_8974409b.npy.mp4
01a05ad0-1f00-726c-9476-7ee2781f0347,industrial packing,completed,yam,yam_0_61,30.0,huangrongbo,good,,,prod,2026-09-01 02:34:45.258975+00:00,2026-09-01 05:35:33.259952+00:00,/nfs/data/sz_44/20260901/episode_20260901_023304_000_5f05d673.npy.mp4
01a05ace-80f0-7261-922f-10649d9a306e,industrial packing,completed,yam,yam_0_61,33.4,huangrongbo,good,,,prod,2026-09-01 02:33:03.101960+00:00,2026-09-01 05:35:32.936188+00:00,/nfs/data/sz_44/20260901/episode_20260901_023118_000_b37d9e35.npy.mp4
01a05ad1-3070-716b-ada7-6b80a4513dfe,industrial packing,completed,yam,yam_0_61,32.2,huangrongbo,good,,,prod,2026-09-01 02:36:00.275007+00:00,2026-09-01 05:35:31.488159+00:00,/nfs/data/sz_44/20260901/episode_20260901_023414_000_88131b92.npy.mp4
01a05ad0-a3d0-751c-8a23-fed77bd35185,industrial packing,completed,yam,yam_0_61,32.8,huangrongbo,good,,,prod,2026-09-01 02:35:22.897595+00:00,2026-09-01 05:35:31.466346+00:00,/nfs/data/sz_44/20260901/episode_20260901_023338_000_259810eb.npy.mp4
01a05ad1-c0f8-79b9-bd68-91ead072be22,industrial packing,completed,yam,yam_0_61,31.5,huangrongbo,good,,,prod,2026-09-01 02:36:32.726037+00:00,2026-09-01 05:35:30.792290+00:00,/nfs/data/sz_44/20260901/episode_20260901_023451_000_af8b5e72.npy.mp4
01a05ad2-4d98-7371-b767-851be1aabd1e,industrial packing,completed,yam,yam_0_61,31.8,huangrongbo,good,,,prod,2026-09-01 02:37:10.097740+00:00,2026-09-01 05:35:30.122224+00:00,/nfs/data/sz_44/20260901/episode_20260901_023527_000_8d26fef3.npy.mp4
01a05ad2-da38-7fc6-8796-229e788b0fdc,industrial packing,completed,yam,yam_0_61,32.7,huangrongbo,good,,,prod,2026-09-01 02:37:47.405092+00:00,2026-09-01 05:35:30.075899+00:00,/nfs/data/sz_44/20260901/episode_20260901_023603_000_12e25b61.npy.mp4
01a05ad3-66d8-71c4-be42-51a38ad4e33e,industrial packing,completed,yam,yam_0_61,32.7,huangrongbo,good,,,prod,2026-09-01 02:38:25.760415+00:00,2026-09-01 05:35:29.812906+00:00,/nfs/data/sz_44/20260901/episode_20260901_023639_000_353b6739.npy.mp4
01a05ad3-f760-775c-90a2-36ac98295256,industrial packing,completed,yam,yam_0_61,33.1,huangrongbo,good,,,prod,2026-09-01 02:39:03.054663+00:00,2026-09-01 05:35:29.368639+00:00,/nfs/data/sz_44/20260901/episode_20260901_023716_000_43c0ffd8.npy.mp4
01a05ad4-8bd0-79ac-8050-947d4991243e,industrial packing,completed,yam,yam_0_61,33.5,huangrongbo,good,,,prod,2026-09-01 02:39:41.420180+00:00,2026-09-01 05:35:29.252208+00:00,/nfs/data/sz_44/20260901/episode_20260901_023754_000_91a412d4.npy.mp4
01a05ad5-2040-7724-958f-b530c2af2738,industrial packing,completed,yam,yam_0_61,30.0,huangrongbo,good,,,prod,2026-09-01 02:40:13.796956+00:00,2026-09-01 05:35:29.104447+00:00,/nfs/data/sz_44/20260901/episode_20260901_023832_000_68905d70.npy.mp4
01a05ad5-a8f8-71f2-beee-051689403590,industrial packing,completed,yam,yam_0_61,31.0,huangrongbo,good,,,prod,2026-09-01 02:40:51.138753+00:00,2026-09-01 05:35:28.921678+00:00,/nfs/data/sz_44/20260901/episode_20260901_023907_000_21c5352e.npy.mp4
01a05ad6-4150-7409-9077-c6dbbb85ca78,industrial packing,completed,yam,yam_0_61,31.0,huangrongbo,good,,,prod,2026-09-01 02:41:28.725993+00:00,2026-09-01 05:35:28.883930+00:00,/nfs/data/sz_44/20260901/episode_20260901_023946_000_078af3d4.npy.mp4
01a05ad6-ca08-7cd2-9f44-a56f67cc3ea4,industrial packing,completed,yam,yam_0_61,31.6,huangrongbo,good,,,prod,2026-09-01 02:42:06.105327+00:00,2026-09-01 05:35:28.310913+00:00,/nfs/data/sz_44/20260901/episode_20260901_024021_000_709375e6.npy.mp4
01a05ad7-56a8-7c6c-b896-c9a477b807cc,industrial packing,completed,yam,yam_0_61,33.5,huangrongbo,good,,,prod,2026-09-01 02:42:44.506348+00:00,2026-09-01 05:35:28.210275+00:00,/nfs/data/sz_44/20260901/episode_20260901_024057_000_0d575444.npy.mp4
01a05ad7-ef00-75a8-97b7-56437594bbbd,industrial packing,completed,yam,yam_0_61,31.7,huangrongbo,good,,,prod,2026-09-01 02:43:21.860247+00:00,2026-09-01 05:35:28.079597+00:00,/nfs/data/sz_44/20260901/episode_20260901_024136_000_5397c79c.npy.mp4
01a05ad8-7ba0-76da-b008-080ace6cffdc,industrial packing,completed,yam,yam_0_61,28.9,huangrongbo,good,,,prod,2026-09-01 02:43:53.153719+00:00,2026-09-01 05:35:27.989675+00:00,/nfs/data/sz_44/20260901/episode_20260901_024212_000_ee29fb41.npy.mp4
01a05ad9-0c28-7d0f-8347-6ce15f6c0f90,industrial packing,completed,yam,yam_0_61,28.6,huangrongbo,good,,,prod,2026-09-01 02:44:30.481402+00:00,2026-09-01 05:35:27.203681+00:00,/nfs/data/sz_44/20260901/episode_20260901_024249_000_d340cd6f.npy.mp4
01a05ad9-90f8-7cce-9fea-c30506a9542b,industrial packing,completed,yam,yam_0_61,32.0,huangrongbo,good,,,prod,2026-09-01 02:45:08.833481+00:00,2026-09-01 05:35:26.929555+00:00,/nfs/data/sz_44/20260901/episode_20260901_024323_000_01bf2d60.npy.mp4
01a05ada-19b0-7192-a615-ac7659a1be94,industrial packing,completed,yam,yam_0_61,32.9,huangrongbo,good,,,prod,2026-09-01 02:45:41.124960+00:00,2026-09-01 05:35:26.904285+00:00,/nfs/data/sz_44/20260901/episode_20260901_024358_000_73835067.npy.mp4
01a05ada-aa38-7420-b5d8-42e590668fd2,industrial packing,completed,yam,yam_0_61,30.9,huangrongbo,good,,,prod,2026-09-01 02:46:19.417007+00:00,2026-09-01 05:35:26.819878+00:00,/nfs/data/sz_44/20260901/episode_20260901_024435_000_9d9e775d.npy.mp4
01a05adb-2f08-725a-9db4-31c6fa301b3f,industrial packing,completed,yam,yam_0_61,35.3,huangrongbo,good,,,prod,2026-09-01 02:46:57.764959+00:00,2026-09-01 05:35:26.340611+00:00,/nfs/data/sz_44/20260901/episode_20260901_024509_000_0c879b3b.npy.mp4
01a05adb-cb48-763d-acf5-46bf1c776bd2,industrial packing,completed,yam,yam_0_61,31.1,huangrongbo,good,,,prod,2026-09-01 02:47:35.064916+00:00,2026-09-01 05:35:26.279503+00:00,/nfs/data/sz_44/20260901/episode_20260901_024549_000_01c77ac4.npy.mp4
01a05adc-5400-7b90-85b1-b07c0134aa7c,industrial packing,completed,yam,yam_0_61,29.7,huangrongbo,good,,,prod,2026-09-01 02:48:08.352360+00:00,2026-09-01 05:35:26.090874+00:00,/nfs/data/sz_44/20260901/episode_20260901_024624_000_d30e50dd.npy.mp4
01a05adc-d8d0-752e-bbc7-9690e44df31b,industrial packing,completed,yam,yam_0_61,30.7,huangrongbo,good,,,prod,2026-09-01 02:48:40.646317+00:00,2026-09-01 05:35:26.073760+00:00,/nfs/data/sz_44/20260901/episode_20260901_024658_000_0b758c59.npy.mp4
01a05add-6188-7ba2-a775-afa6a137766a,industrial packing,completed,yam,yam_0_61,31.8,huangrongbo,good,,,prod,2026-09-01 02:49:18.973817+00:00,2026-09-01 05:35:25.912556+00:00,/nfs/data/sz_44/20260901/episode_20260901_024733_000_527ff9b5.npy.mp4
01a05add-ea40-72ee-b0b4-80b9ac88bd55,industrial packing,completed,yam,yam_0_61,30.7,huangrongbo,good,,,prod,2026-09-01 02:49:51.272156+00:00,2026-09-01 05:35:25.165251+00:00,/nfs/data/sz_44/20260901/episode_20260901_024808_000_3530b6a5.npy.mp4
01a05ade-72f8-74cd-983f-e38fe5c3371b,industrial packing,completed,yam,yam_0_61,31.1,huangrongbo,good,,,prod,2026-09-01 02:50:23.596910+00:00,2026-09-01 05:35:24.985824+00:00,/nfs/data/sz_44/20260901/episode_20260901_024843_000_1621883a.npy.mp4
01a05ade-fbb0-7f0f-92a2-bfc026213849,industrial packing,completed,yam,yam_0_61,33.3,huangrongbo,good,,,prod,2026-09-01 02:51:06.910780+00:00,2026-09-01 05:35:24.862657+00:00,/nfs/data/sz_44/20260901/episode_20260901_024918_000_a8b4ec35.npy.mp4
01a05adf-8c38-7d87-84f7-30503e9d9710,industrial packing,completed,yam,yam_0_61,30.2,huangrongbo,good,,,prod,2026-09-01 02:51:39.223754+00:00,2026-09-01 05:35:24.805142+00:00,/nfs/data/sz_44/20260901/episode_20260901_024955_000_0df1df16.npy.mp4
01a05ae0-14f0-7690-914d-7c196b761993,industrial packing,completed,yam,yam_0_61,31.3,huangrongbo,good,,,prod,2026-09-01 02:52:11.516956+00:00,2026-09-01 05:35:24.726436+00:00,/nfs/data/sz_44/20260901/episode_20260901_025030_000_ddd3b4ab.npy.mp4
01a05ae0-a190-7023-a5c5-8e17912a45d6,industrial packing,completed,yam,yam_0_61,31.8,huangrongbo,good,,,prod,2026-09-01 02:52:48.918474+00:00,2026-09-01 05:35:24.308394+00:00,/nfs/data/sz_44/20260901/episode_20260901_025106_000_008bdbca.npy.mp4
01a05ae1-2a48-725e-b787-a7d27769e0b5,industrial packing,completed,yam,yam_0_61,28.2,huangrongbo,good,,,prod,2026-09-01 02:53:21.209662+00:00,2026-09-01 05:35:24.063447+00:00,/nfs/data/sz_44/20260901/episode_20260901_025141_000_517b78ef.npy.mp4
01a05ae2-3000-73ef-82c5-7b1ab9e8f19d,industrial packing,completed,yam,yam_0_61,30.0,huangrongbo,good,,,prod,2026-09-01 02:54:30.889979+00:00,2026-09-01 05:35:23.967523+00:00,/nfs/data/sz_44/20260901/episode_20260901_025248_000_0367a80b.npy.mp4
01a05ae1-ab30-7d66-80e0-ff4ae1697b2f,industrial packing,completed,yam,yam_0_61,30.3,huangrongbo,good,,,prod,2026-09-01 02:53:58.533643+00:00,2026-09-01 05:35:23.967335+00:00,/nfs/data/sz_44/20260901/episode_20260901_025214_000_00bb5455.npy.mp4
01a05ae2-b4d0-7818-893c-eeff7ac8e41e,industrial packing,completed,yam,yam_0_61,29.4,huangrongbo,good,,,prod,2026-09-01 02:55:02.170712+00:00,2026-09-01 05:35:23.812438+00:00,/nfs/data/sz_44/20260901/episode_20260901_025322_000_2dce4000.npy.mp4
01a05ae3-aed0-7684-91f8-281fe2de76e4,industrial packing,completed,yam,yam_0_61,30.7,huangrongbo,good,,,prod,2026-09-01 02:56:10.536484+00:00,2026-09-01 05:35:23.235226+00:00,/nfs/data/sz_44/20260901/episode_20260901_025426_000_40133f3a.npy.mp4
01a05ae4-3788-75fe-84dc-fcfc3963fd62,industrial packing,completed,yam,yam_0_61,27.5,huangrongbo,good,,,prod,2026-09-01 02:56:41.819125+00:00,2026-09-01 05:35:22.968485+00:00,/nfs/data/sz_44/20260901/episode_20260901_025501_000_b95961b4.npy.mp4
01a05ae4-b0a0-76bc-a9be-67c3ee6eb7d8,industrial packing,completed,yam,yam_0_61,29.2,huangrongbo,good,,,prod,2026-09-01 02:57:14.121744+00:00,2026-09-01 05:35:22.841444+00:00,/nfs/data/sz_44/20260901/episode_20260901_025532_000_c94767c7.npy.mp4
01a05ae5-3188-7910-aa3b-2d95f06c36fe,industrial packing,completed,yam,yam_0_61,31.3,huangrongbo,good,,,prod,2026-09-01 02:57:46.406566+00:00,2026-09-01 05:35:22.802301+00:00,/nfs/data/sz_44/20260901/episode_20260901_025605_000_040a622d.npy.mp4
01a05ae5-be28-73f3-a228-974a879b765d,industrial packing,completed,yam,yam_0_61,29.0,huangrongbo,good,,,prod,2026-09-01 02:58:18.694945+00:00,2026-09-01 05:35:22.295765+00:00,/nfs/data/sz_44/20260901/episode_20260901_025641_000_7a2d2dbc.npy.mp4
01a05ae6-3f10-7537-bfe5-e30bf09ac03a,industrial packing,completed,yam,yam_0_61,30.2,huangrongbo,good,,,prod,2026-09-01 02:58:55.985345+00:00,2026-09-01 05:35:22.094675+00:00,/nfs/data/sz_44/20260901/episode_20260901_025714_000_6ae68ef3.npy.mp4
01a05ae6-c3e0-7326-9e53-cce056f1fc2a,industrial packing,completed,yam,yam_0_61,29.2,huangrongbo,good,,,prod,2026-09-01 02:59:28.262758+00:00,2026-09-01 05:35:21.922605+00:00,/nfs/data/sz_44/20260901/episode_20260901_025748_000_12d3b88c.npy.mp4
01a05ae7-44c8-7b19-9ab8-f5442a5aca8a,industrial packing,completed,yam,yam_0_61,28.4,huangrongbo,good,,,prod,2026-09-01 03:00:05.550618+00:00,2026-09-01 05:35:21.848265+00:00,/nfs/data/sz_44/20260901/episode_20260901_025821_000_f7999bde.npy.mp4
01a05ae7-c1c8-7b7d-8b87-a751d6f212fe,industrial packing,completed,yam,yam_0_61,30.3,huangrongbo,good,,,prod,2026-09-01 03:00:37.832763+00:00,2026-09-01 05:35:21.846108+00:00,/nfs/data/sz_44/20260901/episode_20260901_025853_000_87c79ac5.npy.mp4
01a05ae8-4698-7dc2-adb7-82e0b5aaec83,industrial packing,completed,yam,yam_0_61,29.3,huangrongbo,good,,,prod,2026-09-01 03:01:10.104889+00:00,2026-09-01 05:35:21.218852+00:00,/nfs/data/sz_44/20260901/episode_20260901_025927_000_d124832b.npy.mp4
01a05ae8-c780-772c-a6a1-4b9ec0c40ee0,industrial packing,completed,yam,yam_0_61,27.9,huangrongbo,good,,,prod,2026-09-01 03:01:36.365529+00:00,2026-09-01 05:35:21.008732+00:00,/nfs/data/sz_44/20260901/episode_20260901_030000_000_462ad079.npy.mp4
01a05ae9-4480-7da3-a9fe-09c238f247b0,industrial packing,completed,yam,yam_0_61,28.6,huangrongbo,good,,,prod,2026-09-01 03:02:13.719862+00:00,2026-09-01 05:35:20.805514+00:00,/nfs/data/sz_44/20260901/episode_20260901_030032_000_ce5bcfa5.npy.mp4
01a05ae9-c568-73a8-bf68-49c7650530aa,industrial packing,completed,yam,yam_0_61,28.5,huangrongbo,good,,,prod,2026-09-01 03:02:46.030262+00:00,2026-09-01 05:35:20.699877+00:00,/nfs/data/sz_44/20260901/episode_20260901_030105_000_b6aeb9a2.npy.mp4
01a05aea-4650-786c-b8c7-db786b492bc9,industrial packing,completed,yam,yam_0_61,29.4,huangrongbo,good,,,prod,2026-09-01 03:03:18.411941+00:00,2026-09-01 05:35:14.709279+00:00,/nfs/data/sz_44/20260901/episode_20260901_030138_000_fe434c71.npy.mp4
01a05aea-c738-73a4-bec0-87cea1fb64c3,industrial packing,completed,yam,yam_0_61,27.3,huangrongbo,good,,,prod,2026-09-01 03:03:50.700486+00:00,2026-09-01 05:35:14.161316+00:00,/nfs/data/sz_44/20260901/episode_20260901_030211_000_16c63dcd.npy.mp4
01a05aeb-4050-7adf-8166-9b78faec71db,industrial packing,completed,yam,yam_0_61,28.3,huangrongbo,good,,,prod,2026-09-01 03:04:22.994561+00:00,2026-09-01 05:35:13.902995+00:00,/nfs/data/sz_44/20260901/episode_20260901_030242_000_076c34d1.npy.mp4
01a05aeb-bd50-787b-a607-244850b252fe,industrial packing,completed,yam,yam_0_61,28.9,huangrongbo,good,,,prod,2026-09-01 03:04:54.306927+00:00,2026-09-01 05:35:13.840233+00:00,/nfs/data/sz_44/20260901/episode_20260901_030314_000_74d5a71e.npy.mp4
01a05aec-4220-7ee3-8721-db2c1212bc09,industrial packing,completed,yam,yam_0_61,28.9,huangrongbo,good,,,prod,2026-09-01 03:05:26.583749+00:00,2026-09-01 05:35:13.759316+00:00,/nfs/data/sz_44/20260901/episode_20260901_030348_000_edbd5b6f.npy.mp4
01a05aec-bf20-7c34-8e76-3244e54cdea5,industrial packing,completed,yam,yam_0_61,25.9,huangrongbo,good,,,prod,2026-09-01 03:05:58.857114+00:00,2026-09-01 05:35:13.214842+00:00,/nfs/data/sz_44/20260901/episode_20260901_030420_000_64b7d7b3.npy.mp4
01a05aed-3450-7e81-8b24-3334d3d5c103,industrial packing,completed,yam,yam_0_61,28.9,huangrongbo,good,,,prod,2026-09-01 03:06:30.115996+00:00,2026-09-01 05:35:13.135848+00:00,/nfs/data/sz_44/20260901/episode_20260901_030450_000_3a5051fd.npy.mp4
01a05aed-b538-7544-9d5b-97cfe6175c1e,industrial packing,completed,yam,yam_0_61,27.2,huangrongbo,good,,,prod,2026-09-01 03:07:02.384563+00:00,2026-09-01 05:35:13.009388+00:00,/nfs/data/sz_44/20260901/episode_20260901_030523_000_5452c575.npy.mp4
01a05aef-9998-7302-9d16-99cc0e2193d0,industrial packing,completed,yam,yam_0_61,30.1,huangrongbo,good,,,prod,2026-09-01 03:09:08.856453+00:00,2026-09-01 05:35:12.949563+00:00,/nfs/data/sz_44/20260901/episode_20260901_030727_000_5c8816ee.npy.mp4
01a05af0-1e68-7664-9b74-d49ce3be73a0,industrial packing,completed,yam,yam_0_61,28.3,huangrongbo,good,,,prod,2026-09-01 03:09:41.180020+00:00,2026-09-01 05:35:12.919805+00:00,/nfs/data/sz_44/20260901/episode_20260901_030801_000_9f36a0ca.npy.mp4
01a05af0-9b68-713f-8486-d902f221cd57,industrial packing,completed,yam,yam_0_61,27.3,huangrongbo,good,,,prod,2026-09-01 03:10:13.511717+00:00,2026-09-01 05:35:12.830848+00:00,/nfs/data/sz_44/20260901/episode_20260901_030833_000_b725ea7f.npy.mp4
01a05af1-1480-7c26-acea-1743daa7c019,industrial packing,completed,yam,yam_0_61,27.3,huangrongbo,good,,,prod,2026-09-01 03:10:39.860101+00:00,2026-09-01 05:35:12.311674+00:00,/nfs/data/sz_44/20260901/episode_20260901_030904_000_6e8b79de.npy.mp4
01a05af1-8d98-7937-ba3f-a3c1b720c40a,industrial packing,completed,yam,yam_0_61,27.3,huangrongbo,good,,,prod,2026-09-01 03:11:11.166318+00:00,2026-09-01 05:35:12.159129+00:00,/nfs/data/sz_44/20260901/episode_20260901_030935_000_5b0b49ee.npy.mp4
01a05af2-06b0-7cc8-9a8a-adcfeb4a2d80,industrial packing,completed,yam,yam_0_61,27.7,huangrongbo,good,,,prod,2026-09-01 03:11:43.461263+00:00,2026-09-01 05:35:11.965595+00:00,/nfs/data/sz_44/20260901/episode_20260901_031006_000_40fc130d.npy.mp4
01a05af2-7fc8-755a-afd1-cdb81e3063eb,industrial packing,completed,yam,yam_0_61,24.4,huangrongbo,good,,,prod,2026-09-01 03:12:14.765968+00:00,2026-09-01 05:35:11.834216+00:00,/nfs/data/sz_44/20260901/episode_20260901_031037_000_6d0fefc1.npy.mp4
01a05af2-ed28-7359-901c-9b4b72e86740,industrial packing,completed,yam,yam_0_61,23.8,huangrongbo,good,,,prod,2026-09-01 03:12:40.049669+00:00,2026-09-01 05:35:11.793679+00:00,/nfs/data/sz_44/20260901/episode_20260901_031105_000_383b6de1.npy.mp4
01a05af3-5a88-79e6-aba3-5a54b214008f,industrial packing,completed,yam,yam_0_61,25.9,huangrongbo,good,,,prod,2026-09-01 03:13:12.338467+00:00,2026-09-01 05:35:11.285939+00:00,/nfs/data/sz_44/20260901/episode_20260901_031133_000_14ca097d.npy.mp4
01a05af3-d3a0-7fb0-a441-64bdf9df1e86,industrial packing,completed,yam,yam_0_61,24.8,huangrongbo,good,,,prod,2026-09-01 03:13:37.611301+00:00,2026-09-01 05:35:11.048898+00:00,/nfs/data/sz_44/20260901/episode_20260901_031204_000_e0e8d414.npy.mp4
01a05af4-44e8-773d-9444-45439ef785f2,industrial packing,completed,yam,yam_0_61,27.8,huangrongbo,good,,,prod,2026-09-01 03:14:08.964536+00:00,2026-09-01 05:35:10.885461+00:00,/nfs/data/sz_44/20260901/episode_20260901_031233_000_2695ccbc.npy.mp4
01a05af4-d188-7301-9fef-93ac214dcff8,industrial packing,completed,yam,yam_0_61,24.6,huangrongbo,good,,,prod,2026-09-01 03:14:45.275161+00:00,2026-09-01 05:35:10.874461+00:00,/nfs/data/sz_44/20260901/episode_20260901_031309_000_6fb96b24.npy.mp4
01a05af5-42d0-7a86-8901-ce16ec33f809,industrial packing,completed,yam,yam_0_61,26.7,huangrongbo,good,,,prod,2026-09-01 03:15:17.558739+00:00,2026-09-01 05:35:10.764552+00:00,/nfs/data/sz_44/20260901/episode_20260901_031338_000_3c4ff7cb.npy.mp4
01a05af5-bbe8-7e5c-9414-bf48de6a0d21,industrial packing,completed,yam,yam_0_61,27.0,huangrongbo,good,,,prod,2026-09-01 03:15:48.922130+00:00,2026-09-01 05:35:10.230253+00:00,/nfs/data/sz_44/20260901/episode_20260901_031409_000_a502d0ae.npy.mp4
01a05af6-3500-7222-a512-40229f740699,industrial packing,completed,yam,yam_0_61,24.7,huangrongbo,good,,,prod,2026-09-01 03:16:15.253210+00:00,2026-09-01 05:35:10.091392+00:00,/nfs/data/sz_44/20260901/episode_20260901_031440_000_491a81d3.npy.mp4
01a05af6-a648-7227-b1a7-3050f531bfbf,industrial packing,completed,yam,yam_0_61,24.5,huangrongbo,good,,,prod,2026-09-01 03:16:46.571905+00:00,2026-09-01 05:35:09.982979+00:00,/nfs/data/sz_44/20260901/episode_20260901_031509_000_8d8f9bf2.npy.mp4
01a05af7-90a8-7a56-a0f5-b2c7a8b5c762,industrial packing,completed,yam,yam_0_61,28.1,huangrongbo,good,,,prod,2026-09-01 03:17:49.252032+00:00,2026-09-01 05:35:09.906161+00:00,/nfs/data/sz_44/20260901/episode_20260901_031609_000_99a6c7ef.npy.mp4
01a05af8-0da8-7f49-8833-7f8b2ebf6f0f,industrial packing,completed,yam,yam_0_61,26.1,huangrongbo,good,,,prod,2026-09-01 03:18:15.520196+00:00,2026-09-01 05:35:09.834123+00:00,/nfs/data/sz_44/20260901/episode_20260901_031641_000_a101f84f.npy.mp4
01a05af7-1790-71e5-85f9-5446f3f032f6,industrial packing,completed,yam,yam_0_61,25.7,huangrongbo,good,,,prod,2026-09-01 03:17:11.934717+00:00,2026-09-01 05:35:09.823407+00:00,/nfs/data/sz_44/20260901/episode_20260901_031538_000_32b050ba.npy.mp4
01a05af8-82d8-783a-8d93-0f857400372b,industrial packing,completed,yam,yam_0_61,27.5,huangrongbo,good,,,prod,2026-09-01 03:18:46.875231+00:00,2026-09-01 05:35:09.183318+00:00,/nfs/data/sz_44/20260901/episode_20260901_031711_000_39e357ec.npy.mp4
01a05af8-fbf0-7cda-935e-04be44bc5e24,industrial packing,completed,yam,yam_0_61,28.3,huangrongbo,good,,,prod,2026-09-01 03:19:24.213156+00:00,2026-09-01 05:35:09.026125+00:00,/nfs/data/sz_44/20260901/episode_20260901_031742_000_2210b9e8.npy.mp4
01a05af9-78f0-7fc9-b0c1-58a0640ac661,industrial packing,completed,yam,yam_0_61,24.9,huangrongbo,good,,,prod,2026-09-01 03:19:50.472881+00:00,2026-09-01 05:35:08.940698+00:00,/nfs/data/sz_44/20260901/episode_20260901_031814_000_4dd59aaa.npy.mp4
01a05af9-ee20-78de-b202-24fa20d55b04,industrial packing,completed,yam,yam_0_61,27.2,huangrongbo,good,,,prod,2026-09-01 03:20:21.777549+00:00,2026-09-01 05:35:08.830865+00:00,/nfs/data/sz_44/20260901/episode_20260901_031844_000_febe056e.npy.mp4
01a05afa-6350-70ca-8d2d-186051281d2b,industrial packing,completed,yam,yam_0_61,27.6,huangrongbo,good,,,prod,2026-09-01 03:20:53.063733+00:00,2026-09-01 05:35:08.192123+00:00,/nfs/data/sz_44/20260901/episode_20260901_031914_000_2f3f0a4c.npy.mp4
01a05afa-e438-73e7-beda-a9910b2afc75,industrial packing,completed,yam,yam_0_61,31.6,huangrongbo,good,,,prod,2026-09-01 03:21:30.331794+00:00,2026-09-01 05:35:08.031801+00:00,/nfs/data/sz_44/20260901/episode_20260901_031947_000_d0d6ae73.npy.mp4
01a05afb-74c0-70bd-9694-86acbf6612e7,industrial packing,completed,yam,yam_0_61,28.4,huangrongbo,good,,,prod,2026-09-01 03:22:01.626693+00:00,2026-09-01 05:35:07.935773+00:00,/nfs/data/sz_44/20260901/episode_20260901_032024_000_a0ee8104.npy.mp4
01a05afb-f990-7049-9a43-8ddfe5860949,industrial packing,completed,yam,yam_0_61,29.2,huangrongbo,good,,,prod,2026-09-01 03:22:39.080769+00:00,2026-09-01 05:35:07.881807+00:00,/nfs/data/sz_44/20260901/episode_20260901_032058_000_f795ccd6.npy.mp4
01a05afc-7e60-7ed3-b619-265116866c9b,industrial packing,completed,yam,yam_0_61,28.1,huangrongbo,good,,,prod,2026-09-01 03:23:10.571941+00:00,2026-09-01 05:35:07.328023+00:00,/nfs/data/sz_44/20260901/episode_20260901_032132_000_626ca54a.npy.mp4
01a05afc-fb60-7c0c-8b03-1670fcc7cef4,industrial packing,completed,yam,yam_0_61,30.5,huangrongbo,good,,,prod,2026-09-01 03:23:47.881005+00:00,2026-09-01 05:35:07.274263+00:00,/nfs/data/sz_44/20260901/episode_20260901_032204_000_dc043f80.npy.mp4
01a05afd-8030-7127-bcc4-03d6fe6d2684,industrial packing,completed,yam,yam_0_61,27.8,huangrongbo,good,,,prod,2026-09-01 03:24:20.174491+00:00,2026-09-01 05:35:07.181897+00:00,/nfs/data/sz_44/20260901/episode_20260901_032238_000_b9ea0e21.npy.mp4
01a05b00-e748-791f-9b5d-bcf8ba63eca2,industrial packing,completed,yam,yam_0_61,26.8,huangrongbo,good,,,prod,2026-09-01 03:28:00.368008+00:00,2026-09-01 05:35:07.104111+00:00,/nfs/data/sz_44/20260901/episode_20260901_032621_000_a8ac8027.npy.mp4
01a05afd-fd30-7e3c-a1ae-35bc60f0f0e1,industrial packing,completed,yam,yam_0_61,28.6,huangrongbo,good,,,prod,2026-09-01 03:24:51.488777+00:00,2026-09-01 05:35:07.074484+00:00,/nfs/data/sz_44/20260901/episode_20260901_032310_000_c990f732.npy.mp4
01a05afe-7e18-7140-9dd6-c9f1f53eb83d,industrial packing,completed,yam,yam_0_61,25.4,huangrongbo,good,,,prod,2026-09-01 03:25:17.771645+00:00,2026-09-01 05:35:06.997612+00:00,/nfs/data/sz_44/20260901/episode_20260901_032343_000_f2f4e12f.npy.mp4
01a05afe-f348-7db0-8262-14949ae6e259,industrial packing,completed,yam,yam_0_61,26.5,huangrongbo,good,,,prod,2026-09-01 03:25:49.064230+00:00,2026-09-01 05:35:06.961023+00:00,/nfs/data/sz_44/20260901/episode_20260901_032413_000_608d1386.npy.mp4
01a05aff-e578-738c-b3ac-da95c2660f6f,industrial packing,completed,yam,yam_0_61,28.1,huangrongbo,good,,,prod,2026-09-01 03:26:51.663053+00:00,2026-09-01 05:35:06.850145+00:00,/nfs/data/sz_44/20260901/episode_20260901_032515_000_d978bbb2.npy.mp4
01a05aff-6878-770a-9ed0-8a35e3fdaa4e,industrial packing,completed,yam,yam_0_61,27.0,huangrongbo,good,,,prod,2026-09-01 03:26:20.346934+00:00,2026-09-01 05:35:06.779630+00:00,/nfs/data/sz_44/20260901/episode_20260901_032443_000_941d5733.npy.mp4
01a05b00-6278-7341-9660-be685eb512c2,industrial packing,completed,yam,yam_0_61,30.3,huangrongbo,good,,,prod,2026-09-01 03:27:29.072444+00:00,2026-09-01 05:35:06.282829+00:00,/nfs/data/sz_44/20260901/episode_20260901_032547_000_04f623c1.npy.mp4
01a05b01-6448-77ae-b2da-13fb2c838572,industrial packing,completed,yam,yam_0_61,27.9,huangrongbo,good,,,prod,2026-09-01 03:28:31.644642+00:00,2026-09-01 05:35:05.843239+00:00,/nfs/data/sz_44/20260901/episode_20260901_032653_000_9ee3888b.npy.mp4
01a05b01-dd60-7a4f-8aef-dc787045b5eb,industrial packing,completed,yam,yam_0_61,28.0,huangrongbo,good,,,prod,2026-09-01 03:29:03.919579+00:00,2026-09-01 05:35:05.783375+00:00,/nfs/data/sz_44/20260901/episode_20260901_032724_000_0efda090.npy.mp4
01a05b02-5e48-7db2-b8e7-857bcf2a700c,industrial packing,completed,yam,yam_0_61,28.8,huangrongbo,good,,,prod,2026-09-01 03:29:35.197171+00:00,2026-09-01 05:35:05.334415+00:00,/nfs/data/sz_44/20260901/episode_20260901_032757_000_94a5e920.npy.mp4
01a05b02-eed0-71a0-90f4-a0a102ac3534,industrial packing,completed,yam,yam_0_61,27.1,huangrongbo,good,,,prod,2026-09-01 03:30:11.492469+00:00,2026-09-01 05:35:05.050174+00:00,/nfs/data/sz_44/20260901/episode_20260901_032834_000_3257cd66.npy.mp4
01a05b03-67e8-737d-a471-477d9d85b996,industrial packing,completed,yam,yam_0_61,27.0,huangrongbo,good,,,prod,2026-09-01 03:30:42.801400+00:00,2026-09-01 05:35:04.916318+00:00,/nfs/data/sz_44/20260901/episode_20260901_032905_000_a533ed6b.npy.mp4
01a05b03-e100-7c32-a6a0-5e9e604eec63,industrial packing,completed,yam,yam_0_61,27.5,huangrongbo,good,,,prod,2026-09-01 03:31:14.098717+00:00,2026-09-01 05:35:04.892533+00:00,/nfs/data/sz_44/20260901/episode_20260901_032936_000_37802d22.npy.mp4
01a05b04-5e00-7a92-aa90-9b4c34c7ae01,industrial packing,completed,yam,yam_0_61,27.8,huangrongbo,good,,,prod,2026-09-01 03:31:46.400576+00:00,2026-09-01 05:35:04.777406+00:00,/nfs/data/sz_44/20260901/episode_20260901_033008_000_d04c4b16.npy.mp4
01a05b04-dee8-7cb3-95b7-39746c47de38,industrial packing,completed,yam,yam_0_61,26.4,huangrongbo,good,,,prod,2026-09-01 03:32:16.710777+00:00,2026-09-01 05:35:04.135799+00:00,/nfs/data/sz_44/20260901/episode_20260901_033041_000_a483cfc3.npy.mp4
01a05b05-5418-7823-91bb-021f67e3666b,industrial packing,completed,yam,yam_0_61,28.1,huangrongbo,good,,,prod,2026-09-01 03:32:49.017300+00:00,2026-09-01 05:35:03.973050+00:00,/nfs/data/sz_44/20260901/episode_20260901_033111_000_bb6db190.npy.mp4
01a05b05-d118-7a1e-8a9c-1fdbd8d20871,industrial packing,completed,yam,yam_0_61,28.7,huangrongbo,good,,,prod,2026-09-01 03:33:25.309467+00:00,2026-09-01 05:35:03.875956+00:00,/nfs/data/sz_44/20260901/episode_20260901_033143_000_2904eae0.npy.mp4
01a05b06-55e8-7d56-9c9f-576fba195970,industrial packing,completed,yam,yam_0_61,29.7,huangrongbo,good,,,prod,2026-09-01 03:33:57.605528+00:00,2026-09-01 05:35:03.828542+00:00,/nfs/data/sz_44/20260901/episode_20260901_033217_000_5a76d5b8.npy.mp4
01a05b06-d6d0-7471-bef6-e683165f2552,industrial packing,completed,yam,yam_0_61,29.5,huangrongbo,good,,,prod,2026-09-01 03:34:29.914558+00:00,2026-09-01 05:35:03.219781+00:00,/nfs/data/sz_44/20260901/episode_20260901_033250_000_b711c9e2.npy.mp4
01a05b07-57b8-77b3-8655-4f88c40f74b0,industrial packing,completed,yam,yam_0_61,26.0,huangrongbo,good,,,prod,2026-09-01 03:35:01.231645+00:00,2026-09-01 05:35:03.036695+00:00,/nfs/data/sz_44/20260901/episode_20260901_033323_000_0c25633e.npy.mp4
01a05b08-51b8-7464-866e-dacec22bae05,industrial packing,completed,yam,yam_0_61,26.3,huangrongbo,good,,,prod,2026-09-01 03:36:04.809591+00:00,2026-09-01 05:35:02.876293+00:00,/nfs/data/sz_44/20260901/episode_20260901_033427_000_55c85399.npy.mp4
01a05b07-d0d0-7e97-bdf0-cdbacaf312a4,industrial packing,completed,yam,yam_0_61,29.4,huangrongbo,good,,,prod,2026-09-01 03:35:33.528486+00:00,2026-09-01 05:35:02.875926+00:00,/nfs/data/sz_44/20260901/episode_20260901_033354_000_cde7126e.npy.mp4
01a05b08-cad0-7c7b-bcf3-95b932beae95,industrial packing,completed,yam,yam_0_61,28.8,huangrongbo,good,,,prod,2026-09-01 03:36:37.124541+00:00,2026-09-01 05:35:02.702976+00:00,/nfs/data/sz_44/20260901/episode_20260901_033458_000_d3852d03.npy.mp4
01a05b09-47d0-70e7-b93a-0e975f09070d,industrial packing,completed,yam,yam_0_61,27.1,huangrongbo,good,,,prod,2026-09-01 03:37:08.422099+00:00,2026-09-01 05:35:02.266502+00:00,/nfs/data/sz_44/20260901/episode_20260901_033530_000_a19f2c15.npy.mp4
01a05b09-c0e8-7333-a57f-ac3e778ff8a4,industrial packing,completed,yam,yam_0_61,28.4,huangrongbo,good,,,prod,2026-09-01 03:37:39.724823+00:00,2026-09-01 05:35:02.016252+00:00,/nfs/data/sz_44/20260901/episode_20260901_033601_000_1c4c9466.npy.mp4
01a05b0a-41d0-7ba4-ab81-67ce5c0dacf3,industrial packing,completed,yam,yam_0_61,27.9,huangrongbo,good,,,prod,2026-09-01 03:38:12.062500+00:00,2026-09-01 05:35:01.905007+00:00,/nfs/data/sz_44/20260901/episode_20260901_033634_000_8e4eb9ec.npy.mp4
01a05b0a-bed0-7c75-bf16-a358a46be884,industrial packing,completed,yam,yam_0_61,27.0,huangrongbo,good,,,prod,2026-09-01 03:38:43.352132+00:00,2026-09-01 05:35:01.862084+00:00,/nfs/data/sz_44/20260901/episode_20260901_033706_000_abd01934.npy.mp4
01a05b0b-37e8-7a15-8aae-8de84a9ece3c,industrial packing,completed,yam,yam_0_61,26.5,huangrongbo,good,,,prod,2026-09-01 03:39:14.618958+00:00,2026-09-01 05:35:01.362449+00:00,/nfs/data/sz_44/20260901/episode_20260901_033737_000_43301061.npy.mp4
01a05b0b-b100-7d21-b6bb-ec25498bc899,industrial packing,completed,yam,yam_0_61,28.4,huangrongbo,good,,,prod,2026-09-01 03:39:46.918883+00:00,2026-09-01 05:35:01.122347+00:00,/nfs/data/sz_44/20260901/episode_20260901_033808_000_b73fa7a4.npy.mp4
01a05b0c-2e00-7fb5-bcd0-c61b2dc29f78,industrial packing,completed,yam,yam_0_61,27.1,huangrongbo,good,,,prod,2026-09-01 03:40:18.253573+00:00,2026-09-01 05:35:00.896233+00:00,/nfs/data/sz_44/20260901/episode_20260901_033840_000_a865711b.npy.mp4
01a05b0c-a718-7920-9df5-03677d7a273a,industrial packing,completed,yam,yam_0_61,26.5,huangrongbo,good,,,prod,2026-09-01 03:40:50.613274+00:00,2026-09-01 05:35:00.841513+00:00,/nfs/data/sz_44/20260901/episode_20260901_033911_000_2d8468fb.npy.mp4
01a05b0d-2030-7399-b592-365009b25ded,industrial packing,completed,yam,yam_0_61,25.4,huangrongbo,good,,,prod,2026-09-01 03:41:15.922306+00:00,2026-09-01 05:35:00.805564+00:00,/nfs/data/sz_44/20260901/episode_20260901_033942_000_dc093328.npy.mp4
01a05b0d-9560-7a72-98d0-771c5222723a,industrial packing,completed,yam,yam_0_61,28.9,huangrongbo,good,,,prod,2026-09-01 03:41:53.203010+00:00,2026-09-01 05:35:00.233885+00:00,/nfs/data/sz_44/20260901/episode_20260901_034012_000_f6ae4129.npy.mp4
01a05b0e-1648-719d-8964-f275f666537c,industrial packing,completed,yam,yam_0_61,26.0,huangrongbo,good,,,prod,2026-09-01 03:42:19.479801+00:00,2026-09-01 05:35:00.068913+00:00,/nfs/data/sz_44/20260901/episode_20260901_034045_000_a52de606.npy.mp4
01a05b0e-8b78-7ed9-9953-a9bbc18ec716,industrial packing,completed,yam,yam_0_61,25.7,huangrongbo,good,,,prod,2026-09-01 03:42:50.767811+00:00,2026-09-01 05:34:59.909175+00:00,/nfs/data/sz_44/20260901/episode_20260901_034115_000_3a87e027.npy.mp4
01a05b0f-00a8-7085-a54b-0eae3682659a,industrial packing,completed,yam,yam_0_61,23.2,huangrongbo,good,,,prod,2026-09-01 03:43:16.092471+00:00,2026-09-01 05:34:59.835997+00:00,/nfs/data/sz_44/20260901/episode_20260901_034145_000_efc6d562.npy.mp4
01a05b0f-6a20-742e-9c27-b6470588cbd8,industrial packing,completed,yam,yam_0_61,25.0,huangrongbo,good,,,prod,2026-09-01 03:43:47.424050+00:00,2026-09-01 05:34:59.334040+00:00,/nfs/data/sz_44/20260901/episode_20260901_034212_000_6c8c1007.npy.mp4
01a05b0f-d780-7c2b-a373-59af332ab36d,industrial packing,completed,yam,yam_0_61,23.6,huangrongbo,good,,,prod,2026-09-01 03:44:13.730701+00:00,2026-09-01 05:34:59.094946+00:00,/nfs/data/sz_44/20260901/episode_20260901_034240_000_ad0f0cf2.npy.mp4
01a05b10-44e0-7c4f-ad47-1a8c22a041e3,industrial packing,completed,yam,yam_0_61,27.3,huangrongbo,good,,,prod,2026-09-01 03:44:45.000809+00:00,2026-09-01 05:34:58.909887+00:00,/nfs/data/sz_44/20260901/episode_20260901_034308_000_8c290472.npy.mp4
01a05b10-c1e0-7525-be8d-6483f8a9c2c2,industrial packing,completed,yam,yam_0_61,24.2,huangrongbo,good,,,prod,2026-09-01 03:45:16.299490+00:00,2026-09-01 05:34:58.880235+00:00,/nfs/data/sz_44/20260901/episode_20260901_034340_000_74e1273b.npy.mp4
01a05b11-2f40-7b5b-88a8-1039c0558f9f,industrial packing,completed,yam,yam_0_61,24.4,huangrongbo,good,,,prod,2026-09-01 03:45:41.574472+00:00,2026-09-01 05:34:58.770192+00:00,/nfs/data/sz_44/20260901/episode_20260901_034408_000_dcef2502.npy.mp4
01a05b11-f678-78df-91cc-29711fd14682,industrial packing,completed,yam,yam_0_61,23.4,huangrongbo,good,,,prod,2026-09-01 03:46:31.892366+00:00,2026-09-01 05:34:58.211386+00:00,/nfs/data/sz_44/20260901/episode_20260901_034459_000_ea7c561f.npy.mp4
01a05b12-5ff0-708a-b3fb-c91fea3392f1,industrial packing,completed,yam,yam_0_61,26.1,huangrongbo,good,,,prod,2026-09-01 03:47:04.203551+00:00,2026-09-01 05:34:57.997574+00:00,/nfs/data/sz_44/20260901/episode_20260901_034526_000_dc8726c4.npy.mp4
01a05b12-d520-7d95-914c-d1ef7d34851f,industrial packing,completed,yam,yam_0_61,25.3,huangrongbo,good,,,prod,2026-09-01 03:47:29.471856+00:00,2026-09-01 05:34:57.874553+00:00,/nfs/data/sz_44/20260901/episode_20260901_034556_000_4d9fd8bd.npy.mp4
01a05b13-4668-7b6f-8b4b-ba78ece0feb2,industrial packing,completed,yam,yam_0_61,25.1,huangrongbo,good,,,prod,2026-09-01 03:48:00.778723+00:00,2026-09-01 05:34:57.859372+00:00,/nfs/data/sz_44/20260901/episode_20260901_034625_000_ab6e9e79.npy.mp4
01a05b13-c750-7e72-b035-4cb7bae71b9a,industrial packing,completed,yam,yam_0_61,26.2,huangrongbo,good,,,prod,2026-09-01 03:48:32.121819+00:00,2026-09-01 05:34:57.811121+00:00,/nfs/data/sz_44/20260901/episode_20260901_034658_000_d1c14eb1.npy.mp4
01a05b14-3c80-7e5b-ba40-3989a33d86fd,industrial packing,completed,yam,yam_0_61,26.9,huangrongbo,good,,,prod,2026-09-01 03:49:08.463927+00:00,2026-09-01 05:34:57.086586+00:00,/nfs/data/sz_44/20260901/episode_20260901_034728_000_c5bd74bd.npy.mp4
01a05b14-b980-75ce-aa7e-1975d54f4aa2,industrial packing,completed,yam,yam_0_61,26.6,huangrongbo,good,,,prod,2026-09-01 03:49:34.722735+00:00,2026-09-01 05:34:57.081767+00:00,/nfs/data/sz_44/20260901/episode_20260901_034800_000_05328626.npy.mp4
01a05b15-3298-7c53-bcd0-f06cb3db7619,industrial packing,completed,yam,yam_0_61,27.1,huangrongbo,good,,,prod,2026-09-01 03:50:06.038697+00:00,2026-09-01 05:34:56.979526+00:00,/nfs/data/sz_44/20260901/episode_20260901_034831_000_860da250.npy.mp4
01a05b15-abb0-7e71-92f5-6b2c66e66eba,industrial packing,completed,yam,yam_0_61,28.5,huangrongbo,good,,,prod,2026-09-01 03:50:43.355933+00:00,2026-09-01 05:34:56.875506+00:00,/nfs/data/sz_44/20260901/episode_20260901_034902_000_4f981a59.npy.mp4
01a05b16-28b0-70a0-931f-54956a0e31a8,industrial packing,completed,yam,yam_0_61,27.9,huangrongbo,good,,,prod,2026-09-01 03:51:15.675474+00:00,2026-09-01 05:34:56.861632+00:00,/nfs/data/sz_44/20260901/episode_20260901_034934_000_a612d3f8.npy.mp4
01a05b16-a5b0-713f-9df0-50e56a5664eb,industrial packing,completed,yam,yam_0_61,25.7,huangrongbo,good,,,prod,2026-09-01 03:51:40.971400+00:00,2026-09-01 05:34:56.312357+00:00,/nfs/data/sz_44/20260901/episode_20260901_035006_000_e9dbeefe.npy.mp4
01a05b17-1ae0-7074-9838-93d6278edbf6,industrial packing,completed,yam,yam_0_61,26.6,huangrongbo,good,,,prod,2026-09-01 03:52:13.220206+00:00,2026-09-01 05:34:56.150857+00:00,/nfs/data/sz_44/20260901/episode_20260901_035036_000_48d38a49.npy.mp4
01a05b19-35f0-71c3-996b-653c442157b1,industrial packing,completed,yam,yam_0_61,26.9,huangrongbo,good,,,prod,2026-09-01 03:54:29.989255+00:00,2026-09-01 05:34:56.024068+00:00,/nfs/data/sz_44/20260901/episode_20260901_035254_000_304e4bf1.npy.mp4
01a05b18-c0c0-7e60-a8ae-175de00ba406,industrial packing,completed,yam,yam_0_61,26.1,huangrongbo,good,,,prod,2026-09-01 03:53:58.645026+00:00,2026-09-01 05:34:56.013473+00:00,/nfs/data/sz_44/20260901/episode_20260901_035224_000_ce986ec2.npy.mp4
01a05b19-b6d8-7593-904c-b61c28e6817e,industrial packing,completed,yam,yam_0_61,26.6,huangrongbo,good,,,prod,2026-09-01 03:55:06.315786+00:00,2026-09-01 05:34:55.809253+00:00,/nfs/data/sz_44/20260901/episode_20260901_035327_000_e3df7bdb.npy.mp4
01a05b1a-2ff0-78a4-bf77-2e403d06ab06,industrial packing,completed,yam,yam_0_61,26.9,huangrongbo,good,,,prod,2026-09-01 03:55:38.631177+00:00,2026-09-01 05:34:55.214787+00:00,/nfs/data/sz_44/20260901/episode_20260901_035358_000_438f4ffe.npy.mp4
01a05b1a-a908-7aa8-afa2-8cad2723b7fe,industrial packing,completed,yam,yam_0_61,27.1,huangrongbo,good,,,prod,2026-09-01 03:56:04.920801+00:00,2026-09-01 05:34:55.019325+00:00,/nfs/data/sz_44/20260901/episode_20260901_035429_000_76f12648.npy.mp4
01a05b1b-2220-7905-a442-b02a411f9880,industrial packing,completed,yam,yam_0_61,26.7,huangrongbo,good,,,prod,2026-09-01 03:56:36.222618+00:00,2026-09-01 05:34:54.892390+00:00,/nfs/data/sz_44/20260901/episode_20260901_035500_000_9516f782.npy.mp4
01a05b1b-9750-7463-96ac-61633e92b3d5,industrial packing,completed,yam,yam_0_61,23.5,huangrongbo,good,,,prod,2026-09-01 03:57:01.556592+00:00,2026-09-01 05:34:54.726024+00:00,/nfs/data/sz_44/20260901/episode_20260901_035530_000_02807645.npy.mp4
01a05b21-b9a0-7769-b0ca-b865221c34af,industrial packing,completed,yam,yam_0_61,24.6,huangrongbo,good,,,prod,2026-09-01 04:03:47.672798+00:00,2026-09-01 05:34:45.032607+00:00,/nfs/data/sz_44/20260901/episode_20260901_040212_000_a2dc0e71.npy.mp4
01a05b1c-04b0-7174-9e13-af2e93108ad3,industrial packing,completed,yam,yam_0_61,22.4,huangrongbo,good,,,prod,2026-09-01 03:57:31.871767+00:00,2026-09-01 05:34:44.974990+00:00,/nfs/data/sz_44/20260901/episode_20260901_035558_000_75ad292b.npy.mp4
01a05b22-2ae8-7873-982e-7e2f7e4d8cf5,industrial packing,completed,yam,yam_0_61,25.8,huangrongbo,good,,,prod,2026-09-01 04:04:19.011363+00:00,2026-09-01 05:34:44.869814+00:00,/nfs/data/sz_44/20260901/episode_20260901_040241_000_0e275b7c.npy.mp4
01a05b22-9c30-77b7-8139-209b3babe276,industrial packing,completed,yam,yam_0_61,25.5,huangrongbo,good,,,prod,2026-09-01 04:04:45.294276+00:00,2026-09-01 05:34:44.422107+00:00,/nfs/data/sz_44/20260901/episode_20260901_040310_000_347ab3e7.npy.mp4
01a05b23-0d78-76bd-8f7d-e30576279103,industrial packing,completed,yam,yam_0_61,27.9,huangrongbo,good,,,prod,2026-09-01 04:05:17.607198+00:00,2026-09-01 05:34:44.207897+00:00,/nfs/data/sz_44/20260901/episode_20260901_040339_000_43efad3a.npy.mp4
01a05b24-0778-73fa-afee-779a132e82a1,industrial packing,completed,yam,yam_0_61,26.2,huangrongbo,good,,,prod,2026-09-01 04:06:21.365438+00:00,2026-09-01 05:34:43.954044+00:00,/nfs/data/sz_44/20260901/episode_20260901_040443_000_41f52b46.npy.mp4
01a05b23-8a78-7a85-9fc2-ce7faf8da2e3,industrial packing,completed,yam,yam_0_61,28.7,huangrongbo,good,,,prod,2026-09-01 04:05:48.961717+00:00,2026-09-01 05:34:43.933720+00:00,/nfs/data/sz_44/20260901/episode_20260901_040411_000_a2137be2.npy.mp4
01a05b24-7ca8-7a9e-aedd-03a101768370,industrial packing,completed,yam,yam_0_61,27.0,huangrongbo,good,,,prod,2026-09-01 04:06:52.718167+00:00,2026-09-01 05:34:43.385190+00:00,/nfs/data/sz_44/20260901/episode_20260901_040513_000_9767798d.npy.mp4
01a05b24-f5c0-7284-9c0c-cdf2167155dc,industrial packing,completed,yam,yam_0_61,25.8,huangrongbo,good,,,prod,2026-09-01 04:07:19.113900+00:00,2026-09-01 05:34:43.302235+00:00,/nfs/data/sz_44/20260901/episode_20260901_040544_000_ffb20ed8.npy.mp4
01a05b25-e408-77d4-bcf2-6fc68066f1ad,industrial packing,completed,yam,yam_0_61,27.4,huangrongbo,good,,,prod,2026-09-01 04:08:21.745306+00:00,2026-09-01 05:34:43.256474+00:00,/nfs/data/sz_44/20260901/episode_20260901_040645_000_e0cf7ed4.npy.mp4
01a05b25-6708-7aa4-8b37-85c46f6b1fb9,industrial packing,completed,yam,yam_0_61,27.6,huangrongbo,good,,,prod,2026-09-01 04:07:50.460217+00:00,2026-09-01 05:34:43.225457+00:00,/nfs/data/sz_44/20260901/episode_20260901_040613_000_14930936.npy.mp4
01a05b26-5d20-7005-aa47-1b56372a490e,industrial packing,completed,yam,yam_0_61,27.0,huangrongbo,good,,,prod,2026-09-01 04:08:54.023161+00:00,2026-09-01 05:34:42.941314+00:00,/nfs/data/sz_44/20260901/episode_20260901_040716_000_fa029c8a.npy.mp4
01a05b26-d638-747e-a1c7-fe56c50c40ad,industrial packing,completed,yam,yam_0_61,23.6,huangrongbo,good,,,prod,2026-09-01 04:09:19.310600+00:00,2026-09-01 05:34:42.926753+00:00,/nfs/data/sz_44/20260901/episode_20260901_040747_000_8e038991.npy.mp4
01a05b27-3fb0-7c8e-9f1d-643519b25a11,industrial packing,completed,yam,yam_0_61,25.9,huangrongbo,good,,,prod,2026-09-01 04:09:50.615127+00:00,2026-09-01 05:34:42.421348+00:00,/nfs/data/sz_44/20260901/episode_20260901_040814_000_e979c0d0.npy.mp4
01a05b27-b4e0-7c3e-a706-4ec1dc3d258d,industrial packing,completed,yam,yam_0_61,23.2,huangrongbo,good,,,prod,2026-09-01 04:10:16.897190+00:00,2026-09-01 05:34:42.107018+00:00,/nfs/data/sz_44/20260901/episode_20260901_040844_000_c9191077.npy.mp4
01a05b28-1e58-754e-95f6-5403a3b21c47,industrial packing,completed,yam,yam_0_61,24.4,huangrongbo,good,,,prod,2026-09-01 04:10:48.193406+00:00,2026-09-01 05:34:41.999991+00:00,/nfs/data/sz_44/20260901/episode_20260901_040911_000_703224c7.npy.mp4
01a05b28-8bb8-733e-a6fe-c8fe2332702d,industrial packing,completed,yam,yam_0_61,24.6,huangrongbo,good,,,prod,2026-09-01 04:11:14.487207+00:00,2026-09-01 05:34:41.835724+00:00,/nfs/data/sz_44/20260901/episode_20260901_040939_000_ba9a59c7.npy.mp4
01a05b29-00e8-7bd5-83a2-4759bde41f9f,industrial packing,completed,yam,yam_0_61,28.3,huangrongbo,good,,,prod,2026-09-01 04:11:45.824917+00:00,2026-09-01 05:34:41.439439+00:00,/nfs/data/sz_44/20260901/episode_20260901_041009_000_55f287b8.npy.mp4
01a05b29-7de8-76f6-96b9-6fb4e8bf23b4,industrial packing,completed,yam,yam_0_61,25.7,huangrongbo,good,,,prod,2026-09-01 04:12:17.146741+00:00,2026-09-01 05:34:41.231480+00:00,/nfs/data/sz_44/20260901/episode_20260901_041041_000_d844c051.npy.mp4
01a05b29-f318-7c70-a51f-4796c8407434,industrial packing,completed,yam,yam_0_61,26.6,huangrongbo,good,,,prod,2026-09-01 04:12:48.466395+00:00,2026-09-01 05:34:41.053822+00:00,/nfs/data/sz_44/20260901/episode_20260901_041111_000_54da4a73.npy.mp4
01a05b2a-6848-794c-a7b9-063d6623d297,industrial packing,completed,yam,yam_0_61,23.7,huangrongbo,good,,,prod,2026-09-01 04:13:14.752725+00:00,2026-09-01 05:34:40.935987+00:00,/nfs/data/sz_44/20260901/episode_20260901_041141_000_a7ae4018.npy.mp4
01a05b2a-d1c0-76bf-bfc1-596e4f1544d4,industrial packing,completed,yam,yam_0_61,29.0,huangrongbo,good,,,prod,2026-09-01 04:13:52.102178+00:00,2026-09-01 05:34:40.532134+00:00,/nfs/data/sz_44/20260901/episode_20260901_041208_000_5d6a35a0.npy.mp4
01a05b2b-52a8-718e-93b8-85ca310233a5,industrial packing,completed,yam,yam_0_61,27.0,huangrongbo,good,,,prod,2026-09-01 04:14:18.369410+00:00,2026-09-01 05:34:40.479260+00:00,/nfs/data/sz_44/20260901/episode_20260901_041241_000_cf10ffeb.npy.mp4
01a05b2b-d778-7346-95ef-3a42185a8972,industrial packing,completed,yam,yam_0_61,22.6,huangrongbo,good,,,prod,2026-09-01 04:14:48.681102+00:00,2026-09-01 05:34:40.071093+00:00,/nfs/data/sz_44/20260901/episode_20260901_041315_000_c23625fd.npy.mp4
01a05b2c-3d08-78e5-939f-9d1db46c7b83,industrial packing,completed,yam,yam_0_61,23.9,huangrongbo,good,,,prod,2026-09-01 04:15:14.971491+00:00,2026-09-01 05:34:40.050095+00:00,/nfs/data/sz_44/20260901/episode_20260901_041341_000_79173619.npy.mp4
01a05b2c-a680-7f38-b0f9-632fb735973d,industrial packing,completed,yam,yam_0_61,23.4,huangrongbo,good,,,prod,2026-09-01 04:15:40.252220+00:00,2026-09-01 05:34:39.198235+00:00,/nfs/data/sz_44/20260901/episode_20260901_041408_000_301780b7.npy.mp4
01a05b2d-13e0-7025-8c51-a898286f2e93,industrial packing,completed,yam,yam_0_61,25.0,huangrongbo,good,,,prod,2026-09-01 04:16:11.585000+00:00,2026-09-01 05:34:39.031133+00:00,/nfs/data/sz_44/20260901/episode_20260901_041436_000_41e6f4cf.npy.mp4
01a05b2d-8528-7831-b01b-d8b684daab56,industrial packing,completed,yam,yam_0_61,25.0,huangrongbo,good,,,prod,2026-09-01 04:16:42.886777+00:00,2026-09-01 05:34:38.855892+00:00,/nfs/data/sz_44/20260901/episode_20260901_041505_000_fff1a60e.npy.mp4
01a05b2d-f670-7f8e-bf02-9c7f95cc48d7,industrial packing,completed,yam,yam_0_61,27.2,huangrongbo,good,,,prod,2026-09-01 04:17:09.161414+00:00,2026-09-01 05:34:38.796778+00:00,/nfs/data/sz_44/20260901/episode_20260901_041534_000_f32aa88d.npy.mp4
01a05b2e-6f88-74d5-acb5-aeb25737862e,industrial packing,completed,yam,yam_0_61,26.3,huangrongbo,good,,,prod,2026-09-01 04:17:40.507710+00:00,2026-09-01 05:34:38.195281+00:00,/nfs/data/sz_44/20260901/episode_20260901_041605_000_d20326c7.npy.mp4
01a05b2f-5600-7107-a5a0-b78abdd73afc,industrial packing,completed,yam,yam_0_61,24.5,huangrongbo,good,,,prod,2026-09-01 04:18:38.240640+00:00,2026-09-01 05:34:38.119103+00:00,/nfs/data/sz_44/20260901/episode_20260901_041704_000_83a608c5.npy.mp4
01a05b2e-e4b8-7806-8d69-87f6a6f8eed5,industrial packing,completed,yam,yam_0_61,25.1,huangrongbo,good,,,prod,2026-09-01 04:18:11.966062+00:00,2026-09-01 05:34:37.985371+00:00,/nfs/data/sz_44/20260901/episode_20260901_041635_000_32142039.npy.mp4
01a05b30-4060-7ee5-ae6c-fcafbe26b10b,industrial packing,completed,yam,yam_0_61,26.9,huangrongbo,good,,,prod,2026-09-01 04:19:40.844034+00:00,2026-09-01 05:34:37.756773+00:00,/nfs/data/sz_44/20260901/episode_20260901_041804_000_1df33a48.npy.mp4
01a05b2f-c360-7c95-88b8-09897dca974f,industrial packing,completed,yam,yam_0_61,27.8,huangrongbo,good,,,prod,2026-09-01 04:19:09.524238+00:00,2026-09-01 05:34:37.712596+00:00,/nfs/data/sz_44/20260901/episode_20260901_041732_000_08887b35.npy.mp4
01a05b30-b978-75e1-b9a5-96832ccb62b9,industrial packing,completed,yam,yam_0_61,25.7,huangrongbo,good,,,prod,2026-09-01 04:20:12.211571+00:00,2026-09-01 05:34:37.070753+00:00,/nfs/data/sz_44/20260901/episode_20260901_041835_000_b72567a1.npy.mp4
01a05b31-2ea8-70ff-a8e1-14688236553f,industrial packing,completed,yam,yam_0_61,23.8,huangrongbo,good,,,prod,2026-09-01 04:20:37.565312+00:00,2026-09-01 05:34:36.922283+00:00,/nfs/data/sz_44/20260901/episode_20260901_041905_000_27b5e502.npy.mp4
01a05b31-9820-731f-8cd0-b556110cf421,industrial packing,completed,yam,yam_0_61,24.7,huangrongbo,good,,,prod,2026-09-01 04:21:08.857216+00:00,2026-09-01 05:34:36.912213+00:00,/nfs/data/sz_44/20260901/episode_20260901_041932_000_8b0ecdab.npy.mp4
01a05b32-0968-7946-a409-ee5f0053e8a8,industrial packing,completed,yam,yam_0_61,23.6,huangrongbo,good,,,prod,2026-09-01 04:21:35.170512+00:00,2026-09-01 05:34:36.767889+00:00,/nfs/data/sz_44/20260901/episode_20260901_042001_000_3587b566.npy.mp4
01a05b32-72e0-7871-ac92-d72fda555f7f,industrial packing,completed,yam,yam_0_61,23.8,huangrongbo,good,,,prod,2026-09-01 04:22:00.458828+00:00,2026-09-01 05:34:36.102226+00:00,/nfs/data/sz_44/20260901/episode_20260901_042028_000_14e7ae75.npy.mp4
01a05b32-e040-7bf9-8531-9cfc758ac78f,industrial packing,completed,yam,yam_0_61,25.6,huangrongbo,good,,,prod,2026-09-01 04:22:31.784709+00:00,2026-09-01 05:34:35.901009+00:00,/nfs/data/sz_44/20260901/episode_20260901_042056_000_e76858e5.npy.mp4
01a05b33-5188-7e9a-8b4b-069ace6a3427,industrial packing,completed,yam,yam_0_61,26.9,huangrongbo,good,,,prod,2026-09-01 04:23:03.090173+00:00,2026-09-01 05:34:35.894536+00:00,/nfs/data/sz_44/20260901/episode_20260901_042125_000_fbcf1c1f.npy.mp4
01a05b33-caa0-73f0-a5c3-70d3a0a1ec59,industrial packing,completed,yam,yam_0_61,26.5,huangrongbo,good,,,prod,2026-09-01 04:23:34.361598+00:00,2026-09-01 05:34:35.347455+00:00,/nfs/data/sz_44/20260901/episode_20260901_042156_000_2ca82997.npy.mp4
01a05b34-3fd0-75e6-a346-1b3cabee5573,industrial packing,completed,yam,yam_0_61,28.0,huangrongbo,good,,,prod,2026-09-01 04:24:06.657317+00:00,2026-09-01 05:34:35.314043+00:00,/nfs/data/sz_44/20260901/episode_20260901_042226_000_d8239317.npy.mp4
01a05b34-c0b8-73ae-a93e-a5b9819c7b7f,industrial packing,completed,yam,yam_0_61,24.5,huangrongbo,good,,,prod,2026-09-01 04:24:33.003051+00:00,2026-09-01 05:34:35.072143+00:00,/nfs/data/sz_44/20260901/episode_20260901_042259_000_7ca2d69d.npy.mp4
01a05b35-a348-7b8a-86d4-ede3aedaa637,industrial packing,completed,yam,yam_0_61,26.9,huangrongbo,good,,,prod,2026-09-01 04:25:35.677967+00:00,2026-09-01 05:34:34.918054+00:00,/nfs/data/sz_44/20260901/episode_20260901_042357_000_6d49f0a2.npy.mp4
01a05b35-2e18-7da6-957e-6796b60f334f,industrial packing,completed,yam,yam_0_61,26.2,huangrongbo,good,,,prod,2026-09-01 04:25:04.314588+00:00,2026-09-01 05:34:34.907266+00:00,/nfs/data/sz_44/20260901/episode_20260901_042327_000_3f38b0a8.npy.mp4
01a05b36-1878-7c0d-b2aa-7cdb0ecd436c,industrial packing,completed,yam,yam_0_61,24.8,huangrongbo,good,,,prod,2026-09-01 04:26:01.955530+00:00,2026-09-01 05:34:34.751028+00:00,/nfs/data/sz_44/20260901/episode_20260901_042427_000_4a18afc0.npy.mp4
01a05b36-89c0-7624-b3df-cd520607ebec,industrial packing,completed,yam,yam_0_61,27.7,huangrongbo,good,,,prod,2026-09-01 04:26:33.244249+00:00,2026-09-01 05:34:34.066102+00:00,/nfs/data/sz_44/20260901/episode_20260901_042456_000_b7126820.npy.mp4
01a05b37-02d8-70a2-aba5-72bea7027e70,industrial packing,completed,yam,yam_0_61,28.7,huangrongbo,good,,,prod,2026-09-01 04:27:05.536738+00:00,2026-09-01 05:34:33.940468+00:00,/nfs/data/sz_44/20260901/episode_20260901_042527_000_c8d65174.npy.mp4
01a05b37-83c0-7433-bff0-8baf28a873cb,industrial packing,completed,yam,yam_0_61,24.3,huangrongbo,good,,,prod,2026-09-01 04:27:36.850594+00:00,2026-09-01 05:34:33.884124+00:00,/nfs/data/sz_44/20260901/episode_20260901_042600_000_2da74c78.npy.mp4
01a05b37-f120-7a25-814c-b1fddada0e77,industrial packing,completed,yam,yam_0_61,25.3,huangrongbo,good,,,prod,2026-09-01 04:28:03.137541+00:00,2026-09-01 05:34:33.738102+00:00,/nfs/data/sz_44/20260901/episode_20260901_042628_000_8cb5efb4.npy.mp4
01a05b38-6268-78e6-842c-184b6a445fff,industrial packing,completed,yam,yam_0_61,27.5,huangrongbo,good,,,prod,2026-09-01 04:28:34.436160+00:00,2026-09-01 05:34:33.140506+00:00,/nfs/data/sz_44/20260901/episode_20260901_042657_000_ed58e22f.npy.mp4
01a05b38-db80-7031-9d36-b52f1ff15e7e,industrial packing,completed,yam,yam_0_61,26.9,huangrongbo,good,,,prod,2026-09-01 04:29:05.744204+00:00,2026-09-01 05:34:32.921442+00:00,/nfs/data/sz_44/20260901/episode_20260901_042728_000_9faacba9.npy.mp4
01a05b39-5498-77e0-884f-6ef385ad3ee0,industrial packing,completed,yam,yam_0_61,27.2,huangrongbo,good,,,prod,2026-09-01 04:29:38.015121+00:00,2026-09-01 05:34:32.848765+00:00,/nfs/data/sz_44/20260901/episode_20260901_042759_000_4293d756.npy.mp4
01a05b39-cdb0-71df-af06-4ab1b34fcd83,industrial packing,completed,yam,yam_0_61,26.0,huangrongbo,good,,,prod,2026-09-01 04:30:04.291751+00:00,2026-09-01 05:34:32.761063+00:00,/nfs/data/sz_44/20260901/episode_20260901_042830_000_26d8f18a.npy.mp4
01a05b3a-3ef8-74eb-929a-b83dc99337ee,industrial packing,completed,yam,yam_0_61,31.2,huangrongbo,good,,,prod,2026-09-01 04:30:41.575075+00:00,2026-09-01 05:34:32.220052+00:00,/nfs/data/sz_44/20260901/episode_20260901_042859_000_b3e33e8b.npy.mp4
01a05b3a-c7b0-78fb-bbb4-c40a81d528b8,industrial packing,completed,yam,yam_0_61,29.6,huangrongbo,good,,,prod,2026-09-01 04:31:12.866477+00:00,2026-09-01 05:34:32.181963+00:00,/nfs/data/sz_44/20260901/episode_20260901_042934_000_fb878bba.npy.mp4
01a05b60-5cc8-7081-8817-0fc29619332b,industrial packing,completed,yam,yam_0_61,26.7,huangrongbo,good,,,prod,2026-09-01 05:12:11.927497+00:00,2026-09-01 05:34:31.984284+00:00,/nfs/data/sz_44/20260901/episode_20260901_051037_000_d04c5b18.npy.mp4
01a05b60-d1f8-72a2-8ae3-29602b509fab,industrial packing,completed,yam,yam_0_61,27.1,huangrongbo,good,,,prod,2026-09-01 05:12:44.229326+00:00,2026-09-01 05:34:31.932527+00:00,/nfs/data/sz_44/20260901/episode_20260901_051107_000_b492ceac.npy.mp4
01a05b61-b870-7745-8f05-7ab38e072c19,industrial packing,completed,yam,yam_0_61,25.4,huangrongbo,good,,,prod,2026-09-01 05:13:41.800232+00:00,2026-09-01 05:34:31.838859+00:00,/nfs/data/sz_44/20260901/episode_20260901_051206_000_30355789.npy.mp4
01a05b62-29b8-7fd3-9ec6-5584d923d73b,industrial packing,completed,yam,yam_0_61,27.6,huangrongbo,good,,,prod,2026-09-01 05:14:13.076234+00:00,2026-09-01 05:34:31.820526+00:00,/nfs/data/sz_44/20260901/episode_20260901_051235_000_3b72253d.npy.mp4
01a05b61-4728-7205-be70-9967717a4005,industrial packing,completed,yam,yam_0_61,24.9,huangrongbo,good,,,prod,2026-09-01 05:13:15.519302+00:00,2026-09-01 05:34:31.794576+00:00,/nfs/data/sz_44/20260901/episode_20260901_051137_000_0b671dd6.npy.mp4
01a05b62-a2d0-7d70-9942-8270f59296fe,industrial packing,completed,yam,yam_0_61,27.4,huangrongbo,good,,,prod,2026-09-01 05:14:44.360320+00:00,2026-09-01 05:34:31.188953+00:00,/nfs/data/sz_44/20260901/episode_20260901_051306_000_882035e3.npy.mp4
01a05b63-1be8-75f8-917f-b81860e87037,industrial packing,completed,yam,yam_0_61,27.9,huangrongbo,good,,,prod,2026-09-01 05:15:16.642517+00:00,2026-09-01 05:34:30.964897+00:00,/nfs/data/sz_44/20260901/episode_20260901_051337_000_4d7ce7c3.npy.mp4
01a05b63-98e8-7832-9a7e-15aef19e6cfc,industrial packing,completed,yam,yam_0_61,28.3,huangrongbo,good,,,prod,2026-09-01 05:15:48.961533+00:00,2026-09-01 05:34:30.865583+00:00,/nfs/data/sz_44/20260901/episode_20260901_051409_000_07453e7d.npy.mp4
01a05b64-15e8-78e0-9b8c-fa76ba8d057d,industrial packing,completed,yam,yam_0_61,28.1,huangrongbo,good,,,prod,2026-09-01 05:16:20.377751+00:00,2026-09-01 05:34:30.783158+00:00,/nfs/data/sz_44/20260901/episode_20260901_051441_000_2e415805.npy.mp4
01a05b64-8f00-729a-b55b-7d5b0eeb3d91,industrial packing,completed,yam,yam_0_61,25.8,huangrongbo,good,,,prod,2026-09-01 05:16:46.666372+00:00,2026-09-01 05:34:30.751652+00:00,/nfs/data/sz_44/20260901/episode_20260901_051512_000_b8165258.npy.mp4
01a05b65-0048-73d1-a361-92f149bc4320,industrial packing,completed,yam,yam_0_61,26.3,huangrongbo,good,,,prod,2026-09-01 05:17:17.952704+00:00,2026-09-01 05:34:30.096536+00:00,/nfs/data/sz_44/20260901/episode_20260901_051541_000_48cfc835.npy.mp4
01a05b65-fe30-7498-a625-9858c5314b2c,industrial packing,completed,yam,yam_0_61,25.5,huangrongbo,good,,,prod,2026-09-01 05:18:20.595860+00:00,2026-09-01 05:34:29.979701+00:00,/nfs/data/sz_44/20260901/episode_20260901_051646_000_c86dcfdf.npy.mp4
01a05b65-8518-7170-99bf-eb94bfbe6fb8,industrial packing,completed,yam,yam_0_61,26.4,huangrongbo,good,,,prod,2026-09-01 05:17:54.275742+00:00,2026-09-01 05:34:29.972517+00:00,/nfs/data/sz_44/20260901/episode_20260901_051615_000_6156d670.npy.mp4
01a05b66-6f78-7de5-b06e-fcfd7fb8e247,industrial packing,completed,yam,yam_0_61,26.9,huangrongbo,good,,,prod,2026-09-01 05:18:51.896116+00:00,2026-09-01 05:34:29.747331+00:00,/nfs/data/sz_44/20260901/episode_20260901_051715_000_f8e09313.npy.mp4
01a05b66-e890-731c-b41a-511f3a902ada,industrial packing,completed,yam,yam_0_61,26.5,huangrongbo,good,,,prod,2026-09-01 05:19:23.185364+00:00,2026-09-01 05:34:29.162140+00:00,/nfs/data/sz_44/20260901/episode_20260901_051746_000_b07c2398.npy.mp4
01a05b67-59d8-7c84-9dcc-efe05bc3de0a,industrial packing,completed,yam,yam_0_61,26.6,huangrongbo,good,,,prod,2026-09-01 05:19:54.499319+00:00,2026-09-01 05:34:28.910806+00:00,/nfs/data/sz_44/20260901/episode_20260901_051815_000_2e523a40.npy.mp4
01a05b67-d2f0-7c96-a19e-3f92e10a14c2,industrial packing,completed,yam,yam_0_61,26.1,huangrongbo,good,,,prod,2026-09-01 05:20:20.886762+00:00,2026-09-01 05:34:28.830420+00:00,/nfs/data/sz_44/20260901/episode_20260901_051846_000_1401eef1.npy.mp4
01a05b68-4438-72f7-9ac3-7afd72626e7f,industrial packing,completed,yam,yam_0_61,25.9,huangrongbo,good,,,prod,2026-09-01 05:20:53.169803+00:00,2026-09-01 05:34:28.799567+00:00,/nfs/data/sz_44/20260901/episode_20260901_051915_000_a248f3cd.npy.mp4
01a05b68-b968-7236-823c-06f0ccf06446,industrial packing,completed,yam,yam_0_61,26.2,huangrongbo,good,,,prod,2026-09-01 05:21:24.456581+00:00,2026-09-01 05:34:28.251262+00:00,/nfs/data/sz_44/20260901/episode_20260901_051945_000_67817f74.npy.mp4
01a05b69-2e98-7868-af6d-8b53d705aa58,industrial packing,completed,yam,yam_0_61,26.0,huangrongbo,good,,,prod,2026-09-01 05:21:50.745779+00:00,2026-09-01 05:34:28.020819+00:00,/nfs/data/sz_44/20260901/episode_20260901_052015_000_e7c5c389.npy.mp4
01a05b6a-24b0-7d4a-bb17-aae521c1f35d,industrial packing,completed,yam,yam_0_61,27.1,huangrongbo,good,,,prod,2026-09-01 05:22:59.312662+00:00,2026-09-01 05:34:27.843255+00:00,/nfs/data/sz_44/20260901/episode_20260901_052118_000_53676a8d.npy.mp4
01a05b69-9fe0-7c2e-9e9b-f6cb7d728087,industrial packing,completed,yam,yam_0_61,30.3,huangrongbo,good,,,prod,2026-09-01 05:22:28.031350+00:00,2026-09-01 05:34:27.836636+00:00,/nfs/data/sz_44/20260901/episode_20260901_052044_000_afcc4b62.npy.mp4
01a05b6a-9dc8-79db-a5dc-3df2ed6e5351,industrial packing,completed,yam,yam_0_61,28.8,huangrongbo,good,,,prod,2026-09-01 05:23:31.627025+00:00,2026-09-01 05:34:27.208231+00:00,/nfs/data/sz_44/20260901/episode_20260901_052149_000_f5800d4a.npy.mp4
01a05b6b-1ac8-7cb8-b2b6-8cc3a506e6cc,industrial packing,completed,yam,yam_0_61,28.9,huangrongbo,good,,,prod,2026-09-01 05:24:03.922842+00:00,2026-09-01 05:34:26.979275+00:00,/nfs/data/sz_44/20260901/episode_20260901_052221_000_70059caf.npy.mp4
01a05b6b-9bb0-719c-af65-efc9bebfddf7,industrial packing,completed,yam,yam_0_61,27.3,huangrongbo,good,,,prod,2026-09-01 05:24:30.247079+00:00,2026-09-01 05:34:26.863029+00:00,/nfs/data/sz_44/20260901/episode_20260901_052254_000_121ba508.npy.mp4
01a05b6c-14c8-77ee-913c-ea3a652f0d68,industrial packing,completed,yam,yam_0_61,26.4,huangrongbo,good,,,prod,2026-09-01 05:25:01.533319+00:00,2026-09-01 05:34:26.853075+00:00,/nfs/data/sz_44/20260901/episode_20260901_052325_000_87b156af.npy.mp4
01a05b6c-89f8-75a6-8115-730e0fd7dfb4,industrial packing,completed,yam,yam_0_61,25.5,huangrongbo,good,,,prod,2026-09-01 05:25:32.863288+00:00,2026-09-01 05:34:26.291041+00:00,/nfs/data/sz_44/20260901/episode_20260901_052355_000_7439e652.npy.mp4
01a05b6c-fb40-72bb-b35a-7b6845f47cf2,industrial packing,completed,yam,yam_0_61,26.7,huangrongbo,good,,,prod,2026-09-01 05:25:59.119306+00:00,2026-09-01 05:34:26.074467+00:00,/nfs/data/sz_44/20260901/episode_20260901_052424_000_de962eb4.npy.mp4
01a05b6d-7458-709e-b19e-2d6257ede18b,industrial packing,completed,yam,yam_0_61,25.5,huangrongbo,good,,,prod,2026-09-01 05:26:30.410845+00:00,2026-09-01 05:34:25.885518+00:00,/nfs/data/sz_44/20260901/episode_20260901_052455_000_0bf07d15.npy.mp4
01a05b6d-ed70-7102-9a7e-330106cbf7b1,industrial packing,completed,yam,yam_0_61,27.7,huangrongbo,good,,,prod,2026-09-01 05:27:06.745539+00:00,2026-09-01 05:34:25.872421+00:00,/nfs/data/sz_44/20260901/episode_20260901_052526_000_eaa37fa4.npy.mp4
01a05b6e-6688-7c6c-ab29-3e2fa1eee615,industrial packing,completed,yam,yam_0_61,30.5,huangrongbo,good,,,prod,2026-09-01 05:27:39.030593+00:00,2026-09-01 05:34:25.737213+00:00,/nfs/data/sz_44/20260901/episode_20260901_052557_000_ae80adf7.npy.mp4
01a05b6e-eb58-759c-bf5e-d4c785b89795,industrial packing,completed,yam,yam_0_61,24.8,huangrongbo,good,,,prod,2026-09-01 05:28:05.328282+00:00,2026-09-01 05:34:25.155263+00:00,/nfs/data/sz_44/20260901/episode_20260901_052631_000_13cd1977.npy.mp4
01a05b6f-58b8-7df9-b957-e50070662ca1,industrial packing,completed,yam,yam_0_61,25.9,huangrongbo,good,,,prod,2026-09-01 05:28:36.601194+00:00,2026-09-01 05:34:24.921312+00:00,/nfs/data/sz_44/20260901/episode_20260901_052659_000_2dee58cc.npy.mp4
01a05b6f-cde8-71cd-9370-c3d9829e164e,industrial packing,completed,yam,yam_0_61,26.7,huangrongbo,good,,,prod,2026-09-01 05:29:08.925987+00:00,2026-09-01 05:34:24.830920+00:00,/nfs/data/sz_44/20260901/episode_20260901_052729_000_845875a0.npy.mp4
01a05b70-4318-74cb-af67-d43b402a6c04,industrial packing,completed,yam,yam_0_61,27.8,huangrongbo,good,,,prod,2026-09-01 05:29:35.229296+00:00,2026-09-01 05:34:24.787471+00:00,/nfs/data/sz_44/20260901/episode_20260901_052759_000_e25ea6d0.npy.mp4
01a05b70-bc30-79a6-85c7-d82409304b68,industrial packing,completed,yam,yam_0_61,26.5,huangrongbo,good,,,prod,2026-09-01 05:30:07.551968+00:00,2026-09-01 05:34:24.219076+00:00,/nfs/data/sz_44/20260901/episode_20260901_052830_000_69c535ff.npy.mp4
01a05b71-3160-7188-8488-a3d41cafcdcf,industrial packing,completed,yam,yam_0_61,27.9,huangrongbo,good,,,prod,2026-09-01 05:30:38.875244+00:00,2026-09-01 05:34:24.011563+00:00,/nfs/data/sz_44/20260901/episode_20260901_052900_000_e45c68e3.npy.mp4
01a05b71-ae60-7e87-a902-0e66f3cace46,industrial packing,completed,yam,yam_0_61,26.6,huangrongbo,good,,,prod,2026-09-01 05:31:10.184871+00:00,2026-09-01 05:34:23.865519+00:00,/nfs/data/sz_44/20260901/episode_20260901_052932_000_c1864587.npy.mp4
01a05b72-2390-7334-8e4f-70b898ab0edc,industrial packing,completed,yam,yam_0_61,31.1,huangrongbo,good,,,prod,2026-09-01 05:31:42.464823+00:00,2026-09-01 05:34:23.811566+00:00,/nfs/data/sz_44/20260901/episode_20260901_053002_000_3df77470.npy.mp4
01a05b72-ac48-71a7-ad42-3af7bcbfcb92,industrial packing,completed,yam,yam_0_61,28.2,huangrongbo,good,,,prod,2026-09-01 05:32:13.755962+00:00,2026-09-01 05:34:23.769620+00:00,/nfs/data/sz_44/20260901/episode_20260901_053037_000_e53a5c44.npy.mp4
01a05b73-2948-7818-b2b2-456b17810f87,industrial packing,completed,yam,yam_0_61,27.9,huangrongbo,good,,,prod,2026-09-01 05:32:46.045347+00:00,2026-09-01 05:34:23.129241+00:00,/nfs/data/sz_44/20260901/episode_20260901_053109_000_5b35ec1d.npy.mp4
01a05b73-a648-7a7e-8aca-f1dcf74902ed,industrial packing,completed,yam,yam_0_61,23.3,huangrongbo,good,,,prod,2026-09-01 05:33:16.334860+00:00,2026-09-01 05:34:22.864142+00:00,/nfs/data/sz_44/20260901/episode_20260901_053141_000_26c32067.npy.mp4
01a05b74-1790-78b7-b903-b16612b10bde,industrial packing,completed,yam,yam_0_61,24.3,huangrongbo,good,,,prod,2026-09-01 05:33:42.607268+00:00,2026-09-01 05:34:22.847659+00:00,/nfs/data/sz_44/20260901/episode_20260901_053210_000_087d97f4.npy.mp4
01a05ad6-31b0-714d-bfb9-21d98b341a44,industrial packing,completed,yam,yam_0_61,1.8,huangrongbo,poor,,,prod,2026-09-01 02:40:56.423729+00:00,2026-09-01 02:41:34.916951+00:00,/nfs/data/sz_44/20260901/episode_20260901_023942_000_fe016ed8.npy.mp4
01a056ce-70c8-7c80-80d8-c6c32dd08892,industrial packing,completed,yam,yam_0_61,25.9,huangrongbo,good,,,prod,2026-08-31 07:54:21.249737+00:00,2026-09-01 02:11:24.839552+00:00,/nfs/data/sz_44/20260831/episode_20260831_075245_000_23c912fc.npy.mp4
01a056cf-5b28-755d-8f8e-afcbc04aadc6,industrial packing,completed,yam,yam_0_61,24.9,huangrongbo,good,,,prod,2026-08-31 07:55:17.861401+00:00,2026-09-01 02:11:24.820575+00:00,/nfs/data/sz_44/20260831/episode_20260831_075345_000_21524ce2.npy.mp4
01a056ce-e5f8-7159-8f5a-8c46b463e1f5,industrial packing,completed,yam,yam_0_61,24.9,huangrongbo,good,,,prod,2026-08-31 07:54:52.562066+00:00,2026-09-01 02:11:24.744773+00:00,/nfs/data/sz_44/20260831/episode_20260831_075315_000_2554f1f7.npy.mp4
01a056cf-d058-7e77-9cae-ccc58faad2d8,industrial packing,completed,yam,yam_0_61,28.0,huangrongbo,good,,,prod,2026-08-31 07:55:55.201468+00:00,2026-09-01 02:11:24.384923+00:00,/nfs/data/sz_44/20260831/episode_20260831_075415_000_2809051c.npy.mp4
01a056d0-4d58-79a8-914d-d6f225d2c25a,industrial packing,completed,yam,yam_0_61,27.5,huangrongbo,good,,,prod,2026-08-31 07:56:26.515540+00:00,2026-09-01 02:11:24.297532+00:00,/nfs/data/sz_44/20260831/episode_20260831_075447_000_782be995.npy.mp4
01a056d0-ca58-738c-8d8b-5cbc6e9ec7f8,industrial packing,completed,yam,yam_0_61,26.2,huangrongbo,good,,,prod,2026-08-31 07:56:58.796816+00:00,2026-09-01 02:11:24.169965+00:00,/nfs/data/sz_44/20260831/episode_20260831_075519_000_7c6409ca.npy.mp4
01a056d1-4370-7578-b72d-31ad2c261d88,industrial packing,completed,yam,yam_0_61,25.0,huangrongbo,good,,,prod,2026-08-31 07:57:24.080901+00:00,2026-09-01 02:11:24.026641+00:00,/nfs/data/sz_44/20260831/episode_20260831_075550_000_e676880c.npy.mp4
01a056d1-b8a0-7fe6-a62f-15945820ce19,industrial packing,completed,yam,yam_0_61,26.1,huangrongbo,good,,,prod,2026-08-31 07:57:55.411794+00:00,2026-09-01 02:11:23.844747+00:00,/nfs/data/sz_44/20260831/episode_20260831_075620_000_5fb29a0e.npy.mp4
01a056d2-2dd0-7229-bffa-38fd112d6bcb,industrial packing,completed,yam,yam_0_61,23.7,huangrongbo,good,,,prod,2026-08-31 07:58:20.706378+00:00,2026-09-01 02:11:23.714318+00:00,/nfs/data/sz_44/20260831/episode_20260831_075650_000_289ab403.npy.mp4
01a056d2-aeb8-7a3b-ada5-785c12f3485a,industrial packing,completed,yam,yam_0_61,25.6,huangrongbo,good,,,prod,2026-08-31 07:58:57.025292+00:00,2026-09-01 02:11:17.715227+00:00,/nfs/data/sz_44/20260831/episode_20260831_075723_000_bd6acff0.npy.mp4
01a056d3-23e8-750e-b28f-40698e208de5,industrial packing,completed,yam,yam_0_61,22.8,huangrongbo,good,,,prod,2026-08-31 07:59:28.345396+00:00,2026-09-01 02:11:17.197287+00:00,/nfs/data/sz_44/20260831/episode_20260831_075753_000_f233a219.npy.mp4
01a056d3-8d60-7511-becf-eef314c0b14b,industrial packing,completed,yam,yam_0_61,24.1,huangrongbo,good,,,prod,2026-08-31 07:59:53.628270+00:00,2026-09-01 02:11:17.131981+00:00,/nfs/data/sz_44/20260831/episode_20260831_075820_000_489a405f.npy.mp4
01a056d4-0a60-7d27-a444-5aa10d98455f,industrial packing,completed,yam,yam_0_61,27.5,huangrongbo,good,,,prod,2026-08-31 08:00:29.986933+00:00,2026-09-01 02:11:17.008108+00:00,/nfs/data/sz_44/20260831/episode_20260831_075852_000_dda4a751.npy.mp4
01a056d4-8760-769b-85a5-78aae3884f4c,industrial packing,completed,yam,yam_0_61,24.7,huangrongbo,good,,,prod,2026-08-31 08:01:01.328971+00:00,2026-09-01 02:11:16.898260+00:00,/nfs/data/sz_44/20260831/episode_20260831_075924_000_bee3e6db.npy.mp4
01a056d4-f4c0-7604-bece-ac5230aeb823,industrial packing,completed,yam,yam_0_61,28.4,huangrongbo,good,,,prod,2026-08-31 08:01:33.678964+00:00,2026-09-01 02:11:16.884310+00:00,/nfs/data/sz_44/20260831/episode_20260831_075952_000_48f4cfe6.npy.mp4
01a056d5-75a8-7196-b321-6129e41f8e31,industrial packing,completed,yam,yam_0_61,26.2,huangrongbo,good,,,prod,2026-08-31 08:01:59.964816+00:00,2026-09-01 02:11:16.721128+00:00,/nfs/data/sz_44/20260831/episode_20260831_080025_000_b45909fa.npy.mp4
01a056d5-ead8-7b6e-b884-d01f79346ad8,industrial packing,completed,yam,yam_0_61,27.6,huangrongbo,good,,,prod,2026-08-31 08:02:31.306508+00:00,2026-09-01 02:11:16.314688+00:00,/nfs/data/sz_44/20260831/episode_20260831_080055_000_73469bd2.npy.mp4
01a056d6-67d8-7d37-aaa9-945efd1195e0,industrial packing,completed,yam,yam_0_61,26.1,huangrongbo,good,,,prod,2026-08-31 08:03:01.602459+00:00,2026-09-01 02:11:16.011394+00:00,/nfs/data/sz_44/20260831/episode_20260831_080127_000_5b88458d.npy.mp4
01a056d6-dd08-7c5c-aa1f-6bf7b2cb2bbd,industrial packing,completed,yam,yam_0_61,29.1,huangrongbo,good,,,prod,2026-08-31 08:03:38.934577+00:00,2026-09-01 02:11:15.876663+00:00,/nfs/data/sz_44/20260831/episode_20260831_080157_000_c4993d3c.npy.mp4
01a056d7-cf38-74dd-b55a-6eafcef0c501,industrial packing,completed,yam,yam_0_61,25.8,huangrongbo,good,,,prod,2026-08-31 08:04:36.566219+00:00,2026-09-01 02:11:15.874348+00:00,/nfs/data/sz_44/20260831/episode_20260831_080259_000_fc6f28c3.npy.mp4
01a056d7-61d8-73d5-a8ba-0ec9fc747d7e,industrial packing,completed,yam,yam_0_61,24.0,huangrongbo,good,,,prod,2026-08-31 08:04:05.253327+00:00,2026-09-01 02:11:15.746674+00:00,/nfs/data/sz_44/20260831/episode_20260831_080231_000_ecb03d8f.npy.mp4
01a056d8-4468-703b-852e-4c830d7bef8e,industrial packing,completed,yam,yam_0_61,25.4,huangrongbo,good,,,prod,2026-08-31 08:05:01.902804+00:00,2026-09-01 02:11:15.248199+00:00,/nfs/data/sz_44/20260831/episode_20260831_080329_000_52ab3f41.npy.mp4
01a056d8-b998-7af8-8b75-6d53a0ec4d37,industrial packing,completed,yam,yam_0_61,27.0,huangrongbo,good,,,prod,2026-08-31 08:05:38.263325+00:00,2026-09-01 02:11:15.216082+00:00,/nfs/data/sz_44/20260831/episode_20260831_080359_000_0042f72c.npy.mp4
01a056d9-32b0-7c90-bbfa-da474496f69b,industrial packing,completed,yam,yam_0_61,25.2,huangrongbo,good,,,prod,2026-08-31 08:06:04.580797+00:00,2026-09-01 02:11:15.028161+00:00,/nfs/data/sz_44/20260831/episode_20260831_080430_000_ff72f3a4.npy.mp4
01a056d9-a7e0-7467-9ae2-ecb37d234f44,industrial packing,completed,yam,yam_0_61,24.3,huangrongbo,good,,,prod,2026-08-31 08:06:36.003168+00:00,2026-09-01 02:11:14.925746+00:00,/nfs/data/sz_44/20260831/episode_20260831_080500_000_3716803c.npy.mp4
01a056da-1540-76da-b517-f995b3928d88,industrial packing,completed,yam,yam_0_61,31.7,huangrongbo,good,,,prod,2026-08-31 08:07:13.404944+00:00,2026-09-01 02:11:14.873899+00:00,/nfs/data/sz_44/20260831/episode_20260831_080528_000_94cee522.npy.mp4
01a056da-9df8-75be-920a-2a9cda11a2b7,industrial packing,completed,yam,yam_0_61,28.8,huangrongbo,good,,,prod,2026-08-31 08:07:45.700520+00:00,2026-09-01 02:11:14.758569+00:00,/nfs/data/sz_44/20260831/episode_20260831_080603_000_1ada73a0.npy.mp4
01a056db-1ee0-751f-a58a-74e2fdc171e5,industrial packing,completed,yam,yam_0_61,26.8,huangrongbo,good,,,prod,2026-08-31 08:08:11.993174+00:00,2026-09-01 02:11:14.247657+00:00,/nfs/data/sz_44/20260831/episode_20260831_080636_000_c552d6b6.npy.mp4
01a056db-97f8-7dd0-bcd3-4cc0bdc26088,industrial packing,completed,yam,yam_0_61,29.6,huangrongbo,good,,,prod,2026-08-31 08:08:49.349080+00:00,2026-09-01 02:11:14.103153+00:00,/nfs/data/sz_44/20260831/episode_20260831_080707_000_719b215c.npy.mp4
01a056dc-18e0-72d7-af98-6b315815690e,industrial packing,completed,yam,yam_0_61,30.4,huangrongbo,good,,,prod,2026-08-31 08:09:21.656946+00:00,2026-09-01 02:11:13.907149+00:00,/nfs/data/sz_44/20260831/episode_20260831_080740_000_a1c3b00b.npy.mp4
01a056dd-2668-73fa-aa4a-c5ee8a80d9c4,industrial packing,completed,yam,yam_0_61,27.4,huangrongbo,good,,,prod,2026-08-31 08:10:29.463496+00:00,2026-09-01 02:11:13.821597+00:00,/nfs/data/sz_44/20260831/episode_20260831_080849_000_02154f93.npy.mp4
01a056dc-a968-74b0-9065-55021ed1023e,industrial packing,completed,yam,yam_0_61,27.5,huangrongbo,good,,,prod,2026-08-31 08:09:53.095471+00:00,2026-09-01 02:11:13.748180+00:00,/nfs/data/sz_44/20260831/episode_20260831_080817_000_2f340b3c.npy.mp4
01a056dd-a368-7bd6-98e3-4aad90c2266c,industrial packing,completed,yam,yam_0_61,27.3,huangrongbo,good,,,prod,2026-08-31 08:11:00.799556+00:00,2026-09-01 02:11:13.363119+00:00,/nfs/data/sz_44/20260831/episode_20260831_080921_000_357b4496.npy.mp4
01a056de-2450-70a2-867f-c386533597a8,industrial packing,completed,yam,yam_0_61,24.3,huangrongbo,good,,,prod,2026-08-31 08:11:27.122198+00:00,2026-09-01 02:11:13.339868+00:00,/nfs/data/sz_44/20260831/episode_20260831_080954_000_eb1df71b.npy.mp4
01a056de-cc48-77e1-90d5-7b025f6f88ba,industrial packing,completed,yam,yam_0_61,26.3,huangrongbo,good,,,prod,2026-08-31 08:12:12.470385+00:00,2026-09-01 02:11:13.115315+00:00,/nfs/data/sz_44/20260831/episode_20260831_081037_000_a25963b6.npy.mp4
01a056df-4d30-77c5-995b-8ec2ebcc08a4,industrial packing,completed,yam,yam_0_61,27.0,huangrongbo,good,,,prod,2026-08-31 08:12:49.869894+00:00,2026-09-01 02:11:13.017776+00:00,/nfs/data/sz_44/20260831/episode_20260831_081110_000_1f1888e3.npy.mp4
01a056df-c648-77b2-983a-f8bbde1e63b4,industrial packing,completed,yam,yam_0_61,25.4,huangrongbo,good,,,prod,2026-08-31 08:13:16.249357+00:00,2026-09-01 02:11:12.864418+00:00,/nfs/data/sz_44/20260831/episode_20260831_081141_000_8467f611.npy.mp4
01a056e0-3b78-7e0a-ba62-777fa0440755,industrial packing,completed,yam,yam_0_61,29.0,huangrongbo,good,,,prod,2026-08-31 08:13:53.677421+00:00,2026-09-01 02:11:12.860820+00:00,/nfs/data/sz_44/20260831/episode_20260831_081211_000_5ca8258a.npy.mp4
01a056e0-bc60-7655-b30b-0c95b9537d04,industrial packing,completed,yam,yam_0_61,26.1,huangrongbo,good,,,prod,2026-08-31 08:14:19.002179+00:00,2026-09-01 02:11:12.333592+00:00,/nfs/data/sz_44/20260831/episode_20260831_081244_000_7e501bfa.npy.mp4
01a056e1-3578-7b4f-b0b2-7ad575498a61,industrial packing,completed,yam,yam_0_61,25.3,huangrongbo,good,,,prod,2026-08-31 08:14:50.301859+00:00,2026-09-01 02:11:12.285121+00:00,/nfs/data/sz_44/20260831/episode_20260831_081315_000_f81954d1.npy.mp4
01a056e1-aaa8-790c-9659-a593b70d0b54,industrial packing,completed,yam,yam_0_61,23.6,huangrongbo,good,,,prod,2026-08-31 08:15:21.597376+00:00,2026-09-01 02:11:12.103113+00:00,/nfs/data/sz_44/20260831/episode_20260831_081345_000_f44ef3b0.npy.mp4
01a056e2-1808-7f60-af8e-e39c56ff0fbf,industrial packing,completed,yam,yam_0_61,22.8,huangrongbo,good,,,prod,2026-08-31 08:15:46.930807+00:00,2026-09-01 02:11:12.017485+00:00,/nfs/data/sz_44/20260831/episode_20260831_081413_000_d4fda3f8.npy.mp4
01a056e2-8180-7761-8467-5a0eb3feb5c9,industrial packing,completed,yam,yam_0_61,25.8,huangrongbo,good,,,prod,2026-08-31 08:16:18.258370+00:00,2026-09-01 02:11:11.915806+00:00,/nfs/data/sz_44/20260831/episode_20260831_081440_000_533a51db.npy.mp4
01a056e2-fa98-7168-97e9-1921b2400e71,industrial packing,completed,yam,yam_0_61,25.2,huangrongbo,good,,,prod,2026-08-31 08:16:44.555780+00:00,2026-09-01 02:11:11.863370+00:00,/nfs/data/sz_44/20260831/episode_20260831_081511_000_c0a62447.npy.mp4
01a056e3-6be0-7396-bfa3-abbbcd18e7b2,industrial packing,completed,yam,yam_0_61,25.3,huangrongbo,good,,,prod,2026-08-31 08:17:15.920436+00:00,2026-09-01 02:11:11.804454+00:00,/nfs/data/sz_44/20260831/episode_20260831_081540_000_09b34017.npy.mp4
01a056e3-e110-7fea-934d-9d92f33f7ab4,industrial packing,completed,yam,yam_0_61,27.4,huangrongbo,good,,,prod,2026-08-31 08:17:47.259262+00:00,2026-09-01 02:11:11.332417+00:00,/nfs/data/sz_44/20260831/episode_20260831_081610_000_36931d7d.npy.mp4
01a056e4-5e10-7bb9-a3d6-f1a618cb4c05,industrial packing,completed,yam,yam_0_61,26.1,huangrongbo,good,,,prod,2026-08-31 08:18:18.588789+00:00,2026-09-01 02:11:11.289406+00:00,/nfs/data/sz_44/20260831/episode_20260831_081642_000_abcedca3.npy.mp4
01a056e4-d340-7f66-8676-7b0cc1729fcc,industrial packing,completed,yam,yam_0_61,27.0,huangrongbo,good,,,prod,2026-08-31 08:18:49.962127+00:00,2026-09-01 02:11:11.095073+00:00,/nfs/data/sz_44/20260831/episode_20260831_081712_000_424b5af8.npy.mp4
01a056e5-4c58-7636-8177-c2645577afc2,industrial packing,completed,yam,yam_0_61,26.7,huangrongbo,good,,,prod,2026-08-31 08:19:21.274736+00:00,2026-09-01 02:11:11.038994+00:00,/nfs/data/sz_44/20260831/episode_20260831_081743_000_1fb03ca1.npy.mp4
01a056e5-c570-74c0-97ac-c2096b5893c8,industrial packing,completed,yam,yam_0_61,23.8,huangrongbo,good,,,prod,2026-08-31 08:19:46.561597+00:00,2026-09-01 02:11:10.913219+00:00,/nfs/data/sz_44/20260831/episode_20260831_081814_000_27f06e2a.npy.mp4
01a056e6-32d0-79f1-a3d7-a99a1ae59e02,industrial packing,completed,yam,yam_0_61,28.6,huangrongbo,good,,,prod,2026-08-31 08:20:23.863119+00:00,2026-09-01 02:11:10.814496+00:00,/nfs/data/sz_44/20260831/episode_20260831_081842_000_eb527187.npy.mp4
01a056e6-b3b8-7ab8-a403-0b615e14bc6c,industrial packing,completed,yam,yam_0_61,22.5,huangrongbo,good,,,prod,2026-08-31 08:20:49.154185+00:00,2026-09-01 02:11:10.802637+00:00,/nfs/data/sz_44/20260831/episode_20260831_081915_000_2d1aed82.npy.mp4
01a056e7-b970-7437-869c-3c1b82c613a7,industrial packing,completed,yam,yam_0_61,27.4,huangrongbo,good,,,prod,2026-08-31 08:22:00.588897+00:00,2026-09-01 02:11:10.279027+00:00,/nfs/data/sz_44/20260831/episode_20260831_082022_000_21e579cd.npy.mp4
01a056e8-3670-71e2-aa47-bf18776ec183,industrial packing,completed,yam,yam_0_61,24.0,huangrongbo,good,,,prod,2026-08-31 08:22:26.867742+00:00,2026-09-01 02:11:10.062463+00:00,/nfs/data/sz_44/20260831/episode_20260831_082054_000_db62c713.npy.mp4
01a056e8-9fe8-78e4-9c1f-d6f7f709b9e0,industrial packing,completed,yam,yam_0_61,26.5,huangrongbo,good,,,prod,2026-08-31 08:22:58.172211+00:00,2026-09-01 02:11:10.016795+00:00,/nfs/data/sz_44/20260831/episode_20260831_082121_000_891f77dc.npy.mp4
01a056e9-1900-75a9-a3aa-998f130adbe6,industrial packing,completed,yam,yam_0_61,29.5,huangrongbo,good,,,prod,2026-08-31 08:23:35.544226+00:00,2026-09-01 02:11:09.885187+00:00,/nfs/data/sz_44/20260831/episode_20260831_082152_000_5da4c6e5.npy.mp4
01a056e9-99e8-7efe-a305-9ec617ed4160,industrial packing,completed,yam,yam_0_61,28.7,huangrongbo,good,,,prod,2026-08-31 08:24:01.857634+00:00,2026-09-01 02:11:09.844917+00:00,/nfs/data/sz_44/20260831/episode_20260831_082225_000_3ea09d71.npy.mp4
01a056ea-1ad0-73b6-9cbd-de3977b08033,industrial packing,completed,yam,yam_0_61,28.7,huangrongbo,good,,,prod,2026-08-31 08:24:39.172285+00:00,2026-09-01 02:11:09.787157+00:00,/nfs/data/sz_44/20260831/episode_20260831_082258_000_3279db42.npy.mp4
01a056ea-97d0-7e40-a5fa-eaa632dc5366,industrial packing,completed,yam,yam_0_61,27.0,huangrongbo,good,,,prod,2026-08-31 08:25:06.515019+00:00,2026-09-01 02:11:09.251203+00:00,/nfs/data/sz_44/20260831/episode_20260831_082330_000_a28bb9c4.npy.mp4
01a056eb-0d00-7503-8ec3-f67ab5074d92,industrial packing,completed,yam,yam_0_61,25.6,huangrongbo,good,,,prod,2026-08-31 08:25:37.837351+00:00,2026-09-01 02:11:09.049533+00:00,/nfs/data/sz_44/20260831/episode_20260831_082400_000_2549c4b0.npy.mp4
01a056eb-8230-7f9e-a2a6-3a9f1de83d8a,industrial packing,completed,yam,yam_0_61,29.8,huangrongbo,good,,,prod,2026-08-31 08:26:09.154357+00:00,2026-09-01 02:11:09.013651+00:00,/nfs/data/sz_44/20260831/episode_20260831_082430_000_cdf8472f.npy.mp4
01a056ec-0318-756d-99cb-047b68c29c53,industrial packing,completed,yam,yam_0_61,27.4,huangrongbo,good,,,prod,2026-08-31 08:26:40.473191+00:00,2026-09-01 02:11:08.930836+00:00,/nfs/data/sz_44/20260831/episode_20260831_082503_000_aa02f54c.npy.mp4
01a056ec-8018-7158-845e-dae6711bacff,industrial packing,completed,yam,yam_0_61,27.8,huangrongbo,good,,,prod,2026-08-31 08:27:12.768278+00:00,2026-09-01 02:11:08.916407+00:00,/nfs/data/sz_44/20260831/episode_20260831_082535_000_02b3223d.npy.mp4
01a056ec-fd18-7770-a738-e6ca2ab9efd2,industrial packing,completed,yam,yam_0_61,29.5,huangrongbo,good,,,prod,2026-08-31 08:27:50.090814+00:00,2026-09-01 02:11:08.803578+00:00,/nfs/data/sz_44/20260831/episode_20260831_082607_000_d9248955.npy.mp4
01a056ed-7e00-74b2-8c28-266735277506,industrial packing,completed,yam,yam_0_61,28.8,huangrongbo,good,,,prod,2026-08-31 08:28:22.426951+00:00,2026-09-01 02:11:08.278511+00:00,/nfs/data/sz_44/20260831/episode_20260831_082640_000_80587512.npy.mp4
01a056ed-fee8-712b-9629-9705b68d11b1,industrial packing,completed,yam,yam_0_61,26.7,huangrongbo,good,,,prod,2026-08-31 08:28:48.693889+00:00,2026-09-01 02:11:08.235618+00:00,/nfs/data/sz_44/20260831/episode_20260831_082713_000_4b3750e6.npy.mp4
01a056ee-7800-7951-b6b7-71b2dca71fb6,industrial packing,completed,yam,yam_0_61,29.0,huangrongbo,good,,,prod,2026-08-31 08:29:24.995629+00:00,2026-09-01 02:11:08.093938+00:00,/nfs/data/sz_44/20260831/episode_20260831_082744_000_d9f381cc.npy.mp4
01a056ee-f8e8-79dc-8045-42a9f469c6eb,industrial packing,completed,yam,yam_0_61,24.5,huangrongbo,good,,,prod,2026-08-31 08:29:51.246316+00:00,2026-09-01 02:11:08.070340+00:00,/nfs/data/sz_44/20260831/episode_20260831_082817_000_6615dd58.npy.mp4
01a056ef-6648-7599-ae42-40975487f5dc,industrial packing,completed,yam,yam_0_61,25.9,huangrongbo,good,,,prod,2026-08-31 08:30:21.597154+00:00,2026-09-01 02:11:07.951828+00:00,/nfs/data/sz_44/20260831/episode_20260831_082845_000_46a52591.npy.mp4
01a056f2-5c18-79bc-9557-f002a4d84f55,industrial packing,completed,yam,yam_0_61,32.2,huangrongbo,good,,,prod,2026-08-31 08:33:43.312911+00:00,2026-09-01 02:11:07.934281+00:00,/nfs/data/sz_44/20260831/episode_20260831_083159_000_bb162247.npy.mp4
01a056f2-e8b8-772e-8208-d4f0ef244e0e,industrial packing,completed,yam,yam_0_61,31.1,huangrongbo,good,,,prod,2026-08-31 08:34:15.622245+00:00,2026-09-01 02:11:07.867470+00:00,/nfs/data/sz_44/20260831/episode_20260831_083235_000_07f8df4f.npy.mp4
01a056f3-7170-70d4-b449-61a7762b4a00,industrial packing,completed,yam,yam_0_61,33.1,huangrongbo,good,,,prod,2026-08-31 08:34:52.932586+00:00,2026-09-01 02:11:07.353296+00:00,/nfs/data/sz_44/20260831/episode_20260831_083310_000_003a7e64.npy.mp4
01a056f4-01f8-7ef6-a706-af1684c2e22d,industrial packing,completed,yam,yam_0_61,30.7,huangrongbo,good,,,prod,2026-08-31 08:35:30.263954+00:00,2026-09-01 02:11:07.296890+00:00,/nfs/data/sz_44/20260831/episode_20260831_083347_000_22645869.npy.mp4
01a056f4-86c8-72e7-ba76-7b6257f745fe,industrial packing,completed,yam,yam_0_61,33.4,huangrongbo,good,,,prod,2026-08-31 08:36:08.588683+00:00,2026-09-01 02:11:07.130609+00:00,/nfs/data/sz_44/20260831/episode_20260831_083421_000_3c0b07e5.npy.mp4
01a056f5-1750-752c-858e-716b2667d827,industrial packing,completed,yam,yam_0_61,30.7,huangrongbo,good,,,prod,2026-08-31 08:36:40.884167+00:00,2026-09-01 02:11:07.017625+00:00,/nfs/data/sz_44/20260831/episode_20260831_083458_000_8f274405.npy.mp4
01a056f5-a008-79a1-8793-2e1239ce183d,industrial packing,completed,yam,yam_0_61,33.7,huangrongbo,good,,,prod,2026-08-31 08:37:18.214545+00:00,2026-09-01 02:11:06.926842+00:00,/nfs/data/sz_44/20260831/episode_20260831_083533_000_b128bda6.npy.mp4
01a056f6-3090-737f-a5e8-6b6cb6af1850,industrial packing,completed,yam,yam_0_61,30.6,huangrongbo,good,,,prod,2026-08-31 08:37:50.536730+00:00,2026-09-01 02:11:06.895745+00:00,/nfs/data/sz_44/20260831/episode_20260831_083610_000_9b7fa027.npy.mp4
01a056f6-b948-719a-9330-e73c4c2acf6f,industrial packing,completed,yam,yam_0_61,30.2,huangrongbo,good,,,prod,2026-08-31 08:38:27.857212+00:00,2026-09-01 02:11:06.718563+00:00,/nfs/data/sz_44/20260831/episode_20260831_083645_000_72b3e1cd.npy.mp4
01a056f7-3e18-7d0c-9977-0e5fccd6cf4e,industrial packing,completed,yam,yam_0_61,32.3,huangrongbo,good,,,prod,2026-08-31 08:39:06.182726+00:00,2026-09-01 02:11:06.206940+00:00,/nfs/data/sz_44/20260831/episode_20260831_083719_000_90ca96aa.npy.mp4
01a056f7-cab8-7291-b849-b475b432f44d,industrial packing,completed,yam,yam_0_61,27.6,huangrongbo,good,,,prod,2026-08-31 08:39:32.478608+00:00,2026-09-01 02:11:06.078531+00:00,/nfs/data/sz_44/20260831/episode_20260831_083755_000_a4566ea5.npy.mp4
01a056f8-47b8-7a12-9e55-68ab1fe16e44,industrial packing,completed,yam,yam_0_61,30.2,huangrongbo,good,,,prod,2026-08-31 08:40:09.739099+00:00,2026-09-01 02:11:05.899864+00:00,/nfs/data/sz_44/20260831/episode_20260831_083827_000_6e3cfe65.npy.mp4
01a056f9-da10-7285-888d-22c4ac9cef0a,industrial packing,completed,yam,yam_0_61,28.1,huangrongbo,good,,,prod,2026-08-31 08:41:50.181850+00:00,2026-09-01 02:11:05.880378+00:00,/nfs/data/sz_44/20260831/episode_20260831_084010_000_847c1544.npy.mp4
01a056fa-5710-7aa3-8a5c-f19e23aa6bb5,industrial packing,completed,yam,yam_0_61,27.5,huangrongbo,good,,,prod,2026-08-31 08:42:21.477478+00:00,2026-09-01 02:11:05.697802+00:00,/nfs/data/sz_44/20260831/episode_20260831_084042_000_cd548df1.npy.mp4
01a056ff-2588-76c3-b5a1-654f71a12d00,industrial packing,completed,yam,yam_0_61,27.5,huangrongbo,good,,,prod,2026-08-31 08:47:35.783951+00:00,2026-09-01 02:11:05.321720+00:00,/nfs/data/sz_44/20260831/episode_20260831_084557_000_7b673c87.npy.mp4
01a056fa-d410-78dd-8991-e42dbf11cfc6,industrial packing,completed,yam,yam_0_61,27.1,huangrongbo,good,,,prod,2026-08-31 08:42:53.790271+00:00,2026-09-01 02:11:05.292531+00:00,/nfs/data/sz_44/20260831/episode_20260831_084114_000_9740e013.npy.mp4
01a056fb-4d28-7c35-a114-1113fc9f1481,industrial packing,completed,yam,yam_0_61,25.4,huangrongbo,good,,,prod,2026-08-31 08:43:19.073759+00:00,2026-09-01 02:11:05.148584+00:00,/nfs/data/sz_44/20260831/episode_20260831_084145_000_cd0c0d3a.npy.mp4
01a056fb-c258-7032-a2b4-f159d9df8dd6,industrial packing,completed,yam,yam_0_61,26.1,huangrongbo,good,,,prod,2026-08-31 08:43:50.366334+00:00,2026-09-01 02:11:05.036512+00:00,/nfs/data/sz_44/20260831/episode_20260831_084215_000_e5ad463c.npy.mp4
01a056fc-b0a0-746e-9855-e9284df3c41b,industrial packing,completed,yam,yam_0_61,29.0,huangrongbo,good,,,prod,2026-08-31 08:44:54.149573+00:00,2026-09-01 02:11:05.004290+00:00,/nfs/data/sz_44/20260831/episode_20260831_084316_000_ef0df521.npy.mp4
01a056fc-3788-741d-902f-75218f0f1b87,industrial packing,completed,yam,yam_0_61,26.7,huangrongbo,good,,,prod,2026-08-31 08:44:21.751737+00:00,2026-09-01 02:11:05.001067+00:00,/nfs/data/sz_44/20260831/episode_20260831_084245_000_7c516bdd.npy.mp4
01a056fd-3188-76f1-ba11-442968d22a65,industrial packing,completed,yam,yam_0_61,27.1,huangrongbo,good,,,prod,2026-08-31 08:45:24.486174+00:00,2026-09-01 02:11:04.855097+00:00,/nfs/data/sz_44/20260831/episode_20260831_084349_000_303fac34.npy.mp4
01a056fd-ae88-79ba-8c37-f20722a2517b,industrial packing,completed,yam,yam_0_61,26.2,huangrongbo,good,,,prod,2026-08-31 08:45:55.777713+00:00,2026-09-01 02:11:04.306224+00:00,/nfs/data/sz_44/20260831/episode_20260831_084421_000_ae60dc24.npy.mp4
01a056fe-23b8-7a86-aa91-3a2edc481dc1,industrial packing,completed,yam,yam_0_61,26.7,huangrongbo,good,,,prod,2026-08-31 08:46:27.081939+00:00,2026-09-01 02:11:04.278490+00:00,/nfs/data/sz_44/20260831/episode_20260831_084451_000_5ed674d6.npy.mp4
01a056fe-a0b8-70b6-9ebe-7391a6a1fe54,industrial packing,completed,yam,yam_0_61,30.2,huangrongbo,good,,,prod,2026-08-31 08:47:04.457355+00:00,2026-09-01 02:11:04.089219+00:00,/nfs/data/sz_44/20260831/episode_20260831_084523_000_7696d71c.npy.mp4
01a056ff-9ea0-7eea-8978-e6e3d81140d5,industrial packing,completed,yam,yam_0_61,25.3,huangrongbo,good,,,prod,2026-08-31 08:48:02.132557+00:00,2026-09-01 02:11:03.935560+00:00,/nfs/data/sz_44/20260831/episode_20260831_084628_000_930ae7ae.npy.mp4
01a05700-8900-7bb7-adfa-b82ecadc55d4,industrial packing,completed,yam,yam_0_61,25.8,huangrongbo,good,,,prod,2026-08-31 08:49:04.755074+00:00,2026-09-01 02:11:03.889614+00:00,/nfs/data/sz_44/20260831/episode_20260831_084728_000_0591b96b.npy.mp4
01a05700-0fe8-7b96-a6df-e000aa7d01e8,industrial packing,completed,yam,yam_0_61,26.3,huangrongbo,good,,,prod,2026-08-31 08:48:33.444451+00:00,2026-09-01 02:11:03.799411+00:00,/nfs/data/sz_44/20260831/episode_20260831_084657_000_5d7ecd50.npy.mp4
01a05733-31c0-7100-bc4a-7aa6b7cb38d2,industrial packing,completed,yam,yam_0_61,27.2,huangrongbo,good,,,prod,2026-08-31 09:44:25.781653+00:00,2026-09-01 02:10:56.942385+00:00,/nfs/data/sz_44/20260831/episode_20260831_094248_000_1d21ebf2.npy.mp4
01a05734-2008-7e14-b1c9-723103e683c6,industrial packing,completed,yam,yam_0_61,27.6,huangrongbo,good,,,prod,2026-08-31 09:45:28.400484+00:00,2026-09-01 02:10:56.867546+00:00,/nfs/data/sz_44/20260831/episode_20260831_094349_000_338d4db7.npy.mp4
01a05733-aad8-7864-9328-fb7dfbd10407,industrial packing,completed,yam,yam_0_61,25.8,huangrongbo,good,,,prod,2026-08-31 09:44:57.093696+00:00,2026-09-01 02:10:56.838014+00:00,/nfs/data/sz_44/20260831/episode_20260831_094319_000_78073d0a.npy.mp4
01a05734-a0f0-750d-a734-f0cc5fe44889,industrial packing,completed,yam,yam_0_61,27.5,huangrongbo,good,,,prod,2026-08-31 09:46:00.728765+00:00,2026-09-01 02:10:56.818542+00:00,/nfs/data/sz_44/20260831/episode_20260831_094422_000_2dfebedf.npy.mp4
01a05735-1df0-7c0a-b3f1-2a731601d6a5,industrial packing,completed,yam,yam_0_61,24.5,huangrongbo,good,,,prod,2026-08-31 09:46:31.451351+00:00,2026-09-01 02:10:56.370950+00:00,/nfs/data/sz_44/20260831/episode_20260831_094454_000_606a01f7.npy.mp4
01a05735-8f38-7027-88d9-56278949c22d,industrial packing,completed,yam,yam_0_61,29.1,huangrongbo,good,,,prod,2026-08-31 09:47:03.424609+00:00,2026-09-01 02:10:56.241972+00:00,/nfs/data/sz_44/20260831/episode_20260831_094523_000_6bace070.npy.mp4
01a05736-8938-7454-b288-1b121340a660,industrial packing,completed,yam,yam_0_61,22.5,huangrongbo,good,,,prod,2026-08-31 09:48:00.363592+00:00,2026-09-01 02:10:56.158313+00:00,/nfs/data/sz_44/20260831/episode_20260831_094627_000_90c5f727.npy.mp4
01a05736-1408-7436-9413-2cbeafddac07,industrial packing,completed,yam,yam_0_61,25.4,huangrongbo,good,,,prod,2026-08-31 09:47:34.975035+00:00,2026-09-01 02:10:56.049631+00:00,/nfs/data/sz_44/20260831/episode_20260831_094557_000_f1bd2df4.npy.mp4
01a05736-f2b0-7d3d-9884-0eca0d6849ce,industrial packing,completed,yam,yam_0_61,26.6,huangrongbo,good,,,prod,2026-08-31 09:48:31.669715+00:00,2026-09-01 02:10:55.907103+00:00,/nfs/data/sz_44/20260831/episode_20260831_094654_000_12711647.npy.mp4
01a05737-6bc8-7529-b198-ab46f5c7d8e5,industrial packing,completed,yam,yam_0_61,22.1,huangrongbo,good,,,prod,2026-08-31 09:48:57.980237+00:00,2026-09-01 02:10:55.833177+00:00,/nfs/data/sz_44/20260831/episode_20260831_094725_000_f803e2ec.npy.mp4
01a05737-d540-721e-a53f-57fe919b5bcd,industrial packing,completed,yam,yam_0_61,26.9,huangrongbo,good,,,prod,2026-08-31 09:49:29.309250+00:00,2026-09-01 02:10:55.368703+00:00,/nfs/data/sz_44/20260831/episode_20260831_094752_000_e763d642.npy.mp4
01a05738-4e58-7582-a566-7e6c2e672194,industrial packing,completed,yam,yam_0_61,22.0,huangrongbo,good,,,prod,2026-08-31 09:49:54.590685+00:00,2026-09-01 02:10:55.264474+00:00,/nfs/data/sz_44/20260831/episode_20260831_094823_000_e4d8351e.npy.mp4
01a05738-b7d0-7747-8a2e-caff1032f890,industrial packing,completed,yam,yam_0_61,23.1,huangrongbo,good,,,prod,2026-08-31 09:50:25.890536+00:00,2026-09-01 02:10:55.095304+00:00,/nfs/data/sz_44/20260831/episode_20260831_094850_000_a60cb29f.npy.mp4
01a05752-a488-7369-9d83-fb54f1adffa7,industrial packing,completed,yam,yam_0_61,25.3,huangrongbo,good,,,prod,2026-08-31 10:18:42.868698+00:00,2026-08-31 11:03:33.620721+00:00,/nfs/data/sz_44/20260831/episode_20260831_101709_000_72e0668c.npy.mp4
01a05758-f1d0-78ab-ba6e-d5d5b98a7aac,industrial packing,completed,yam,yam_0_61,22.7,huangrongbo,good,,,prod,2026-08-31 10:25:35.473820+00:00,2026-08-31 11:01:08.332129+00:00,/nfs/data/sz_44/20260831/episode_20260831_102402_000_c772ebb5.npy.mp4
01a0575a-0b10-7ad8-b861-1bbc80774b84,industrial packing,completed,yam,yam_0_61,24.3,huangrongbo,good,,,prod,2026-08-31 10:26:47.026830+00:00,2026-08-31 11:01:07.887170+00:00,/nfs/data/sz_44/20260831/episode_20260831_102514_000_d965516c.npy.mp4
01a05759-99c8-773f-a16b-8faad174b3ff,industrial packing,completed,yam,yam_0_61,24.8,huangrongbo,good,,,prod,2026-08-31 10:26:21.903648+00:00,2026-08-31 11:01:07.771306+00:00,/nfs/data/sz_44/20260831/episode_20260831_102445_000_f136aafa.npy.mp4
01a0575a-8428-7d44-bcc0-095481231d77,industrial packing,completed,yam,yam_0_61,22.2,huangrongbo,good,,,prod,2026-08-31 10:27:16.824163+00:00,2026-08-31 11:01:07.094654+00:00,/nfs/data/sz_44/20260831/episode_20260831_102545_000_9525d440.npy.mp4
01a0575a-e9b8-74d1-ad1a-0bf7ddd7c052,industrial packing,completed,yam,yam_0_61,26.2,huangrongbo,good,,,prod,2026-08-31 10:27:48.411200+00:00,2026-08-31 11:01:06.148388+00:00,/nfs/data/sz_44/20260831/episode_20260831_102611_000_9cdc1e7c.npy.mp4
01a0575b-62d0-7ecb-8c0d-193b0fa94668,industrial packing,completed,yam,yam_0_61,25.7,huangrongbo,good,,,prod,2026-08-31 10:28:19.855055+00:00,2026-08-31 11:01:05.775347+00:00,/nfs/data/sz_44/20260831/episode_20260831_102642_000_dc02afd4.npy.mp4
01a0575c-4d30-7945-bbda-d30b8ce03fd3,industrial packing,completed,yam,yam_0_61,25.0,huangrongbo,good,,,prod,2026-08-31 10:29:16.943208+00:00,2026-08-31 11:01:04.755169+00:00,/nfs/data/sz_44/20260831/episode_20260831_102742_000_a85f19e4.npy.mp4
01a0575b-d800-7050-8f81-87f5bbcaa3a3,industrial packing,completed,yam,yam_0_61,25.3,huangrongbo,good,,,prod,2026-08-31 10:28:45.855212+00:00,2026-08-31 11:01:04.581275+00:00,/nfs/data/sz_44/20260831/episode_20260831_102712_000_11ce6fa8.npy.mp4
01a0575d-2fc0-7212-873d-52489efa45b8,industrial packing,completed,yam,yam_0_61,23.7,huangrongbo,good,,,prod,2026-08-31 10:30:13.490725+00:00,2026-08-31 11:01:04.242971+00:00,/nfs/data/sz_44/20260831/episode_20260831_102840_000_d4cb8e76.npy.mp4
01a0575c-be78-79b3-b963-0bc8900005ab,industrial packing,completed,yam,yam_0_61,24.5,huangrongbo,good,,,prod,2026-08-31 10:29:47.973228+00:00,2026-08-31 11:01:04.096709+00:00,/nfs/data/sz_44/20260831/episode_20260831_102811_000_1c02676a.npy.mp4
01a0575d-9938-79fd-8d6b-878c19c29876,industrial packing,completed,yam,yam_0_61,24.7,huangrongbo,good,,,prod,2026-08-31 10:30:44.110118+00:00,2026-08-31 11:01:02.551881+00:00,/nfs/data/sz_44/20260831/episode_20260831_102907_000_75d64f48.npy.mp4
01a0575f-fa98-772c-a313-e44c59e7e55e,industrial packing,completed,yam,yam_0_61,26.3,huangrongbo,good,,,prod,2026-08-31 10:33:22.024715+00:00,2026-08-31 11:01:02.508845+00:00,/nfs/data/sz_44/20260831/episode_20260831_103143_000_077777b9.npy.mp4
01a05760-6fc8-7d48-af03-bebbc1068a59,industrial packing,completed,yam,yam_0_61,24.6,huangrongbo,good,,,prod,2026-08-31 10:33:48.361159+00:00,2026-08-31 11:01:01.635785+00:00,/nfs/data/sz_44/20260831/episode_20260831_103213_000_73b606b3.npy.mp4
01a0575e-0a80-7411-8376-04b82f48f097,industrial packing,completed,yam,yam_0_61,21.7,huangrongbo,good,,,prod,2026-08-31 10:31:05.015853+00:00,2026-08-31 11:01:01.384669+00:00,/nfs/data/sz_44/20260831/episode_20260831_102936_000_4888bf8a.npy.mp4
01a0575f-8d38-78db-9ccd-efdff64783ad,industrial packing,completed,yam,yam_0_61,24.6,huangrongbo,good,,,prod,2026-08-31 10:32:50.666198+00:00,2026-08-31 11:01:00.343482+00:00,/nfs/data/sz_44/20260831/episode_20260831_103115_000_e0393eb2.npy.mp4
01a05768-c880-7c2a-8f82-85c3af1f6d72,industrial packing,completed,yam,yam_0_61,25.2,huangrongbo,good,,,prod,2026-08-31 10:42:55.593961+00:00,2026-08-31 11:00:59.043708+00:00,/nfs/data/sz_44/20260831/episode_20260831_104120_000_ad7db4ea.npy.mp4
01a05769-4198-70d6-9f1f-0097ec520112,industrial packing,completed,yam,yam_0_61,27.0,huangrongbo,good,,,prod,2026-08-31 10:43:26.930211+00:00,2026-08-31 11:00:58.496808+00:00,/nfs/data/sz_44/20260831/episode_20260831_104151_000_3125bd69.npy.mp4
01a05769-b6c8-7fcc-8403-20a8913d09fc,industrial packing,completed,yam,yam_0_61,27.7,huangrongbo,good,,,prod,2026-08-31 10:43:59.297224+00:00,2026-08-31 11:00:57.280703+00:00,/nfs/data/sz_44/20260831/episode_20260831_104221_000_f7e628c9.npy.mp4
01a0576a-b898-7c25-b43e-5450f78ccb25,industrial packing,completed,yam,yam_0_61,28.4,huangrongbo,good,,,prod,2026-08-31 10:45:08.304477+00:00,2026-08-31 11:00:57.157878+00:00,/nfs/data/sz_44/20260831/episode_20260831_104327_000_cd8c057a.npy.mp4
01a0576a-33c8-7c91-a7a1-d4340d8cbd60,industrial packing,completed,yam,yam_0_61,29.0,huangrongbo,good,,,prod,2026-08-31 10:44:36.818614+00:00,2026-08-31 11:00:56.213149+00:00,/nfs/data/sz_44/20260831/episode_20260831_104253_000_84a6b3f2.npy.mp4
01a0576b-3598-7c02-9985-2275fd3fe627,industrial packing,completed,yam,yam_0_61,27.8,huangrongbo,good,,,prod,2026-08-31 10:45:41.547199+00:00,2026-08-31 11:00:55.308715+00:00,/nfs/data/sz_44/20260831/episode_20260831_104359_000_81a56d79.npy.mp4
01a0576c-2bb0-7b78-bc79-bfad9930d30e,industrial packing,completed,yam,yam_0_61,27.9,huangrongbo,good,,,prod,2026-08-31 10:46:43.933959+00:00,2026-08-31 11:00:54.398588+00:00,/nfs/data/sz_44/20260831/episode_20260831_104502_000_028f9818.npy.mp4
01a0576b-b680-7578-831a-9b7f4edb74a7,industrial packing,completed,yam,yam_0_61,25.7,huangrongbo,good,,,prod,2026-08-31 10:46:07.349574+00:00,2026-08-31 11:00:53.709856+00:00,/nfs/data/sz_44/20260831/episode_20260831_104432_000_5589c539.npy.mp4
01a0576c-a8b0-704c-b6f1-219e00a2bf12,industrial packing,completed,yam,yam_0_61,24.9,huangrongbo,good,,,prod,2026-08-31 10:47:09.577152+00:00,2026-08-31 11:00:53.709051+00:00,/nfs/data/sz_44/20260831/episode_20260831_104534_000_6b29c982.npy.mp4
01a0576d-19f8-713d-946f-cde9763267b2,industrial packing,completed,yam,yam_0_61,27.3,huangrongbo,good,,,prod,2026-08-31 10:47:41.111106+00:00,2026-08-31 11:00:51.946013+00:00,/nfs/data/sz_44/20260831/episode_20260831_104603_000_c0fe53ee.npy.mp4
01a0576d-9310-7ff8-9f16-df983cfb2649,industrial packing,completed,yam,yam_0_61,28.0,huangrongbo,good,,,prod,2026-08-31 10:48:25.320000+00:00,2026-08-31 11:00:51.714724+00:00,/nfs/data/sz_44/20260831/episode_20260831_104634_000_84e36d97.npy.mp4
01a0576e-1010-7555-b09d-c4a66545b230,industrial packing,completed,yam,yam_0_61,27.6,huangrongbo,good,,,prod,2026-08-31 10:48:44.775796+00:00,2026-08-31 11:00:50.947923+00:00,/nfs/data/sz_44/20260831/episode_20260831_104706_000_d2e9c3cc.npy.mp4
01a0576e-df18-7f46-aa91-9427f2faa3e8,industrial packing,completed,yam,yam_0_61,22.7,huangrongbo,good,,,prod,2026-08-31 10:49:29.571890+00:00,2026-08-31 11:00:50.684936+00:00,/nfs/data/sz_44/20260831/episode_20260831_104759_000_b312f449.npy.mp4
01a0576f-4890-7a3f-9447-c055736454dc,industrial packing,completed,yam,yam_0_61,26.7,huangrongbo,good,,,prod,2026-08-31 10:50:06.439520+00:00,2026-08-31 11:00:50.358930+00:00,/nfs/data/sz_44/20260831/episode_20260831_104826_000_9271538c.npy.mp4
01a0576f-c1a8-75bf-b124-683d201b5060,industrial packing,completed,yam,yam_0_61,25.2,huangrongbo,good,,,prod,2026-08-31 10:50:32.199411+00:00,2026-08-31 11:00:49.558355+00:00,/nfs/data/sz_44/20260831/episode_20260831_104857_000_6adc67c4.npy.mp4
01a05770-36d8-7664-a5a4-5e36ca312cac,industrial packing,completed,yam,yam_0_61,24.4,huangrongbo,good,,,prod,2026-08-31 10:51:03.444523+00:00,2026-08-31 11:00:48.074192+00:00,/nfs/data/sz_44/20260831/episode_20260831_104927_000_b8ebc534.npy.mp4
01a05770-a820-76fe-b968-f485441143c2,industrial packing,completed,yam,yam_0_61,19.8,huangrongbo,good,,,prod,2026-08-31 10:51:22.805308+00:00,2026-08-31 11:00:47.604624+00:00,/nfs/data/sz_44/20260831/episode_20260831_104956_000_4ec34575.npy.mp4
01a05771-05e0-70cd-967c-d8e5fad385da,industrial packing,completed,yam,yam_0_61,26.6,huangrongbo,good,,,prod,2026-08-31 10:52:00.200632+00:00,2026-08-31 11:00:47.144353+00:00,/nfs/data/sz_44/20260831/episode_20260831_105020_000_69f437fc.npy.mp4
01a05771-7ef8-7a4d-8f03-96aca3b09917,industrial packing,completed,yam,yam_0_61,20.0,huangrongbo,good,,,prod,2026-08-31 10:52:19.598159+00:00,2026-08-31 11:00:46.706839+00:00,/nfs/data/sz_44/20260831/episode_20260831_105051_000_f94d20e4.npy.mp4
01a05739-2148-7a12-8697-e6c13bdf0c0c,industrial packing,completed,yam,yam_0_61,23.3,huangrongbo,good,,,prod,2026-08-31 09:50:51.176694+00:00,2026-08-31 10:59:42.689661+00:00,/nfs/data/sz_44/20260831/episode_20260831_094917_000_b71c9b83.npy.mp4
01a05739-8ac0-7eff-8d07-faac3d0ffd2a,industrial packing,completed,yam,yam_0_61,24.5,huangrongbo,good,,,prod,2026-08-31 09:51:16.477465+00:00,2026-08-31 10:59:34.684144+00:00,/nfs/data/sz_44/20260831/episode_20260831_094944_000_e272ff46.npy.mp4
01a0573a-e280-7ae7-b7c1-874bd74239b4,industrial packing,completed,yam,yam_0_61,25.6,huangrongbo,good,,,prod,2026-08-31 09:52:50.319125+00:00,2026-08-31 10:59:34.500392+00:00,/nfs/data/sz_44/20260831/episode_20260831_095112_000_4a183015.npy.mp4
01a05739-fff0-7ffa-92d7-37bd1717f231,industrial packing,completed,yam,yam_0_61,25.1,huangrongbo,good,,,prod,2026-08-31 09:51:47.797572+00:00,2026-08-31 10:59:34.318160+00:00,/nfs/data/sz_44/20260831/episode_20260831_095014_000_01a92b55.npy.mp4
01a0573a-7520-73f3-b88f-7662c06df8ee,industrial packing,completed,yam,yam_0_61,23.1,huangrongbo,good,,,prod,2026-08-31 09:52:18.218396+00:00,2026-08-31 10:59:32.736818+00:00,/nfs/data/sz_44/20260831/episode_20260831_095044_000_d9e2c10b.npy.mp4
01a0573d-2888-7cdf-ab17-7fc94977ad76,industrial packing,completed,yam,yam_0_61,25.2,huangrongbo,good,,,prod,2026-08-31 09:55:14.863264+00:00,2026-08-31 10:59:30.364243+00:00,/nfs/data/sz_44/20260831/episode_20260831_095341_000_9e3c5e42.npy.mp4
01a0573b-57b0-74d8-8cf9-78f73009b7cc,industrial packing,completed,yam,yam_0_61,27.9,huangrongbo,good,,,prod,2026-08-31 09:53:21.671946+00:00,2026-08-31 10:59:28.652213+00:00,/nfs/data/sz_44/20260831/episode_20260831_095142_000_a7fa9310.npy.mp4
01a0573b-d4b0-734d-9d73-d2f9c4c93be0,industrial packing,completed,yam,yam_0_61,24.5,huangrongbo,good,,,prod,2026-08-31 09:53:46.999396+00:00,2026-08-31 10:59:26.425156+00:00,/nfs/data/sz_44/20260831/episode_20260831_095214_000_40c2b68d.npy.mp4
01a0573c-b740-7edd-bf6e-72f4682c7107,industrial packing,completed,yam,yam_0_61,24.1,huangrongbo,good,,,prod,2026-08-31 09:54:49.592413+00:00,2026-08-31 10:59:26.076337+00:00,/nfs/data/sz_44/20260831/episode_20260831_095312_000_7ae43375.npy.mp4
01a0573c-45f8-7350-9626-bd9a76de46d5,industrial packing,completed,yam,yam_0_61,24.3,huangrongbo,good,,,prod,2026-08-31 09:54:18.316012+00:00,2026-08-31 10:59:24.065001+00:00,/nfs/data/sz_44/20260831/episode_20260831_095243_000_ac98973c.npy.mp4
01a0573e-12e8-7f85-975d-34f40be316ed,industrial packing,completed,yam,yam_0_61,29.3,huangrongbo,good,,,prod,2026-08-31 09:56:23.664000+00:00,2026-08-31 10:59:21.420199+00:00,/nfs/data/sz_44/20260831/episode_20260831_095441_000_97ac1e34.npy.mp4
01a0573d-9db8-73a2-a914-1877f244dade,industrial packing,completed,yam,yam_0_61,25.8,huangrongbo,good,,,prod,2026-08-31 09:55:46.249205+00:00,2026-08-31 10:59:20.654646+00:00,/nfs/data/sz_44/20260831/episode_20260831_095411_000_1a03adc2.npy.mp4
01a0573e-97b8-7c06-9f22-d156157501d2,industrial packing,completed,yam,yam_0_61,25.5,huangrongbo,good,,,prod,2026-08-31 09:56:48.999163+00:00,2026-08-31 10:59:19.291809+00:00,/nfs/data/sz_44/20260831/episode_20260831_095515_000_6e378e80.npy.mp4
01a0573f-1c88-791d-a346-13e50bf89763,industrial packing,completed,yam,yam_0_61,26.2,huangrongbo,good,,,prod,2026-08-31 09:57:25.328148+00:00,2026-08-31 10:59:18.734243+00:00,/nfs/data/sz_44/20260831/episode_20260831_095549_000_a75aa399.npy.mp4
01a0573f-95a0-78ac-920b-2e9a186cc7a4,industrial packing,completed,yam,yam_0_61,24.2,huangrongbo,good,,,prod,2026-08-31 09:57:56.649544+00:00,2026-08-31 10:59:17.951558+00:00,/nfs/data/sz_44/20260831/episode_20260831_095620_000_ca576e6b.npy.mp4
01a05740-0300-7c1e-8608-48f67c40766c,industrial packing,completed,yam,yam_0_61,25.0,huangrongbo,good,,,prod,2026-08-31 09:58:21.988748+00:00,2026-08-31 10:59:17.665563+00:00,/nfs/data/sz_44/20260831/episode_20260831_095648_000_f325ea07.npy.mp4
01a05740-ddc0-7a6f-b34a-dad2a2bfcaf1,industrial packing,completed,yam,yam_0_61,24.9,huangrongbo,good,,,prod,2026-08-31 09:59:17.465124+00:00,2026-08-31 10:59:17.531789+00:00,/nfs/data/sz_44/20260831/episode_20260831_095744_000_37790b68.npy.mp4
01a05740-7c18-77e5-a8fa-26cdc00223cd,industrial packing,completed,yam,yam_0_61,21.0,huangrongbo,good,,,prod,2026-08-31 09:58:47.958384+00:00,2026-08-31 10:59:16.711608+00:00,/nfs/data/sz_44/20260831/episode_20260831_095719_000_7f1aacb5.npy.mp4
01a05742-b280-7d6f-8f92-f7525ebc280f,industrial packing,completed,yam,yam_0_61,21.0,huangrongbo,good,,,prod,2026-08-31 10:01:15.725011+00:00,2026-08-31 10:59:16.498954+00:00,/nfs/data/sz_44/20260831/episode_20260831_095944_000_68de4e12.npy.mp4
01a05741-4f08-7973-8fb1-133e69ed8f3e,industrial packing,completed,yam,yam_0_61,26.2,huangrongbo,good,,,prod,2026-08-31 09:59:47.770929+00:00,2026-08-31 10:59:16.353749+00:00,/nfs/data/sz_44/20260831/episode_20260831_095813_000_fd9a3236.npy.mp4
01a05744-7b88-72a1-8a91-33d5e853eeca,industrial packing,completed,yam,yam_0_61,28.6,huangrongbo,good,,,prod,2026-08-31 10:03:22.217083+00:00,2026-08-31 10:59:15.702804+00:00,/nfs/data/sz_44/20260831/episode_20260831_100141_000_6ad45fdd.npy.mp4
01a05741-c820-733d-8ae4-7fabae9e79a2,industrial packing,completed,yam,yam_0_61,22.6,huangrongbo,good,,,prod,2026-08-31 10:00:19.066760+00:00,2026-08-31 10:59:14.909396+00:00,/nfs/data/sz_44/20260831/episode_20260831_095844_000_f43deb38.npy.mp4
01a05742-3198-7f33-8681-8ca40455ac8e,industrial packing,completed,yam,yam_0_61,29.0,huangrongbo,good,,,prod,2026-08-31 10:00:50.367047+00:00,2026-08-31 10:59:13.958664+00:00,/nfs/data/sz_44/20260831/episode_20260831_095911_000_e82816f6.npy.mp4
01a05745-7d58-72ea-9f99-241c5dad8563,industrial packing,completed,yam,yam_0_61,27.2,huangrongbo,good,,,prod,2026-08-31 10:04:25.807661+00:00,2026-08-31 10:59:11.632278+00:00,/nfs/data/sz_44/20260831/episode_20260831_100247_000_fc082b64.npy.mp4
01a05745-0058-70a3-9439-9d1c8d1763e8,industrial packing,completed,yam,yam_0_61,27.5,huangrongbo,good,,,prod,2026-08-31 10:03:53.511162+00:00,2026-08-31 10:59:11.040753+00:00,/nfs/data/sz_44/20260831/episode_20260831_100215_000_7a8b4b14.npy.mp4
01a05747-deb8-76b4-8ebe-aa051d35bd89,industrial packing,completed,yam,yam_0_61,27.3,huangrongbo,good,,,prod,2026-08-31 10:07:03.366908+00:00,2026-08-31 10:59:10.197213+00:00,/nfs/data/sz_44/20260831/episode_20260831_100523_000_1864adea.npy.mp4
01a05745-f670-7f6f-9d2d-9b60a7a6fb4f,industrial packing,completed,yam,yam_0_61,27.5,huangrongbo,good,,,prod,2026-08-31 10:04:57.107438+00:00,2026-08-31 10:59:09.876298+00:00,/nfs/data/sz_44/20260831/episode_20260831_100318_000_c9051518.npy.mp4
01a05748-d8b8-7667-91ca-f841abf34eda,industrial packing,completed,yam,yam_0_61,25.5,huangrongbo,good,,,prod,2026-08-31 10:08:01.988418+00:00,2026-08-31 10:59:09.423268+00:00,/nfs/data/sz_44/20260831/episode_20260831_100627_000_38a26a1f.npy.mp4
01a05746-e4b8-7329-a5ce-1c3a84cf75db,industrial packing,completed,yam,yam_0_61,26.1,huangrongbo,good,,,prod,2026-08-31 10:05:54.716893+00:00,2026-08-31 10:59:09.349154+00:00,/nfs/data/sz_44/20260831/episode_20260831_100419_000_75c0a938.npy.mp4
01a05746-7370-7b25-af0e-73e3e43e10c1,industrial packing,completed,yam,yam_0_61,25.0,huangrongbo,good,,,prod,2026-08-31 10:05:23.415545+00:00,2026-08-31 10:59:09.275397+00:00,/nfs/data/sz_44/20260831/episode_20260831_100350_000_229ceaf3.npy.mp4
01a05747-59e8-7d98-b523-1fe1080e7d28,industrial packing,completed,yam,yam_0_61,30.0,huangrongbo,good,,,prod,2026-08-31 10:06:32.042366+00:00,2026-08-31 10:59:07.985071+00:00,/nfs/data/sz_44/20260831/episode_20260831_100449_000_c36d5650.npy.mp4
01a05748-5bb8-7d2e-b5c1-bb340de496d1,industrial packing,completed,yam,yam_0_61,26.7,huangrongbo,good,,,prod,2026-08-31 10:07:35.669751+00:00,2026-08-31 10:59:06.440972+00:00,/nfs/data/sz_44/20260831/episode_20260831_100555_000_a2dd4206.npy.mp4
01a05749-4a00-7936-990a-9c6ac1c285ef,industrial packing,completed,yam,yam_0_61,26.2,huangrongbo,good,,,prod,2026-08-31 10:08:33.293939+00:00,2026-08-31 10:59:05.623328+00:00,/nfs/data/sz_44/20260831/episode_20260831_100656_000_45d51592.npy.mp4
01a05749-c318-7a92-9495-4afd111f26df,industrial packing,completed,yam,yam_0_61,26.4,huangrongbo,good,,,prod,2026-08-31 10:09:03.616552+00:00,2026-08-31 10:59:05.580041+00:00,/nfs/data/sz_44/20260831/episode_20260831_100727_000_0b9f99c5.npy.mp4
01a0574a-4400-748f-b370-74156f1a6f9e,industrial packing,completed,yam,yam_0_61,27.8,huangrongbo,good,,,prod,2026-08-31 10:09:40.956929+00:00,2026-08-31 10:59:04.292761+00:00,/nfs/data/sz_44/20260831/episode_20260831_100800_000_c67afc89.npy.mp4
01a0574a-c4e8-74ec-9d71-9655678255ac,industrial packing,completed,yam,yam_0_61,25.2,huangrongbo,good,,,prod,2026-08-31 10:10:07.237302+00:00,2026-08-31 10:59:03.020276+00:00,/nfs/data/sz_44/20260831/episode_20260831_100833_000_69afcb9f.npy.mp4
01a0574b-3630-7fe8-ba3d-f2c6d05cab1b,industrial packing,completed,yam,yam_0_61,26.2,huangrongbo,good,,,prod,2026-08-31 10:10:37.534972+00:00,2026-08-31 10:59:02.912287+00:00,/nfs/data/sz_44/20260831/episode_20260831_100902_000_e9ee03a3.npy.mp4
01a0574c-2478-732a-969e-3be5f1cba45b,industrial packing,completed,yam,yam_0_61,28.0,huangrongbo,good,,,prod,2026-08-31 10:11:40.139403+00:00,2026-08-31 10:59:02.434062+00:00,/nfs/data/sz_44/20260831/episode_20260831_101003_000_f2d622ec.npy.mp4
01a0574b-ab60-7a3b-ad43-8ee547357de2,industrial packing,completed,yam,yam_0_61,27.0,huangrongbo,good,,,prod,2026-08-31 10:11:08.844039+00:00,2026-08-31 10:59:02.068949+00:00,/nfs/data/sz_44/20260831/episode_20260831_100932_000_9a637768.npy.mp4
01a0574c-a178-7041-853a-153f8773ef3c,industrial packing,completed,yam,yam_0_61,26.6,huangrongbo,good,,,prod,2026-08-31 10:12:11.481443+00:00,2026-08-31 10:59:01.720250+00:00,/nfs/data/sz_44/20260831/episode_20260831_101035_000_2ca38842.npy.mp4
01a0574d-1a90-75ca-aa82-d5d9a996aa1c,industrial packing,completed,yam,yam_0_61,24.2,huangrongbo,good,,,prod,2026-08-31 10:12:42.830833+00:00,2026-08-31 10:59:01.171299+00:00,/nfs/data/sz_44/20260831/episode_20260831_101106_000_91f882a0.npy.mp4
01a0574d-fd20-7385-be16-927cd6ea2e0e,industrial packing,completed,yam,yam_0_61,29.7,huangrongbo,good,,,prod,2026-08-31 10:13:46.611602+00:00,2026-08-31 10:59:00.627747+00:00,/nfs/data/sz_44/20260831/episode_20260831_101204_000_8ce858eb.npy.mp4
01a0574e-81f0-75f5-882c-d7a30ed398e7,industrial packing,completed,yam,yam_0_61,26.0,huangrongbo,good,,,prod,2026-08-31 10:14:17.993228+00:00,2026-08-31 10:59:00.138955+00:00,/nfs/data/sz_44/20260831/episode_20260831_101238_000_ead29062.npy.mp4
01a0574d-87f0-7527-a3f8-86d261a76601,industrial packing,completed,yam,yam_0_61,25.8,huangrongbo,good,,,prod,2026-08-31 10:13:09.143953+00:00,2026-08-31 10:58:59.774642+00:00,/nfs/data/sz_44/20260831/episode_20260831_101134_000_0adeee21.npy.mp4
01a0574e-fb08-7711-9188-75408010784b,industrial packing,completed,yam,yam_0_61,25.7,huangrongbo,good,,,prod,2026-08-31 10:14:44.299501+00:00,2026-08-31 10:58:59.182724+00:00,/nfs/data/sz_44/20260831/episode_20260831_101309_000_1a93fa46.npy.mp4
01a0574f-ed38-7be9-abf0-8bc4624fda6f,industrial packing,completed,yam,yam_0_61,25.9,huangrongbo,good,,,prod,2026-08-31 10:15:46.034690+00:00,2026-08-31 10:58:56.685855+00:00,/nfs/data/sz_44/20260831/episode_20260831_101411_000_cc685c9d.npy.mp4
01a0574f-7038-78ec-a963-c045bf58835b,industrial packing,completed,yam,yam_0_61,26.6,huangrongbo,good,,,prod,2026-08-31 10:15:14.662782+00:00,2026-08-31 10:58:55.918049+00:00,/nfs/data/sz_44/20260831/episode_20260831_101339_000_50403548.npy.mp4
01a05751-48e0-7a47-876a-f75f9a3377e3,industrial packing,completed,yam,yam_0_61,24.5,huangrongbo,good,,,prod,2026-08-31 10:17:14.463183+00:00,2026-08-31 10:58:55.133834+00:00,/nfs/data/sz_44/20260831/episode_20260831_101540_000_b4a27860.npy.mp4
01a05750-6268-70b0-a778-aed4bd8f2988,industrial packing,completed,yam,yam_0_61,27.4,huangrongbo,good,,,prod,2026-08-31 10:16:17.380183+00:00,2026-08-31 10:58:54.754663+00:00,/nfs/data/sz_44/20260831/episode_20260831_101441_000_01525b0a.npy.mp4
01a05750-db80-79ce-882d-c5daa356a361,industrial packing,completed,yam,yam_0_61,23.8,huangrongbo,good,,,prod,2026-08-31 10:16:48.827796+00:00,2026-08-31 10:58:54.530891+00:00,/nfs/data/sz_44/20260831/episode_20260831_101512_000_4f4bed48.npy.mp4
01a05751-ba28-7cf9-8e34-1061e925b0fc,industrial packing,completed,yam,yam_0_61,26.6,huangrongbo,good,,,prod,2026-08-31 10:17:46.078784+00:00,2026-08-31 10:58:53.648154+00:00,/nfs/data/sz_44/20260831/episode_20260831_101609_000_c61ab551.npy.mp4
01a05752-3340-7a4f-99e2-d1d3c28f2019,industrial packing,completed,yam,yam_0_61,24.7,huangrongbo,good,,,prod,2026-08-31 10:18:16.581275+00:00,2026-08-31 10:58:53.068617+00:00,/nfs/data/sz_44/20260831/episode_20260831_101640_000_927b9c50.npy.mp4
01a05754-69a8-73af-98e0-a739095edbe4,industrial packing,completed,yam,yam_0_61,24.4,huangrongbo,good,,,prod,2026-08-31 10:20:40.796525+00:00,2026-08-31 10:58:52.986029+00:00,/nfs/data/sz_44/20260831/episode_20260831_101905_000_7552059c.npy.mp4
01a05753-f860-731b-b79f-bae2edb7d348,industrial packing,completed,yam,yam_0_61,24.0,huangrongbo,good,,,prod,2026-08-31 10:20:10.325909+00:00,2026-08-31 10:58:52.505158+00:00,/nfs/data/sz_44/20260831/episode_20260831_101836_000_f720e52b.npy.mp4
01a05753-19b8-77a8-b055-9d3d19d39f36,industrial packing,completed,yam,yam_0_61,26.2,huangrongbo,good,,,prod,2026-08-31 10:19:14.355009+00:00,2026-08-31 10:58:51.881354+00:00,/nfs/data/sz_44/20260831/episode_20260831_101739_000_060bc41c.npy.mp4
01a05753-8ee8-7fb5-a6a8-34c927fbc945,industrial packing,completed,yam,yam_0_61,22.8,huangrongbo,good,,,prod,2026-08-31 10:19:39.195180+00:00,2026-08-31 10:58:51.846921+00:00,/nfs/data/sz_44/20260831/episode_20260831_101809_000_43c4b1c0.npy.mp4
01a05754-daf0-78f8-9cbe-22855a19131d,industrial packing,completed,yam,yam_0_61,25.1,huangrongbo,good,,,prod,2026-08-31 10:21:12.433428+00:00,2026-08-31 10:58:50.167775+00:00,/nfs/data/sz_44/20260831/episode_20260831_101934_000_29edec06.npy.mp4
01a05755-5020-77a1-88a9-6799f8e2ba49,industrial packing,completed,yam,yam_0_61,23.2,huangrongbo,good,,,prod,2026-08-31 10:21:38.812213+00:00,2026-08-31 10:58:50.002402+00:00,/nfs/data/sz_44/20260831/episode_20260831_102004_000_da610919.npy.mp4
01a05755-b998-7235-86b6-33c2b0901216,industrial packing,completed,yam,yam_0_61,23.3,huangrongbo,good,,,prod,2026-08-31 10:22:04.557226+00:00,2026-08-31 10:58:49.796233+00:00,/nfs/data/sz_44/20260831/episode_20260831_102031_000_7f147843.npy.mp4
01a05756-2ae0-72a0-97b4-b0164e986e5c,industrial packing,completed,yam,yam_0_61,24.5,huangrongbo,good,,,prod,2026-08-31 10:22:34.871448+00:00,2026-08-31 10:58:49.614339+00:00,/nfs/data/sz_44/20260831/episode_20260831_102100_000_882b3872.npy.mp4
01a05756-a010-7b51-8fd2-a794cb73e0d6,industrial packing,completed,yam,yam_0_61,30.7,huangrongbo,good,,,prod,2026-08-31 10:23:13.147110+00:00,2026-08-31 10:58:49.120462+00:00,/nfs/data/sz_44/20260831/episode_20260831_102130_000_869a5e68.npy.mp4
01a05757-28c8-72fe-a25e-cc383776a73e,industrial packing,completed,yam,yam_0_61,23.4,huangrongbo,good,,,prod,2026-08-31 10:23:37.935545+00:00,2026-08-31 10:58:48.312517+00:00,/nfs/data/sz_44/20260831/episode_20260831_102205_000_affc6025.npy.mp4
01a05757-9628-718b-8585-6aba38f44ea1,industrial packing,completed,yam,yam_0_61,24.0,huangrongbo,good,,,prod,2026-08-31 10:24:12.409255+00:00,2026-08-31 10:58:47.858229+00:00,/nfs/data/sz_44/20260831/episode_20260831_102233_000_8e9b4a58.npy.mp4
01a05758-78b8-70b2-bb86-9427083c3148,industrial packing,completed,yam,yam_0_61,23.5,huangrongbo,good,,,prod,2026-08-31 10:25:05.167198+00:00,2026-08-31 10:58:47.760598+00:00,/nfs/data/sz_44/20260831/episode_20260831_102331_000_97a4412e.npy.mp4
01a05758-0770-7d20-9a9a-bd60ba5cbdee,industrial packing,completed,yam,yam_0_61,24.5,huangrongbo,good,,,prod,2026-08-31 10:24:34.395890+00:00,2026-08-31 10:58:47.565449+00:00,/nfs/data/sz_44/20260831/episode_20260831_102302_000_50a45246.npy.mp4
01a05701-f060-7787-8269-bdf988c7091c,industrial packing,completed,yam,yam_0_61,25.1,huangrongbo,good,,,prod,2026-08-31 08:50:33.692289+00:00,2026-08-31 10:58:18.770564+00:00,/nfs/data/sz_44/20260831/episode_20260831_084900_000_d132b775.npy.mp4
01a05700-fe30-7617-985b-a050517c9a1b,industrial packing,completed,yam,yam_0_61,26.7,huangrongbo,good,,,prod,2026-08-31 08:49:36.068216+00:00,2026-08-31 10:58:14.734272+00:00,/nfs/data/sz_44/20260831/episode_20260831_084758_000_813c3f77.npy.mp4
01a05701-7360-7112-a970-75437101c830,industrial packing,completed,yam,yam_0_61,26.9,huangrongbo,good,,,prod,2026-08-31 08:50:07.393050+00:00,2026-08-31 10:58:13.681092+00:00,/nfs/data/sz_44/20260831/episode_20260831_084828_000_6fe9e702.npy.mp4
01a05702-5dc0-7e0d-a08c-57aaed5840da,industrial packing,completed,yam,yam_0_61,26.8,huangrongbo,good,,,prod,2026-08-31 08:51:04.997616+00:00,2026-08-31 10:58:13.580989+00:00,/nfs/data/sz_44/20260831/episode_20260831_084928_000_ea9fdaa8.npy.mp4
01a05702-d6d8-7e81-960f-47cf298f747b,industrial packing,completed,yam,yam_0_61,25.4,huangrongbo,good,,,prod,2026-08-31 08:51:36.314107+00:00,2026-08-31 10:58:13.289382+00:00,/nfs/data/sz_44/20260831/episode_20260831_084959_000_d6c7f13a.npy.mp4
01a05704-2ab0-7ea3-802b-6fa490b5fefd,industrial packing,completed,yam,yam_0_61,25.8,huangrongbo,good,,,prod,2026-08-31 08:52:59.206369+00:00,2026-08-31 10:58:12.632096+00:00,/nfs/data/sz_44/20260831/episode_20260831_085126_000_ce029778.npy.mp4
01a05703-4c08-774f-b922-8541896db4d5,industrial packing,completed,yam,yam_0_61,26.6,huangrongbo,good,,,prod,2026-08-31 08:52:07.618096+00:00,2026-08-31 10:58:12.490083+00:00,/nfs/data/sz_44/20260831/episode_20260831_085029_000_2bc8dc37.npy.mp4
01a05703-c138-75a6-9318-057759307281,industrial packing,completed,yam,yam_0_61,22.9,huangrongbo,good,,,prod,2026-08-31 08:52:33.906727+00:00,2026-08-31 10:58:12.328104+00:00,/nfs/data/sz_44/20260831/episode_20260831_085059_000_884936cf.npy.mp4
01a05704-9fe0-76b4-bf89-fdf396a6b1c3,industrial packing,completed,yam,yam_0_61,25.6,huangrongbo,good,,,prod,2026-08-31 08:53:30.501769+00:00,2026-08-31 10:58:12.013630+00:00,/nfs/data/sz_44/20260831/episode_20260831_085156_000_2a14ee05.npy.mp4
01a05705-1510-7cab-b015-2f8cc4aa40f9,industrial packing,completed,yam,yam_0_61,24.9,huangrongbo,good,,,prod,2026-08-31 08:54:02.070063+00:00,2026-08-31 10:58:11.162577+00:00,/nfs/data/sz_44/20260831/episode_20260831_085226_000_f92282f1.npy.mp4
01a05705-f7a0-7432-8231-7dbf112b1089,industrial packing,completed,yam,yam_0_61,25.9,huangrongbo,good,,,prod,2026-08-31 08:54:58.706199+00:00,2026-08-31 10:58:11.154041+00:00,/nfs/data/sz_44/20260831/episode_20260831_085324_000_df8d6de0.npy.mp4
01a05705-8658-7ae0-8da6-f9c946c7f807,industrial packing,completed,yam,yam_0_61,25.2,huangrongbo,good,,,prod,2026-08-31 08:54:27.372939+00:00,2026-08-31 10:58:10.723693+00:00,/nfs/data/sz_44/20260831/episode_20260831_085255_000_05c657c4.npy.mp4
01a05706-68e8-7ed8-a557-09fa67c42211,industrial packing,completed,yam,yam_0_61,24.9,huangrongbo,good,,,prod,2026-08-31 08:55:30.046873+00:00,2026-08-31 10:58:10.187894+00:00,/nfs/data/sz_44/20260831/episode_20260831_085353_000_56eaf215.npy.mp4
01a05706-da30-7385-a336-b14b90aa45cd,industrial packing,completed,yam,yam_0_61,24.8,huangrongbo,good,,,prod,2026-08-31 08:55:56.468773+00:00,2026-08-31 10:58:09.993492+00:00,/nfs/data/sz_44/20260831/episode_20260831_085422_000_f7519356.npy.mp4
01a05707-4f60-76df-a34e-2775af03467b,industrial packing,completed,yam,yam_0_61,23.1,huangrongbo,good,,,prod,2026-08-31 08:56:26.805629+00:00,2026-08-31 10:58:09.825725+00:00,/nfs/data/sz_44/20260831/episode_20260831_085452_000_95cf6a16.npy.mp4
01a05707-b8d8-7daa-8b9a-b139d29f5065,industrial packing,completed,yam,yam_0_61,23.5,huangrongbo,good,,,prod,2026-08-31 08:56:53.091484+00:00,2026-08-31 10:58:08.964265+00:00,/nfs/data/sz_44/20260831/episode_20260831_085519_000_fbada994.npy.mp4
01a05708-2638-73dc-a39e-174abcdbf3e2,industrial packing,completed,yam,yam_0_61,26.6,huangrongbo,good,,,prod,2026-08-31 08:57:24.413332+00:00,2026-08-31 10:58:08.797265+00:00,/nfs/data/sz_44/20260831/episode_20260831_085547_000_ad6d5f78.npy.mp4
01a05708-9f50-769e-9c9f-00b9a543a767,industrial packing,completed,yam,yam_0_61,26.6,huangrongbo,good,,,prod,2026-08-31 08:57:55.739689+00:00,2026-08-31 10:58:08.124605+00:00,/nfs/data/sz_44/20260831/episode_20260831_085618_000_7c9e568e.npy.mp4
01a05709-9568-7bbf-9a90-c16b7bc46a44,industrial packing,completed,yam,yam_0_61,25.9,huangrongbo,good,,,prod,2026-08-31 08:58:58.366872+00:00,2026-08-31 10:58:07.925963+00:00,/nfs/data/sz_44/20260831/episode_20260831_085721_000_7dec703a.npy.mp4
01a05709-1868-7268-aae0-6abd82449004,industrial packing,completed,yam,yam_0_61,26.8,huangrongbo,good,,,prod,2026-08-31 08:58:27.053860+00:00,2026-08-31 10:58:07.627522+00:00,/nfs/data/sz_44/20260831/episode_20260831_085649_000_71d0a781.npy.mp4
01a0570a-0e80-7320-8d37-1fc247a37943,industrial packing,completed,yam,yam_0_61,24.6,huangrongbo,good,,,prod,2026-08-31 08:59:29.637813+00:00,2026-08-31 10:58:07.466493+00:00,/nfs/data/sz_44/20260831/episode_20260831_085752_000_bc3f0c8e.npy.mp4
01a0570a-7fc8-748b-ae22-2ed9790277aa,industrial packing,completed,yam,yam_0_61,24.2,huangrongbo,good,,,prod,2026-08-31 08:59:55.789635+00:00,2026-08-31 10:58:06.646498+00:00,/nfs/data/sz_44/20260831/episode_20260831_085821_000_1ec49626.npy.mp4
01a0570c-2990-7fcb-8197-b7714c50853a,industrial packing,completed,yam,yam_0_61,28.8,huangrongbo,good,,,prod,2026-08-31 09:01:48.877661+00:00,2026-08-31 10:58:06.540419+00:00,/nfs/data/sz_44/20260831/episode_20260831_090010_000_bba8893c.npy.mp4
01a0570c-aa78-783f-af7c-55d53d23ffa4,industrial packing,completed,yam,yam_0_61,24.5,huangrongbo,good,,,prod,2026-08-31 09:02:22.288816+00:00,2026-08-31 10:58:05.981049+00:00,/nfs/data/sz_44/20260831/episode_20260831_090043_000_cc0ac86b.npy.mp4
01a0570d-17d8-7b7a-a610-7162d7e82008,industrial packing,completed,yam,yam_0_61,21.5,huangrongbo,good,,,prod,2026-08-31 09:02:41.288307+00:00,2026-08-31 10:58:05.808964+00:00,/nfs/data/sz_44/20260831/episode_20260831_090111_000_cc1f4fc5.npy.mp4
01a0570e-19a8-7f03-a667-c4eecb4c696a,industrial packing,completed,yam,yam_0_61,27.3,huangrongbo,good,,,prod,2026-08-31 09:03:58.627080+00:00,2026-08-31 10:58:05.445570+00:00,/nfs/data/sz_44/20260831/episode_20260831_090217_000_4b6e943b.npy.mp4
01a0570e-92c0-7ae8-9ebd-d53232d4cfba,industrial packing,completed,yam,yam_0_61,27.5,huangrongbo,good,,,prod,2026-08-31 09:04:28.487614+00:00,2026-08-31 10:58:04.559396+00:00,/nfs/data/sz_44/20260831/episode_20260831_090248_000_428e8962.npy.mp4
01a0570f-0fc0-75f7-b148-1660b0f4af6f,industrial packing,completed,yam,yam_0_61,26.1,huangrongbo,good,,,prod,2026-08-31 09:04:55.070206+00:00,2026-08-31 10:58:04.293044+00:00,/nfs/data/sz_44/20260831/episode_20260831_090320_000_43794acf.npy.mp4
01a0570f-84f0-762f-9b46-782de45b9a0c,industrial packing,completed,yam,yam_0_61,27.0,huangrongbo,good,,,prod,2026-08-31 09:05:26.207852+00:00,2026-08-31 10:58:03.566445+00:00,/nfs/data/sz_44/20260831/episode_20260831_090350_000_30c833ee.npy.mp4
01a0570f-fe08-7fdf-b937-6f1cd65d6537,industrial packing,completed,yam,yam_0_61,26.1,huangrongbo,good,,,prod,2026-08-31 09:05:57.243744+00:00,2026-08-31 10:58:03.261890+00:00,/nfs/data/sz_44/20260831/episode_20260831_090421_000_58b3b5c3.npy.mp4
01a05710-7720-7d49-8b1c-e263d136ffc2,industrial packing,completed,yam,yam_0_61,24.3,huangrongbo,good,,,prod,2026-08-31 09:06:28.034071+00:00,2026-08-31 10:58:02.658250+00:00,/nfs/data/sz_44/20260831/episode_20260831_090452_000_eebbd1dd.npy.mp4
01a05711-d6b0-731e-9f76-82e6a5be555c,industrial packing,completed,yam,yam_0_61,23.6,huangrongbo,good,,,prod,2026-08-31 09:07:56.539506+00:00,2026-08-31 10:58:02.342928+00:00,/nfs/data/sz_44/20260831/episode_20260831_090622_000_68a40f58.npy.mp4
01a05710-e868-77bf-ae51-8f8d019b10d5,industrial packing,completed,yam,yam_0_61,27.2,huangrongbo,good,,,prod,2026-08-31 09:07:05.046623+00:00,2026-08-31 10:58:01.997110+00:00,/nfs/data/sz_44/20260831/episode_20260831_090521_000_f631edae.npy.mp4
01a05711-6180-7549-894b-4ba6da70e702,industrial packing,completed,yam,yam_0_61,25.6,huangrongbo,good,,,prod,2026-08-31 09:07:31.498358+00:00,2026-08-31 10:58:01.916833+00:00,/nfs/data/sz_44/20260831/episode_20260831_090552_000_5a49431b.npy.mp4
01a05712-4fc8-7310-8997-834071e5a3bb,industrial packing,completed,yam,yam_0_61,23.1,huangrongbo,good,,,prod,2026-08-31 09:08:27.354625+00:00,2026-08-31 10:58:01.287276+00:00,/nfs/data/sz_44/20260831/episode_20260831_090653_000_c6df73ca.npy.mp4
01a05712-b940-7cdf-a34b-0223220c627c,industrial packing,completed,yam,yam_0_61,24.0,huangrongbo,good,,,prod,2026-08-31 09:08:53.272866+00:00,2026-08-31 10:58:01.077199+00:00,/nfs/data/sz_44/20260831/episode_20260831_090720_000_c8d042aa.npy.mp4
01a05713-26a0-795f-a875-72af762787e6,industrial packing,completed,yam,yam_0_61,25.3,huangrongbo,good,,,prod,2026-08-31 09:09:25.718390+00:00,2026-08-31 10:58:00.909312+00:00,/nfs/data/sz_44/20260831/episode_20260831_090748_000_12c1f5b9.npy.mp4
01a05713-97e8-77eb-9c57-382245ab91d8,industrial packing,completed,yam,yam_0_61,25.4,huangrongbo,good,,,prod,2026-08-31 09:09:55.712780+00:00,2026-08-31 10:58:00.419706+00:00,/nfs/data/sz_44/20260831/episode_20260831_090817_000_844a560b.npy.mp4
01a05714-0d18-7ae6-80ec-8e04743dec34,industrial packing,completed,yam,yam_0_61,25.5,huangrongbo,good,,,prod,2026-08-31 09:10:22.190722+00:00,2026-08-31 10:57:59.977590+00:00,/nfs/data/sz_44/20260831/episode_20260831_090847_000_293d8c90.npy.mp4
01a05714-8248-7d44-bded-717242111586,industrial packing,completed,yam,yam_0_61,25.9,huangrongbo,good,,,prod,2026-08-31 09:10:52.329232+00:00,2026-08-31 10:57:59.696852+00:00,/nfs/data/sz_44/20260831/episode_20260831_090917_000_0ba9509c.npy.mp4
01a05714-f778-748d-bbfc-c14e4fbcd2c4,industrial packing,completed,yam,yam_0_61,26.8,huangrongbo,good,,,prod,2026-08-31 09:11:24.379083+00:00,2026-08-31 10:57:58.921989+00:00,/nfs/data/sz_44/20260831/episode_20260831_090947_000_4db43a6b.npy.mp4
01a05715-7478-730b-854f-32e7cc04b353,industrial packing,completed,yam,yam_0_61,25.9,huangrongbo,good,,,prod,2026-08-31 09:11:55.022253+00:00,2026-08-31 10:57:58.344729+00:00,/nfs/data/sz_44/20260831/episode_20260831_091019_000_b24e6ecc.npy.mp4
01a05715-f560-7520-9532-75700158ad7b,industrial packing,completed,yam,yam_0_61,23.7,huangrongbo,good,,,prod,2026-08-31 09:12:25.601669+00:00,2026-08-31 10:57:58.059518+00:00,/nfs/data/sz_44/20260831/episode_20260831_091052_000_60e39171.npy.mp4
01a05716-5ed8-76a5-a432-bc3f95b384af,industrial packing,completed,yam,yam_0_61,27.9,huangrongbo,good,,,prod,2026-08-31 09:12:56.981728+00:00,2026-08-31 10:57:57.664504+00:00,/nfs/data/sz_44/20260831/episode_20260831_091119_000_0bbce46b.npy.mp4
01a05716-e3a8-75ce-a68b-e319fd8bc9df,industrial packing,completed,yam,yam_0_61,26.0,huangrongbo,good,,,prod,2026-08-31 09:13:27.784329+00:00,2026-08-31 10:57:57.341187+00:00,/nfs/data/sz_44/20260831/episode_20260831_091153_000_c7a8f52f.npy.mp4
01a05717-5cc0-7343-98b7-b7a45f984b96,industrial packing,completed,yam,yam_0_61,28.0,huangrongbo,good,,,prod,2026-08-31 09:14:05.332864+00:00,2026-08-31 10:57:56.959604+00:00,/nfs/data/sz_44/20260831/episode_20260831_091224_000_1cd2a274.npy.mp4
01a05718-4ef0-7111-bab1-f66f9ac93770,industrial packing,completed,yam,yam_0_61,27.2,huangrongbo,good,,,prod,2026-08-31 09:15:02.202155+00:00,2026-08-31 10:57:56.354844+00:00,/nfs/data/sz_44/20260831/episode_20260831_091326_000_b780933d.npy.mp4
01a05717-d9c0-795e-bcda-cca1c7c446df,industrial packing,completed,yam,yam_0_61,25.9,huangrongbo,good,,,prod,2026-08-31 09:14:30.705857+00:00,2026-08-31 10:57:56.132622+00:00,/nfs/data/sz_44/20260831/episode_20260831_091256_000_cd3c2fd0.npy.mp4
01a05718-c808-7f7c-8915-0329f8f7fb36,industrial packing,completed,yam,yam_0_61,25.9,huangrongbo,good,,,prod,2026-08-31 09:15:33.835363+00:00,2026-08-31 10:57:55.668552+00:00,/nfs/data/sz_44/20260831/episode_20260831_091357_000_d573c31f.npy.mp4
01a05719-3d38-7bbd-ac30-a2ca375a6462,industrial packing,completed,yam,yam_0_61,25.5,huangrongbo,good,,,prod,2026-08-31 09:16:04.654337+00:00,2026-08-31 10:57:55.399612+00:00,/nfs/data/sz_44/20260831/episode_20260831_091427_000_7ed3a4d3.npy.mp4
01a0571a-fe70-7ec6-8c51-4de710bf310b,industrial packing,completed,yam,yam_0_61,24.0,huangrongbo,good,,,prod,2026-08-31 09:17:58.760353+00:00,2026-08-31 10:57:54.607802+00:00,/nfs/data/sz_44/20260831/episode_20260831_091622_000_463f2495.npy.mp4
01a0571a-9110-7a0b-bd46-fbd259b33bc6,industrial packing,completed,yam,yam_0_61,23.8,huangrongbo,good,,,prod,2026-08-31 09:17:28.047730+00:00,2026-08-31 10:57:54.599934+00:00,/nfs/data/sz_44/20260831/episode_20260831_091554_000_532698b7.npy.mp4
01a05719-b268-737d-8c67-34f090cb7e67,industrial packing,completed,yam,yam_0_61,24.8,huangrongbo,good,,,prod,2026-08-31 09:16:30.434057+00:00,2026-08-31 10:57:54.558067+00:00,/nfs/data/sz_44/20260831/episode_20260831_091457_000_13a732e8.npy.mp4
01a0571a-23b0-701d-ad3a-13e3664a8316,industrial packing,completed,yam,yam_0_61,24.6,huangrongbo,good,,,prod,2026-08-31 09:17:02.464895+00:00,2026-08-31 10:57:54.295454+00:00,/nfs/data/sz_44/20260831/episode_20260831_091526_000_d196051c.npy.mp4
01a0571b-6bd0-7db9-9c27-fb1f36f684a8,industrial packing,completed,yam,yam_0_61,25.6,huangrongbo,good,,,prod,2026-08-31 09:18:25.231097+00:00,2026-08-31 10:57:53.489555+00:00,/nfs/data/sz_44/20260831/episode_20260831_091650_000_daa55019.npy.mp4
01a0571b-e100-7c51-bf7f-8c155d6862ac,industrial packing,completed,yam,yam_0_61,27.7,huangrongbo,good,,,prod,2026-08-31 09:18:56.621057+00:00,2026-08-31 10:57:53.293042+00:00,/nfs/data/sz_44/20260831/episode_20260831_091720_000_99171035.npy.mp4
01a0571c-5e00-79ba-8529-002a850bb4a8,industrial packing,completed,yam,yam_0_61,23.4,huangrongbo,good,,,prod,2026-08-31 09:19:26.985758+00:00,2026-08-31 10:57:52.896212+00:00,/nfs/data/sz_44/20260831/episode_20260831_091752_000_1bb3fe6d.npy.mp4
01a0571c-cb60-7ace-8852-bd64743ec486,industrial packing,completed,yam,yam_0_61,25.7,huangrongbo,good,,,prod,2026-08-31 09:19:59.325889+00:00,2026-08-31 10:57:52.122357+00:00,/nfs/data/sz_44/20260831/episode_20260831_091820_000_898a79b3.npy.mp4
01a0571d-4090-7f4b-9aa7-07174fb107e9,industrial packing,completed,yam,yam_0_61,27.3,huangrongbo,good,,,prod,2026-08-31 09:20:30.738643+00:00,2026-08-31 10:57:51.384085+00:00,/nfs/data/sz_44/20260831/episode_20260831_091850_000_53c67ec8.npy.mp4
01a0571e-3a90-74a5-bd3d-a751ba252cf1,industrial packing,completed,yam,yam_0_61,24.3,huangrongbo,good,,,prod,2026-08-31 09:21:26.607127+00:00,2026-08-31 10:57:50.307488+00:00,/nfs/data/sz_44/20260831/episode_20260831_091954_000_bbcba05f.npy.mp4
01a0571d-bd90-7be8-97f8-5649241a1dd6,industrial packing,completed,yam,yam_0_61,25.4,huangrongbo,good,,,prod,2026-08-31 09:20:56.081033+00:00,2026-08-31 10:57:50.133380+00:00,/nfs/data/sz_44/20260831/episode_20260831_091922_000_0e06f69d.npy.mp4
01a0571f-1d20-79a0-adef-30c2375c714c,industrial packing,completed,yam,yam_0_61,26.1,huangrongbo,good,,,prod,2026-08-31 09:22:29.382604+00:00,2026-08-31 10:57:49.519723+00:00,/nfs/data/sz_44/20260831/episode_20260831_092052_000_fae2f8af.npy.mp4
01a0571e-abd8-7e77-bcdf-769d5e1b8529,industrial packing,completed,yam,yam_0_61,24.9,huangrongbo,good,,,prod,2026-08-31 09:21:58.047578+00:00,2026-08-31 10:57:49.419198+00:00,/nfs/data/sz_44/20260831/episode_20260831_092023_000_57f8ace2.npy.mp4
01a0571f-9250-78de-b41a-85b0547a7105,industrial packing,completed,yam,yam_0_61,24.6,huangrongbo,good,,,prod,2026-08-31 09:22:55.664714+00:00,2026-08-31 10:57:48.949870+00:00,/nfs/data/sz_44/20260831/episode_20260831_092122_000_7e2a00e5.npy.mp4
01a05720-74e0-7504-b2d9-fc5d8401d70e,industrial packing,completed,yam,yam_0_61,26.0,huangrongbo,good,,,prod,2026-08-31 09:23:58.284460+00:00,2026-08-31 10:57:48.327491+00:00,/nfs/data/sz_44/20260831/episode_20260831_092220_000_82bfeca7.npy.mp4
01a05721-47d0-7487-9159-d47473a14db6,industrial packing,completed,yam,yam_0_61,26.5,huangrongbo,good,,,prod,2026-08-31 09:24:48.999315+00:00,2026-08-31 10:57:48.053394+00:00,/nfs/data/sz_44/20260831/episode_20260831_092314_000_5be8a170.npy.mp4
01a05720-0398-7842-b49f-69005bb39834,industrial packing,completed,yam,yam_0_61,24.9,huangrongbo,good,,,prod,2026-08-31 09:23:26.960372+00:00,2026-08-31 10:57:48.023172+00:00,/nfs/data/sz_44/20260831/episode_20260831_092151_000_613a4d53.npy.mp4
01a05720-ea10-7473-bb9a-e54a6d746c8e,industrial packing,completed,yam,yam_0_61,18.5,huangrongbo,good,,,prod,2026-08-31 09:24:17.582332+00:00,2026-08-31 10:57:47.435265+00:00,/nfs/data/sz_44/20260831/episode_20260831_092250_000_776ec646.npy.mp4
01a05721-c0e8-7fd3-859d-eee56aa16b89,industrial packing,completed,yam,yam_0_61,25.5,huangrongbo,good,,,prod,2026-08-31 09:25:26.956391+00:00,2026-08-31 10:57:46.977134+00:00,/nfs/data/sz_44/20260831/episode_20260831_092345_000_a77969c9.npy.mp4
01a05722-3618-7a34-a5f4-a3d89a509776,industrial packing,completed,yam,yam_0_61,26.6,huangrongbo,good,,,prod,2026-08-31 09:25:51.267373+00:00,2026-08-31 10:57:46.395069+00:00,/nfs/data/sz_44/20260831/episode_20260831_092415_000_f8dfcec4.npy.mp4
01a05722-af30-7f88-b0fe-ad60f0c9886b,industrial packing,completed,yam,yam_0_61,28.8,huangrongbo,good,,,prod,2026-08-31 09:26:28.404413+00:00,2026-08-31 10:57:46.271913+00:00,/nfs/data/sz_44/20260831/episode_20260831_092446_000_f895ba05.npy.mp4
01a05723-3018-7304-a046-9ac965e77832,industrial packing,completed,yam,yam_0_61,27.6,huangrongbo,good,,,prod,2026-08-31 09:27:00.689692+00:00,2026-08-31 10:57:45.994395+00:00,/nfs/data/sz_44/20260831/episode_20260831_092519_000_bc5ceba4.npy.mp4
01a05723-ad18-71c7-8905-cf0efa2c5b45,industrial packing,completed,yam,yam_0_61,28.3,huangrongbo,good,,,prod,2026-08-31 09:27:32.388702+00:00,2026-08-31 10:57:45.657310+00:00,/nfs/data/sz_44/20260831/episode_20260831_092551_000_c6ae5321.npy.mp4
01a05724-2a18-7c5f-b3b8-69d8ffc70954,industrial packing,completed,yam,yam_0_61,27.9,huangrongbo,good,,,prod,2026-08-31 09:28:04.100884+00:00,2026-08-31 10:57:45.101984+00:00,/nfs/data/sz_44/20260831/episode_20260831_092623_000_797c3b50.npy.mp4
01a05724-ab00-7aca-b21d-962557c7ef9b,industrial packing,completed,yam,yam_0_61,26.6,huangrongbo,good,,,prod,2026-08-31 09:28:30.047779+00:00,2026-08-31 10:57:44.812740+00:00,/nfs/data/sz_44/20260831/episode_20260831_092656_000_018ee206.npy.mp4
01a05725-2418-7747-9345-fcc637f1493e,industrial packing,completed,yam,yam_0_61,27.7,huangrongbo,good,,,prod,2026-08-31 09:29:07.001703+00:00,2026-08-31 10:57:43.723918+00:00,/nfs/data/sz_44/20260831/episode_20260831_092727_000_5354a5b6.npy.mp4
01a05725-a118-7cfe-8413-5fb9146e6d55,industrial packing,completed,yam,yam_0_61,24.7,huangrongbo,good,,,prod,2026-08-31 09:29:32.617161+00:00,2026-08-31 10:57:43.169771+00:00,/nfs/data/sz_44/20260831/episode_20260831_092759_000_8d51e0c1.npy.mp4
01a05726-1260-7310-8295-408b933a6c64,industrial packing,completed,yam,yam_0_61,28.8,huangrongbo,good,,,prod,2026-08-31 09:30:10.315283+00:00,2026-08-31 10:57:42.991919+00:00,/nfs/data/sz_44/20260831/episode_20260831_092828_000_06ac7a66.npy.mp4
01a05726-9348-7de5-a1e5-0d0d9b9d73e5,industrial packing,completed,yam,yam_0_61,27.5,huangrongbo,good,,,prod,2026-08-31 09:30:41.965336+00:00,2026-08-31 10:57:42.867925+00:00,/nfs/data/sz_44/20260831/episode_20260831_092901_000_104517c9.npy.mp4
01a05728-40f8-73cc-a9f1-b97b7c52fd33,industrial packing,completed,yam,yam_0_61,26.0,huangrongbo,good,,,prod,2026-08-31 09:32:27.329554+00:00,2026-08-31 10:57:41.583250+00:00,/nfs/data/sz_44/20260831/episode_20260831_093051_000_599e36e4.npy.mp4
01a05728-b628-7f85-abee-e3f3829ce4f0,industrial packing,completed,yam,yam_0_61,25.8,huangrongbo,good,,,prod,2026-08-31 09:32:59.465557+00:00,2026-08-31 10:57:40.705638+00:00,/nfs/data/sz_44/20260831/episode_20260831_093121_000_ee391fc8.npy.mp4
01a0572a-2170-7309-ad63-02a3147887c0,industrial packing,completed,yam,yam_0_61,25.0,huangrongbo,good,,,prod,2026-08-31 09:34:26.971861+00:00,2026-08-31 10:57:40.514511+00:00,/nfs/data/sz_44/20260831/episode_20260831_093254_000_c945f66f.npy.mp4
01a05729-a858-7343-ba83-fee831214c6c,industrial packing,completed,yam,yam_0_61,26.7,huangrongbo,good,,,prod,2026-08-31 09:34:04.672738+00:00,2026-08-31 10:57:40.432339+00:00,/nfs/data/sz_44/20260831/episode_20260831_093223_000_f28d83fb.npy.mp4
01a05729-2b58-7a52-9c74-a3d91072fe90,industrial packing,completed,yam,yam_0_61,24.7,huangrongbo,good,,,prod,2026-08-31 09:33:24.519371+00:00,2026-08-31 10:57:40.202567+00:00,/nfs/data/sz_44/20260831/episode_20260831_093151_000_a6d49961.npy.mp4
01a0572a-fc30-7e06-adff-a4729c2dfa54,industrial packing,completed,yam,yam_0_61,26.7,huangrongbo,good,,,prod,2026-08-31 09:35:29.705915+00:00,2026-08-31 10:57:39.662433+00:00,/nfs/data/sz_44/20260831/episode_20260831_093350_000_3c17157a.npy.mp4
01a0572a-92b8-72a9-ae6b-dfcda8ca162c,industrial packing,completed,yam,yam_0_61,23.9,huangrongbo,good,,,prod,2026-08-31 09:34:59.669100+00:00,2026-08-31 10:57:39.564382+00:00,/nfs/data/sz_44/20260831/episode_20260831_093323_000_3af8376d.npy.mp4
01a0572b-f248-73ac-b0d5-6e747af70925,industrial packing,completed,yam,yam_0_61,24.6,huangrongbo,good,,,prod,2026-08-31 09:36:27.794967+00:00,2026-08-31 10:57:38.385064+00:00,/nfs/data/sz_44/20260831/episode_20260831_093453_000_399c5c2c.npy.mp4
01a0572b-7548-72fa-942a-e9b024576cbb,industrial packing,completed,yam,yam_0_61,27.5,huangrongbo,good,,,prod,2026-08-31 09:36:02.150622+00:00,2026-08-31 10:57:38.368751+00:00,/nfs/data/sz_44/20260831/episode_20260831_093421_000_61dc26a4.npy.mp4
01a0572c-6390-77a9-8bd1-a7c8c47ac901,industrial packing,completed,yam,yam_0_61,27.5,huangrongbo,good,,,prod,2026-08-31 09:36:59.751266+00:00,2026-08-31 10:57:37.896900+00:00,/nfs/data/sz_44/20260831/episode_20260831_093522_000_99a94cce.npy.mp4
01a05731-6ca0-7fd3-8659-365e4d5e3032,industrial packing,completed,yam,yam_0_61,24.0,huangrongbo,good,,,prod,2026-08-31 09:42:27.304161+00:00,2026-08-31 10:57:37.723973+00:00,/nfs/data/sz_44/20260831/episode_20260831_094052_000_6d755a3a.npy.mp4
01a0572d-51d8-73e8-b431-1ecc910c18b6,industrial packing,completed,yam,yam_0_61,28.0,huangrongbo,good,,,prod,2026-08-31 09:38:01.882520+00:00,2026-08-31 10:57:37.702861+00:00,/nfs/data/sz_44/20260831/episode_20260831_093623_000_bf5c6210.npy.mp4
01a0572c-e090-79b4-8e72-718ac94ae479,industrial packing,completed,yam,yam_0_61,24.7,huangrongbo,good,,,prod,2026-08-31 09:37:30.966409+00:00,2026-08-31 10:57:37.413438+00:00,/nfs/data/sz_44/20260831/episode_20260831_093554_000_263a0e38.npy.mp4
01a0572d-ced8-73b6-9439-6e3a53ae1b05,industrial packing,completed,yam,yam_0_61,26.0,huangrongbo,good,,,prod,2026-08-31 09:38:33.359741+00:00,2026-08-31 10:57:36.704085+00:00,/nfs/data/sz_44/20260831/episode_20260831_093655_000_0df3b32d.npy.mp4
01a0572f-2a80-742f-95bb-3abde8b07c82,industrial packing,completed,yam,yam_0_61,25.5,huangrongbo,good,,,prod,2026-08-31 09:40:02.718109+00:00,2026-08-31 10:57:35.805343+00:00,/nfs/data/sz_44/20260831/episode_20260831_093824_000_b7d276e8.npy.mp4
01a0572e-4408-7251-ba0e-8fed24af61a7,industrial packing,completed,yam,yam_0_61,26.6,huangrongbo,good,,,prod,2026-08-31 09:38:59.894069+00:00,2026-08-31 10:57:35.643045+00:00,/nfs/data/sz_44/20260831/episode_20260831_093725_000_99653188.npy.mp4
01a0572e-bd20-7427-a4c8-a1ed2c2e71b3,industrial packing,completed,yam,yam_0_61,24.0,huangrongbo,good,,,prod,2026-08-31 09:39:30.338607+00:00,2026-08-31 10:57:35.135018+00:00,/nfs/data/sz_44/20260831/episode_20260831_093756_000_40b3eaf4.npy.mp4
01a0572f-9fb0-7b51-a818-0317e39bce0e,industrial packing,completed,yam,yam_0_61,26.8,huangrongbo,good,,,prod,2026-08-31 09:40:34.097757+00:00,2026-08-31 10:57:34.514194+00:00,/nfs/data/sz_44/20260831/episode_20260831_093854_000_31a3d458.npy.mp4
01a05730-1cb0-7f00-9780-420d556faedb,industrial packing,completed,yam,yam_0_61,25.1,huangrongbo,good,,,prod,2026-08-31 09:41:00.392555+00:00,2026-08-31 10:57:34.115727+00:00,/nfs/data/sz_44/20260831/episode_20260831_093926_000_17529822.npy.mp4
01a05730-91e0-7d1f-aba0-f7a63b1a62fa,industrial packing,completed,yam,yam_0_61,24.1,huangrongbo,good,,,prod,2026-08-31 09:41:30.713131+00:00,2026-08-31 10:57:33.224488+00:00,/nfs/data/sz_44/20260831/episode_20260831_093956_000_e4e7f7fa.npy.mp4
01a05730-ff40-70b2-88bb-7e3904d2f612,industrial packing,completed,yam,yam_0_61,24.3,huangrongbo,good,,,prod,2026-08-31 09:41:57.025555+00:00,2026-08-31 10:57:32.437539+00:00,/nfs/data/sz_44/20260831/episode_20260831_094024_000_f4334e07.npy.mp4
01a056cd-fb98-7cf2-86ec-6260d18d2307,industrial packing,completed,yam,yam_0_61,26.3,huangrongbo,good,,,prod,2026-08-31 07:53:49.946095+00:00,2026-08-31 08:04:18.830914+00:00,/nfs/data/sz_44/20260831/episode_20260831_075215_000_851b33db.npy.mp4
01a056cd-7ab0-75ad-b621-7715fb67da76,industrial packing,completed,yam,yam_0_61,29.4,huangrongbo,good,,,prod,2026-08-31 07:53:23.659362+00:00,2026-08-31 08:03:26.546003+00:00,/nfs/data/sz_44/20260831/episode_20260831_075142_000_f8076e45.npy.mp4
01a056cc-f9c8-7745-9b7d-211a8a01b4d8,industrial packing,completed,yam,yam_0_61,29.0,huangrongbo,good,,,prod,2026-08-31 07:52:46.283675+00:00,2026-08-31 08:02:53.524148+00:00,/nfs/data/sz_44/20260831/episode_20260831_075109_000_ddce0563.npy.mp4
01a056cc-8880-7396-ae58-dea3005cf97e,industrial packing,completed,yam,yam_0_61,24.5,huangrongbo,good,,,prod,2026-08-31 07:52:14.932742+00:00,2026-08-31 08:02:21.915914+00:00,/nfs/data/sz_44/20260831/episode_20260831_075040_000_4d057c9c.npy.mp4
01a056cc-0b80-7470-b0db-6a2cc3e5b46b,industrial packing,completed,yam,yam_0_61,28.5,huangrongbo,good,,,prod,2026-08-31 07:51:48.640447+00:00,2026-08-31 08:01:58.336575+00:00,/nfs/data/sz_44/20260831/episode_20260831_075008_000_d5c9bf6b.npy.mp4
01a056cb-a208-7f51-b574-e4aa8800ae02,industrial packing,completed,yam,yam_0_61,23.4,huangrongbo,good,,,prod,2026-08-31 07:51:16.343500+00:00,2026-08-31 08:01:33.226076+00:00,/nfs/data/sz_44/20260831/episode_20260831_074941_000_25d18b24.npy.mp4
01a056cb-1950-7e35-9407-a5e119a3c759,industrial packing,completed,yam,yam_0_61,28.8,huangrongbo,good,,,prod,2026-08-31 07:50:45.002398+00:00,2026-08-31 08:00:51.172182+00:00,/nfs/data/sz_44/20260831/episode_20260831_074906_000_4abc2fa2.npy.mp4
01a056ca-9c50-753e-abdd-57ae3c83f23f,industrial packing,completed,yam,yam_0_61,27.6,huangrongbo,good,,,prod,2026-08-31 07:50:13.679607+00:00,2026-08-31 08:00:16.162252+00:00,/nfs/data/sz_44/20260831/episode_20260831_074834_000_297ebce7.npy.mp4
01a056ca-2ef0-7e89-9277-1c6010d96a43,industrial packing,completed,yam,yam_0_61,23.5,huangrongbo,good,,,prod,2026-08-31 07:49:42.338040+00:00,2026-08-31 07:59:54.716017+00:00,/nfs/data/sz_44/20260831/episode_20260831_074806_000_c61d36a4.npy.mp4
01a056c9-b5d8-7756-a1bd-34f322e9131e,industrial packing,completed,yam,yam_0_61,27.6,huangrongbo,good,,,prod,2026-08-31 07:49:10.841770+00:00,2026-08-31 07:59:25.336805+00:00,/nfs/data/sz_44/20260831/episode_20260831_074735_000_2412831a.npy.mp4
01a056c9-34f0-790a-88cd-c5b648031363,industrial packing,completed,yam,yam_0_61,28.5,huangrongbo,good,,,prod,2026-08-31 07:48:39.530862+00:00,2026-08-31 07:59:00.809073+00:00,/nfs/data/sz_44/20260831/episode_20260831_074702_000_c7858bb9.npy.mp4
01a056c8-ac38-78b8-8173-91cf0a36fd6c,industrial packing,completed,yam,yam_0_61,31.6,huangrongbo,good,,,prod,2026-08-31 07:48:13.185782+00:00,2026-08-31 07:58:23.327938+00:00,/nfs/data/sz_44/20260831/episode_20260831_074627_000_bccde62f.npy.mp4
01a056c8-2380-7dd2-83f0-2266835f5ff4,industrial packing,completed,yam,yam_0_61,30.0,huangrongbo,good,,,prod,2026-08-31 07:47:34.844611+00:00,2026-08-31 07:57:44.556696+00:00,/nfs/data/sz_44/20260831/episode_20260831_074552_000_939bb8e2.npy.mp4
01a056c7-b620-78e7-a3de-df11a4348ec4,industrial packing,completed,yam,yam_0_61,24.4,huangrongbo,good,,,prod,2026-08-31 07:46:57.546964+00:00,2026-08-31 07:57:16.713305+00:00,/nfs/data/sz_44/20260831/episode_20260831_074524_000_5d02a16d.npy.mp4
01a056c7-3150-7b97-b96c-6de3bfb1f3cb,industrial packing,completed,yam,yam_0_61,29.3,huangrongbo,good,,,prod,2026-08-31 07:46:32.259127+00:00,2026-08-31 07:56:50.929596+00:00,/nfs/data/sz_44/20260831/episode_20260831_074450_000_650f75a8.npy.mp4
01a056c6-bc20-7fa8-ae15-3a9172ba0844,industrial packing,completed,yam,yam_0_61,26.0,huangrongbo,good,,,prod,2026-08-31 07:45:54.874907+00:00,2026-08-31 07:56:17.408107+00:00,/nfs/data/sz_44/20260831/episode_20260831_074420_000_b1b8c75b.npy.mp4
01a05639-2608-7cbd-b4be-7ed19c6829cc,industrial packing,completed,yam,yam_0_61,23.5,huangrongbo,good,,,prod,2026-08-31 05:11:15.611387+00:00,2026-08-31 07:56:09.149181+00:00,/nfs/data/sz_44/20260831/episode_20260831_050941_000_a525e5c6.npy.mp4
01a05639-8f80-78a2-9685-483cb54e1810,industrial packing,completed,yam,yam_0_61,24.3,huangrongbo,good,,,prod,2026-08-31 05:11:41.870989+00:00,2026-08-31 07:56:08.853210+00:00,/nfs/data/sz_44/20260831/episode_20260831_051008_000_a330d2d2.npy.mp4
01a0563a-8d68-7498-8927-4c31a439d427,industrial packing,completed,yam,yam_0_61,24.8,huangrongbo,good,,,prod,2026-08-31 05:12:47.234711+00:00,2026-08-31 07:56:08.189407+00:00,/nfs/data/sz_44/20260831/episode_20260831_051113_000_912a16b8.npy.mp4
01a0563a-fac8-73be-af12-878c0c10c438,industrial packing,completed,yam,yam_0_61,26.0,huangrongbo,good,,,prod,2026-08-31 05:13:19.555595+00:00,2026-08-31 07:56:07.940491+00:00,/nfs/data/sz_44/20260831/episode_20260831_051141_000_25d704fc.npy.mp4
01a0563b-6ff8-776e-af11-7d6a025bf97b,industrial packing,completed,yam,yam_0_61,24.1,huangrongbo,good,,,prod,2026-08-31 05:13:44.876401+00:00,2026-08-31 07:56:07.819813+00:00,/nfs/data/sz_44/20260831/episode_20260831_051211_000_7242c955.npy.mp4
01a0563b-d970-7ca0-801c-6ed04a9e7952,industrial packing,completed,yam,yam_0_61,23.9,huangrongbo,good,,,prod,2026-08-31 05:14:11.157832+00:00,2026-08-31 07:56:07.149412+00:00,/nfs/data/sz_44/20260831/episode_20260831_051238_000_c652a198.npy.mp4
01a0563c-46d0-703f-8dde-a3896e3eb8ed,industrial packing,completed,yam,yam_0_61,25.3,huangrongbo,good,,,prod,2026-08-31 05:14:42.473859+00:00,2026-08-31 07:56:06.881051+00:00,/nfs/data/sz_44/20260831/episode_20260831_051306_000_c8a9d07a.npy.mp4
01a0563c-b818-7335-a650-e09ff29c4819,industrial packing,completed,yam,yam_0_61,24.6,huangrongbo,good,,,prod,2026-08-31 05:15:07.825012+00:00,2026-08-31 07:56:06.147593+00:00,/nfs/data/sz_44/20260831/episode_20260831_051335_000_9d2a9f6c.npy.mp4
01a0563d-2578-75c3-8235-0fc87730c6ab,industrial packing,completed,yam,yam_0_61,23.8,huangrongbo,good,,,prod,2026-08-31 05:15:39.145028+00:00,2026-08-31 07:56:05.884725+00:00,/nfs/data/sz_44/20260831/episode_20260831_051403_000_44c60792.npy.mp4
01a0563d-92d8-7e68-8219-bda4ae5d2416,industrial packing,completed,yam,yam_0_61,23.5,huangrongbo,good,,,prod,2026-08-31 05:16:04.439698+00:00,2026-08-31 07:56:05.152887+00:00,/nfs/data/sz_44/20260831/episode_20260831_051431_000_6d8375bc.npy.mp4
01a0563d-fc50-7267-b14a-1fcf9186b769,industrial packing,completed,yam,yam_0_61,23.7,huangrongbo,good,,,prod,2026-08-31 05:16:30.714521+00:00,2026-08-31 07:56:04.885221+00:00,/nfs/data/sz_44/20260831/episode_20260831_051458_000_b629a1e2.npy.mp4
01a0563e-65c8-7449-8c9f-2f8b9bc507cf,industrial packing,completed,yam,yam_0_61,22.5,huangrongbo,good,,,prod,2026-08-31 05:16:56.005417+00:00,2026-08-31 07:56:04.338780+00:00,/nfs/data/sz_44/20260831/episode_20260831_051525_000_23f3f244.npy.mp4
01a0563e-cb58-7bcb-82b8-c774b9c3dedf,industrial packing,completed,yam,yam_0_61,25.3,huangrongbo,good,,,prod,2026-08-31 05:17:27.306551+00:00,2026-08-31 07:56:04.090394+00:00,/nfs/data/sz_44/20260831/episode_20260831_051551_000_c9deac67.npy.mp4
01a0563f-3ca0-7546-811c-c87ac928092b,industrial packing,completed,yam,yam_0_61,22.7,huangrongbo,good,,,prod,2026-08-31 05:17:53.624331+00:00,2026-08-31 07:56:03.827078+00:00,/nfs/data/sz_44/20260831/episode_20260831_051620_000_02d6f5c1.npy.mp4
01a0563f-a230-7e0f-b1b9-2ed345b2b42f,industrial packing,completed,yam,yam_0_61,22.6,huangrongbo,good,,,prod,2026-08-31 05:18:18.934788+00:00,2026-08-31 07:56:02.991102+00:00,/nfs/data/sz_44/20260831/episode_20260831_051646_000_d7b714c9.npy.mp4
01a05640-07c0-71a7-aca0-b5a12fdf5379,industrial packing,completed,yam,yam_0_61,24.5,huangrongbo,good,,,prod,2026-08-31 05:18:44.229174+00:00,2026-08-31 07:56:02.816559+00:00,/nfs/data/sz_44/20260831/episode_20260831_051712_000_d9f9fa1d.npy.mp4
01a05640-7908-7f63-9b0a-360ea6e46c20,industrial packing,completed,yam,yam_0_61,23.6,huangrongbo,good,,,prod,2026-08-31 05:19:15.519394+00:00,2026-08-31 07:56:02.153180+00:00,/nfs/data/sz_44/20260831/episode_20260831_051741_000_b307f816.npy.mp4
01a05640-e280-7acd-ad50-630ef40a9745,industrial packing,completed,yam,yam_0_61,24.6,huangrongbo,good,,,prod,2026-08-31 05:19:40.796712+00:00,2026-08-31 07:56:01.896865+00:00,/nfs/data/sz_44/20260831/episode_20260831_051808_000_85b67678.npy.mp4
01a05641-4fe0-7e3a-a0ee-a47f861ab07f,industrial packing,completed,yam,yam_0_61,23.5,huangrongbo,good,,,prod,2026-08-31 05:20:12.110625+00:00,2026-08-31 07:56:01.325478+00:00,/nfs/data/sz_44/20260831/episode_20260831_051836_000_dc5df882.npy.mp4
01a05641-b958-7bf7-a71b-fa9abe58b617,industrial packing,completed,yam,yam_0_61,22.2,huangrongbo,good,,,prod,2026-08-31 05:20:38.397617+00:00,2026-08-31 07:56:01.062177+00:00,/nfs/data/sz_44/20260831/episode_20260831_051903_000_6007fcdb.npy.mp4
01a05642-1ee8-7b0a-8353-d7e835de28c8,industrial packing,completed,yam,yam_0_61,23.4,huangrongbo,good,,,prod,2026-08-31 05:21:03.711078+00:00,2026-08-31 07:56:00.843987+00:00,/nfs/data/sz_44/20260831/episode_20260831_051929_000_dc27239c.npy.mp4
01a05642-8860-7c6f-a6eb-0e130f1b55f7,industrial packing,completed,yam,yam_0_61,23.1,huangrongbo,good,,,prod,2026-08-31 05:21:30.055553+00:00,2026-08-31 07:56:00.308760+00:00,/nfs/data/sz_44/20260831/episode_20260831_051956_000_912fc28c.npy.mp4
01a05642-f1d8-7d43-b2f2-07843bf571a5,industrial packing,completed,yam,yam_0_61,22.6,huangrongbo,good,,,prod,2026-08-31 05:21:55.334342+00:00,2026-08-31 07:56:00.027619+00:00,/nfs/data/sz_44/20260831/episode_20260831_052023_000_8b820e31.npy.mp4
01a05643-5768-7680-b051-ebfe52c13e48,industrial packing,completed,yam,yam_0_61,22.9,huangrongbo,good,,,prod,2026-08-31 05:22:20.631102+00:00,2026-08-31 07:55:59.816404+00:00,/nfs/data/sz_44/20260831/episode_20260831_052049_000_0032e4ee.npy.mp4
01a05643-c0e0-7088-99c0-2ae26b6e550e,industrial packing,completed,yam,yam_0_61,24.1,huangrongbo,good,,,prod,2026-08-31 05:22:51.944420+00:00,2026-08-31 07:55:59.210661+00:00,/nfs/data/sz_44/20260831/episode_20260831_052116_000_f474f301.npy.mp4
01a05644-3610-74cc-baac-37c7bf3bd88a,industrial packing,completed,yam,yam_0_61,23.7,huangrongbo,good,,,prod,2026-08-31 05:23:17.235284+00:00,2026-08-31 07:55:58.912207+00:00,/nfs/data/sz_44/20260831/episode_20260831_052146_000_823cdd3b.npy.mp4
01a05644-9f88-77fc-aa05-6bd9f5ea8ef8,industrial packing,completed,yam,yam_0_61,26.4,huangrongbo,good,,,prod,2026-08-31 05:23:48.736337+00:00,2026-08-31 07:55:58.133295+00:00,/nfs/data/sz_44/20260831/episode_20260831_052213_000_f679142a.npy.mp4
01a05645-14b8-772d-979f-ed6466bfacf8,industrial packing,completed,yam,yam_0_61,24.4,huangrongbo,good,,,prod,2026-08-31 05:24:19.907390+00:00,2026-08-31 07:55:57.892070+00:00,/nfs/data/sz_44/20260831/episode_20260831_052243_000_33421de4.npy.mp4
01a05645-8218-7375-b96e-bfcd1687d198,industrial packing,completed,yam,yam_0_61,25.8,huangrongbo,good,,,prod,2026-08-31 05:24:45.432203+00:00,2026-08-31 07:55:57.132066+00:00,/nfs/data/sz_44/20260831/episode_20260831_052311_000_277a8fa8.npy.mp4
01a05645-f748-7695-920c-ea8314fc07b5,industrial packing,completed,yam,yam_0_61,24.3,huangrongbo,good,,,prod,2026-08-31 05:25:16.503127+00:00,2026-08-31 07:55:56.856272+00:00,/nfs/data/sz_44/20260831/episode_20260831_052341_000_a995ad39.npy.mp4
01a05646-64a8-7e11-8d26-97ab7f30ea76,industrial packing,completed,yam,yam_0_61,22.5,huangrongbo,good,,,prod,2026-08-31 05:25:42.305253+00:00,2026-08-31 07:55:56.260771+00:00,/nfs/data/sz_44/20260831/episode_20260831_052409_000_07a59e7a.npy.mp4
01a056c6-4308-719e-b021-6df5c21bf0ff,industrial packing,completed,yam,yam_0_61,27.2,huangrongbo,good,,,prod,2026-08-31 07:45:28.551083+00:00,2026-08-31 07:55:56.018530+00:00,/nfs/data/sz_44/20260831/episode_20260831_074349_000_e606b193.npy.mp4
01a05646-ca38-7ab1-badb-daf9098906c7,industrial packing,completed,yam,yam_0_61,24.3,huangrongbo,good,,,prod,2026-08-31 05:26:07.644480+00:00,2026-08-31 07:55:55.878532+00:00,/nfs/data/sz_44/20260831/episode_20260831_052435_000_8d760ebf.npy.mp4
01a05647-4350-7ee7-9b5d-cd083f45f50d,industrial packing,completed,yam,yam_0_61,23.2,huangrongbo,good,,,prod,2026-08-31 05:26:38.943058+00:00,2026-08-31 07:55:55.751748+00:00,/nfs/data/sz_44/20260831/episode_20260831_052506_000_1cccc702.npy.mp4
01a05647-a8e0-767b-bfcb-98818a159d19,industrial packing,completed,yam,yam_0_61,22.4,huangrongbo,good,,,prod,2026-08-31 05:27:04.206636+00:00,2026-08-31 07:55:55.071308+00:00,/nfs/data/sz_44/20260831/episode_20260831_052532_000_16992659.npy.mp4
01a05648-0e70-7264-8f9d-496dfa099930,industrial packing,completed,yam,yam_0_61,22.2,huangrongbo,good,,,prod,2026-08-31 05:27:29.480414+00:00,2026-08-31 07:55:54.825063+00:00,/nfs/data/sz_44/20260831/episode_20260831_052558_000_107f8fb5.npy.mp4
01a05648-7400-74fc-977d-4e1656d62181,industrial packing,completed,yam,yam_0_61,22.5,huangrongbo,good,,,prod,2026-08-31 05:27:54.749505+00:00,2026-08-31 07:55:54.194997+00:00,/nfs/data/sz_44/20260831/episode_20260831_052624_000_8bc6f20c.npy.mp4
01a05648-dd78-7f90-964f-69919204af1a,industrial packing,completed,yam,yam_0_61,23.0,huangrongbo,good,,,prod,2026-08-31 05:28:26.102970+00:00,2026-08-31 07:55:53.876921+00:00,/nfs/data/sz_44/20260831/episode_20260831_052651_000_ae7e6930.npy.mp4
01a05649-4308-719f-8194-433d99bcd65d,industrial packing,completed,yam,yam_0_61,23.6,huangrongbo,good,,,prod,2026-08-31 05:28:51.404237+00:00,2026-08-31 07:55:53.348350+00:00,/nfs/data/sz_44/20260831/episode_20260831_052717_000_888a58d3.npy.mp4
01a05649-ac80-7af9-a5b9-f7d94e6e5d80,industrial packing,completed,yam,yam_0_61,23.8,huangrongbo,good,,,prod,2026-08-31 05:29:17.701092+00:00,2026-08-31 07:55:53.042815+00:00,/nfs/data/sz_44/20260831/episode_20260831_052744_000_a4fbf689.npy.mp4
01a0564a-19e0-7bad-aa17-7965cdd04f14,industrial packing,completed,yam,yam_0_61,24.5,huangrongbo,good,,,prod,2026-08-31 05:29:48.984317+00:00,2026-08-31 07:55:52.844651+00:00,/nfs/data/sz_44/20260831/episode_20260831_052812_000_ff41de0d.npy.mp4
01a0564a-8f10-73b1-bb58-fad8ecf3ffb8,industrial packing,completed,yam,yam_0_61,23.6,huangrongbo,good,,,prod,2026-08-31 05:30:14.262742+00:00,2026-08-31 07:55:52.034695+00:00,/nfs/data/sz_44/20260831/episode_20260831_052842_000_66ac9316.npy.mp4
01a0564b-0440-7761-b6e7-cc77d43e67cb,industrial packing,completed,yam,yam_0_61,24.2,huangrongbo,good,,,prod,2026-08-31 05:30:44.557161+00:00,2026-08-31 07:55:51.833618+00:00,/nfs/data/sz_44/20260831/episode_20260831_052912_000_b4063570.npy.mp4
01a0564b-7588-7328-a462-fe35ee90b4aa,industrial packing,completed,yam,yam_0_61,21.5,huangrongbo,good,,,prod,2026-08-31 05:31:09.839855+00:00,2026-08-31 07:55:51.199688+00:00,/nfs/data/sz_44/20260831/episode_20260831_052941_000_b8d6047e.npy.mp4
01a0564b-d730-7f19-a389-222a207c2edb,industrial packing,completed,yam,yam_0_61,22.7,huangrongbo,good,,,prod,2026-08-31 05:31:41.186300+00:00,2026-08-31 07:55:50.985870+00:00,/nfs/data/sz_44/20260831/episode_20260831_053006_000_95ce5fd2.npy.mp4
01a0564c-3cc0-7411-9f47-52ee5aac8157,industrial packing,completed,yam,yam_0_61,21.3,huangrongbo,good,,,prod,2026-08-31 05:32:01.462891+00:00,2026-08-31 07:55:50.826966+00:00,/nfs/data/sz_44/20260831/episode_20260831_053032_000_90519823.npy.mp4
01a0564c-9a80-7f6f-b5af-42805d9ba326,industrial packing,completed,yam,yam_0_61,23.0,huangrongbo,good,,,prod,2026-08-31 05:32:31.802671+00:00,2026-08-31 07:55:50.300735+00:00,/nfs/data/sz_44/20260831/episode_20260831_053056_000_f1bbf14e.npy.mp4
01a0564d-0bc8-7465-9ffe-428925c3ca9c,industrial packing,completed,yam,yam_0_61,22.5,huangrongbo,good,,,prod,2026-08-31 05:32:57.055095+00:00,2026-08-31 07:55:49.868935+00:00,/nfs/data/sz_44/20260831/episode_20260831_053125_000_93f0f1c2.npy.mp4
01a0564f-d6a0-7757-895f-decfae89f391,industrial packing,completed,yam,yam_0_61,24.3,huangrongbo,good,,,prod,2026-08-31 05:36:04.603011+00:00,2026-08-31 07:55:49.323400+00:00,/nfs/data/sz_44/20260831/episode_20260831_053428_000_a4f8bc8d.npy.mp4
01a05650-47e8-7ade-aeb2-47ca53f011eb,industrial packing,completed,yam,yam_0_61,23.7,huangrongbo,good,,,prod,2026-08-31 05:36:29.916896+00:00,2026-08-31 07:55:49.025717+00:00,/nfs/data/sz_44/20260831/episode_20260831_053457_000_c7b0dfb9.npy.mp4
01a05650-b930-7cb4-98f0-008ef05554db,industrial packing,completed,yam,yam_0_61,24.0,huangrongbo,good,,,prod,2026-08-31 05:37:01.284665+00:00,2026-08-31 07:55:48.832214+00:00,/nfs/data/sz_44/20260831/episode_20260831_053526_000_7cd4c8fe.npy.mp4
01a05651-22a8-777a-bd72-0be926287062,industrial packing,completed,yam,yam_0_61,23.3,huangrongbo,good,,,prod,2026-08-31 05:37:27.578125+00:00,2026-08-31 07:55:48.207087+00:00,/nfs/data/sz_44/20260831/episode_20260831_053553_000_383a1abe.npy.mp4
01a05651-8c20-7136-aa92-4c2d02a6f8a9,industrial packing,completed,yam,yam_0_61,23.4,huangrongbo,good,,,prod,2026-08-31 05:37:52.866367+00:00,2026-08-31 07:55:47.976802+00:00,/nfs/data/sz_44/20260831/episode_20260831_053620_000_78826427.npy.mp4
01a05651-f598-7b4d-a64c-04ba0b196253,industrial packing,completed,yam,yam_0_61,26.0,huangrongbo,good,,,prod,2026-08-31 05:38:23.150295+00:00,2026-08-31 07:55:47.824934+00:00,/nfs/data/sz_44/20260831/episode_20260831_053647_000_965677c5.npy.mp4
01a05652-7680-7068-929b-72b1a03c13bc,industrial packing,completed,yam,yam_0_61,21.0,huangrongbo,good,,,prod,2026-08-31 05:38:48.433940+00:00,2026-08-31 07:55:47.157099+00:00,/nfs/data/sz_44/20260831/episode_20260831_053720_000_0c058ff3.npy.mp4
01a05652-d828-7ee7-bae2-cc54b2d0feea,industrial packing,completed,yam,yam_0_61,24.9,huangrongbo,good,,,prod,2026-08-31 05:39:19.750210+00:00,2026-08-31 07:55:46.892154+00:00,/nfs/data/sz_44/20260831/episode_20260831_053745_000_36d45a3c.npy.mp4
01a05653-4588-7aad-a2c0-9293224b3742,industrial packing,completed,yam,yam_0_61,24.2,huangrongbo,good,,,prod,2026-08-31 05:39:45.045740+00:00,2026-08-31 07:55:46.065796+00:00,/nfs/data/sz_44/20260831/episode_20260831_053813_000_40d40e14.npy.mp4
01a05653-b2e8-7c93-ab27-ee8a87b27e55,industrial packing,completed,yam,yam_0_61,24.1,huangrongbo,good,,,prod,2026-08-31 05:40:16.363460+00:00,2026-08-31 07:55:46.056825+00:00,/nfs/data/sz_44/20260831/episode_20260831_053841_000_a96df949.npy.mp4
01a05654-2048-7b15-b069-05a9bb91cc67,industrial packing,completed,yam,yam_0_61,25.4,huangrongbo,good,,,prod,2026-08-31 05:40:42.696443+00:00,2026-08-31 07:55:45.168417+00:00,/nfs/data/sz_44/20260831/episode_20260831_053909_000_80b41e61.npy.mp4
01a05654-8da8-7213-b9cf-2f5465f8c78e,industrial packing,completed,yam,yam_0_61,23.8,huangrongbo,good,,,prod,2026-08-31 05:41:13.011958+00:00,2026-08-31 07:55:44.836678+00:00,/nfs/data/sz_44/20260831/episode_20260831_053937_000_0280d2b9.npy.mp4
01a05654-fb08-7f8c-858c-e040e48be278,industrial packing,completed,yam,yam_0_61,26.2,huangrongbo,good,,,prod,2026-08-31 05:41:39.291533+00:00,2026-08-31 07:55:44.246053+00:00,/nfs/data/sz_44/20260831/episode_20260831_054005_000_7d02db93.npy.mp4
01a05655-6c50-7593-be8d-be1be2f6e298,industrial packing,completed,yam,yam_0_61,26.7,huangrongbo,good,,,prod,2026-08-31 05:42:10.605303+00:00,2026-08-31 07:55:43.942889+00:00,/nfs/data/sz_44/20260831/episode_20260831_054034_000_e87324ac.npy.mp4
01a05655-e180-7e8e-9596-06f0203dfd7c,industrial packing,completed,yam,yam_0_61,24.0,huangrongbo,good,,,prod,2026-08-31 05:42:35.906870+00:00,2026-08-31 07:55:43.813158+00:00,/nfs/data/sz_44/20260831/episode_20260831_054104_000_a480f9e3.npy.mp4
01a05656-4ee0-7409-b687-4a00618f8f24,industrial packing,completed,yam,yam_0_61,24.2,huangrongbo,good,,,prod,2026-08-31 05:43:07.235035+00:00,2026-08-31 07:55:43.112731+00:00,/nfs/data/sz_44/20260831/episode_20260831_054132_000_3a316800.npy.mp4
01a05656-b858-7706-9dff-5658172a37a0,industrial packing,completed,yam,yam_0_61,23.1,huangrongbo,good,,,prod,2026-08-31 05:43:33.598006+00:00,2026-08-31 07:55:42.833327+00:00,/nfs/data/sz_44/20260831/episode_20260831_054159_000_369821d1.npy.mp4
01a05657-1de8-74b6-872c-1e2c5e06ad98,industrial packing,completed,yam,yam_0_61,23.7,huangrongbo,good,,,prod,2026-08-31 05:43:58.973086+00:00,2026-08-31 07:55:42.265491+00:00,/nfs/data/sz_44/20260831/episode_20260831_054225_000_bf5f7dc0.npy.mp4
01a05657-8b48-76e7-8c78-cd1471e46960,industrial packing,completed,yam,yam_0_61,23.4,huangrongbo,good,,,prod,2026-08-31 05:44:26.265280+00:00,2026-08-31 07:55:41.956267+00:00,/nfs/data/sz_44/20260831/episode_20260831_054253_000_7d2c9058.npy.mp4
01a05657-f4c0-7059-8837-e4aa128f9368,industrial packing,completed,yam,yam_0_61,25.1,huangrongbo,good,,,prod,2026-08-31 05:44:55.988204+00:00,2026-08-31 07:55:41.815146+00:00,/nfs/data/sz_44/20260831/episode_20260831_054320_000_f2420740.npy.mp4
01a05658-6220-7f26-a45b-b4aaf891ea08,industrial packing,completed,yam,yam_0_61,22.7,huangrongbo,good,,,prod,2026-08-31 05:45:21.385360+00:00,2026-08-31 07:55:41.044706+00:00,/nfs/data/sz_44/20260831/episode_20260831_054348_000_b32344c9.npy.mp4
01a05658-e6f0-7a96-b789-2549dd9a10ae,industrial packing,completed,yam,yam_0_61,24.0,huangrongbo,good,,,prod,2026-08-31 05:45:57.731556+00:00,2026-08-31 07:55:40.822496+00:00,/nfs/data/sz_44/20260831/episode_20260831_054422_000_29b7232d.npy.mp4
01a05659-5450-726d-8418-f4bb7fd84baa,industrial packing,completed,yam,yam_0_61,26.5,huangrongbo,good,,,prod,2026-08-31 05:46:29.085798+00:00,2026-08-31 07:55:40.172206+00:00,/nfs/data/sz_44/20260831/episode_20260831_054450_000_72cc22dc.npy.mp4
01a05659-c980-7232-8270-29a9d4f2816c,industrial packing,completed,yam,yam_0_61,24.1,huangrongbo,good,,,prod,2026-08-31 05:46:54.800015+00:00,2026-08-31 07:55:39.915132+00:00,/nfs/data/sz_44/20260831/episode_20260831_054520_000_53d054cc.npy.mp4
01a0565a-36e0-70a5-90da-87965d060ed9,industrial packing,completed,yam,yam_0_61,22.8,huangrongbo,good,,,prod,2026-08-31 05:47:21.114001+00:00,2026-08-31 07:55:39.096561+00:00,/nfs/data/sz_44/20260831/episode_20260831_054548_000_ead6cb5d.npy.mp4
01a0565a-9c70-72aa-8046-8ad6e7b2a8e3,industrial packing,completed,yam,yam_0_61,25.7,huangrongbo,good,,,prod,2026-08-31 05:47:52.386145+00:00,2026-08-31 07:55:38.828605+00:00,/nfs/data/sz_44/20260831/episode_20260831_054614_000_9000f706.npy.mp4
01a0565b-11a0-75db-a9f9-e298d0a43c34,industrial packing,completed,yam,yam_0_61,25.2,huangrongbo,good,,,prod,2026-08-31 05:48:18.672082+00:00,2026-08-31 07:55:38.109662+00:00,/nfs/data/sz_44/20260831/episode_20260831_054644_000_3386ddf9.npy.mp4
01a0565b-7f00-7e33-bde7-1771a5d828fa,industrial packing,completed,yam,yam_0_61,25.3,huangrongbo,good,,,prod,2026-08-31 05:48:50.033122+00:00,2026-08-31 07:55:37.827825+00:00,/nfs/data/sz_44/20260831/episode_20260831_054712_000_6dc82fcf.npy.mp4
01a0565b-f048-7823-9011-550efd831e84,industrial packing,completed,yam,yam_0_61,22.3,huangrongbo,good,,,prod,2026-08-31 05:49:15.344439+00:00,2026-08-31 07:55:37.023565+00:00,/nfs/data/sz_44/20260831/episode_20260831_054741_000_4224fef5.npy.mp4
01a0565c-55d8-747b-a8d5-44930fb1010f,industrial packing,completed,yam,yam_0_61,23.9,huangrongbo,good,,,prod,2026-08-31 05:49:41.651197+00:00,2026-08-31 07:55:36.824556+00:00,/nfs/data/sz_44/20260831/episode_20260831_054807_000_78711325.npy.mp4
01a0565c-bf50-7ce2-9006-34a43b8d3ac0,industrial packing,completed,yam,yam_0_61,26.2,huangrongbo,good,,,prod,2026-08-31 05:50:12.948523+00:00,2026-08-31 07:55:36.068753+00:00,/nfs/data/sz_44/20260831/episode_20260831_054834_000_1df22a95.npy.mp4
01a0565d-3480-7d9f-9e76-a3b787fbbd33,industrial packing,completed,yam,yam_0_61,31.0,huangrongbo,good,,,prod,2026-08-31 05:50:45.264942+00:00,2026-08-31 07:55:35.833892+00:00,/nfs/data/sz_44/20260831/episode_20260831_054904_000_388ad9b5.npy.mp4
01a0565d-bd38-7a1a-8a33-48dbe3390365,industrial packing,completed,yam,yam_0_61,28.1,huangrongbo,good,,,prod,2026-08-31 05:51:17.651289+00:00,2026-08-31 07:55:35.146685+00:00,/nfs/data/sz_44/20260831/episode_20260831_054939_000_110be596.npy.mp4
01a0565e-3650-718f-874d-5b3a3a538556,industrial packing,completed,yam,yam_0_61,31.2,huangrongbo,good,,,prod,2026-08-31 05:51:55.007309+00:00,2026-08-31 07:55:34.866494+00:00,/nfs/data/sz_44/20260831/episode_20260831_055010_000_fee6a60e.npy.mp4
01a0565e-bf08-780f-a599-a0a3b1e2f3f2,industrial packing,completed,yam,yam_0_61,28.8,huangrongbo,good,,,prod,2026-08-31 05:52:27.315111+00:00,2026-08-31 07:55:34.343189+00:00,/nfs/data/sz_44/20260831/episode_20260831_055045_000_0fce3aa0.npy.mp4
01a0565f-3ff0-7c66-a671-1457fbcdbab8,industrial packing,completed,yam,yam_0_61,29.2,huangrongbo,good,,,prod,2026-08-31 05:52:59.698150+00:00,2026-08-31 07:55:34.257007+00:00,/nfs/data/sz_44/20260831/episode_20260831_055118_000_427549dd.npy.mp4
01a0565f-bcf0-7300-9c50-1d05f2efdd10,industrial packing,completed,yam,yam_0_61,25.3,huangrongbo,good,,,prod,2026-08-31 05:53:25.180420+00:00,2026-08-31 07:55:33.840064+00:00,/nfs/data/sz_44/20260831/episode_20260831_055150_000_70272567.npy.mp4
01a05660-2e38-7b10-b6db-1baf22269074,industrial packing,completed,yam,yam_0_61,27.7,huangrongbo,good,,,prod,2026-08-31 05:53:56.792259+00:00,2026-08-31 07:55:33.123150+00:00,/nfs/data/sz_44/20260831/episode_20260831_055219_000_cd94271d.npy.mp4
01a05660-ab38-7de9-ba57-c3f0971fa2c1,industrial packing,completed,yam,yam_0_61,27.8,huangrongbo,good,,,prod,2026-08-31 05:54:28.132794+00:00,2026-08-31 07:55:32.821018+00:00,/nfs/data/sz_44/20260831/episode_20260831_055251_000_9aa09918.npy.mp4
01a05661-2450-74c4-9640-1dbb055bf338,industrial packing,completed,yam,yam_0_61,26.8,huangrongbo,good,,,prod,2026-08-31 05:55:00.523192+00:00,2026-08-31 07:55:32.097730+00:00,/nfs/data/sz_44/20260831/episode_20260831_055322_000_c4f71a7b.npy.mp4
01a05661-9d68-736c-ab27-c521466607b1,industrial packing,completed,yam,yam_0_61,28.0,huangrongbo,good,,,prod,2026-08-31 05:55:32.171412+00:00,2026-08-31 07:55:31.828047+00:00,/nfs/data/sz_44/20260831/episode_20260831_055353_000_1631f7cd.npy.mp4
01a05662-1a68-718e-a5e0-57b154ae8f11,industrial packing,completed,yam,yam_0_61,30.1,huangrongbo,good,,,prod,2026-08-31 05:56:03.883721+00:00,2026-08-31 07:55:31.204569+00:00,/nfs/data/sz_44/20260831/episode_20260831_055425_000_b75cec47.npy.mp4
01a05662-9b50-7289-887d-e6cee139e44d,industrial packing,completed,yam,yam_0_61,26.5,huangrongbo,good,,,prod,2026-08-31 05:56:35.253906+00:00,2026-08-31 07:55:30.867105+00:00,/nfs/data/sz_44/20260831/episode_20260831_055458_000_4916c80f.npy.mp4
01a05663-1468-74b1-a46c-8fb2beda7eed,industrial packing,completed,yam,yam_0_61,23.8,huangrongbo,good,,,prod,2026-08-31 05:57:01.584484+00:00,2026-08-31 07:55:30.327009+00:00,/nfs/data/sz_44/20260831/episode_20260831_055529_000_35970674.npy.mp4
01a056c5-c608-757b-8af4-a81e3ea6fe09,industrial packing,completed,yam,yam_0_61,27.6,huangrongbo,good,,,prod,2026-08-31 07:44:57.232175+00:00,2026-08-31 07:55:30.311530+00:00,/nfs/data/sz_44/20260831/episode_20260831_074317_000_ae0601df.npy.mp4
01a05663-7de0-7952-80d3-e0533fd7d4f8,industrial packing,completed,yam,yam_0_61,24.7,huangrongbo,good,,,prod,2026-08-31 05:57:31.964860+00:00,2026-08-31 07:55:30.044110+00:00,/nfs/data/sz_44/20260831/episode_20260831_055556_000_c10d942c.npy.mp4
01a05663-eb40-7475-8c23-9f6aba698896,industrial packing,completed,yam,yam_0_61,23.2,huangrongbo,good,,,prod,2026-08-31 05:57:58.293196+00:00,2026-08-31 07:55:28.826132+00:00,/nfs/data/sz_44/20260831/episode_20260831_055624_000_5e6a6bff.npy.mp4
01a05664-54b8-79b2-9b88-1d70deacc7d5,industrial packing,completed,yam,yam_0_61,27.0,huangrongbo,good,,,prod,2026-08-31 05:58:30.607063+00:00,2026-08-31 07:55:19.975052+00:00,/nfs/data/sz_44/20260831/episode_20260831_055651_000_abdc8714.npy.mp4
01a05664-d1b8-716e-a412-15dbb4d7a5eb,industrial packing,completed,yam,yam_0_61,26.7,huangrongbo,good,,,prod,2026-08-31 05:59:02.010406+00:00,2026-08-31 07:55:19.814746+00:00,/nfs/data/sz_44/20260831/episode_20260831_055723_000_8725a823.npy.mp4
01a05665-46e8-7b88-bc2d-3d946c576428,industrial packing,completed,yam,yam_0_61,26.2,huangrongbo,good,,,prod,2026-08-31 05:59:28.313577+00:00,2026-08-31 07:55:19.003717+00:00,/nfs/data/sz_44/20260831/episode_20260831_055753_000_80341142.npy.mp4
01a05665-bc18-7a0c-b970-e654dd9be809,industrial packing,completed,yam,yam_0_61,25.2,huangrongbo,good,,,prod,2026-08-31 05:59:59.603956+00:00,2026-08-31 07:55:18.818518+00:00,/nfs/data/sz_44/20260831/episode_20260831_055823_000_ca0ed87c.npy.mp4
01a05666-2d60-72d1-9179-b5e94669ae2b,industrial packing,completed,yam,yam_0_61,24.9,huangrongbo,good,,,prod,2026-08-31 06:00:24.880742+00:00,2026-08-31 07:55:18.119416+00:00,/nfs/data/sz_44/20260831/episode_20260831_055852_000_970bb25d.npy.mp4
01a05666-9ac0-7116-aea8-f925ea513573,industrial packing,completed,yam,yam_0_61,24.0,huangrongbo,good,,,prod,2026-08-31 06:00:56.206525+00:00,2026-08-31 07:55:17.834666+00:00,/nfs/data/sz_44/20260831/episode_20260831_055920_000_d322a978.npy.mp4
01a05667-0820-75f3-80bb-febcccbea0e5,industrial packing,completed,yam,yam_0_61,23.7,huangrongbo,good,,,prod,2026-08-31 06:01:22.496157+00:00,2026-08-31 07:55:17.283662+00:00,/nfs/data/sz_44/20260831/episode_20260831_055948_000_fb3533ad.npy.mp4
01a05667-7198-7ecd-abb6-f0935184ef44,industrial packing,completed,yam,yam_0_61,19.8,huangrongbo,good,,,prod,2026-08-31 06:01:41.763038+00:00,2026-08-31 07:55:16.886701+00:00,/nfs/data/sz_44/20260831/episode_20260831_060015_000_c602f690.npy.mp4
01a05667-cb70-767f-ac59-d36caa5623a3,industrial packing,completed,yam,yam_0_61,23.0,huangrongbo,good,,,prod,2026-08-31 06:02:13.060496+00:00,2026-08-31 07:55:16.206328+00:00,/nfs/data/sz_44/20260831/episode_20260831_060038_000_70c2806f.npy.mp4
01a05668-3100-7314-889a-d5d2f32f0b8e,industrial packing,completed,yam,yam_0_61,22.9,huangrongbo,good,,,prod,2026-08-31 06:02:38.369615+00:00,2026-08-31 07:55:15.830517+00:00,/nfs/data/sz_44/20260831/episode_20260831_060104_000_f5bf9f28.npy.mp4
01a05668-9a78-7dbe-9ec3-60d18db34fe0,industrial packing,completed,yam,yam_0_61,22.2,huangrongbo,good,,,prod,2026-08-31 06:03:04.667476+00:00,2026-08-31 07:55:15.076293+00:00,/nfs/data/sz_44/20260831/episode_20260831_060131_000_7f4ec285.npy.mp4
01a05668-fc20-7ad9-bd26-29424da07f28,industrial packing,completed,yam,yam_0_61,19.5,huangrongbo,good,,,prod,2026-08-31 06:03:23.991796+00:00,2026-08-31 07:55:14.849420+00:00,/nfs/data/sz_44/20260831/episode_20260831_060156_000_2795d211.npy.mp4
01a05669-55f8-78d4-88b1-8ea0435d790d,industrial packing,completed,yam,yam_0_61,24.8,huangrongbo,good,,,prod,2026-08-31 06:03:55.310825+00:00,2026-08-31 07:55:14.338716+00:00,/nfs/data/sz_44/20260831/episode_20260831_060219_000_1502f3a6.npy.mp4
01a05669-c358-7a4b-9a2a-1b8fa6f23010,industrial packing,completed,yam,yam_0_61,22.5,huangrongbo,good,,,prod,2026-08-31 06:04:20.593209+00:00,2026-08-31 07:55:13.913036+00:00,/nfs/data/sz_44/20260831/episode_20260831_060247_000_37c6a0ca.npy.mp4
01a0566a-34a0-7680-9a36-3ad4bcf7b804,industrial packing,completed,yam,yam_0_61,22.3,huangrongbo,good,,,prod,2026-08-31 06:04:45.905351+00:00,2026-08-31 07:55:13.289616+00:00,/nfs/data/sz_44/20260831/episode_20260831_060316_000_665b4d7a.npy.mp4
01a0566a-9648-77f4-93f4-33577ca2836c,industrial packing,completed,yam,yam_0_61,24.0,huangrongbo,good,,,prod,2026-08-31 06:05:17.207088+00:00,2026-08-31 07:55:12.881325+00:00,/nfs/data/sz_44/20260831/episode_20260831_060341_000_87d49b10.npy.mp4
01a0566a-ffc0-7467-87fa-9d4d611de2ac,industrial packing,completed,yam,yam_0_61,22.9,huangrongbo,good,,,prod,2026-08-31 06:05:42.494185+00:00,2026-08-31 07:55:12.235962+00:00,/nfs/data/sz_44/20260831/episode_20260831_060408_000_8cb31369.npy.mp4
01a0566b-6938-7996-bd5f-ffe2021061f3,industrial packing,completed,yam,yam_0_61,24.5,huangrongbo,good,,,prod,2026-08-31 06:06:08.771713+00:00,2026-08-31 07:55:11.911607+00:00,/nfs/data/sz_44/20260831/episode_20260831_060435_000_414eb510.npy.mp4
01a0566b-d698-7f35-b7b2-5b6635cfff2a,industrial packing,completed,yam,yam_0_61,31.0,huangrongbo,good,,,prod,2026-08-31 06:06:47.088870+00:00,2026-08-31 07:55:11.283884+00:00,/nfs/data/sz_44/20260831/episode_20260831_060503_000_32be9918.npy.mp4
01a0566c-5b68-74af-9fb9-94dc1edaf523,industrial packing,completed,yam,yam_0_61,30.7,huangrongbo,good,,,prod,2026-08-31 06:07:18.411931+00:00,2026-08-31 07:55:10.985073+00:00,/nfs/data/sz_44/20260831/episode_20260831_060537_000_ea02ad4b.npy.mp4
01a0566d-1eb8-7146-82c8-2afbe215c691,industrial packing,completed,yam,yam_0_61,29.3,huangrongbo,good,,,prod,2026-08-31 06:08:10.753366+00:00,2026-08-31 07:55:10.828178+00:00,/nfs/data/sz_44/20260831/episode_20260831_060627_000_80bb0aae.npy.mp4
01a0566d-9fa0-78b1-b8ae-962d191d4b07,industrial packing,completed,yam,yam_0_61,36.6,huangrongbo,good,,,prod,2026-08-31 06:08:49.063570+00:00,2026-08-31 07:55:10.233149+00:00,/nfs/data/sz_44/20260831/episode_20260831_060700_000_0f4d83cd.npy.mp4
01a0566e-3be0-78dd-8c66-b3728c6efab2,industrial packing,completed,yam,yam_0_61,34.7,huangrongbo,good,,,prod,2026-08-31 06:09:28.341574+00:00,2026-08-31 07:55:09.982359+00:00,/nfs/data/sz_44/20260831/episode_20260831_060740_000_8f20bbf7.npy.mp4
01a0566e-cc68-709f-b46f-a984bf6a5157,industrial packing,completed,yam,yam_0_61,33.8,huangrongbo,good,,,prod,2026-08-31 06:10:06.639884+00:00,2026-08-31 07:55:09.834419+00:00,/nfs/data/sz_44/20260831/episode_20260831_060817_000_e12a9c09.npy.mp4
01a0566f-60d8-7490-89b5-13fe9400e4fa,industrial packing,completed,yam,yam_0_61,29.9,huangrongbo,good,,,prod,2026-08-31 06:10:38.945322+00:00,2026-08-31 07:55:09.117132+00:00,/nfs/data/sz_44/20260831/episode_20260831_060855_000_f2df742e.npy.mp4
01a0566f-e1c0-786c-bb91-57298f75ae27,industrial packing,completed,yam,yam_0_61,34.0,huangrongbo,good,,,prod,2026-08-31 06:11:17.279256+00:00,2026-08-31 07:55:08.825261+00:00,/nfs/data/sz_44/20260831/episode_20260831_060928_000_d2c5f00f.npy.mp4
01a05670-7248-7baa-8826-8df127aafe90,industrial packing,completed,yam,yam_0_61,29.1,huangrongbo,good,,,prod,2026-08-31 06:11:44.564981+00:00,2026-08-31 07:55:08.145293+00:00,/nfs/data/sz_44/20260831/episode_20260831_061005_000_2ec9d8d5.npy.mp4
01a05670-f330-7a07-b75b-72acbb030fa6,industrial packing,completed,yam,yam_0_61,31.6,huangrongbo,good,,,prod,2026-08-31 06:12:21.894090+00:00,2026-08-31 07:55:07.850893+00:00,/nfs/data/sz_44/20260831/episode_20260831_061038_000_8da968ae.npy.mp4
01a05671-7be8-7140-be34-a387b0631751,industrial packing,completed,yam,yam_0_61,30.2,huangrongbo,good,,,prod,2026-08-31 06:12:54.230033+00:00,2026-08-31 07:55:07.187103+00:00,/nfs/data/sz_44/20260831/episode_20260831_061113_000_130ad2e9.npy.mp4
01a05672-00b8-7170-b5e6-da944fb3dda8,industrial packing,completed,yam,yam_0_61,29.3,huangrongbo,good,,,prod,2026-08-31 06:13:25.566473+00:00,2026-08-31 07:55:06.851385+00:00,/nfs/data/sz_44/20260831/episode_20260831_061147_000_3ca4f4d7.npy.mp4
01a05672-7db8-7968-a010-45d230fcef4c,industrial packing,completed,yam,yam_0_61,27.0,huangrongbo,good,,,prod,2026-08-31 06:13:56.987130+00:00,2026-08-31 07:55:06.267765+00:00,/nfs/data/sz_44/20260831/episode_20260831_061219_000_77c1d53d.npy.mp4
01a05672-f6d0-7642-bab8-86c35abbbb30,industrial packing,completed,yam,yam_0_61,28.0,huangrongbo,good,,,prod,2026-08-31 06:14:29.299379+00:00,2026-08-31 07:55:05.895980+00:00,/nfs/data/sz_44/20260831/episode_20260831_061250_000_2c79333f.npy.mp4
01a05673-73d0-7a96-b1bc-729c4b889337,industrial packing,completed,yam,yam_0_61,29.4,huangrongbo,good,,,prod,2026-08-31 06:15:01.628696+00:00,2026-08-31 07:55:05.278683+00:00,/nfs/data/sz_44/20260831/episode_20260831_061322_000_92c85acf.npy.mp4
01a05673-f0d0-70d1-8cdf-fdb725d42ab1,industrial packing,completed,yam,yam_0_61,24.2,huangrongbo,good,,,prod,2026-08-31 06:15:26.964290+00:00,2026-08-31 07:55:04.990155+00:00,/nfs/data/sz_44/20260831/episode_20260831_061354_000_fde6997d.npy.mp4
01a05674-5e30-7de9-83e3-2cdc2ce6a08e,industrial packing,completed,yam,yam_0_61,28.7,huangrongbo,good,,,prod,2026-08-31 06:16:04.351661+00:00,2026-08-31 07:55:04.818836+00:00,/nfs/data/sz_44/20260831/episode_20260831_061422_000_ed2bd831.npy.mp4
01a05674-db30-7419-bf9c-3b5bb63f6e61,industrial packing,completed,yam,yam_0_61,26.5,huangrongbo,good,,,prod,2026-08-31 06:16:30.675708+00:00,2026-08-31 07:55:04.206799+00:00,/nfs/data/sz_44/20260831/episode_20260831_061454_000_b50e2f23.npy.mp4
01a05675-5448-715a-ba6f-1e1e73f0c58c,industrial packing,completed,yam,yam_0_61,27.2,huangrongbo,good,,,prod,2026-08-31 06:17:02.039713+00:00,2026-08-31 07:55:03.969630+00:00,/nfs/data/sz_44/20260831/episode_20260831_061525_000_798df0ce.npy.mp4
01a05675-c978-7b57-a12f-5eba8414852d,industrial packing,completed,yam,yam_0_61,31.0,huangrongbo,good,,,prod,2026-08-31 06:17:39.385955+00:00,2026-08-31 07:55:03.822961+00:00,/nfs/data/sz_44/20260831/episode_20260831_061555_000_5b7b71c6.npy.mp4
01a056c5-4cf0-74a4-b0ab-73567cd637e0,industrial packing,completed,yam,yam_0_61,27.2,huangrongbo,good,,,prod,2026-08-31 07:44:24.905821+00:00,2026-08-31 07:55:02.593349+00:00,/nfs/data/sz_44/20260831/episode_20260831_074246_000_309b51b8.npy.mp4
01a05676-5230-7032-a366-003adea4f2e5,industrial packing,completed,yam,yam_0_61,28.9,huangrongbo,good,,,prod,2026-08-31 06:18:11.686761+00:00,2026-08-31 07:55:02.293136+00:00,/nfs/data/sz_44/20260831/episode_20260831_061630_000_9f593837.npy.mp4
01a05676-cf30-720d-9dee-c6202d114f36,industrial packing,completed,yam,yam_0_61,29.1,huangrongbo,good,,,prod,2026-08-31 06:18:44.005571+00:00,2026-08-31 07:55:02.118119+00:00,/nfs/data/sz_44/20260831/episode_20260831_061702_000_f037b97a.npy.mp4
01a05677-4c30-7f43-a842-de00bf8d0b4b,industrial packing,completed,yam,yam_0_61,28.3,huangrongbo,good,,,prod,2026-08-31 06:19:15.307130+00:00,2026-08-31 07:55:01.937941+00:00,/nfs/data/sz_44/20260831/episode_20260831_061734_000_6f47c016.npy.mp4
01a05677-c930-7750-aa96-72e4fd2d2bc8,industrial packing,completed,yam,yam_0_61,28.4,huangrongbo,good,,,prod,2026-08-31 06:19:47.632943+00:00,2026-08-31 07:55:01.915010+00:00,/nfs/data/sz_44/20260831/episode_20260831_061806_000_0cfea19e.npy.mp4
01a05678-4630-7b76-824e-5febc1db1d5e,industrial packing,completed,yam,yam_0_61,25.8,huangrongbo,good,,,prod,2026-08-31 06:20:13.921874+00:00,2026-08-31 07:55:01.826972+00:00,/nfs/data/sz_44/20260831/episode_20260831_061838_000_716eef8b.npy.mp4
01a05678-b778-7cab-a6ee-457e95c5d12c,industrial packing,completed,yam,yam_0_61,26.1,huangrongbo,good,,,prod,2026-08-31 06:20:45.238803+00:00,2026-08-31 07:55:01.244628+00:00,/nfs/data/sz_44/20260831/episode_20260831_061907_000_7d2c7c2c.npy.mp4
01a05679-2ca8-7a01-a89c-a9bc6f8c3c66,industrial packing,completed,yam,yam_0_61,28.5,huangrongbo,good,,,prod,2026-08-31 06:21:17.524240+00:00,2026-08-31 07:55:01.008801+00:00,/nfs/data/sz_44/20260831/episode_20260831_061937_000_66858d78.npy.mp4
01a05679-a9a8-716d-a793-068ab859dbe8,industrial packing,completed,yam,yam_0_61,29.6,huangrongbo,good,,,prod,2026-08-31 06:21:49.837354+00:00,2026-08-31 07:55:00.914642+00:00,/nfs/data/sz_44/20260831/episode_20260831_062009_000_377630cf.npy.mp4
01a0567a-2a90-7f49-b394-6a9ea49b5cb3,industrial packing,completed,yam,yam_0_61,25.5,huangrongbo,good,,,prod,2026-08-31 06:22:16.113703+00:00,2026-08-31 07:55:00.829528+00:00,/nfs/data/sz_44/20260831/episode_20260831_062042_000_20754676.npy.mp4
01a0567a-9bd8-7b10-b9eb-aef8410b99f7,industrial packing,completed,yam,yam_0_61,27.4,huangrongbo,good,,,prod,2026-08-31 06:22:47.444096+00:00,2026-08-31 07:55:00.290730+00:00,/nfs/data/sz_44/20260831/episode_20260831_062111_000_5878580e.npy.mp4
01a0567b-14f0-7491-8fe1-2c35b31da2f1,industrial packing,completed,yam,yam_0_61,29.2,huangrongbo,good,,,prod,2026-08-31 06:23:24.770672+00:00,2026-08-31 07:55:00.112695+00:00,/nfs/data/sz_44/20260831/episode_20260831_062142_000_16b5fa2a.npy.mp4
01a0567b-95d8-7197-b20a-dd6601154ba7,industrial packing,completed,yam,yam_0_61,27.9,huangrongbo,good,,,prod,2026-08-31 06:23:51.071405+00:00,2026-08-31 07:54:59.930558+00:00,/nfs/data/sz_44/20260831/episode_20260831_062215_000_f58eb9a6.npy.mp4
01a0567c-0ef0-70fb-b52e-82d867e54c8b,industrial packing,completed,yam,yam_0_61,27.7,huangrongbo,good,,,prod,2026-08-31 06:24:22.311418+00:00,2026-08-31 07:54:59.886284+00:00,/nfs/data/sz_44/20260831/episode_20260831_062246_000_402ffdf1.npy.mp4
01a0567e-1e48-74f4-938d-cfbcf5d5e76a,industrial packing,completed,yam,yam_0_61,26.8,huangrongbo,good,,,prod,2026-08-31 06:26:39.811881+00:00,2026-08-31 07:54:59.841115+00:00,/nfs/data/sz_44/20260831/episode_20260831_062501_000_a9ce7930.npy.mp4
01a0567e-9378-76fa-b190-fdd7532581d8,industrial packing,completed,yam,yam_0_61,31.0,huangrongbo,good,,,prod,2026-08-31 06:27:12.119792+00:00,2026-08-31 07:54:59.286233+00:00,/nfs/data/sz_44/20260831/episode_20260831_062531_000_7e744dcf.npy.mp4
01a0567f-1848-7556-b045-57fffbce82ac,industrial packing,completed,yam,yam_0_61,30.0,huangrongbo,good,,,prod,2026-08-31 06:27:43.434142+00:00,2026-08-31 07:54:59.061434+00:00,/nfs/data/sz_44/20260831/episode_20260831_062605_000_2679154f.npy.mp4
01a0567f-9930-7830-b206-08ae295deab9,industrial packing,completed,yam,yam_0_61,28.6,huangrongbo,good,,,prod,2026-08-31 06:28:20.822163+00:00,2026-08-31 07:54:58.951007+00:00,/nfs/data/sz_44/20260831/episode_20260831_062638_000_9eb04f00.npy.mp4
01a05680-1630-7b36-a488-f207611121a3,industrial packing,completed,yam,yam_0_61,31.7,huangrongbo,good,,,prod,2026-08-31 06:28:53.142494+00:00,2026-08-31 07:54:58.884924+00:00,/nfs/data/sz_44/20260831/episode_20260831_062710_000_dc5dd1ea.npy.mp4
01a05680-a2d0-7040-8b4f-9a3f5b3470e3,industrial packing,completed,yam,yam_0_61,27.2,huangrongbo,good,,,prod,2026-08-31 06:29:25.493304+00:00,2026-08-31 07:54:58.864569+00:00,/nfs/data/sz_44/20260831/episode_20260831_062746_000_aeb97567.npy.mp4
01a05681-1800-70a7-a25c-24289800693b,industrial packing,completed,yam,yam_0_61,27.9,huangrongbo,good,,,prod,2026-08-31 06:29:56.800100+00:00,2026-08-31 07:54:58.163954+00:00,/nfs/data/sz_44/20260831/episode_20260831_062816_000_9a43b7c3.npy.mp4
01a05681-9500-7cfd-a127-c7e7b88ff834,industrial packing,completed,yam,yam_0_61,27.3,huangrongbo,good,,,prod,2026-08-31 06:30:29.106326+00:00,2026-08-31 07:54:57.983215+00:00,/nfs/data/sz_44/20260831/episode_20260831_062848_000_81d3d2cf.npy.mp4
01a05682-0e18-718e-9ac4-3d96d5ca8c5f,industrial packing,completed,yam,yam_0_61,27.8,huangrongbo,good,,,prod,2026-08-31 06:30:55.413226+00:00,2026-08-31 07:54:57.900464+00:00,/nfs/data/sz_44/20260831/episode_20260831_062919_000_02b293fe.npy.mp4
01a05682-8730-78a3-a05f-cfad50afd00f,industrial packing,completed,yam,yam_0_61,25.1,huangrongbo,good,,,prod,2026-08-31 06:31:25.767434+00:00,2026-08-31 07:54:57.836963+00:00,/nfs/data/sz_44/20260831/episode_20260831_062950_000_720eee79.npy.mp4
01a05682-f878-7634-9bef-84dea4facbad,industrial packing,completed,yam,yam_0_61,26.7,huangrongbo,good,,,prod,2026-08-31 06:31:58.067200+00:00,2026-08-31 07:54:57.314873+00:00,/nfs/data/sz_44/20260831/episode_20260831_063019_000_6e0492a4.npy.mp4
01a05683-7190-798e-a42d-f21be6d953e7,industrial packing,completed,yam,yam_0_61,23.3,huangrongbo,good,,,prod,2026-08-31 06:32:22.342986+00:00,2026-08-31 07:54:57.081198+00:00,/nfs/data/sz_44/20260831/episode_20260831_063050_000_4e01b9a0.npy.mp4
01a05684-4868-789b-b14c-0e904cf0ed28,industrial packing,completed,yam,yam_0_61,28.1,huangrongbo,good,,,prod,2026-08-31 06:33:24.723873+00:00,2026-08-31 07:54:57.052474+00:00,/nfs/data/sz_44/20260831/episode_20260831_063145_000_3e369c7d.npy.mp4
01a05684-c568-7d4e-bf74-f23776f29333,industrial packing,completed,yam,yam_0_61,30.9,huangrongbo,good,,,prod,2026-08-31 06:34:02.080001+00:00,2026-08-31 07:54:56.944713+00:00,/nfs/data/sz_44/20260831/episode_20260831_063217_000_2ad6030b.npy.mp4
01a05685-bf68-74b4-aa51-c66abef0718c,industrial packing,completed,yam,yam_0_61,26.8,huangrongbo,good,,,prod,2026-08-31 06:35:00.693190+00:00,2026-08-31 07:54:56.836997+00:00,/nfs/data/sz_44/20260831/episode_20260831_063321_000_d3417f46.npy.mp4
01a05685-4e20-7933-9af9-3a0690132c86,industrial packing,completed,yam,yam_0_61,26.1,huangrongbo,good,,,prod,2026-08-31 06:34:28.369957+00:00,2026-08-31 07:54:56.787626+00:00,/nfs/data/sz_44/20260831/episode_20260831_063252_000_e6d0201e.npy.mp4
01a05686-3880-7671-9650-6ddb93aaccc3,industrial packing,completed,yam,yam_0_61,30.6,huangrongbo,good,,,prod,2026-08-31 06:35:33.030109+00:00,2026-08-31 07:54:56.333766+00:00,/nfs/data/sz_44/20260831/episode_20260831_063352_000_5f877031.npy.mp4
01a05686-bd50-7558-9ca7-e07d7a009373,industrial packing,completed,yam,yam_0_61,30.2,huangrongbo,good,,,prod,2026-08-31 06:36:10.325313+00:00,2026-08-31 07:54:56.117707+00:00,/nfs/data/sz_44/20260831/episode_20260831_063426_000_ea83f65d.npy.mp4
01a05687-4220-76df-bade-88203877051a,industrial packing,completed,yam,yam_0_61,30.9,huangrongbo,good,,,prod,2026-08-31 06:36:42.646522+00:00,2026-08-31 07:54:55.960229+00:00,/nfs/data/sz_44/20260831/episode_20260831_063500_000_931f3958.npy.mp4
01a05689-6500-785c-9cc7-b0d667353e1e,industrial packing,completed,yam,yam_0_61,31.6,huangrongbo,good,,,prod,2026-08-31 06:39:04.868401+00:00,2026-08-31 07:54:55.947235+00:00,/nfs/data/sz_44/20260831/episode_20260831_063720_000_1b9e3665.npy.mp4
01a05687-cad8-75e7-83c0-6161836f9332,industrial packing,completed,yam,yam_0_61,30.2,huangrongbo,good,,,prod,2026-08-31 06:37:14.202099+00:00,2026-08-31 07:54:55.941108+00:00,/nfs/data/sz_44/20260831/episode_20260831_063535_000_e5a597e6.npy.mp4
01a0568b-8010-7d10-b826-e0340b1df4c3,industrial packing,completed,yam,yam_0_61,28.3,huangrongbo,good,,,prod,2026-08-31 06:41:17.318523+00:00,2026-08-31 07:54:55.463111+00:00,/nfs/data/sz_44/20260831/episode_20260831_063938_000_4adf42ff.npy.mp4
01a05689-f1a0-703c-b234-469e5773cb3b,industrial packing,completed,yam,yam_0_61,29.8,huangrongbo,good,,,prod,2026-08-31 06:39:36.172817+00:00,2026-08-31 07:54:55.361715+00:00,/nfs/data/sz_44/20260831/episode_20260831_063756_000_845b8a78.npy.mp4
01a0568a-7670-7768-9b76-9c1228dfe788,industrial packing,completed,yam,yam_0_61,29.0,huangrongbo,good,,,prod,2026-08-31 06:40:08.568474+00:00,2026-08-31 07:54:55.220751+00:00,/nfs/data/sz_44/20260831/episode_20260831_063830_000_60baeacb.npy.mp4
01a0568a-f370-7a4e-8e85-ee3892a8c4e7,industrial packing,completed,yam,yam_0_61,32.2,huangrongbo,good,,,prod,2026-08-31 06:40:46.004925+00:00,2026-08-31 07:54:55.071458+00:00,/nfs/data/sz_44/20260831/episode_20260831_063902_000_6aa2f72a.npy.mp4
01a0568b-fd10-7e94-bc5f-1ddff4e7e915,industrial packing,completed,yam,yam_0_61,27.0,huangrongbo,good,,,prod,2026-08-31 06:41:48.781479+00:00,2026-08-31 07:54:54.900544+00:00,/nfs/data/sz_44/20260831/episode_20260831_064010_000_734ebc34.npy.mp4
01a0568c-7628-7f69-bcfd-4ae875a9eeaf,industrial packing,completed,yam,yam_0_61,29.2,huangrongbo,good,,,prod,2026-08-31 06:42:21.276243+00:00,2026-08-31 07:54:54.772572+00:00,/nfs/data/sz_44/20260831/episode_20260831_064041_000_65365140.npy.mp4
01a0568c-f710-7060-b9c1-50f39be9a242,industrial packing,completed,yam,yam_0_61,27.5,huangrongbo,good,,,prod,2026-08-31 06:42:52.640167+00:00,2026-08-31 07:54:54.149945+00:00,/nfs/data/sz_44/20260831/episode_20260831_064114_000_dcbce6ba.npy.mp4
01a0568d-7028-7934-9c47-2a6e3ba59889,industrial packing,completed,yam,yam_0_61,27.8,huangrongbo,good,,,prod,2026-08-31 06:43:23.951155+00:00,2026-08-31 07:54:54.099473+00:00,/nfs/data/sz_44/20260831/episode_20260831_064145_000_8af1cfcb.npy.mp4
01a0568d-ed28-71fb-8ffe-96d5b52ac11f,industrial packing,completed,yam,yam_0_61,30.7,huangrongbo,good,,,prod,2026-08-31 06:44:01.297862+00:00,2026-08-31 07:54:53.977770+00:00,/nfs/data/sz_44/20260831/episode_20260831_064217_000_7c6a408f.npy.mp4
01a0568e-71f8-77d4-86d0-d6809d7d10c1,industrial packing,completed,yam,yam_0_61,28.9,huangrongbo,good,,,prod,2026-08-31 06:44:27.668594+00:00,2026-08-31 07:54:53.945929+00:00,/nfs/data/sz_44/20260831/episode_20260831_064251_000_42373962.npy.mp4
01a0568f-6fe0-7395-9f12-8dbe39f27f00,industrial packing,completed,yam,yam_0_61,29.7,huangrongbo,good,,,prod,2026-08-31 06:45:37.518042+00:00,2026-08-31 07:54:53.869452+00:00,/nfs/data/sz_44/20260831/episode_20260831_064356_000_fcc6c4e5.npy.mp4
01a0568e-f6c8-7794-8094-9664326fc731,industrial packing,completed,yam,yam_0_61,27.0,huangrongbo,good,,,prod,2026-08-31 06:45:04.984945+00:00,2026-08-31 07:54:53.792012+00:00,/nfs/data/sz_44/20260831/episode_20260831_064325_000_aad5ef8d.npy.mp4
01a0568f-f0c8-758a-8925-ec386f38ccf2,industrial packing,completed,yam,yam_0_61,27.9,huangrongbo,good,,,prod,2026-08-31 06:46:08.901469+00:00,2026-08-31 07:54:53.785923+00:00,/nfs/data/sz_44/20260831/episode_20260831_064429_000_b049879e.npy.mp4
01a05690-6dc8-772e-b3c4-6fe88c856842,industrial packing,completed,yam,yam_0_61,28.4,huangrongbo,good,,,prod,2026-08-31 06:46:41.232569+00:00,2026-08-31 07:54:53.123905+00:00,/nfs/data/sz_44/20260831/episode_20260831_064501_000_b9d7ddf8.npy.mp4
01a05690-eac8-7d95-929d-22fc73df335e,industrial packing,completed,yam,yam_0_61,30.5,huangrongbo,good,,,prod,2026-08-31 06:47:13.553944+00:00,2026-08-31 07:54:52.942331+00:00,/nfs/data/sz_44/20260831/episode_20260831_064533_000_06e0b1d3.npy.mp4
01a05691-6f98-73dc-aba5-5d3b0cf490e2,industrial packing,completed,yam,yam_0_61,28.6,huangrongbo,good,,,prod,2026-08-31 06:47:44.953090+00:00,2026-08-31 07:54:52.929775+00:00,/nfs/data/sz_44/20260831/episode_20260831_064607_000_9a329009.npy.mp4
01a05691-f080-7f8b-b19b-8e080c40bf20,industrial packing,completed,yam,yam_0_61,27.8,huangrongbo,good,,,prod,2026-08-31 06:48:17.299198+00:00,2026-08-31 07:54:52.793474+00:00,/nfs/data/sz_44/20260831/episode_20260831_064640_000_b6b7f7c1.npy.mp4
01a05692-6998-7fb2-aba6-ac68d9c6efed,industrial packing,completed,yam,yam_0_61,27.8,huangrongbo,good,,,prod,2026-08-31 06:48:48.632183+00:00,2026-08-31 07:54:52.208416+00:00,/nfs/data/sz_44/20260831/episode_20260831_064711_000_bfd320be.npy.mp4
01a05692-e698-7e62-b0ca-fe5400d244ee,industrial packing,completed,yam,yam_0_61,30.9,huangrongbo,good,,,prod,2026-08-31 06:49:25.973683+00:00,2026-08-31 07:54:51.998031+00:00,/nfs/data/sz_44/20260831/episode_20260831_064743_000_6753d6ee.npy.mp4
01a05693-6f50-7946-9b74-86bd3c7d93d7,industrial packing,completed,yam,yam_0_61,29.8,huangrongbo,good,,,prod,2026-08-31 06:49:58.282090+00:00,2026-08-31 07:54:51.863249+00:00,/nfs/data/sz_44/20260831/episode_20260831_064818_000_3460b86d.npy.mp4
01a05693-f420-7e93-8fcb-8fde46a3e521,industrial packing,completed,yam,yam_0_61,29.4,huangrongbo,good,,,prod,2026-08-31 06:50:35.645906+00:00,2026-08-31 07:54:51.826075+00:00,/nfs/data/sz_44/20260831/episode_20260831_064852_000_172e2640.npy.mp4
01a05694-7508-7bf9-a946-8d653ff56364,industrial packing,completed,yam,yam_0_61,29.2,huangrongbo,good,,,prod,2026-08-31 06:51:07.008842+00:00,2026-08-31 07:54:51.309288+00:00,/nfs/data/sz_44/20260831/episode_20260831_064925_000_53d5a2b3.npy.mp4
01a05694-f5f0-7f22-86eb-8948aa0270c3,industrial packing,completed,yam,yam_0_61,27.0,huangrongbo,good,,,prod,2026-08-31 06:51:33.318268+00:00,2026-08-31 07:54:51.077780+00:00,/nfs/data/sz_44/20260831/episode_20260831_064958_000_2c78e46c.npy.mp4
01a05695-6f08-792b-9f18-f5a86739c81d,industrial packing,completed,yam,yam_0_61,26.7,huangrongbo,good,,,prod,2026-08-31 06:52:04.618405+00:00,2026-08-31 07:54:50.913260+00:00,/nfs/data/sz_44/20260831/episode_20260831_065029_000_f3d869bd.npy.mp4
01a05695-e820-7d67-b162-97b0c7bd48c3,industrial packing,completed,yam,yam_0_61,30.8,huangrongbo,good,,,prod,2026-08-31 06:52:42.919878+00:00,2026-08-31 07:54:50.895822+00:00,/nfs/data/sz_44/20260831/episode_20260831_065100_000_71cebba1.npy.mp4
01a05696-6cf0-7b05-afee-70c4042bfdf2,industrial packing,completed,yam,yam_0_61,30.7,huangrongbo,good,,,prod,2026-08-31 06:53:14.232805+00:00,2026-08-31 07:54:50.780992+00:00,/nfs/data/sz_44/20260831/episode_20260831_065134_000_397b2dae.npy.mp4
01a05696-f5a8-79fc-a5d0-30208a313fe9,industrial packing,completed,yam,yam_0_61,26.8,huangrongbo,good,,,prod,2026-08-31 06:53:46.529118+00:00,2026-08-31 07:54:50.098848+00:00,/nfs/data/sz_44/20260831/episode_20260831_065209_000_14f1ea78.npy.mp4
01a05697-6ec0-7aa9-b432-45e1091dc316,industrial packing,completed,yam,yam_0_61,28.6,huangrongbo,good,,,prod,2026-08-31 06:54:17.844070+00:00,2026-08-31 07:54:38.906522+00:00,/nfs/data/sz_44/20260831/episode_20260831_065240_000_421d8f94.npy.mp4
01a05697-ebc0-7ecc-a71f-924b3c09efdc,industrial packing,completed,yam,yam_0_61,32.2,huangrongbo,good,,,prod,2026-08-31 06:54:56.198299+00:00,2026-08-31 07:54:38.886253+00:00,/nfs/data/sz_44/20260831/episode_20260831_065312_000_8babc670.npy.mp4
01a05698-7860-7cf7-a3c2-2d67b44e4401,industrial packing,completed,yam,yam_0_61,34.4,huangrongbo,good,,,prod,2026-08-31 06:55:33.533784+00:00,2026-08-31 07:54:38.879542+00:00,/nfs/data/sz_44/20260831/episode_20260831_065348_000_1cd9fab2.npy.mp4
01a05699-0cd0-7364-bcfc-8da39cc662e6,industrial packing,completed,yam,yam_0_61,28.8,huangrongbo,good,,,prod,2026-08-31 06:56:05.956977+00:00,2026-08-31 07:54:38.771541+00:00,/nfs/data/sz_44/20260831/episode_20260831_065426_000_4e746ff2.npy.mp4
01a05699-8db8-73ac-a9ec-d33de2a0a6cb,industrial packing,completed,yam,yam_0_61,30.6,huangrongbo,good,,,prod,2026-08-31 06:56:43.315032+00:00,2026-08-31 07:54:38.169048+00:00,/nfs/data/sz_44/20260831/episode_20260831_065459_000_83d32cfe.npy.mp4
01a0569a-1670-7ec7-9617-23cf06716d2e,industrial packing,completed,yam,yam_0_61,30.9,huangrongbo,good,,,prod,2026-08-31 06:57:15.551063+00:00,2026-08-31 07:54:37.937506+00:00,/nfs/data/sz_44/20260831/episode_20260831_065534_000_6005ef26.npy.mp4
01a0569b-e360-7718-9797-62f1ee3bd5c0,industrial packing,completed,yam,yam_0_61,27.5,huangrongbo,good,,,prod,2026-08-31 06:59:12.377895+00:00,2026-08-31 07:54:37.866939+00:00,/nfs/data/sz_44/20260831/episode_20260831_065732_000_35a9376a.npy.mp4
01a0569c-5c78-71ba-926e-1539160f5f4d,industrial packing,completed,yam,yam_0_61,29.6,huangrongbo,good,,,prod,2026-08-31 06:59:44.699009+00:00,2026-08-31 07:54:37.816258+00:00,/nfs/data/sz_44/20260831/episode_20260831_065803_000_19832a17.npy.mp4
01a0569c-e148-7d78-a605-c157a14dd62d,industrial packing,completed,yam,yam_0_61,27.9,huangrongbo,good,,,prod,2026-08-31 07:00:15.290886+00:00,2026-08-31 07:54:37.267913+00:00,/nfs/data/sz_44/20260831/episode_20260831_065837_000_eda2912d.npy.mp4
01a0569d-5e48-744c-a662-c58b28fb3683,industrial packing,completed,yam,yam_0_61,29.0,huangrongbo,good,,,prod,2026-08-31 07:00:47.167563+00:00,2026-08-31 07:54:37.102979+00:00,/nfs/data/sz_44/20260831/episode_20260831_065909_000_cf14f10a.npy.mp4
01a0569d-df30-719f-867b-9a651202d778,industrial packing,completed,yam,yam_0_61,28.4,huangrongbo,good,,,prod,2026-08-31 07:01:24.059661+00:00,2026-08-31 07:54:36.960469+00:00,/nfs/data/sz_44/20260831/episode_20260831_065942_000_db3378c9.npy.mp4
01a0569e-6fb8-79d5-897f-aa0314c7f783,industrial packing,completed,yam,yam_0_61,26.9,huangrongbo,good,,,prod,2026-08-31 07:01:54.729886+00:00,2026-08-31 07:54:36.943859+00:00,/nfs/data/sz_44/20260831/episode_20260831_070019_000_fe66916f.npy.mp4
01a0569e-e4e8-7ce4-9b64-a5ff919f7705,industrial packing,completed,yam,yam_0_61,28.2,huangrongbo,good,,,prod,2026-08-31 07:02:41.836332+00:00,2026-08-31 07:54:36.918039+00:00,/nfs/data/sz_44/20260831/episode_20260831_070049_000_c8194d55.npy.mp4
01a0569f-69b8-7e52-a345-a8ee30d78332,industrial packing,completed,yam,yam_0_61,29.2,huangrongbo,good,,,prod,2026-08-31 07:03:03.752411+00:00,2026-08-31 07:54:36.759520+00:00,/nfs/data/sz_44/20260831/episode_20260831_070123_000_5f61e093.npy.mp4
01a0569f-ee88-73ec-b73d-2261284dee59,industrial packing,completed,yam,yam_0_61,27.7,huangrongbo,good,,,prod,2026-08-31 07:03:34.126230+00:00,2026-08-31 07:54:36.328198+00:00,/nfs/data/sz_44/20260831/episode_20260831_070157_000_e60ce45b.npy.mp4
01a056a0-6b88-7f93-9dfe-3416aa9b282a,industrial packing,completed,yam,yam_0_61,28.2,huangrongbo,good,,,prod,2026-08-31 07:04:12.158719+00:00,2026-08-31 07:54:36.199111+00:00,/nfs/data/sz_44/20260831/episode_20260831_070229_000_c50d87a0.npy.mp4
01a056a0-e888-765e-a088-017e86162cdd,industrial packing,completed,yam,yam_0_61,29.5,huangrongbo,good,,,prod,2026-08-31 07:04:43.099580+00:00,2026-08-31 07:54:36.085561+00:00,/nfs/data/sz_44/20260831/episode_20260831_070301_000_43f00571.npy.mp4
01a056a1-6d58-725d-bb92-755e84b94394,industrial packing,completed,yam,yam_0_61,24.9,huangrongbo,good,,,prod,2026-08-31 07:05:09.476370+00:00,2026-08-31 07:54:35.939745+00:00,/nfs/data/sz_44/20260831/episode_20260831_070335_000_05486ee1.npy.mp4
01a056a1-dea0-71e8-9531-e9eee94eb381,industrial packing,completed,yam,yam_0_61,27.7,huangrongbo,good,,,prod,2026-08-31 07:05:40.528753+00:00,2026-08-31 07:54:35.931988+00:00,/nfs/data/sz_44/20260831/episode_20260831_070404_000_154aa731.npy.mp4
01a056a2-57b8-7781-ab87-d8cfb9417dac,industrial packing,completed,yam,yam_0_61,27.9,huangrongbo,good,,,prod,2026-08-31 07:06:12.507305+00:00,2026-08-31 07:54:35.905987+00:00,/nfs/data/sz_44/20260831/episode_20260831_070435_000_65d3786f.npy.mp4
01a056c4-cff0-76a5-817c-8127217f843a,industrial packing,completed,yam,yam_0_61,27.7,huangrongbo,good,,,prod,2026-08-31 07:43:53.618966+00:00,2026-08-31 07:54:35.864822+00:00,/nfs/data/sz_44/20260831/episode_20260831_074214_000_f609317c.npy.mp4
01a056a2-d4b8-77b1-a58f-be93e07166d0,industrial packing,completed,yam,yam_0_61,28.1,huangrongbo,good,,,prod,2026-08-31 07:06:49.098154+00:00,2026-08-31 07:54:35.240210+00:00,/nfs/data/sz_44/20260831/episode_20260831_070507_000_a478fdd7.npy.mp4
01a056a3-55a0-739a-b3ae-593a9b2856b6,industrial packing,completed,yam,yam_0_61,26.3,huangrongbo,good,,,prod,2026-08-31 07:07:14.582158+00:00,2026-08-31 07:54:35.049496+00:00,/nfs/data/sz_44/20260831/episode_20260831_070540_000_d3a57fd9.npy.mp4
01a056a3-cad0-7578-8d28-e6adc1f63f23,industrial packing,completed,yam,yam_0_61,29.3,huangrongbo,good,,,prod,2026-08-31 07:07:51.988175+00:00,2026-08-31 07:54:34.976196+00:00,/nfs/data/sz_44/20260831/episode_20260831_070610_000_6f883c4d.npy.mp4
01a056a4-4bb8-7813-bc5d-6329a2663ca9,industrial packing,completed,yam,yam_0_61,26.6,huangrongbo,good,,,prod,2026-08-31 07:08:18.413911+00:00,2026-08-31 07:54:34.915880+00:00,/nfs/data/sz_44/20260831/episode_20260831_070643_000_db47a0e4.npy.mp4
01a056a4-cca0-7ec5-9b6b-22152c687a86,industrial packing,completed,yam,yam_0_61,25.7,huangrongbo,good,,,prod,2026-08-31 07:08:54.144504+00:00,2026-08-31 07:54:34.873503+00:00,/nfs/data/sz_44/20260831/episode_20260831_070716_000_cc537aa7.npy.mp4
01a056a5-41d0-7556-b599-def08d733330,industrial packing,completed,yam,yam_0_61,27.7,huangrongbo,good,,,prod,2026-08-31 07:09:26.535277+00:00,2026-08-31 07:54:34.240495+00:00,/nfs/data/sz_44/20260831/episode_20260831_070746_000_669f4166.npy.mp4
01a056a5-bae8-7555-a645-b6129f04ee62,industrial packing,completed,yam,yam_0_61,24.1,huangrongbo,good,,,prod,2026-08-31 07:09:51.907411+00:00,2026-08-31 07:54:34.028043+00:00,/nfs/data/sz_44/20260831/episode_20260831_070817_000_08c92ddb.npy.mp4
01a056a7-87d8-707a-bb2e-10460a2f2bc2,industrial packing,completed,yam,yam_0_61,32.2,huangrongbo,good,,,prod,2026-08-31 07:11:59.504157+00:00,2026-08-31 07:54:33.954484+00:00,/nfs/data/sz_44/20260831/episode_20260831_071015_000_0f80f904.npy.mp4
01a056a8-1478-7285-adb1-9d3721e9ee33,industrial packing,completed,yam,yam_0_61,29.2,huangrongbo,good,,,prod,2026-08-31 07:12:30.891304+00:00,2026-08-31 07:54:33.933926+00:00,/nfs/data/sz_44/20260831/episode_20260831_071051_000_e0fe7860.npy.mp4
01a056a8-9560-7258-8aa2-e6f6c87d48d7,industrial packing,completed,yam,yam_0_61,24.6,huangrongbo,good,,,prod,2026-08-31 07:12:56.260930+00:00,2026-08-31 07:54:33.851961+00:00,/nfs/data/sz_44/20260831/episode_20260831_071124_000_012ec1e8.npy.mp4
01a056a9-0e78-7fd3-b6ca-d20a7bdf4746,industrial packing,completed,yam,yam_0_61,27.9,huangrongbo,good,,,prod,2026-08-31 07:13:33.561726+00:00,2026-08-31 07:54:33.225516+00:00,/nfs/data/sz_44/20260831/episode_20260831_071155_000_2164e473.npy.mp4
01a056a9-8b78-7dd0-b193-6a4b02527503,industrial packing,completed,yam,yam_0_61,27.1,huangrongbo,good,,,prod,2026-08-31 07:14:04.818744+00:00,2026-08-31 07:54:33.055869+00:00,/nfs/data/sz_44/20260831/episode_20260831_071227_000_c10c194c.npy.mp4
01a056ab-3540-716b-a9fe-387083863e43,industrial packing,completed,yam,yam_0_61,27.9,huangrongbo,good,,,prod,2026-08-31 07:15:57.310884+00:00,2026-08-31 07:54:32.950660+00:00,/nfs/data/sz_44/20260831/episode_20260831_071416_000_691c6c8e.npy.mp4
01a056ab-b240-7491-b309-8e8520d736c7,industrial packing,completed,yam,yam_0_61,27.5,huangrongbo,good,,,prod,2026-08-31 07:16:28.674785+00:00,2026-08-31 07:54:32.948831+00:00,/nfs/data/sz_44/20260831/episode_20260831_071448_000_9baafd55.npy.mp4
01a056ac-2f40-75ee-9c2f-34663dcc4dc9,industrial packing,completed,yam,yam_0_61,26.3,huangrongbo,good,,,prod,2026-08-31 07:16:55.062124+00:00,2026-08-31 07:54:32.878230+00:00,/nfs/data/sz_44/20260831/episode_20260831_071520_000_85c076fc.npy.mp4
01a056ac-a470-764c-969a-69d118e6ed9b,industrial packing,completed,yam,yam_0_61,27.5,huangrongbo,good,,,prod,2026-08-31 07:17:26.667342+00:00,2026-08-31 07:54:32.230608+00:00,/nfs/data/sz_44/20260831/episode_20260831_071550_000_7713c4a1.npy.mp4
01a056ad-2170-73f6-9476-9d460bb82943,industrial packing,completed,yam,yam_0_61,27.5,huangrongbo,good,,,prod,2026-08-31 07:18:03.107062+00:00,2026-08-31 07:54:32.089329+00:00,/nfs/data/sz_44/20260831/episode_20260831_071622_000_88255900.npy.mp4
01a056ad-9a88-7ec7-bc65-4b4310f13a1c,industrial packing,completed,yam,yam_0_61,26.9,huangrongbo,good,,,prod,2026-08-31 07:18:29.541808+00:00,2026-08-31 07:54:31.959292+00:00,/nfs/data/sz_44/20260831/episode_20260831_071653_000_a92204d3.npy.mp4
01a056ae-13a0-70a1-b8b4-23113319b212,industrial packing,completed,yam,yam_0_61,31.5,huangrongbo,good,,,prod,2026-08-31 07:19:06.852637+00:00,2026-08-31 07:54:31.928418+00:00,/nfs/data/sz_44/20260831/episode_20260831_071724_000_dc1a02d3.npy.mp4
01a056ae-9c58-76a7-ab51-c3b1fdbf2d08,industrial packing,completed,yam,yam_0_61,31.4,huangrongbo,good,,,prod,2026-08-31 07:19:44.190043+00:00,2026-08-31 07:54:31.878235+00:00,/nfs/data/sz_44/20260831/episode_20260831_071759_000_87d876f4.npy.mp4
01a056af-28f8-7a72-9d14-fe4e06c9cbec,industrial packing,completed,yam,yam_0_61,30.2,huangrongbo,good,,,prod,2026-08-31 07:20:15.656813+00:00,2026-08-31 07:54:31.237027+00:00,/nfs/data/sz_44/20260831/episode_20260831_071835_000_5b0b9605.npy.mp4
01a056af-a9e0-79d5-9732-af9a627d2324,industrial packing,completed,yam,yam_0_61,23.9,huangrongbo,good,,,prod,2026-08-31 07:20:40.979847+00:00,2026-08-31 07:54:31.041464+00:00,/nfs/data/sz_44/20260831/episode_20260831_071908_000_4c62a03b.npy.mp4
01a056b0-1f10-7faa-a7e3-533d9737f9ef,industrial packing,completed,yam,yam_0_61,27.5,huangrongbo,good,,,prod,2026-08-31 07:21:18.422829+00:00,2026-08-31 07:54:30.944303+00:00,/nfs/data/sz_44/20260831/episode_20260831_071938_000_d323dcb4.npy.mp4
01a056b0-9828-751b-977f-4261b30a2126,industrial packing,completed,yam,yam_0_61,30.3,huangrongbo,good,,,prod,2026-08-31 07:21:51.037576+00:00,2026-08-31 07:54:30.921402+00:00,/nfs/data/sz_44/20260831/episode_20260831_072009_000_ad2ffd61.npy.mp4
01a056b1-20e0-7d51-a061-4563b2f991dc,industrial packing,completed,yam,yam_0_61,26.0,huangrongbo,good,,,prod,2026-08-31 07:22:20.927145+00:00,2026-08-31 07:54:30.787232+00:00,/nfs/data/sz_44/20260831/episode_20260831_072044_000_ed7ee732.npy.mp4
01a056b1-9610-7db9-b494-b36b80cd2e42,industrial packing,completed,yam,yam_0_61,26.9,huangrongbo,good,,,prod,2026-08-31 07:22:52.662219+00:00,2026-08-31 07:54:30.219733+00:00,/nfs/data/sz_44/20260831/episode_20260831_072114_000_9832ba77.npy.mp4
01a056b2-0f28-7808-abb3-89d4bc505f9f,industrial packing,completed,yam,yam_0_61,29.0,huangrongbo,good,,,prod,2026-08-31 07:23:24.155639+00:00,2026-08-31 07:54:30.192563+00:00,/nfs/data/sz_44/20260831/episode_20260831_072145_000_600f9861.npy.mp4
01a056b2-9010-7971-bce8-6a795439cb20,industrial packing,completed,yam,yam_0_61,28.8,huangrongbo,good,,,prod,2026-08-31 07:23:55.515375+00:00,2026-08-31 07:54:30.054615+00:00,/nfs/data/sz_44/20260831/episode_20260831_072218_000_763f3684.npy.mp4
01a056b3-14e0-7cba-8252-df07148394e9,industrial packing,completed,yam,yam_0_61,26.8,huangrongbo,good,,,prod,2026-08-31 07:24:27.013882+00:00,2026-08-31 07:54:30.011789+00:00,/nfs/data/sz_44/20260831/episode_20260831_072252_000_8426bc0f.npy.mp4
01a056b3-8a10-794a-8d0d-65fd8a4ab034,industrial packing,completed,yam,yam_0_61,31.1,huangrongbo,good,,,prod,2026-08-31 07:25:04.382079+00:00,2026-08-31 07:54:29.935711+00:00,/nfs/data/sz_44/20260831/episode_20260831_072322_000_f307b6f3.npy.mp4
01a056b4-12c8-7e3b-a615-4a0671c097d5,industrial packing,completed,yam,yam_0_61,29.1,huangrongbo,good,,,prod,2026-08-31 07:25:34.821617+00:00,2026-08-31 07:54:29.917923+00:00,/nfs/data/sz_44/20260831/episode_20260831_072357_000_be300c30.npy.mp4
01a056b4-a738-77b7-bb1e-4a8bd9033a6a,industrial packing,completed,yam,yam_0_61,28.6,huangrongbo,good,,,prod,2026-08-31 07:26:17.219550+00:00,2026-08-31 07:54:29.759747+00:00,/nfs/data/sz_44/20260831/episode_20260831_072435_000_9949527c.npy.mp4
01a056b5-2820-7730-afc7-b584518fb7ec,industrial packing,completed,yam,yam_0_61,24.9,huangrongbo,good,,,prod,2026-08-31 07:26:43.507235+00:00,2026-08-31 07:54:29.292918+00:00,/nfs/data/sz_44/20260831/episode_20260831_072508_000_950e7b74.npy.mp4
01a056b5-9968-7216-ad3f-375348cb73d3,industrial packing,completed,yam,yam_0_61,25.9,huangrongbo,good,,,prod,2026-08-31 07:27:14.851653+00:00,2026-08-31 07:54:29.067967+00:00,/nfs/data/sz_44/20260831/episode_20260831_072537_000_1fa4ae38.npy.mp4
01a056b6-0e98-70dc-8be6-a12fbbf0e3f5,industrial packing,completed,yam,yam_0_61,26.7,huangrongbo,good,,,prod,2026-08-31 07:27:46.292021+00:00,2026-08-31 07:54:28.899621+00:00,/nfs/data/sz_44/20260831/episode_20260831_072607_000_67bfcbfa.npy.mp4
01a056b6-87b0-7713-a53f-965205f3050e,industrial packing,completed,yam,yam_0_61,27.0,huangrongbo,good,,,prod,2026-08-31 07:28:16.623456+00:00,2026-08-31 07:54:28.896535+00:00,/nfs/data/sz_44/20260831/episode_20260831_072638_000_9366e8d4.npy.mp4
01a056b7-3b60-714b-91a3-6fe794a8a3cd,industrial packing,completed,yam,yam_0_61,28.7,huangrongbo,good,,,prod,2026-08-31 07:29:03.968852+00:00,2026-08-31 07:54:28.882252+00:00,/nfs/data/sz_44/20260831/episode_20260831_072724_000_cc32f48d.npy.mp4
01a056b7-bc48-7127-8ba5-ce3270115782,industrial packing,completed,yam,yam_0_61,27.0,huangrongbo,good,,,prod,2026-08-31 07:29:36.278221+00:00,2026-08-31 07:54:28.277922+00:00,/nfs/data/sz_44/20260831/episode_20260831_072757_000_d314d906.npy.mp4
01a056b8-3560-7fb0-bfd4-df01bb050847,industrial packing,completed,yam,yam_0_61,24.6,huangrongbo,good,,,prod,2026-08-31 07:30:01.643640+00:00,2026-08-31 07:54:28.068726+00:00,/nfs/data/sz_44/20260831/episode_20260831_072828_000_c9a159c7.npy.mp4
01a056b8-a2c0-7dac-b0e4-d219d3e71154,industrial packing,completed,yam,yam_0_61,28.5,huangrongbo,good,,,prod,2026-08-31 07:30:40.153540+00:00,2026-08-31 07:54:27.932146+00:00,/nfs/data/sz_44/20260831/episode_20260831_072856_000_a94cddfa.npy.mp4
01a056b9-2790-7ff9-8afc-5ca34abaa882,industrial packing,completed,yam,yam_0_61,27.9,huangrongbo,good,,,prod,2026-08-31 07:31:10.520749+00:00,2026-08-31 07:54:27.897054+00:00,/nfs/data/sz_44/20260831/episode_20260831_072930_000_25aa8ca3.npy.mp4
01a056b9-b048-73c1-9754-44c0c47938d8,industrial packing,completed,yam,yam_0_61,27.1,huangrongbo,good,,,prod,2026-08-31 07:31:41.866346+00:00,2026-08-31 07:54:27.865012+00:00,/nfs/data/sz_44/20260831/episode_20260831_073005_000_64f81c0b.npy.mp4
01a056ba-2960-7f9e-a70a-adde056048d9,industrial packing,completed,yam,yam_0_61,27.0,huangrongbo,good,,,prod,2026-08-31 07:32:13.196921+00:00,2026-08-31 07:54:27.198238+00:00,/nfs/data/sz_44/20260831/episode_20260831_073036_000_b5a0cdce.npy.mp4
01a056ba-a660-7064-bd06-54b6b102568f,industrial packing,completed,yam,yam_0_61,28.8,huangrongbo,good,,,prod,2026-08-31 07:32:49.524807+00:00,2026-08-31 07:54:27.025403+00:00,/nfs/data/sz_44/20260831/episode_20260831_073108_000_0669342e.npy.mp4
01a056bb-2b30-7930-9051-37f0719338e6,industrial packing,completed,yam,yam_0_61,29.8,huangrongbo,good,,,prod,2026-08-31 07:33:21.824952+00:00,2026-08-31 07:54:26.905038+00:00,/nfs/data/sz_44/20260831/episode_20260831_073142_000_c2902996.npy.mp4
01a056bb-b3e8-7842-9110-2c993f1ff4ab,industrial packing,completed,yam,yam_0_61,26.0,huangrongbo,good,,,prod,2026-08-31 07:33:53.112078+00:00,2026-08-31 07:54:26.859382+00:00,/nfs/data/sz_44/20260831/episode_20260831_073217_000_3f967230.npy.mp4
01a056bc-2d00-707f-989a-62e2a3937662,industrial packing,completed,yam,yam_0_61,25.2,huangrongbo,good,,,prod,2026-08-31 07:34:23.406205+00:00,2026-08-31 07:54:26.795892+00:00,/nfs/data/sz_44/20260831/episode_20260831_073248_000_f3815000.npy.mp4
01a056bc-a230-7bef-8ca8-c9047dd577bc,industrial packing,completed,yam,yam_0_61,23.5,huangrongbo,good,,,prod,2026-08-31 07:34:54.681683+00:00,2026-08-31 07:54:26.179612+00:00,/nfs/data/sz_44/20260831/episode_20260831_073318_000_c527a2d3.npy.mp4
01a056bd-1378-76b9-a600-3e066873e472,industrial packing,completed,yam,yam_0_61,24.6,huangrongbo,good,,,prod,2026-08-31 07:35:19.998034+00:00,2026-08-31 07:54:25.944176+00:00,/nfs/data/sz_44/20260831/episode_20260831_073347_000_681e8cb5.npy.mp4
01a056bd-88a8-7b3d-8c34-985b3244f526,industrial packing,completed,yam,yam_0_61,23.6,huangrongbo,good,,,prod,2026-08-31 07:35:50.297679+00:00,2026-08-31 07:54:25.868622+00:00,/nfs/data/sz_44/20260831/episode_20260831_073417_000_5b2984ce.npy.mp4
01a056bd-f9f0-7dfa-93a2-bf7d641a92f2,industrial packing,completed,yam,yam_0_61,26.2,huangrongbo,good,,,prod,2026-08-31 07:36:20.598239+00:00,2026-08-31 07:54:25.813084+00:00,/nfs/data/sz_44/20260831/episode_20260831_073446_000_0884abe5.npy.mp4
01a056be-f008-72e9-9393-d159b6653fa5,industrial packing,completed,yam,yam_0_61,25.0,huangrongbo,good,,,prod,2026-08-31 07:37:21.981494+00:00,2026-08-31 07:54:25.312222+00:00,/nfs/data/sz_44/20260831/episode_20260831_073549_000_274667dd.npy.mp4
01a056bf-6150-7c7f-b27c-569b3eaf4f48,industrial packing,completed,yam,yam_0_61,28.7,huangrongbo,good,,,prod,2026-08-31 07:37:58.302853+00:00,2026-08-31 07:54:25.108723+00:00,/nfs/data/sz_44/20260831/episode_20260831_073618_000_f87c2df1.npy.mp4
01a056bf-e238-7321-b8c0-6359ac57fb8b,industrial packing,completed,yam,yam_0_61,28.6,huangrongbo,good,,,prod,2026-08-31 07:38:30.633406+00:00,2026-08-31 07:54:24.934858+00:00,/nfs/data/sz_44/20260831/episode_20260831_073651_000_5e3dc0e0.npy.mp4
01a056c0-6320-7b35-9480-3fdcc38b7bbb,industrial packing,completed,yam,yam_0_61,30.9,huangrongbo,good,,,prod,2026-08-31 07:39:07.946800+00:00,2026-08-31 07:54:24.866322+00:00,/nfs/data/sz_44/20260831/episode_20260831_073724_000_d2c0d2e1.npy.mp4
01a056c0-ebd8-7a84-a3be-8f1e15e2c8b3,industrial packing,completed,yam,yam_0_61,27.7,huangrongbo,good,,,prod,2026-08-31 07:39:39.260342+00:00,2026-08-31 07:54:24.843144+00:00,/nfs/data/sz_44/20260831/episode_20260831_073759_000_21a175e2.npy.mp4
01a056c1-68d8-727d-b706-38630cad53fa,industrial packing,completed,yam,yam_0_61,27.6,huangrongbo,good,,,prod,2026-08-31 07:40:13.027661+00:00,2026-08-31 07:54:24.304656+00:00,/nfs/data/sz_44/20260831/episode_20260831_073831_000_0cb6c453.npy.mp4
01a056c1-e5d8-739c-8633-5ba5b6a476c9,industrial packing,completed,yam,yam_0_61,28.2,huangrongbo,good,,,prod,2026-08-31 07:40:42.552781+00:00,2026-08-31 07:54:24.098635+00:00,/nfs/data/sz_44/20260831/episode_20260831_073903_000_8641fb0f.npy.mp4
01a056c2-66c0-7949-8c39-613118823492,industrial packing,completed,yam,yam_0_61,29.7,huangrongbo,good,,,prod,2026-08-31 07:41:14.807800+00:00,2026-08-31 07:54:23.931362+00:00,/nfs/data/sz_44/20260831/episode_20260831_073936_000_c771a7ab.npy.mp4
01a056c4-4738-7caf-9781-855e35bc51c0,industrial packing,completed,yam,yam_0_61,31.6,huangrongbo,good,,,prod,2026-08-31 07:43:21.303855+00:00,2026-08-31 07:54:23.900210+00:00,/nfs/data/sz_44/20260831/episode_20260831_074139_000_9de018d2.npy.mp4
01a055e9-ae48-7bde-baa9-a3ddb2dc9204,industrial packing,completed,yam,yam_0_61,26.5,huangrongbo,good,,,prod,2026-08-31 03:44:28.296033+00:00,2026-08-31 05:07:29.993714+00:00,/nfs/data/sz_44/20260831/episode_20260831_034253_000_a7101a16.npy.mp4
01a055ea-2378-7511-99c9-13ff08e4bf63,industrial packing,completed,yam,yam_0_61,26.9,huangrongbo,good,,,prod,2026-08-31 03:44:59.588375+00:00,2026-08-31 05:07:29.947591+00:00,/nfs/data/sz_44/20260831/episode_20260831_034323_000_1527beca.npy.mp4
01a055ea-9c90-7796-8b6c-2f6437afdbe3,industrial packing,completed,yam,yam_0_61,25.2,huangrongbo,good,,,prod,2026-08-31 03:45:30.925938+00:00,2026-08-31 05:07:29.908520+00:00,/nfs/data/sz_44/20260831/episode_20260831_034354_000_59c1e946.npy.mp4
01a055eb-0dd8-7ff6-9950-8b4f47fa0206,industrial packing,completed,yam,yam_0_61,27.7,huangrongbo,good,,,prod,2026-08-31 03:46:03.215238+00:00,2026-08-31 05:07:29.765858+00:00,/nfs/data/sz_44/20260831/episode_20260831_034423_000_d5ee410e.npy.mp4
01a055eb-8ad8-7485-82ae-c3d9d95ad2b0,industrial packing,completed,yam,yam_0_61,24.6,huangrongbo,good,,,prod,2026-08-31 03:46:28.483686+00:00,2026-08-31 05:07:29.208627+00:00,/nfs/data/sz_44/20260831/episode_20260831_034455_000_6cbe0abd.npy.mp4
01a055ec-07d8-7796-9186-af366955b918,industrial packing,completed,yam,yam_0_61,25.6,huangrongbo,good,,,prod,2026-08-31 03:47:04.724202+00:00,2026-08-31 05:07:29.017973+00:00,/nfs/data/sz_44/20260831/episode_20260831_034527_000_7468df47.npy.mp4
01a055ed-8e78-7803-a055-65a60e898655,industrial packing,completed,yam,yam_0_61,27.3,huangrongbo,good,,,prod,2026-08-31 03:48:44.209103+00:00,2026-08-31 05:07:28.863542+00:00,/nfs/data/sz_44/20260831/episode_20260831_034707_000_030442c6.npy.mp4
01a055ee-0790-704f-adb7-6d22c9dfab00,industrial packing,completed,yam,yam_0_61,24.8,huangrongbo,good,,,prod,2026-08-31 03:49:15.502168+00:00,2026-08-31 05:07:28.842324+00:00,/nfs/data/sz_44/20260831/episode_20260831_034738_000_230056d8.npy.mp4
01a055ee-74f0-7e6b-b04b-09be26c55b40,industrial packing,completed,yam,yam_0_61,28.9,huangrongbo,good,,,prod,2026-08-31 03:49:47.812292+00:00,2026-08-31 05:07:28.785708+00:00,/nfs/data/sz_44/20260831/episode_20260831_034806_000_f50438df.npy.mp4
01a055ee-f5d8-781a-9359-b39abf2d89d4,industrial packing,completed,yam,yam_0_61,25.6,huangrongbo,good,,,prod,2026-08-31 03:50:13.076133+00:00,2026-08-31 05:07:28.185343+00:00,/nfs/data/sz_44/20260831/episode_20260831_034839_000_3503be82.npy.mp4
01a055ef-6b08-7fdd-bc28-e1f28699fc0d,industrial packing,completed,yam,yam_0_61,25.6,huangrongbo,good,,,prod,2026-08-31 03:50:44.360249+00:00,2026-08-31 05:07:27.956121+00:00,/nfs/data/sz_44/20260831/episode_20260831_034909_000_e9ab5215.npy.mp4
01a055ef-dc50-71c1-aed3-aeffde7d53f1,industrial packing,completed,yam,yam_0_61,25.8,huangrongbo,good,,,prod,2026-08-31 03:51:15.677020+00:00,2026-08-31 05:07:27.910134+00:00,/nfs/data/sz_44/20260831/episode_20260831_034938_000_6228bfbe.npy.mp4
01a055f0-68f0-70b8-8bdd-a06263d03194,industrial packing,completed,yam,yam_0_61,25.5,huangrongbo,good,,,prod,2026-08-31 03:51:52.057894+00:00,2026-08-31 05:07:27.818938+00:00,/nfs/data/sz_44/20260831/episode_20260831_035014_000_c2b9c98b.npy.mp4
01a055f0-da38-7074-9a3c-9232f7884eb2,industrial packing,completed,yam,yam_0_61,25.0,huangrongbo,good,,,prod,2026-08-31 03:52:17.391382+00:00,2026-08-31 05:07:27.275972+00:00,/nfs/data/sz_44/20260831/episode_20260831_035043_000_fc2f8527.npy.mp4
01a055f1-b4f8-7055-b101-4f83568fb39b,industrial packing,completed,yam,yam_0_61,25.1,huangrongbo,good,,,prod,2026-08-31 03:53:12.765077+00:00,2026-08-31 05:07:27.049098+00:00,/nfs/data/sz_44/20260831/episode_20260831_035139_000_d3164d21.npy.mp4
01a055f2-2258-7d35-adcb-ba3dd7fc8a4b,industrial packing,completed,yam,yam_0_61,24.5,huangrongbo,good,,,prod,2026-08-31 03:53:44.051215+00:00,2026-08-31 05:07:26.917490+00:00,/nfs/data/sz_44/20260831/episode_20260831_035207_000_f46ca026.npy.mp4
01a055f2-93a0-710d-a8ca-7aac37e1eec6,industrial packing,completed,yam,yam_0_61,23.1,huangrongbo,good,,,prod,2026-08-31 03:54:10.338071+00:00,2026-08-31 05:07:26.887319+00:00,/nfs/data/sz_44/20260831/episode_20260831_035236_000_6b39d5d0.npy.mp4
01a055f2-fd18-7564-86b9-5d036ad69590,industrial packing,completed,yam,yam_0_61,24.1,huangrongbo,good,,,prod,2026-08-31 03:54:35.626335+00:00,2026-08-31 05:07:26.376690+00:00,/nfs/data/sz_44/20260831/episode_20260831_035303_000_63bb5985.npy.mp4
01a055f3-6690-7a16-aa87-dad56b1cc3a6,industrial packing,completed,yam,yam_0_61,23.5,huangrongbo,good,,,prod,2026-08-31 03:55:00.923712+00:00,2026-08-31 05:07:26.347626+00:00,/nfs/data/sz_44/20260831/episode_20260831_035330_000_5b1a23c0.npy.mp4
01a055f3-dfa8-7a31-a652-0046c3a2b61e,industrial packing,completed,yam,yam_0_61,22.2,huangrongbo,good,,,prod,2026-08-31 03:55:31.283294+00:00,2026-08-31 05:07:26.204953+00:00,/nfs/data/sz_44/20260831/episode_20260831_035401_000_7d53fc94.npy.mp4
01a055f4-4538-7c35-96ba-f7a107389852,industrial packing,completed,yam,yam_0_61,22.7,huangrongbo,good,,,prod,2026-08-31 03:55:56.553575+00:00,2026-08-31 05:07:26.117815+00:00,/nfs/data/sz_44/20260831/episode_20260831_035427_000_86f20ec7.npy.mp4
01a055f4-aac8-7b15-a0b4-702d7f18849f,industrial packing,completed,yam,yam_0_61,22.2,huangrongbo,good,,,prod,2026-08-31 03:56:26.849867+00:00,2026-08-31 05:07:25.982106+00:00,/nfs/data/sz_44/20260831/episode_20260831_035453_000_6b6e4f1d.npy.mp4
01a055f5-1828-77ce-b73a-a27c881f60a1,industrial packing,completed,yam,yam_0_61,23.8,huangrongbo,good,,,prod,2026-08-31 03:56:53.179110+00:00,2026-08-31 05:07:25.872663+00:00,/nfs/data/sz_44/20260831/episode_20260831_035521_000_d9258b73.npy.mp4
01a055f5-f6d0-7804-9a5a-208507403e37,industrial packing,completed,yam,yam_0_61,24.0,huangrongbo,good,,,prod,2026-08-31 03:57:49.739776+00:00,2026-08-31 05:07:25.767490+00:00,/nfs/data/sz_44/20260831/episode_20260831_035618_000_170d8818.npy.mp4
01a055f5-8588-7df2-8de9-019f178950f2,industrial packing,completed,yam,yam_0_61,25.6,huangrongbo,good,,,prod,2026-08-31 03:57:24.474767+00:00,2026-08-31 05:07:25.736260+00:00,/nfs/data/sz_44/20260831/episode_20260831_035549_000_67db3ef8.npy.mp4
01a055f6-6818-7144-ba7a-94e61ee8b138,industrial packing,completed,yam,yam_0_61,23.9,huangrongbo,good,,,prod,2026-08-31 03:58:20.073144+00:00,2026-08-31 05:07:25.108228+00:00,/nfs/data/sz_44/20260831/episode_20260831_035647_000_0183b20f.npy.mp4
01a055f6-d578-7184-9898-c96e197462c4,industrial packing,completed,yam,yam_0_61,24.9,huangrongbo,good,,,prod,2026-08-31 03:58:51.410010+00:00,2026-08-31 05:07:24.912275+00:00,/nfs/data/sz_44/20260831/episode_20260831_035715_000_059ed142.npy.mp4
01a055f7-42d8-7439-acc8-3af1c4887e6f,industrial packing,completed,yam,yam_0_61,22.3,huangrongbo,good,,,prod,2026-08-31 03:59:17.773690+00:00,2026-08-31 05:07:24.880544+00:00,/nfs/data/sz_44/20260831/episode_20260831_035743_000_254f7e6a.npy.mp4
01a055f7-a868-78af-9e83-e210b148e124,industrial packing,completed,yam,yam_0_61,22.8,huangrongbo,good,,,prod,2026-08-31 03:59:43.161548+00:00,2026-08-31 05:07:24.770092+00:00,/nfs/data/sz_44/20260831/episode_20260831_035809_000_f4152029.npy.mp4
01a055f8-0df8-7af0-8a80-dff0ca4a9ea3,industrial packing,completed,yam,yam_0_61,22.6,huangrongbo,good,,,prod,2026-08-31 04:00:08.440834+00:00,2026-08-31 05:07:24.254075+00:00,/nfs/data/sz_44/20260831/episode_20260831_035835_000_8c6ffe81.npy.mp4
01a055f8-7f40-79d2-80eb-007c885559f6,industrial packing,completed,yam,yam_0_61,30.0,huangrongbo,good,,,prod,2026-08-31 04:00:45.861596+00:00,2026-08-31 05:07:24.199749+00:00,/nfs/data/sz_44/20260831/episode_20260831_035904_000_a64dfb28.npy.mp4
01a055f9-ea88-7da8-a39c-834f37cf1a7f,industrial packing,completed,yam,yam_0_61,23.3,huangrongbo,good,,,prod,2026-08-31 04:02:09.975280+00:00,2026-08-31 05:07:24.074828+00:00,/nfs/data/sz_44/20260831/episode_20260831_040037_000_0b588cc7.npy.mp4
01a055fa-5400-79eb-af14-bec4dddf6f10,industrial packing,completed,yam,yam_0_61,27.2,huangrongbo,good,,,prod,2026-08-31 04:02:41.483848+00:00,2026-08-31 05:07:24.013930+00:00,/nfs/data/sz_44/20260831/episode_20260831_040104_000_f5a706bd.npy.mp4
01a055fa-c930-78c2-bb6d-0508d346f1d4,industrial packing,completed,yam,yam_0_61,25.4,huangrongbo,good,,,prod,2026-08-31 04:03:13.184011+00:00,2026-08-31 05:07:23.893766+00:00,/nfs/data/sz_44/20260831/episode_20260831_040134_000_b25eb098.npy.mp4
01a055fb-3a78-70c9-9acb-0a0fcb22e0c3,industrial packing,completed,yam,yam_0_61,23.4,huangrongbo,good,,,prod,2026-08-31 04:03:38.115687+00:00,2026-08-31 05:07:23.833888+00:00,/nfs/data/sz_44/20260831/episode_20260831_040203_000_7bd521a7.npy.mp4
01a055fb-a3f0-752c-a995-e4cfea01adf5,industrial packing,completed,yam,yam_0_61,22.6,huangrongbo,good,,,prod,2026-08-31 04:04:03.463068+00:00,2026-08-31 05:07:23.821285+00:00,/nfs/data/sz_44/20260831/episode_20260831_040230_000_259aa987.npy.mp4
01a055fc-1538-711a-bb5d-379ec314191e,industrial packing,completed,yam,yam_0_61,24.3,huangrongbo,good,,,prod,2026-08-31 04:04:34.760149+00:00,2026-08-31 05:07:23.250321+00:00,/nfs/data/sz_44/20260831/episode_20260831_040259_000_b142c40e.npy.mp4
01a055fc-8298-7e11-925b-de7b1c8402ec,industrial packing,completed,yam,yam_0_61,24.7,huangrongbo,good,,,prod,2026-08-31 04:05:00.060192+00:00,2026-08-31 05:07:23.030808+00:00,/nfs/data/sz_44/20260831/episode_20260831_040327_000_53ac4823.npy.mp4
01a055fc-f3e0-709f-84b8-0a3e560b9300,industrial packing,completed,yam,yam_0_61,24.1,huangrongbo,good,,,prod,2026-08-31 04:05:31.368191+00:00,2026-08-31 05:07:22.933720+00:00,/nfs/data/sz_44/20260831/episode_20260831_040356_000_2f6d3af8.npy.mp4
01a055fd-6140-7049-88c6-c73a333944f3,industrial packing,completed,yam,yam_0_61,22.6,huangrongbo,good,,,prod,2026-08-31 04:05:57.715727+00:00,2026-08-31 05:07:22.866102+00:00,/nfs/data/sz_44/20260831/episode_20260831_040424_000_8c8678fe.npy.mp4
01a055fd-c6d0-7fcb-90f4-ea779cbe1613,industrial packing,completed,yam,yam_0_61,23.8,huangrongbo,good,,,prod,2026-08-31 04:06:23.234038+00:00,2026-08-31 05:07:22.810163+00:00,/nfs/data/sz_44/20260831/episode_20260831_040450_000_cd7d7178.npy.mp4
01a055fe-3430-770e-86d5-aae91d19c4ea,industrial packing,completed,yam,yam_0_61,22.7,huangrongbo,good,,,prod,2026-08-31 04:06:48.616998+00:00,2026-08-31 05:07:22.109997+00:00,/nfs/data/sz_44/20260831/episode_20260831_040518_000_01b578d9.npy.mp4
01a055fe-99c0-7990-85ca-8ab8a32238e5,industrial packing,completed,yam,yam_0_61,23.2,huangrongbo,good,,,prod,2026-08-31 04:07:18.920774+00:00,2026-08-31 05:07:21.922594+00:00,/nfs/data/sz_44/20260831/episode_20260831_040544_000_0933781a.npy.mp4
01a055ff-12d8-7593-bf20-c3bf49e9dc4f,industrial packing,completed,yam,yam_0_61,22.9,huangrongbo,good,,,prod,2026-08-31 04:07:50.233421+00:00,2026-08-31 05:07:21.895908+00:00,/nfs/data/sz_44/20260831/episode_20260831_040615_000_d2ec7552.npy.mp4
01a055ff-7868-7499-a370-ecc420e4c7a3,industrial packing,completed,yam,yam_0_61,23.7,huangrongbo,good,,,prod,2026-08-31 04:08:15.550261+00:00,2026-08-31 05:07:21.770786+00:00,/nfs/data/sz_44/20260831/episode_20260831_040641_000_3e5c48dd.npy.mp4
01a055ff-e5c8-741e-a635-366c9e3b082b,industrial packing,completed,yam,yam_0_61,25.3,huangrongbo,good,,,prod,2026-08-31 04:08:46.837219+00:00,2026-08-31 05:07:21.163341+00:00,/nfs/data/sz_44/20260831/episode_20260831_040709_000_8678f4a0.npy.mp4
01a05600-5710-7f72-95fe-ab7fa0706140,industrial packing,completed,yam,yam_0_61,24.2,huangrongbo,good,,,prod,2026-08-31 04:09:13.125050+00:00,2026-08-31 05:07:20.944521+00:00,/nfs/data/sz_44/20260831/episode_20260831_040738_000_5d2c0b3c.npy.mp4
01a05600-c470-7b92-a1c0-8232c60012d9,industrial packing,completed,yam,yam_0_61,21.8,huangrongbo,good,,,prod,2026-08-31 04:09:38.507558+00:00,2026-08-31 05:07:20.852659+00:00,/nfs/data/sz_44/20260831/episode_20260831_040806_000_b310fa5a.npy.mp4
01a05601-2618-7ff2-bd67-8bd6164ec9e1,industrial packing,completed,yam,yam_0_61,23.2,huangrongbo,good,,,prod,2026-08-31 04:10:05.067187+00:00,2026-08-31 05:07:20.809141+00:00,/nfs/data/sz_44/20260831/episode_20260831_040831_000_697bf517.npy.mp4
01a05601-8ba8-7fd3-bfda-d590df0c4b20,industrial packing,completed,yam,yam_0_61,22.1,huangrongbo,good,,,prod,2026-08-31 04:10:30.379018+00:00,2026-08-31 05:07:20.265415+00:00,/nfs/data/sz_44/20260831/episode_20260831_040857_000_fa71a37d.npy.mp4
01a05601-f138-7f24-9606-c288a28b8511,industrial packing,completed,yam,yam_0_61,25.9,huangrongbo,good,,,prod,2026-08-31 04:11:02.530544+00:00,2026-08-31 05:07:20.006490+00:00,/nfs/data/sz_44/20260831/episode_20260831_040923_000_28bc9b4f.npy.mp4
01a05602-6280-77de-9acd-f18df47ea7f0,industrial packing,completed,yam,yam_0_61,21.8,huangrongbo,good,,,prod,2026-08-31 04:11:22.764756+00:00,2026-08-31 05:07:19.848389+00:00,/nfs/data/sz_44/20260831/episode_20260831_040952_000_c474d322.npy.mp4
01a05602-c428-7a40-bdaa-fd6cbc898c75,industrial packing,completed,yam,yam_0_61,26.3,huangrongbo,good,,,prod,2026-08-31 04:11:54.094706+00:00,2026-08-31 05:07:19.841437+00:00,/nfs/data/sz_44/20260831/episode_20260831_041017_000_c1ac4bd2.npy.mp4
01a05603-3958-74db-8edf-1f5f08b9e592,industrial packing,completed,yam,yam_0_61,25.6,huangrongbo,good,,,prod,2026-08-31 04:12:24.990674+00:00,2026-08-31 05:07:19.260559+00:00,/nfs/data/sz_44/20260831/episode_20260831_041047_000_2062dc4a.npy.mp4
01a05603-a6b8-7947-915f-40f049816341,industrial packing,completed,yam,yam_0_61,24.2,huangrongbo,good,,,prod,2026-08-31 04:12:51.104138+00:00,2026-08-31 05:07:19.251676+00:00,/nfs/data/sz_44/20260831/episode_20260831_041115_000_bd44c71d.npy.mp4
01a05604-1418-7dd0-9adb-166ed18cd5f8,industrial packing,completed,yam,yam_0_61,27.5,huangrongbo,good,,,prod,2026-08-31 04:13:22.474694+00:00,2026-08-31 05:07:19.025616+00:00,/nfs/data/sz_44/20260831/episode_20260831_041143_000_acd4738e.npy.mp4
01a05604-8d30-7f89-80fd-60b7b905832d,industrial packing,completed,yam,yam_0_61,22.5,huangrongbo,good,,,prod,2026-08-31 04:13:48.872999+00:00,2026-08-31 05:07:18.948623+00:00,/nfs/data/sz_44/20260831/episode_20260831_041214_000_5d10bf12.npy.mp4
01a05604-f2c0-74ea-937e-891ebf2c9c36,industrial packing,completed,yam,yam_0_61,26.4,huangrongbo,good,,,prod,2026-08-31 04:14:20.003707+00:00,2026-08-31 05:07:18.853638+00:00,/nfs/data/sz_44/20260831/episode_20260831_041240_000_e3e9ce40.npy.mp4
01a05605-67f0-7ecc-a5ec-462ecbc76465,industrial packing,completed,yam,yam_0_61,25.9,huangrongbo,good,,,prod,2026-08-31 04:14:46.825379+00:00,2026-08-31 05:07:18.258849+00:00,/nfs/data/sz_44/20260831/episode_20260831_041310_000_32f71ecc.npy.mp4
01a05605-dd20-7b92-b917-51738ba58bd1,industrial packing,completed,yam,yam_0_61,26.6,huangrongbo,good,,,prod,2026-08-31 04:15:18.372703+00:00,2026-08-31 05:07:17.986716+00:00,/nfs/data/sz_44/20260831/episode_20260831_041340_000_01572863.npy.mp4
01a05606-5250-7166-aaa7-176696d42ee3,industrial packing,completed,yam,yam_0_61,26.1,huangrongbo,good,,,prod,2026-08-31 04:15:43.930676+00:00,2026-08-31 05:07:17.851389+00:00,/nfs/data/sz_44/20260831/episode_20260831_041410_000_50e82fb4.npy.mp4
01a05606-c398-7f2d-b9a3-cc1883a9d60d,industrial packing,completed,yam,yam_0_61,23.6,huangrongbo,good,,,prod,2026-08-31 04:16:15.032029+00:00,2026-08-31 05:07:17.812639+00:00,/nfs/data/sz_44/20260831/episode_20260831_041439_000_957dc363.npy.mp4
01a05607-30f8-76a1-95e0-ef94d540a43a,industrial packing,completed,yam,yam_0_61,24.6,huangrongbo,good,,,prod,2026-08-31 04:16:41.457275+00:00,2026-08-31 05:07:17.219564+00:00,/nfs/data/sz_44/20260831/episode_20260831_041507_000_7e5b9107.npy.mp4
01a05607-9e58-722b-9ad4-a37872d9bd8d,industrial packing,completed,yam,yam_0_61,24.2,huangrongbo,good,,,prod,2026-08-31 04:17:11.804314+00:00,2026-08-31 05:07:17.094732+00:00,/nfs/data/sz_44/20260831/episode_20260831_041535_000_7a540ee7.npy.mp4
01a05608-07d0-7c42-8d29-29fa900f5101,industrial packing,completed,yam,yam_0_61,22.9,huangrongbo,good,,,prod,2026-08-31 04:17:38.714513+00:00,2026-08-31 05:07:16.969885+00:00,/nfs/data/sz_44/20260831/episode_20260831_041602_000_57e3e65c.npy.mp4
01a05608-7148-7f9b-91a3-351c72dcbcf2,industrial packing,completed,yam,yam_0_61,25.0,huangrongbo,good,,,prod,2026-08-31 04:18:04.076186+00:00,2026-08-31 05:07:16.851951+00:00,/nfs/data/sz_44/20260831/episode_20260831_041629_000_ab4072f8.npy.mp4
01a05608-e290-7fec-a274-1a6fa6b0bb9a,industrial packing,completed,yam,yam_0_61,23.5,huangrongbo,good,,,prod,2026-08-31 04:18:30.534090+00:00,2026-08-31 05:07:16.808439+00:00,/nfs/data/sz_44/20260831/episode_20260831_041658_000_972f1526.npy.mp4
01a05609-4c08-7004-a410-88ec2a93021b,industrial packing,completed,yam,yam_0_61,21.4,huangrongbo,good,,,prod,2026-08-31 04:18:54.874601+00:00,2026-08-31 05:07:16.318153+00:00,/nfs/data/sz_44/20260831/episode_20260831_041725_000_b7da8795.npy.mp4
01a05609-adb0-7a33-95a0-769e32cee93c,industrial packing,completed,yam,yam_0_61,23.4,huangrongbo,good,,,prod,2026-08-31 04:19:25.538039+00:00,2026-08-31 05:07:16.092215+00:00,/nfs/data/sz_44/20260831/episode_20260831_041750_000_7ec42ad9.npy.mp4
01a0560a-1728-7342-ba88-a9975adca5b0,industrial packing,completed,yam,yam_0_61,22.5,huangrongbo,good,,,prod,2026-08-31 04:19:51.024638+00:00,2026-08-31 05:07:16.062100+00:00,/nfs/data/sz_44/20260831/episode_20260831_041817_000_91d2c0ae.npy.mp4
01a0560a-7cb8-7646-9bb3-fea5e819280c,industrial packing,completed,yam,yam_0_61,25.7,huangrongbo,good,,,prod,2026-08-31 04:20:17.265133+00:00,2026-08-31 05:07:15.860485+00:00,/nfs/data/sz_44/20260831/episode_20260831_041843_000_f246107b.npy.mp4
01a0560a-f1e8-7194-bccf-b69d5ce00294,industrial packing,completed,yam,yam_0_61,23.7,huangrongbo,good,,,prod,2026-08-31 04:20:48.558229+00:00,2026-08-31 05:07:15.735363+00:00,/nfs/data/sz_44/20260831/episode_20260831_041913_000_93f65d72.npy.mp4
01a0560c-4d90-7700-9fe8-b9a7ce0ea278,industrial packing,completed,yam,yam_0_61,25.7,huangrongbo,good,,,prod,2026-08-31 04:22:19.066917+00:00,2026-08-31 05:07:15.162803+00:00,/nfs/data/sz_44/20260831/episode_20260831_042042_000_d30de79a.npy.mp4
01a0560d-2c38-729f-b1e1-68ed581d0a77,industrial packing,completed,yam,yam_0_61,25.3,huangrongbo,good,,,prod,2026-08-31 04:23:16.678043+00:00,2026-08-31 05:07:14.908709+00:00,/nfs/data/sz_44/20260831/episode_20260831_042139_000_00f2b177.npy.mp4
01a0560c-bed8-7b1c-8095-9e8b627796c4,industrial packing,completed,yam,yam_0_61,24.1,huangrongbo,good,,,prod,2026-08-31 04:22:45.350316+00:00,2026-08-31 05:07:14.888162+00:00,/nfs/data/sz_44/20260831/episode_20260831_042111_000_9b45c5e6.npy.mp4
01a0560d-a168-7a2d-b1f5-a09f0d51284e,industrial packing,completed,yam,yam_0_61,24.3,huangrongbo,good,,,prod,2026-08-31 04:23:41.958421+00:00,2026-08-31 05:07:14.757117+00:00,/nfs/data/sz_44/20260831/episode_20260831_042209_000_bbab78d4.npy.mp4
01a0560e-12b0-75e1-88d9-0997f52f3ae4,industrial packing,completed,yam,yam_0_61,23.3,huangrongbo,good,,,prod,2026-08-31 04:24:13.278026+00:00,2026-08-31 05:07:14.196892+00:00,/nfs/data/sz_44/20260831/episode_20260831_042238_000_1bf30603.npy.mp4
01a0560f-89b0-794d-887d-48f0ca6aba92,industrial packing,completed,yam,yam_0_61,26.4,huangrongbo,good,,,prod,2026-08-31 04:25:50.723129+00:00,2026-08-31 05:07:13.974099+00:00,/nfs/data/sz_44/20260831/episode_20260831_042414_000_4421cca0.npy.mp4
01a05610-02c8-7a07-a4e5-15c7b19dddec,industrial packing,completed,yam,yam_0_61,21.3,huangrongbo,good,,,prod,2026-08-31 04:26:16.069398+00:00,2026-08-31 05:07:13.929818+00:00,/nfs/data/sz_44/20260831/episode_20260831_042445_000_fc4a0653.npy.mp4
01a05610-6470-7e9b-ad23-0cdf8bf8e195,industrial packing,completed,yam,yam_0_61,23.6,huangrongbo,good,,,prod,2026-08-31 04:26:41.381068+00:00,2026-08-31 05:07:13.858118+00:00,/nfs/data/sz_44/20260831/episode_20260831_042510_000_b25f60c6.npy.mp4
01a05610-cde8-7780-9e8d-95c58f4968f2,industrial packing,completed,yam,yam_0_61,24.3,huangrongbo,good,,,prod,2026-08-31 04:27:12.736387+00:00,2026-08-31 05:07:13.835197+00:00,/nfs/data/sz_44/20260831/episode_20260831_042537_000_62416348.npy.mp4
01a05611-3b48-7102-a2e0-8a13ac3f3b74,industrial packing,completed,yam,yam_0_61,23.4,huangrongbo,good,,,prod,2026-08-31 04:27:38.094648+00:00,2026-08-31 05:07:13.275623+00:00,/nfs/data/sz_44/20260831/episode_20260831_042605_000_4b7823dc.npy.mp4
01a05611-a4c0-7067-9b7a-4750494bb46c,industrial packing,completed,yam,yam_0_61,23.3,huangrongbo,good,,,prod,2026-08-31 04:28:03.360618+00:00,2026-08-31 05:07:13.033547+00:00,/nfs/data/sz_44/20260831/episode_20260831_042632_000_336852c4.npy.mp4
01a05612-1220-7586-844b-833307855cd7,industrial packing,completed,yam,yam_0_61,24.5,huangrongbo,good,,,prod,2026-08-31 04:28:34.663038+00:00,2026-08-31 05:07:12.905991+00:00,/nfs/data/sz_44/20260831/episode_20260831_042700_000_5cbb699f.npy.mp4
01a05612-7f80-7c98-bff1-6d70dd7ed0fd,industrial packing,completed,yam,yam_0_61,23.1,huangrongbo,good,,,prod,2026-08-31 04:28:59.981692+00:00,2026-08-31 05:07:12.875058+00:00,/nfs/data/sz_44/20260831/episode_20260831_042728_000_e2b394bb.npy.mp4
01a05612-e8f8-7b76-872c-9c0902e036e9,industrial packing,completed,yam,yam_0_61,23.4,huangrongbo,good,,,prod,2026-08-31 04:29:31.304464+00:00,2026-08-31 05:07:12.824737+00:00,/nfs/data/sz_44/20260831/episode_20260831_042755_000_b13273a5.npy.mp4
01a05613-5270-79c5-b79b-757c4e3448eb,industrial packing,completed,yam,yam_0_61,27.0,huangrongbo,good,,,prod,2026-08-31 04:30:02.596053+00:00,2026-08-31 05:07:12.254679+00:00,/nfs/data/sz_44/20260831/episode_20260831_042822_000_6dd23713.npy.mp4
01a05613-cf70-70fa-be1a-a5c6d2de3a36,industrial packing,completed,yam,yam_0_61,28.1,huangrongbo,good,,,prod,2026-08-31 04:30:33.887286+00:00,2026-08-31 05:07:12.061066+00:00,/nfs/data/sz_44/20260831/episode_20260831_042854_000_c3ef511c.npy.mp4
01a05614-5058-7f75-9a51-773731bad87f,industrial packing,completed,yam,yam_0_61,29.6,huangrongbo,good,,,prod,2026-08-31 04:31:06.213023+00:00,2026-08-31 05:07:11.785027+00:00,/nfs/data/sz_44/20260831/episode_20260831_042927_000_a436b11d.npy.mp4
01a055e6-d7b8-75b4-a09e-66d5409be4de,industrial packing,completed,yam,yam_0_61,23.6,huangrongbo,good,,,prod,2026-08-31 03:41:21.736087+00:00,2026-08-31 03:42:42.744301+00:00,/nfs/data/sz_44/20260831/episode_20260831_033947_000_ba355d4b.npy.mp4
01a055e6-6a58-75f8-8556-07d252f911d3,industrial packing,completed,yam,yam_0_61,23.8,huangrongbo,good,,,prod,2026-08-31 03:40:51.477406+00:00,2026-08-31 03:42:23.243074+00:00,/nfs/data/sz_44/20260831/episode_20260831_033919_000_2a5bcbb3.npy.mp4
01a055e6-00e0-7414-b6ed-916fade4a471,industrial packing,completed,yam,yam_0_61,23.6,huangrongbo,good,,,prod,2026-08-31 03:40:26.160134+00:00,2026-08-31 03:42:05.009634+00:00,/nfs/data/sz_44/20260831/episode_20260831_033852_000_8779bfde.npy.mp4
01a055d8-be58-7a9f-a8d6-c5b70d8c7b75,industrial packing,completed,yam,yam_0_61,22.7,huangrongbo,good,,,prod,2026-08-31 03:25:56.641107+00:00,2026-08-31 03:41:58.160533+00:00,/nfs/data/sz_44/20260831/episode_20260831_032423_000_aab33c82.npy.mp4
01a055d9-2bb8-7f52-9092-c1b25fd6b877,industrial packing,completed,yam,yam_0_61,21.6,huangrongbo,good,,,prod,2026-08-31 03:26:22.177480+00:00,2026-08-31 03:41:58.031189+00:00,/nfs/data/sz_44/20260831/episode_20260831_032451_000_20e825f4.npy.mp4
01a055d9-8d60-7c7a-9ab5-625b5564f9ab,industrial packing,completed,yam,yam_0_61,22.3,huangrongbo,good,,,prod,2026-08-31 03:26:46.686258+00:00,2026-08-31 03:41:57.902239+00:00,/nfs/data/sz_44/20260831/episode_20260831_032516_000_67e8e556.npy.mp4
01a055d9-f2f0-7e39-a381-f77c24feff30,industrial packing,completed,yam,yam_0_61,24.6,huangrongbo,good,,,prod,2026-08-31 03:27:18.045792+00:00,2026-08-31 03:41:57.878072+00:00,/nfs/data/sz_44/20260831/episode_20260831_032542_000_f30563fb.npy.mp4
01a055da-6050-7ea5-9e1c-561d4b9cf7f4,industrial packing,completed,yam,yam_0_61,24.1,huangrongbo,good,,,prod,2026-08-31 03:27:44.400417+00:00,2026-08-31 03:41:57.779725+00:00,/nfs/data/sz_44/20260831/episode_20260831_032610_000_cb1263ef.npy.mp4
01a055da-c9c8-7a67-b0dd-05259a2b9b31,industrial packing,completed,yam,yam_0_61,22.1,huangrongbo,good,,,prod,2026-08-31 03:28:09.683245+00:00,2026-08-31 03:41:57.162309+00:00,/nfs/data/sz_44/20260831/episode_20260831_032637_000_8b6c57be.npy.mp4
01a055db-2f58-755e-b761-90847a877bd4,industrial packing,completed,yam,yam_0_61,21.4,huangrongbo,good,,,prod,2026-08-31 03:28:34.975944+00:00,2026-08-31 03:41:56.993500+00:00,/nfs/data/sz_44/20260831/episode_20260831_032703_000_d8917863.npy.mp4
01a055db-9100-7f95-bf7d-62a7d3265888,industrial packing,completed,yam,yam_0_61,23.8,huangrongbo,good,,,prod,2026-08-31 03:29:01.264448+00:00,2026-08-31 03:41:56.960402+00:00,/nfs/data/sz_44/20260831/episode_20260831_032728_000_d579f6fa.npy.mp4
01a055dc-6008-7e4c-93e7-f787993dcecd,industrial packing,completed,yam,yam_0_61,21.2,huangrongbo,good,,,prod,2026-08-31 03:29:51.849335+00:00,2026-08-31 03:41:56.915041+00:00,/nfs/data/sz_44/20260831/episode_20260831_032821_000_3be65255.npy.mp4
01a055dc-bdc8-7455-a71c-70231c692b3a,industrial packing,completed,yam,yam_0_61,24.3,huangrongbo,good,,,prod,2026-08-31 03:30:17.172220+00:00,2026-08-31 03:41:56.884243+00:00,/nfs/data/sz_44/20260831/episode_20260831_032845_000_346fc50d.npy.mp4
01a055db-fe60-7730-ac18-49bcd49aa1f9,industrial packing,completed,yam,yam_0_61,21.2,huangrongbo,good,,,prod,2026-08-31 03:29:26.563412+00:00,2026-08-31 03:41:56.787657+00:00,/nfs/data/sz_44/20260831/episode_20260831_032756_000_863b8ca0.npy.mp4
01a055dd-2b28-7256-a7cc-4c2a85561ffe,industrial packing,completed,yam,yam_0_61,25.0,huangrongbo,good,,,prod,2026-08-31 03:30:48.660205+00:00,2026-08-31 03:41:56.189393+00:00,/nfs/data/sz_44/20260831/episode_20260831_032913_000_cbfb3688.npy.mp4
01a055dd-9c70-7365-ac0d-6ac78df30ec9,industrial packing,completed,yam,yam_0_61,21.4,huangrongbo,good,,,prod,2026-08-31 03:31:14.160548+00:00,2026-08-31 03:41:56.010074+00:00,/nfs/data/sz_44/20260831/episode_20260831_032942_000_f3da74a1.npy.mp4
01a055dd-fe18-7527-b08d-4a00da79dd93,industrial packing,completed,yam,yam_0_61,22.9,huangrongbo,good,,,prod,2026-08-31 03:31:40.469005+00:00,2026-08-31 03:41:55.973135+00:00,/nfs/data/sz_44/20260831/episode_20260831_033007_000_ca9e78a6.npy.mp4
01a055de-cd20-79e8-b70b-0f8f1354024b,industrial packing,completed,yam,yam_0_61,23.2,huangrongbo,good,,,prod,2026-08-31 03:32:31.069825+00:00,2026-08-31 03:41:55.887845+00:00,/nfs/data/sz_44/20260831/episode_20260831_033100_000_965a2ca5.npy.mp4
01a055df-3698-7aa8-9375-f3a14f3de9b2,industrial packing,completed,yam,yam_0_61,24.4,huangrongbo,good,,,prod,2026-08-31 03:33:02.344685+00:00,2026-08-31 03:41:55.881519+00:00,/nfs/data/sz_44/20260831/episode_20260831_033127_000_c985d2fa.npy.mp4
01a055de-63a8-7266-ba84-2e9449394dd9,industrial packing,completed,yam,yam_0_61,23.1,huangrongbo,good,,,prod,2026-08-31 03:32:05.794662+00:00,2026-08-31 03:41:55.799921+00:00,/nfs/data/sz_44/20260831/episode_20260831_033033_000_a1f6fdb8.npy.mp4
01a055df-b398-7b61-a283-22e6a99a8b68,industrial packing,completed,yam,yam_0_61,24.5,huangrongbo,good,,,prod,2026-08-31 03:33:32.608065+00:00,2026-08-31 03:41:55.284438+00:00,/nfs/data/sz_44/20260831/episode_20260831_033159_000_e577e175.npy.mp4
01a055e0-20f8-7df3-b3c5-9613df4bfe0d,industrial packing,completed,yam,yam_0_61,24.1,huangrongbo,good,,,prod,2026-08-31 03:33:57.987586+00:00,2026-08-31 03:41:55.107825+00:00,/nfs/data/sz_44/20260831/episode_20260831_033227_000_548a213f.npy.mp4
01a055e1-22c8-7587-9f1d-a0b3c069364e,industrial packing,completed,yam,yam_0_61,21.1,huangrongbo,good,,,prod,2026-08-31 03:35:03.544611+00:00,2026-08-31 03:41:54.956893+00:00,/nfs/data/sz_44/20260831/episode_20260831_033333_000_89771d8a.npy.mp4
01a055e1-8470-7a69-9cd0-6077652658b0,industrial packing,completed,yam,yam_0_61,27.7,huangrongbo,good,,,prod,2026-08-31 03:35:34.860302+00:00,2026-08-31 03:41:54.950532+00:00,/nfs/data/sz_44/20260831/episode_20260831_033358_000_1b131a28.npy.mp4
01a055e1-fd88-78d7-ac14-5adc12435d1f,industrial packing,completed,yam,yam_0_61,23.2,huangrongbo,good,,,prod,2026-08-31 03:36:00.189002+00:00,2026-08-31 03:41:54.893673+00:00,/nfs/data/sz_44/20260831/episode_20260831_033429_000_93fa430c.npy.mp4
01a055e2-6700-7dd6-8d90-37b177bdcad0,industrial packing,completed,yam,yam_0_61,23.1,huangrongbo,good,,,prod,2026-08-31 03:36:31.509633+00:00,2026-08-31 03:41:54.211882+00:00,/nfs/data/sz_44/20260831/episode_20260831_033456_000_7938be97.npy.mp4
01a055e2-d078-76fb-978c-5b55fd9186c2,industrial packing,completed,yam,yam_0_61,22.0,huangrongbo,good,,,prod,2026-08-31 03:36:56.804307+00:00,2026-08-31 03:41:54.179192+00:00,/nfs/data/sz_44/20260831/episode_20260831_033523_000_0460de90.npy.mp4
01a055e3-3220-7094-a33c-59682f68f132,industrial packing,completed,yam,yam_0_61,22.5,huangrongbo,good,,,prod,2026-08-31 03:37:23.073822+00:00,2026-08-31 03:41:54.024702+00:00,/nfs/data/sz_44/20260831/episode_20260831_033548_000_4d9a3029.npy.mp4
01a055e3-9b98-744d-a9e3-fc8a2e718e06,industrial packing,completed,yam,yam_0_61,22.4,huangrongbo,good,,,prod,2026-08-31 03:37:48.346157+00:00,2026-08-31 03:41:53.980459+00:00,/nfs/data/sz_44/20260831/episode_20260831_033615_000_0cf84b49.npy.mp4
01a055e4-0128-78b2-bace-3c88789a43e7,industrial packing,completed,yam,yam_0_61,21.6,huangrongbo,good,,,prod,2026-08-31 03:38:13.612980+00:00,2026-08-31 03:41:53.877962+00:00,/nfs/data/sz_44/20260831/episode_20260831_033641_000_37e6e7a8.npy.mp4
01a055e4-62d0-70a2-84bb-65c724473ac8,industrial packing,completed,yam,yam_0_61,25.3,huangrongbo,good,,,prod,2026-08-31 03:38:39.947994+00:00,2026-08-31 03:41:53.757555+00:00,/nfs/data/sz_44/20260831/episode_20260831_033706_000_87091e4f.npy.mp4
01a055e4-d418-7ff0-8d79-059c95c09aeb,industrial packing,completed,yam,yam_0_61,22.7,huangrongbo,good,,,prod,2026-08-31 03:39:05.224733+00:00,2026-08-31 03:41:53.734601+00:00,/nfs/data/sz_44/20260831/episode_20260831_033735_000_245502f9.npy.mp4
01a055e5-39a8-7d90-ace8-d8940c253299,industrial packing,completed,yam,yam_0_61,19.9,huangrongbo,good,,,prod,2026-08-31 03:39:29.514174+00:00,2026-08-31 03:41:53.304506+00:00,/nfs/data/sz_44/20260831/episode_20260831_033801_000_5e0334c3.npy.mp4
01a055e5-9768-77ad-88b3-d7bda98a6f26,industrial packing,completed,yam,yam_0_61,23.2,huangrongbo,good,,,prod,2026-08-31 03:40:00.875556+00:00,2026-08-31 03:41:53.057230+00:00,/nfs/data/sz_44/20260831/episode_20260831_033825_000_1f6bb16b.npy.mp4
01a055d8-6098-7dfd-af80-5e70e425831f,industrial packing,completed,yam,yam_0_61,20.2,huangrongbo,good,,,prod,2026-08-31 03:25:31.283018+00:00,2026-08-31 03:26:32.355143+00:00,/nfs/data/sz_44/20260831/episode_20260831_032359_000_f5b5d1dc.npy.mp4
01a055ae-b0b8-72a3-aa36-3b85b1d53ad5,industrial packing,completed,yam,yam_0_61,23.3,huangrongbo,good,,,prod,2026-08-31 02:40:00.182729+00:00,2026-08-31 03:26:28.834910+00:00,/nfs/data/sz_44/20260831/episode_20260831_023827_000_69312235.npy.mp4
01a055ae-4740-736b-a135-8ce8e71c6d92,industrial packing,completed,yam,yam_0_61,23.9,huangrongbo,good,,,prod,2026-08-31 02:39:34.860926+00:00,2026-08-31 03:26:28.733864+00:00,/nfs/data/sz_44/20260831/episode_20260831_023800_000_a7f0ed84.npy.mp4
01a055af-8790-74c0-a872-d5289d984a3a,industrial packing,completed,yam,yam_0_61,27.8,huangrongbo,good,,,prod,2026-08-31 02:41:01.958800+00:00,2026-08-31 03:26:28.218706+00:00,/nfs/data/sz_44/20260831/episode_20260831_023922_000_017350bc.npy.mp4
01a055af-1e18-7749-89c2-900fa0a7459d,industrial packing,completed,yam,yam_0_61,22.9,huangrongbo,good,,,prod,2026-08-31 02:40:25.525883+00:00,2026-08-31 03:26:28.217063+00:00,/nfs/data/sz_44/20260831/episode_20260831_023855_000_a9381236.npy.mp4
01a055b0-8578-7929-84b3-61041fcc3518,industrial packing,completed,yam,yam_0_61,27.7,huangrongbo,good,,,prod,2026-08-31 02:42:04.578580+00:00,2026-08-31 03:26:27.900688+00:00,/nfs/data/sz_44/20260831/episode_20260831_024027_000_ffd7754f.npy.mp4
01a055b0-0490-755d-9540-d0ceba6a6041,industrial packing,completed,yam,yam_0_61,28.5,huangrongbo,good,,,prod,2026-08-31 02:41:33.287653+00:00,2026-08-31 03:26:27.875857+00:00,/nfs/data/sz_44/20260831/episode_20260831_023954_000_b7643486.npy.mp4
01a055c1-7180-7df8-865c-da8cd2a5d35f,industrial packing,completed,yam,yam_0_61,22.6,huangrongbo,good,,,prod,2026-08-31 03:00:28.714401+00:00,2026-08-31 03:26:27.643671+00:00,/nfs/data/sz_44/20260831/episode_20260831_025856_000_75ecd5ad.npy.mp4
01a055c1-d710-796a-b4ec-73077f072e6b,industrial packing,completed,yam,yam_0_61,23.6,huangrongbo,good,,,prod,2026-08-31 03:00:53.988094+00:00,2026-08-31 03:26:27.603312+00:00,/nfs/data/sz_44/20260831/episode_20260831_025922_000_25d6a41d.npy.mp4
01a055b0-fe90-757a-a5eb-e1aadfd51a39,industrial packing,completed,yam,yam_0_61,25.6,huangrongbo,good,,,prod,2026-08-31 02:42:36.860446+00:00,2026-08-31 03:26:27.359684+00:00,/nfs/data/sz_44/20260831/episode_20260831_024058_000_e90ecfb7.npy.mp4
01a055b1-6fd8-79be-bc7f-962409f875a9,industrial packing,completed,yam,yam_0_61,26.1,huangrongbo,good,,,prod,2026-08-31 02:43:02.155181+00:00,2026-08-31 03:26:27.191240+00:00,/nfs/data/sz_44/20260831/episode_20260831_024127_000_a05b88d0.npy.mp4
01a055b1-e8f0-7b1b-a389-11238ab90b7c,industrial packing,completed,yam,yam_0_61,24.3,huangrongbo,good,,,prod,2026-08-31 02:43:33.492539+00:00,2026-08-31 03:26:26.847929+00:00,/nfs/data/sz_44/20260831/episode_20260831_024158_000_32522fc2.npy.mp4
01a055b2-5650-7461-b7e2-ad1158cb3fa1,industrial packing,completed,yam,yam_0_61,26.1,huangrongbo,good,,,prod,2026-08-31 02:44:04.805471+00:00,2026-08-31 03:26:26.809898+00:00,/nfs/data/sz_44/20260831/episode_20260831_024226_000_4a9aea3a.npy.mp4
01a055b2-cb80-77f2-8136-0cc1e7a5c936,industrial packing,completed,yam,yam_0_61,28.4,huangrongbo,good,,,prod,2026-08-31 02:44:37.111818+00:00,2026-08-31 03:26:26.268613+00:00,/nfs/data/sz_44/20260831/episode_20260831_024256_000_85100a89.npy.mp4
01a055b3-4498-7cc3-94a9-9424f3033d81,industrial packing,completed,yam,yam_0_61,26.2,huangrongbo,good,,,prod,2026-08-31 02:45:03.377866+00:00,2026-08-31 03:26:26.169998+00:00,/nfs/data/sz_44/20260831/episode_20260831_024327_000_2c32279a.npy.mp4
01a055b3-b9c8-7582-b380-f9c7ae18aadd,industrial packing,completed,yam,yam_0_61,27.5,huangrongbo,good,,,prod,2026-08-31 02:45:34.656457+00:00,2026-08-31 03:26:25.896302+00:00,/nfs/data/sz_44/20260831/episode_20260831_024357_000_cf2dbd93.npy.mp4
01a055b4-32e0-729d-8f5b-63abc0be5b73,industrial packing,completed,yam,yam_0_61,29.3,huangrongbo,good,,,prod,2026-08-31 02:46:11.946229+00:00,2026-08-31 03:26:25.895231+00:00,/nfs/data/sz_44/20260831/episode_20260831_024428_000_25a0517b.npy.mp4
01a055b4-b3c8-7a3a-95fb-9158877f8038,industrial packing,completed,yam,yam_0_61,27.3,huangrongbo,good,,,prod,2026-08-31 02:46:38.225323+00:00,2026-08-31 03:26:25.348335+00:00,/nfs/data/sz_44/20260831/episode_20260831_024501_000_b3184767.npy.mp4
01a055b5-2ce0-7dae-b481-ff6ed8cd74c7,industrial packing,completed,yam,yam_0_61,27.0,huangrongbo,good,,,prod,2026-08-31 02:47:09.507476+00:00,2026-08-31 03:26:25.085370+00:00,/nfs/data/sz_44/20260831/episode_20260831_024532_000_d7cd7560.npy.mp4
01a055b5-a5f8-7d68-859d-3588ffd23690,industrial packing,completed,yam,yam_0_61,26.1,huangrongbo,good,,,prod,2026-08-31 02:47:40.811282+00:00,2026-08-31 03:26:24.809101+00:00,/nfs/data/sz_44/20260831/episode_20260831_024603_000_a61ee176.npy.mp4
01a055b6-1b28-7dfa-a1c8-3a502de193d7,industrial packing,completed,yam,yam_0_61,24.8,huangrongbo,good,,,prod,2026-08-31 02:48:07.097939+00:00,2026-08-31 03:26:24.606485+00:00,/nfs/data/sz_44/20260831/episode_20260831_024633_000_10e1eab6.npy.mp4
01a055b6-8888-70cb-b96c-e8456fe225e5,industrial packing,completed,yam,yam_0_61,25.2,huangrongbo,good,,,prod,2026-08-31 02:48:37.387550+00:00,2026-08-31 03:26:24.159161+00:00,/nfs/data/sz_44/20260831/episode_20260831_024701_000_874eae6d.npy.mp4
01a055b6-f9d0-71d2-92f3-81dcc5798b07,industrial packing,completed,yam,yam_0_61,25.9,huangrongbo,good,,,prod,2026-08-31 02:49:09.695109+00:00,2026-08-31 03:26:24.042024+00:00,/nfs/data/sz_44/20260831/episode_20260831_024730_000_28ac82d8.npy.mp4
01a055b7-d490-7342-baf6-9dff08a7c69d,industrial packing,completed,yam,yam_0_61,24.7,huangrongbo,good,,,prod,2026-08-31 02:50:00.242763+00:00,2026-08-31 03:26:23.794596+00:00,/nfs/data/sz_44/20260831/episode_20260831_024826_000_c2c18a41.npy.mp4
01a055b7-6f00-7c32-8504-d699d603e159,industrial packing,completed,yam,yam_0_61,22.5,huangrongbo,good,,,prod,2026-08-31 02:49:28.953637+00:00,2026-08-31 03:26:23.611975+00:00,/nfs/data/sz_44/20260831/episode_20260831_024800_000_b934f501.npy.mp4
01a055b8-45d8-757f-8d6a-845ef2d40f4d,industrial packing,completed,yam,yam_0_61,21.8,huangrongbo,good,,,prod,2026-08-31 02:50:25.524210+00:00,2026-08-31 03:26:23.110191+00:00,/nfs/data/sz_44/20260831/episode_20260831_024855_000_3108f102.npy.mp4
01a055b8-a780-7b4b-916c-3ab127a7ca46,industrial packing,completed,yam,yam_0_61,27.6,huangrongbo,good,,,prod,2026-08-31 02:50:56.841742+00:00,2026-08-31 03:26:23.001976+00:00,/nfs/data/sz_44/20260831/episode_20260831_024920_000_712bece5.npy.mp4
01a055b9-91e0-7127-8ab2-48c748e6b850,industrial packing,completed,yam,yam_0_61,25.7,huangrongbo,good,,,prod,2026-08-31 02:51:53.408245+00:00,2026-08-31 03:26:22.652274+00:00,/nfs/data/sz_44/20260831/episode_20260831_025020_000_1750d0db.npy.mp4
01a055b9-2098-7544-b5c9-c9ed0b13c4eb,industrial packing,completed,yam,yam_0_61,24.8,huangrongbo,good,,,prod,2026-08-31 02:51:27.141061+00:00,2026-08-31 03:26:22.620807+00:00,/nfs/data/sz_44/20260831/episode_20260831_024951_000_9c5d2264.npy.mp4
01a055ba-0328-7a0b-9644-0c20192381cc,industrial packing,completed,yam,yam_0_61,23.1,huangrongbo,good,,,prod,2026-08-31 02:52:23.690643+00:00,2026-08-31 03:26:21.879835+00:00,/nfs/data/sz_44/20260831/episode_20260831_025049_000_4a4f0329.npy.mp4
01a055ba-68b8-757b-b21a-0c9be00e784a,industrial packing,completed,yam,yam_0_61,25.7,huangrongbo,good,,,prod,2026-08-31 02:52:49.946670+00:00,2026-08-31 03:26:21.800811+00:00,/nfs/data/sz_44/20260831/episode_20260831_025115_000_2e44997c.npy.mp4
01a055ba-dde8-7465-9dd3-27dd4ee83bb2,industrial packing,completed,yam,yam_0_61,24.8,huangrongbo,good,,,prod,2026-08-31 02:53:21.175493+00:00,2026-08-31 03:26:21.529480+00:00,/nfs/data/sz_44/20260831/episode_20260831_025145_000_d2c3e58c.npy.mp4
01a055bc-87b0-77b8-a24f-368dd12f692b,industrial packing,completed,yam,yam_0_61,24.9,huangrongbo,good,,,prod,2026-08-31 02:55:10.588924+00:00,2026-08-31 03:26:21.439884+00:00,/nfs/data/sz_44/20260831/episode_20260831_025334_000_c169d2fa.npy.mp4
01a055bc-f8f8-7bdf-8e67-db675765093c,industrial packing,completed,yam,yam_0_61,25.4,huangrongbo,good,,,prod,2026-08-31 02:55:41.824551+00:00,2026-08-31 03:26:20.911803+00:00,/nfs/data/sz_44/20260831/episode_20260831_025403_000_06d81b80.npy.mp4
01a055bd-6a40-74c2-b729-071125c724e9,industrial packing,completed,yam,yam_0_61,25.5,huangrongbo,good,,,prod,2026-08-31 02:56:08.100592+00:00,2026-08-31 03:26:20.611647+00:00,/nfs/data/sz_44/20260831/episode_20260831_025432_000_22f891eb.npy.mp4
01a055bf-b048-7f87-8a1d-efb956825207,industrial packing,completed,yam,yam_0_61,22.6,huangrongbo,good,,,prod,2026-08-31 02:58:34.530338+00:00,2026-08-31 03:26:20.478271+00:00,/nfs/data/sz_44/20260831/episode_20260831_025701_000_281a90fe.npy.mp4
01a055c0-15d8-7156-b3ac-a391d8309648,industrial packing,completed,yam,yam_0_61,24.3,huangrongbo,good,,,prod,2026-08-31 02:59:00.847527+00:00,2026-08-31 03:26:19.932409+00:00,/nfs/data/sz_44/20260831/episode_20260831_025727_000_96814f06.npy.mp4
01a055c0-f480-756f-bd2b-2f7400641a20,industrial packing,completed,yam,yam_0_61,27.3,huangrongbo,good,,,prod,2026-08-31 03:00:03.410282+00:00,2026-08-31 03:26:19.171461+00:00,/nfs/data/sz_44/20260831/episode_20260831_025824_000_d43c28b0.npy.mp4
01a055c0-8338-70f2-b89c-85310dc20af4,industrial packing,completed,yam,yam_0_61,25.8,huangrongbo,good,,,prod,2026-08-31 02:59:32.128340+00:00,2026-08-31 03:26:19.160327+00:00,/nfs/data/sz_44/20260831/episode_20260831_025755_000_c3f29f95.npy.mp4
01a055c2-4088-7119-81a8-e4d57b4fb2bf,industrial packing,completed,yam,yam_0_61,26.9,huangrongbo,good,,,prod,2026-08-31 03:01:25.299512+00:00,2026-08-31 03:26:18.296934+00:00,/nfs/data/sz_44/20260831/episode_20260831_025949_000_45fff871.npy.mp4
01a055c2-b9a0-7155-a684-cc92020dc6ce,industrial packing,completed,yam,yam_0_61,25.5,huangrongbo,good,,,prod,2026-08-31 03:01:56.593698+00:00,2026-08-31 03:26:18.114127+00:00,/nfs/data/sz_44/20260831/episode_20260831_030020_000_13ae59f4.npy.mp4
01a055c3-2ae8-7afc-9064-46463202c0c1,industrial packing,completed,yam,yam_0_61,24.7,huangrongbo,good,,,prod,2026-08-31 03:02:22.860963+00:00,2026-08-31 03:26:17.875568+00:00,/nfs/data/sz_44/20260831/episode_20260831_030049_000_df0013b2.npy.mp4
01a055c3-9c30-72f2-9b9f-535f8f45bdc8,industrial packing,completed,yam,yam_0_61,23.6,huangrongbo,good,,,prod,2026-08-31 03:02:53.140374+00:00,2026-08-31 03:26:17.356103+00:00,/nfs/data/sz_44/20260831/episode_20260831_030118_000_baaf9975.npy.mp4
01a055c4-05a8-7a89-b2f3-54c5ae468213,industrial packing,completed,yam,yam_0_61,22.8,huangrongbo,good,,,prod,2026-08-31 03:03:19.424102+00:00,2026-08-31 03:26:17.099140+00:00,/nfs/data/sz_44/20260831/episode_20260831_030145_000_4bfff137.npy.mp4
01a055c4-d898-78ba-aaff-57af4853f641,industrial packing,completed,yam,yam_0_61,27.2,huangrongbo,good,,,prod,2026-08-31 03:04:15.999802+00:00,2026-08-31 03:26:16.858976+00:00,/nfs/data/sz_44/20260831/episode_20260831_030239_000_d2faf5ad.npy.mp4
01a055c4-6b38-7972-81dd-6897d76579dc,industrial packing,completed,yam,yam_0_61,24.1,huangrongbo,good,,,prod,2026-08-31 03:03:44.710414+00:00,2026-08-31 03:26:16.824837+00:00,/nfs/data/sz_44/20260831/episode_20260831_030211_000_93e717df.npy.mp4
01a055c5-5598-7461-a25e-4be88727b19d,industrial packing,completed,yam,yam_0_61,25.0,huangrongbo,good,,,prod,2026-08-31 03:04:47.280896+00:00,2026-08-31 03:26:16.379327+00:00,/nfs/data/sz_44/20260831/episode_20260831_030311_000_66537bfd.npy.mp4
01a055c5-c6e0-7fd5-93ce-5a712ce11d32,industrial packing,completed,yam,yam_0_61,23.9,huangrongbo,good,,,prod,2026-08-31 03:05:12.598330+00:00,2026-08-31 03:26:15.996453+00:00,/nfs/data/sz_44/20260831/episode_20260831_030340_000_0455d4f2.npy.mp4
01a055c6-3058-723c-ada4-f8259b916567,industrial packing,completed,yam,yam_0_61,23.9,huangrongbo,good,,,prod,2026-08-31 03:05:43.890827+00:00,2026-08-31 03:26:15.735065+00:00,/nfs/data/sz_44/20260831/episode_20260831_030407_000_0a8ba139.npy.mp4
01a055c6-99d0-7ca3-bee6-eb507aaa695e,industrial packing,completed,yam,yam_0_61,24.8,huangrongbo,good,,,prod,2026-08-31 03:06:10.165878+00:00,2026-08-31 03:26:15.584389+00:00,/nfs/data/sz_44/20260831/episode_20260831_030434_000_b0694472.npy.mp4
01a055c7-0b18-7c3c-9848-60882712c969,industrial packing,completed,yam,yam_0_61,24.4,huangrongbo,good,,,prod,2026-08-31 03:06:35.462617+00:00,2026-08-31 03:26:15.395004+00:00,/nfs/data/sz_44/20260831/episode_20260831_030503_000_5aae45b2.npy.mp4
01a055c7-7878-7439-9656-50fe41e1de75,industrial packing,completed,yam,yam_0_61,23.9,huangrongbo,good,,,prod,2026-08-31 03:07:06.843808+00:00,2026-08-31 03:26:14.867098+00:00,/nfs/data/sz_44/20260831/episode_20260831_030531_000_56fab061.npy.mp4
01a055c7-e5d8-7bae-be8d-f99314ad4cdd,industrial packing,completed,yam,yam_0_61,23.8,huangrongbo,good,,,prod,2026-08-31 03:07:33.178575+00:00,2026-08-31 03:26:14.770149+00:00,/nfs/data/sz_44/20260831/episode_20260831_030559_000_3ee54305.npy.mp4
01a055c8-b8c8-7819-a04c-c94c0a12ab59,industrial packing,completed,yam,yam_0_61,26.5,huangrongbo,good,,,prod,2026-08-31 03:08:29.773992+00:00,2026-08-31 03:26:14.014307+00:00,/nfs/data/sz_44/20260831/episode_20260831_030653_000_4969ba30.npy.mp4
01a055c8-4f50-7f8d-9b6e-5a4c8c94c95b,industrial packing,completed,yam,yam_0_61,23.5,huangrongbo,good,,,prod,2026-08-31 03:07:58.440865+00:00,2026-08-31 03:26:14.012279+00:00,/nfs/data/sz_44/20260831/episode_20260831_030626_000_7dc9d399.npy.mp4
01a055c9-2df8-7013-b4d9-bd869f1ed7a6,industrial packing,completed,yam,yam_0_61,25.3,huangrongbo,good,,,prod,2026-08-31 03:09:01.072176+00:00,2026-08-31 03:26:13.748440+00:00,/nfs/data/sz_44/20260831/episode_20260831_030723_000_94cb253d.npy.mp4
01a055c9-9f40-73e4-a490-45a3f63f12bb,industrial packing,completed,yam,yam_0_61,26.3,huangrongbo,good,,,prod,2026-08-31 03:09:27.362762+00:00,2026-08-31 03:26:13.475220+00:00,/nfs/data/sz_44/20260831/episode_20260831_030752_000_84c8c7ac.npy.mp4
01a055ca-1c40-7ebc-b580-622cb3cc50c3,industrial packing,completed,yam,yam_0_61,26.8,huangrongbo,good,,,prod,2026-08-31 03:10:03.691020+00:00,2026-08-31 03:26:13.193914+00:00,/nfs/data/sz_44/20260831/episode_20260831_030824_000_e870199a.npy.mp4
01a055ca-9170-74da-95d7-cc58fb8f732b,industrial packing,completed,yam,yam_0_61,29.3,huangrongbo,good,,,prod,2026-08-31 03:10:36.032072+00:00,2026-08-31 03:26:12.905057+00:00,/nfs/data/sz_44/20260831/episode_20260831_030854_000_4de32e22.npy.mp4
01a055cb-1258-715b-bec2-8957c32dddb4,industrial packing,completed,yam,yam_0_61,24.4,huangrongbo,good,,,prod,2026-08-31 03:11:02.316873+00:00,2026-08-31 03:26:12.811629+00:00,/nfs/data/sz_44/20260831/episode_20260831_030927_000_099ca4cc.npy.mp4
01a055cb-7fb8-77a1-9a38-0745a87b504c,industrial packing,completed,yam,yam_0_61,24.3,huangrongbo,good,,,prod,2026-08-31 03:11:28.638089+00:00,2026-08-31 03:26:12.712020+00:00,/nfs/data/sz_44/20260831/episode_20260831_030955_000_caeaf086.npy.mp4
01a055cb-ed18-7918-9bdf-58f7958b5397,industrial packing,completed,yam,yam_0_61,25.0,huangrongbo,good,,,prod,2026-08-31 03:11:58.945928+00:00,2026-08-31 03:26:12.145444+00:00,/nfs/data/sz_44/20260831/episode_20260831_031023_000_1b27e88c.npy.mp4
01a055cc-5e60-707b-9063-5149ff087fa3,industrial packing,completed,yam,yam_0_61,25.2,huangrongbo,good,,,prod,2026-08-31 03:12:25.238502+00:00,2026-08-31 03:26:12.025672+00:00,/nfs/data/sz_44/20260831/episode_20260831_031052_000_d604f533.npy.mp4
01a055d7-f338-7d85-b00e-b3ef65f40998,industrial packing,completed,yam,yam_0_61,22.7,huangrongbo,good,,,prod,2026-08-31 03:25:05.949318+00:00,2026-08-31 03:26:11.693286+00:00,/nfs/data/sz_44/20260831/episode_20260831_032331_000_0e5ae673.npy.mp4
01a055cc-cbc0-7b89-88df-d45bc86124f1,industrial packing,completed,yam,yam_0_61,22.7,huangrongbo,good,,,prod,2026-08-31 03:12:50.589324+00:00,2026-08-31 03:26:11.657200+00:00,/nfs/data/sz_44/20260831/episode_20260831_031120_000_9d363802.npy.mp4
01a055cd-3150-7a91-8e2d-62b6f72e5b0a,industrial packing,completed,yam,yam_0_61,24.8,huangrongbo,good,,,prod,2026-08-31 03:13:21.895581+00:00,2026-08-31 03:26:11.601505+00:00,/nfs/data/sz_44/20260831/episode_20260831_031146_000_282c277a.npy.mp4
01a055ce-0c10-7fa1-af8a-188377ddc355,industrial packing,completed,yam,yam_0_61,23.8,huangrongbo,good,,,prod,2026-08-31 03:14:18.458686+00:00,2026-08-31 03:26:11.061146+00:00,/nfs/data/sz_44/20260831/episode_20260831_031242_000_56de5900.npy.mp4
01a055cd-a298-7540-b9e0-6d1cce837ca1,industrial packing,completed,yam,yam_0_61,24.2,huangrongbo,good,,,prod,2026-08-31 03:13:47.167894+00:00,2026-08-31 03:26:10.956143+00:00,/nfs/data/sz_44/20260831/episode_20260831_031215_000_04f16f53.npy.mp4
01a055ce-7970-7398-bd09-c781cd9ddfdb,industrial packing,completed,yam,yam_0_61,23.2,huangrongbo,good,,,prod,2026-08-31 03:14:44.804752+00:00,2026-08-31 03:26:10.772388+00:00,/nfs/data/sz_44/20260831/episode_20260831_031310_000_a38dec98.npy.mp4
01a055ce-df00-7aeb-8132-7dd44dd9b32a,industrial packing,completed,yam,yam_0_61,24.9,huangrongbo,good,,,prod,2026-08-31 03:15:11.099865+00:00,2026-08-31 03:26:10.472951+00:00,/nfs/data/sz_44/20260831/episode_20260831_031336_000_a4347100.npy.mp4
01a055cf-5048-7928-a618-9c2a41136a7d,industrial packing,completed,yam,yam_0_61,25.0,huangrongbo,good,,,prod,2026-08-31 03:15:42.385034+00:00,2026-08-31 03:26:10.058027+00:00,/nfs/data/sz_44/20260831/episode_20260831_031405_000_0a0bc7db.npy.mp4
01a055cf-c190-7a18-b75b-34d2401482b3,industrial packing,completed,yam,yam_0_61,23.6,huangrongbo,good,,,prod,2026-08-31 03:16:07.666683+00:00,2026-08-31 03:26:09.942833+00:00,/nfs/data/sz_44/20260831/episode_20260831_031434_000_3460d150.npy.mp4
01a055d0-9480-78e3-b30d-f7e9ab269b83,industrial packing,completed,yam,yam_0_61,25.2,huangrongbo,good,,,prod,2026-08-31 03:17:05.224140+00:00,2026-08-31 03:26:09.770303+00:00,/nfs/data/sz_44/20260831/episode_20260831_031528_000_05431923.npy.mp4
01a055d0-2b08-7ae3-b3e3-f8619ebd6eb5,industrial packing,completed,yam,yam_0_61,23.5,huangrongbo,good,,,prod,2026-08-31 03:16:33.959616+00:00,2026-08-31 03:26:09.748855+00:00,/nfs/data/sz_44/20260831/episode_20260831_031501_000_6eacfaa6.npy.mp4
01a055d1-05c8-75fa-b9a9-f6f064442f32,industrial packing,completed,yam,yam_0_61,24.1,huangrongbo,good,,,prod,2026-08-31 03:17:31.555983+00:00,2026-08-31 03:26:09.029503+00:00,/nfs/data/sz_44/20260831/episode_20260831_031557_000_0161ab5a.npy.mp4
01a055d1-dca0-7858-94f5-6765e9dff895,industrial packing,completed,yam,yam_0_61,22.2,huangrongbo,good,,,prod,2026-08-31 03:18:22.166627+00:00,2026-08-31 03:26:08.703207+00:00,/nfs/data/sz_44/20260831/episode_20260831_031652_000_76d5cc90.npy.mp4
01a055d1-6f40-729d-b41d-52a6750beccd,industrial packing,completed,yam,yam_0_61,22.0,huangrongbo,good,,,prod,2026-08-31 03:17:56.903177+00:00,2026-08-31 03:26:08.657579+00:00,/nfs/data/sz_44/20260831/episode_20260831_031624_000_ad60576e.npy.mp4
01a055d2-aba8-71f3-9a62-68c2fa05a67f,industrial packing,completed,yam,yam_0_61,21.7,huangrongbo,good,,,prod,2026-08-31 03:19:18.832283+00:00,2026-08-31 03:26:08.140172+00:00,/nfs/data/sz_44/20260831/episode_20260831_031745_000_609f213e.npy.mp4
01a055d2-3e48-7f3f-9d1b-b3bb3de6e5fb,industrial packing,completed,yam,yam_0_61,24.1,huangrongbo,good,,,prod,2026-08-31 03:18:53.502792+00:00,2026-08-31 03:26:07.986505+00:00,/nfs/data/sz_44/20260831/episode_20260831_031717_000_44d5eeaf.npy.mp4
01a055d3-0d50-76ae-a0e8-31c713330a8e,industrial packing,completed,yam,yam_0_61,22.6,huangrongbo,good,,,prod,2026-08-31 03:19:44.119317+00:00,2026-08-31 03:26:07.664187+00:00,/nfs/data/sz_44/20260831/episode_20260831_031810_000_48b20831.npy.mp4
01a055d3-72e0-7993-924f-b8d1bfea5b87,industrial packing,completed,yam,yam_0_61,22.0,huangrongbo,good,,,prod,2026-08-31 03:20:10.421203+00:00,2026-08-31 03:26:07.135113+00:00,/nfs/data/sz_44/20260831/episode_20260831_031836_000_c40d027c.npy.mp4
01a055d3-d870-7032-9b5a-81a3577f4a99,industrial packing,completed,yam,yam_0_61,24.0,huangrongbo,good,,,prod,2026-08-31 03:20:35.690534+00:00,2026-08-31 03:26:06.906985+00:00,/nfs/data/sz_44/20260831/episode_20260831_031902_000_07495360.npy.mp4
01a055d4-ab60-775f-a3cf-d53be1cf7832,industrial packing,completed,yam,yam_0_61,22.6,huangrongbo,good,,,prod,2026-08-31 03:21:26.263109+00:00,2026-08-31 03:26:06.766778+00:00,/nfs/data/sz_44/20260831/episode_20260831_031956_000_d71442df.npy.mp4
01a055d4-45d0-78ad-bd6d-84fc7ffef1c6,industrial packing,completed,yam,yam_0_61,22.9,huangrongbo,good,,,prod,2026-08-31 03:21:00.987655+00:00,2026-08-31 03:26:06.662235+00:00,/nfs/data/sz_44/20260831/episode_20260831_031930_000_4a3d7a72.npy.mp4
01a055d5-7298-7a99-a73a-9c8f20bcfc94,industrial packing,completed,yam,yam_0_61,21.6,huangrongbo,good,,,prod,2026-08-31 03:22:17.002379+00:00,2026-08-31 03:26:06.083370+00:00,/nfs/data/sz_44/20260831/episode_20260831_032047_000_a5346082.npy.mp4
01a055d5-14d8-7fed-a365-0ce96e3f4a21,industrial packing,completed,yam,yam_0_61,21.6,huangrongbo,good,,,prod,2026-08-31 03:21:51.602878+00:00,2026-08-31 03:26:06.031673+00:00,/nfs/data/sz_44/20260831/episode_20260831_032023_000_6362d4fa.npy.mp4
01a055d6-41a0-7354-9f5b-ceed00ef269b,industrial packing,completed,yam,yam_0_61,20.1,huangrongbo,good,,,prod,2026-08-31 03:23:07.632135+00:00,2026-08-31 03:26:05.614105+00:00,/nfs/data/sz_44/20260831/episode_20260831_032140_000_d49adc6a.npy.mp4
01a055d5-d828-79dc-a50d-093af57ce557,industrial packing,completed,yam,yam_0_61,23.4,huangrongbo,good,,,prod,2026-08-31 03:22:48.364837+00:00,2026-08-31 03:26:05.554256+00:00,/nfs/data/sz_44/20260831/episode_20260831_032113_000_7b6821b9.npy.mp4
01a055d6-b2e8-7e2d-8628-3b9dee9fd0ad,industrial packing,completed,yam,yam_0_61,21.8,huangrongbo,good,,,prod,2026-08-31 03:23:37.953421+00:00,2026-08-31 03:26:05.070550+00:00,/nfs/data/sz_44/20260831/episode_20260831_032209_000_290c564b.npy.mp4
01a055d7-1490-74ee-b2e4-0194ef489294,industrial packing,completed,yam,yam_0_61,26.8,huangrongbo,good,,,prod,2026-08-31 03:24:14.297246+00:00,2026-08-31 03:26:04.643606+00:00,/nfs/data/sz_44/20260831/episode_20260831_032234_000_a171bce4.npy.mp4
01a055d7-89c0-7664-9e12-f0c5ca997ac7,industrial packing,completed,yam,yam_0_61,23.5,huangrongbo,good,,,prod,2026-08-31 03:24:39.612540+00:00,2026-08-31 03:26:04.502921+00:00,/nfs/data/sz_44/20260831/episode_20260831_032304_000_0d4fd1a7.npy.mp4
01a047fe-1cd8-7d0a-a8c6-d4a17d39adb7,industrial packing,completed,yam,yam_0_61,26.4,huangrongbo,good,,,prod,2026-08-28 11:26:12.598914+00:00,2026-08-31 02:40:43.556841+00:00,/nfs/data/sz_44/20260828/episode_20260828_105031_000_cfead5f5.npy.mp4
01a04806-98b8-79d7-a3cd-2f2cf80adce0,industrial packing,completed,yam,yam_0_61,24.1,huangrongbo,good,,,prod,2026-08-28 11:16:00.477617+00:00,2026-08-31 02:40:43.297555+00:00,/nfs/data/sz_44/20260828/episode_20260828_105947_000_e6071f91.npy.mp4
01a04cff-f530-75a8-ab6e-6eb9b72039d0,industrial packing,completed,yam,yam_0_61,22.7,huangrongbo,good,,,prod,2026-08-29 12:36:38.838496+00:00,2026-08-31 02:40:19.334818+00:00,/nfs/data/sz_44/20260829/episode_20260829_101038_000_5480b346.npy.mp4
01a04d00-5ea8-7ed9-bf3f-a1a01d2c44b7,industrial packing,completed,yam,yam_0_61,26.3,huangrongbo,good,,,prod,2026-08-29 12:32:17.092498+00:00,2026-08-31 02:40:19.254829+00:00,/nfs/data/sz_44/20260829/episode_20260829_101105_000_30bf4ede.npy.mp4
01a04cff-87d0-75da-8649-cd7b4f02f144,industrial packing,completed,yam,yam_0_61,24.4,huangrongbo,good,,,prod,2026-08-29 12:36:56.702680+00:00,2026-08-31 02:40:19.223351+00:00,/nfs/data/sz_44/20260829/episode_20260829_101010_000_f175454c.npy.mp4
01a04d00-d3d8-7b5b-b153-366db93ee2e6,industrial packing,completed,yam,yam_0_61,22.7,huangrongbo,good,,,prod,2026-08-29 12:31:20.752764+00:00,2026-08-31 02:40:18.629860+00:00,/nfs/data/sz_44/20260829/episode_20260829_101135_000_183f5fe6.npy.mp4
01a04d01-3d50-75d5-b058-a8f64365eb70,industrial packing,completed,yam,yam_0_61,23.6,huangrongbo,good,,,prod,2026-08-29 12:34:58.282982+00:00,2026-08-31 02:40:18.426247+00:00,/nfs/data/sz_44/20260829/episode_20260829_101202_000_40ce2e5e.npy.mp4
01a04d01-a6c8-7d1d-bdd4-700b57a7cb91,industrial packing,completed,yam,yam_0_61,24.1,huangrongbo,good,,,prod,2026-08-29 12:30:28.346347+00:00,2026-08-31 02:40:18.359796+00:00,/nfs/data/sz_44/20260829/episode_20260829_101229_000_8e4ca018.npy.mp4
01a04d02-1810-7a67-989e-23ec84670d6f,industrial packing,completed,yam,yam_0_61,24.7,huangrongbo,good,,,prod,2026-08-29 12:29:31.381955+00:00,2026-08-31 02:40:18.331590+00:00,/nfs/data/sz_44/20260829/episode_20260829_101258_000_9519a6ac.npy.mp4
01a04d02-8570-76d3-8687-bc6600284b89,industrial packing,completed,yam,yam_0_61,26.3,huangrongbo,good,,,prod,2026-08-29 12:30:05.835313+00:00,2026-08-31 02:40:17.795657+00:00,/nfs/data/sz_44/20260829/episode_20260829_101326_000_31254567.npy.mp4
01a04d02-fe88-7dbf-8d91-bd5cae73d98d,industrial packing,completed,yam,yam_0_61,24.1,huangrongbo,good,,,prod,2026-08-29 12:33:35.360158+00:00,2026-08-31 02:40:17.581728+00:00,/nfs/data/sz_44/20260829/episode_20260829_101357_000_5db84d4c.npy.mp4
01a04d03-d560-79b9-be84-7754d879af2b,industrial packing,completed,yam,yam_0_61,22.8,huangrongbo,good,,,prod,2026-08-29 12:32:08.522885+00:00,2026-08-31 02:40:17.398211+00:00,/nfs/data/sz_44/20260829/episode_20260829_101452_000_ed8b276b.npy.mp4
01a04d03-6be8-7d82-9758-9025f26859ab,industrial packing,completed,yam,yam_0_61,23.2,huangrongbo,good,,,prod,2026-08-29 12:35:51.401847+00:00,2026-08-31 02:40:17.393757+00:00,/nfs/data/sz_44/20260829/episode_20260829_101425_000_d0e0d540.npy.mp4
01a04d04-3ed8-71d6-8308-7c5ee33b23ce,industrial packing,completed,yam,yam_0_61,22.7,huangrongbo,good,,,prod,2026-08-29 12:32:21.371999+00:00,2026-08-31 02:40:17.331213+00:00,/nfs/data/sz_44/20260829/episode_20260829_101519_000_e8ddefeb.npy.mp4
01a04d04-a850-7ac8-b41e-290f13c6af13,industrial packing,completed,yam,yam_0_61,25.8,huangrongbo,good,,,prod,2026-08-29 12:31:42.869079+00:00,2026-08-31 02:40:16.793848+00:00,/nfs/data/sz_44/20260829/episode_20260829_101546_000_f97f8b83.npy.mp4
01a04d05-1d80-7af2-99dc-ba33a952731e,industrial packing,completed,yam,yam_0_61,24.9,huangrongbo,good,,,prod,2026-08-29 12:30:58.428923+00:00,2026-08-31 02:40:16.581780+00:00,/nfs/data/sz_44/20260829/episode_20260829_101616_000_1d3b8665.npy.mp4
01a04d05-fc28-7bac-8d75-35d08c75fd8f,industrial packing,completed,yam,yam_0_61,25.9,huangrongbo,good,,,prod,2026-08-29 12:37:35.682077+00:00,2026-08-31 02:40:16.420789+00:00,/nfs/data/sz_44/20260829/episode_20260829_101713_000_93ba8b58.npy.mp4
01a04d05-8ae0-7e43-a698-42985293b4cc,industrial packing,completed,yam,yam_0_61,24.5,huangrongbo,good,,,prod,2026-08-29 12:34:36.149733+00:00,2026-08-31 02:40:16.418337+00:00,/nfs/data/sz_44/20260829/episode_20260829_101644_000_23ca518d.npy.mp4
01a04d06-7158-775d-8897-901e6621c777,industrial packing,completed,yam,yam_0_61,24.5,huangrongbo,good,,,prod,2026-08-29 12:30:48.834076+00:00,2026-08-31 02:40:16.307765+00:00,/nfs/data/sz_44/20260829/episode_20260829_101743_000_c98bc647.npy.mp4
01a04d06-deb8-7afd-865d-d9ba8092d93b,industrial packing,completed,yam,yam_0_61,25.2,huangrongbo,good,,,prod,2026-08-29 12:32:52.437831+00:00,2026-08-31 02:40:15.766252+00:00,/nfs/data/sz_44/20260829/episode_20260829_101811_000_3df107a0.npy.mp4
01a04d07-5000-700d-b23f-5211a2df3469,industrial packing,completed,yam,yam_0_61,23.8,huangrongbo,good,,,prod,2026-08-29 12:31:24.978014+00:00,2026-08-31 02:40:15.559196+00:00,/nfs/data/sz_44/20260829/episode_20260829_101840_000_d4d9d677.npy.mp4
01a04d07-c530-7714-9b3b-5a5c8949a47f,industrial packing,completed,yam,yam_0_61,24.5,huangrongbo,good,,,prod,2026-08-29 12:37:00.922253+00:00,2026-08-31 02:40:15.320745+00:00,/nfs/data/sz_44/20260829/episode_20260829_101910_000_f3d6be6d.npy.mp4
01a04d08-3290-7d10-8919-65d5e278b678,industrial packing,completed,yam,yam_0_61,24.7,huangrongbo,good,,,prod,2026-08-29 12:31:08.018897+00:00,2026-08-31 02:40:08.338343+00:00,/nfs/data/sz_44/20260829/episode_20260829_101938_000_008b72b2.npy.mp4
01a04d08-a3d8-7a45-9d98-4bf63f474709,industrial packing,completed,yam,yam_0_61,24.6,huangrongbo,good,,,prod,2026-08-29 12:34:23.461538+00:00,2026-08-31 02:40:08.255005+00:00,/nfs/data/sz_44/20260829/episode_20260829_102007_000_2f7b0762.npy.mp4
01a04d09-1520-7e81-90c3-092c39d5729f,industrial packing,completed,yam,yam_0_61,26.0,huangrongbo,good,,,prod,2026-08-29 12:35:03.517765+00:00,2026-08-31 02:40:07.686447+00:00,/nfs/data/sz_44/20260829/episode_20260829_102036_000_e2fa29ac.npy.mp4
01a04d09-8a50-7782-88fe-7f2984e21ddf,industrial packing,completed,yam,yam_0_61,24.9,huangrongbo,good,,,prod,2026-08-29 12:35:20.407226+00:00,2026-08-31 02:40:07.468843+00:00,/nfs/data/sz_44/20260829/episode_20260829_102106_000_07028ac5.npy.mp4
01a04d09-f7b0-7b41-847f-c43dca2ae936,industrial packing,completed,yam,yam_0_61,26.5,huangrongbo,good,,,prod,2026-08-29 12:36:17.743971+00:00,2026-08-31 02:40:07.424466+00:00,/nfs/data/sz_44/20260829/episode_20260829_102134_000_52bc7b05.npy.mp4
01a04d0a-70c8-791b-8416-cc8829a6723b,industrial packing,completed,yam,yam_0_61,26.5,huangrongbo,good,,,prod,2026-08-29 12:29:57.213883+00:00,2026-08-31 02:40:07.391565+00:00,/nfs/data/sz_44/20260829/episode_20260829_102205_000_2d2eb603.npy.mp4
01a04d0a-e5f8-7035-9386-83dbe2935b25,industrial packing,completed,yam,yam_0_61,22.9,huangrongbo,good,,,prod,2026-08-29 12:37:27.206047+00:00,2026-08-31 02:40:07.319357+00:00,/nfs/data/sz_44/20260829/episode_20260829_102235_000_0838e701.npy.mp4
01a04d0b-4f70-7219-896c-65dd7635a3af,industrial packing,completed,yam,yam_0_61,24.6,huangrongbo,good,,,prod,2026-08-29 12:36:09.295567+00:00,2026-08-31 02:40:06.822642+00:00,/nfs/data/sz_44/20260829/episode_20260829_102302_000_51175827.npy.mp4
01a04d0b-c0b8-75b2-b5eb-9032994e4ecd,industrial packing,completed,yam,yam_0_61,25.0,huangrongbo,good,,,prod,2026-08-29 12:29:26.104999+00:00,2026-08-31 02:40:06.724168+00:00,/nfs/data/sz_44/20260829/episode_20260829_102331_000_8084dece.npy.mp4
01a04d0c-3200-7d21-a6e1-a0ec0f9dc0ee,industrial packing,completed,yam,yam_0_61,21.6,huangrongbo,good,,,prod,2026-08-29 12:33:00.063573+00:00,2026-08-31 02:40:06.607122+00:00,/nfs/data/sz_44/20260829/episode_20260829_102400_000_8fbf6f7a.npy.mp4
01a04d0c-9790-778e-ab6f-b7442372388e,industrial packing,completed,yam,yam_0_61,24.8,huangrongbo,good,,,prod,2026-08-29 12:28:54.758540+00:00,2026-08-31 02:40:06.592174+00:00,/nfs/data/sz_44/20260829/episode_20260829_102426_000_f202c5dd.npy.mp4
01a04d0d-08d8-7fa7-a9af-b22549b1d0c6,industrial packing,completed,yam,yam_0_61,20.1,huangrongbo,good,,,prod,2026-08-29 12:37:05.134921+00:00,2026-08-31 02:40:06.465011+00:00,/nfs/data/sz_44/20260829/episode_20260829_102455_000_2b5c6360.npy.mp4
01a04d0d-6698-73e0-b68f-7f1016dfc2f7,industrial packing,completed,yam,yam_0_61,23.1,huangrongbo,good,,,prod,2026-08-29 12:36:48.264337+00:00,2026-08-31 02:40:06.367730+00:00,/nfs/data/sz_44/20260829/episode_20260829_102519_000_006a9b02.npy.mp4
01a04d0d-d7e0-7faa-b0f2-43b4523e0570,industrial packing,completed,yam,yam_0_61,20.2,huangrongbo,good,,,prod,2026-08-29 12:33:22.534324+00:00,2026-08-31 02:40:05.867963+00:00,/nfs/data/sz_44/20260829/episode_20260829_102548_000_6039af37.npy.mp4
01a04d0e-31b8-72cb-810a-0b5e6e4aa94c,industrial packing,completed,yam,yam_0_61,22.2,huangrongbo,good,,,prod,2026-08-29 12:34:05.353901+00:00,2026-08-31 02:40:05.770075+00:00,/nfs/data/sz_44/20260829/episode_20260829_102611_000_3dca28e1.npy.mp4
01a04d0e-9b30-7454-8bd6-d2c215e078b3,industrial packing,completed,yam,yam_0_61,21.7,huangrongbo,good,,,prod,2026-08-29 12:36:26.177999+00:00,2026-08-31 02:40:05.552038+00:00,/nfs/data/sz_44/20260829/episode_20260829_102638_000_ff61fc24.npy.mp4
01a04d0e-fcd8-7854-a715-ed9b77c9feab,industrial packing,completed,yam,yam_0_61,20.3,huangrongbo,good,,,prod,2026-08-29 12:30:14.387762+00:00,2026-08-31 02:40:05.514861+00:00,/nfs/data/sz_44/20260829/episode_20260829_102703_000_46e3d362.npy.mp4
01a04d0f-5e80-7936-80a7-6c53ec18c45f,industrial packing,completed,yam,yam_0_61,23.2,huangrongbo,good,,,prod,2026-08-29 12:29:03.434292+00:00,2026-08-31 02:40:05.399263+00:00,/nfs/data/sz_44/20260829/episode_20260829_102728_000_db341f61.npy.mp4
01a04d0f-cbe0-71e1-8a6f-bee68be562f4,industrial packing,completed,yam,yam_0_61,21.1,huangrongbo,good,,,prod,2026-08-29 12:31:29.198531+00:00,2026-08-31 02:40:04.795362+00:00,/nfs/data/sz_44/20260829/episode_20260829_102756_000_2f536e05.npy.mp4
01a04d11-bfe0-7351-b741-6a45c3450975,industrial packing,completed,yam,yam_0_61,25.4,huangrongbo,good,,,prod,2026-08-29 12:34:49.870057+00:00,2026-08-31 02:40:04.706578+00:00,/nfs/data/sz_44/20260829/episode_20260829_103004_000_e9f060bb.npy.mp4
01a04d12-a270-75cd-8994-5244bcfd2374,industrial packing,completed,yam,yam_0_61,22.9,huangrongbo,good,,,prod,2026-08-29 12:29:44.279538+00:00,2026-08-31 02:40:04.627139+00:00,/nfs/data/sz_44/20260829/episode_20260829_103102_000_463725eb.npy.mp4
01a04d12-3128-73b0-a6cf-88a65633dd07,industrial packing,completed,yam,yam_0_61,25.3,huangrongbo,good,,,prod,2026-08-29 12:30:24.016350+00:00,2026-08-31 02:40:04.544069+00:00,/nfs/data/sz_44/20260829/episode_20260829_103033_000_eb599c58.npy.mp4
01a04d13-0fd0-7c76-8e46-7d0f304d8aa0,industrial packing,completed,yam,yam_0_61,24.5,huangrongbo,good,,,prod,2026-08-29 12:37:31.467611+00:00,2026-08-31 02:40:04.485097+00:00,/nfs/data/sz_44/20260829/episode_20260829_103130_000_c297d583.npy.mp4
01a04d13-ea90-7076-96fb-021a245e20c6,industrial packing,completed,yam,yam_0_61,24.9,huangrongbo,good,,,prod,2026-08-29 12:31:37.635778+00:00,2026-08-31 02:40:03.810033+00:00,/nfs/data/sz_44/20260829/episode_20260829_103226_000_db15435a.npy.mp4
01a04d13-7d30-738c-89dc-4f06d734a1ca,industrial packing,completed,yam,yam_0_61,23.3,huangrongbo,good,,,prod,2026-08-29 12:33:48.211385+00:00,2026-08-31 02:40:03.730719+00:00,/nfs/data/sz_44/20260829/episode_20260829_103158_000_1e692b35.npy.mp4
01a04d14-5bd8-7d50-8438-ceef71558226,industrial packing,completed,yam,yam_0_61,22.2,huangrongbo,good,,,prod,2026-08-29 12:34:19.246143+00:00,2026-08-31 02:40:03.681757+00:00,/nfs/data/sz_44/20260829/episode_20260829_103255_000_50f341ba.npy.mp4
01a04d14-c168-74e0-94bb-3084ffcd333e,industrial packing,completed,yam,yam_0_61,22.6,huangrongbo,good,,,prod,2026-08-29 12:35:07.745849+00:00,2026-08-31 02:40:03.530533+00:00,/nfs/data/sz_44/20260829/episode_20260829_103321_000_d32999dd.npy.mp4
01a04d15-2ae0-71da-b3f8-191e4412b8a5,industrial packing,completed,yam,yam_0_61,22.4,huangrongbo,good,,,prod,2026-08-29 12:35:11.964277+00:00,2026-08-31 02:40:03.455322+00:00,/nfs/data/sz_44/20260829/episode_20260829_103348_000_6edf8ea3.npy.mp4
01a04d15-f600-7877-a0d3-ea683406f2b8,industrial packing,completed,yam,yam_0_61,24.0,huangrongbo,good,,,prod,2026-08-29 12:35:42.952861+00:00,2026-08-31 02:40:03.445213+00:00,/nfs/data/sz_44/20260829/episode_20260829_103440_000_579497b1.npy.mp4
01a04d15-9458-7a36-a08c-6fb8ef9dcc7f,industrial packing,completed,yam,yam_0_61,21.4,huangrongbo,good,,,prod,2026-08-29 12:29:47.644194+00:00,2026-08-31 02:40:03.328879+00:00,/nfs/data/sz_44/20260829/episode_20260829_103415_000_c172e0c6.npy.mp4
01a04d16-6360-7a8c-a0b5-dde131e7420e,industrial packing,completed,yam,yam_0_61,23.3,huangrongbo,good,,,prod,2026-08-29 12:30:18.700875+00:00,2026-08-31 02:40:02.796264+00:00,/nfs/data/sz_44/20260829/episode_20260829_103508_000_d415024f.npy.mp4
01a04d16-ccd8-70ba-a556-fca723036d02,industrial packing,completed,yam,yam_0_61,21.8,huangrongbo,good,,,prod,2026-08-29 12:30:31.663596+00:00,2026-08-31 02:40:02.669191+00:00,/nfs/data/sz_44/20260829/episode_20260829_103535_000_18c1ea90.npy.mp4
01a04d17-3650-7faf-8491-90e81f1bb0c7,industrial packing,completed,yam,yam_0_61,22.4,huangrongbo,good,,,prod,2026-08-29 12:29:39.941183+00:00,2026-08-31 02:40:02.502902+00:00,/nfs/data/sz_44/20260829/episode_20260829_103602_000_652cbce2.npy.mp4
01a04d17-9be0-733e-a73e-cf54432eaf52,industrial packing,completed,yam,yam_0_61,22.6,huangrongbo,good,,,prod,2026-08-29 12:30:40.257956+00:00,2026-08-31 02:40:02.386363+00:00,/nfs/data/sz_44/20260829/episode_20260829_103628_000_eafcea34.npy.mp4
01a04d18-0558-7ca9-ac10-0c1077b178a0,industrial packing,completed,yam,yam_0_61,22.7,huangrongbo,good,,,prod,2026-08-29 12:32:29.986637+00:00,2026-08-31 02:40:02.344055+00:00,/nfs/data/sz_44/20260829/episode_20260829_103655_000_2210cec6.npy.mp4
01a04d18-6ed0-752a-855a-ab790681e3e7,industrial packing,completed,yam,yam_0_61,22.9,huangrongbo,good,,,prod,2026-08-29 12:34:27.673844+00:00,2026-08-31 02:40:01.842288+00:00,/nfs/data/sz_44/20260829/episode_20260829_103722_000_21f351da.npy.mp4
01a04d18-d848-772f-96b3-df65af38d845,industrial packing,completed,yam,yam_0_61,21.6,huangrongbo,good,,,prod,2026-08-29 12:30:01.590928+00:00,2026-08-31 02:40:01.622306+00:00,/nfs/data/sz_44/20260829/episode_20260829_103749_000_9e51719a.npy.mp4
01a04d19-3dd8-76e2-af27-c042c04dcd80,industrial packing,completed,yam,yam_0_61,20.8,huangrongbo,good,,,prod,2026-08-29 12:37:17.788700+00:00,2026-08-31 02:40:01.594158+00:00,/nfs/data/sz_44/20260829/episode_20260829_103815_000_71512182.npy.mp4
01a04d19-9f80-73ab-a94d-6674d5bcbe15,industrial packing,completed,yam,yam_0_61,21.7,huangrongbo,good,,,prod,2026-08-29 12:35:33.441232+00:00,2026-08-31 02:40:01.415324+00:00,/nfs/data/sz_44/20260829/episode_20260829_103840_000_44aa5ad7.npy.mp4
01a04d1a-0510-74e4-b0f7-8951a6746fc6,industrial packing,completed,yam,yam_0_61,22.8,huangrongbo,good,,,prod,2026-08-29 12:36:34.612554+00:00,2026-08-31 02:40:01.392316+00:00,/nfs/data/sz_44/20260829/episode_20260829_103906_000_6d74551b.npy.mp4
01a04d1a-6e88-7d41-9a21-815ce8dd7699,industrial packing,completed,yam,yam_0_61,27.8,huangrongbo,good,,,prod,2026-08-29 12:37:14.568319+00:00,2026-08-31 02:40:01.380097+00:00,/nfs/data/sz_44/20260829/episode_20260829_103933_000_1c519657.npy.mp4
01a04d1a-f358-74e1-a4df-81efa006271f,industrial packing,completed,yam,yam_0_61,27.5,huangrongbo,good,,,prod,2026-08-29 12:30:54.150658+00:00,2026-08-31 02:40:01.292049+00:00,/nfs/data/sz_44/20260829/episode_20260829_104007_000_4b5ebcd9.npy.mp4
01a04d1b-6c70-78d0-80bc-5fe5dd62c73c,industrial packing,completed,yam,yam_0_61,27.6,huangrongbo,good,,,prod,2026-08-29 12:29:12.082354+00:00,2026-08-31 02:40:00.781519+00:00,/nfs/data/sz_44/20260829/episode_20260829_104038_000_57bde410.npy.mp4
01a04d1b-e970-7d2e-9dc5-7c2c794f3c6a,industrial packing,completed,yam,yam_0_61,26.1,huangrongbo,good,,,prod,2026-08-29 12:34:45.637968+00:00,2026-08-31 02:40:00.677475+00:00,/nfs/data/sz_44/20260829/episode_20260829_104110_000_374fb425.npy.mp4
01a04d1c-5ea0-7d78-a662-92f8493d84f5,industrial packing,completed,yam,yam_0_61,26.7,huangrongbo,good,,,prod,2026-08-29 12:31:03.695208+00:00,2026-08-31 02:40:00.464749+00:00,/nfs/data/sz_44/20260829/episode_20260829_104140_000_32652487.npy.mp4
01a04d1c-d7b8-77f2-92bf-f6633b6d36dd,industrial packing,completed,yam,yam_0_61,27.3,huangrongbo,good,,,prod,2026-08-29 12:31:16.529671+00:00,2026-08-31 02:40:00.412155+00:00,/nfs/data/sz_44/20260829/episode_20260829_104211_000_d959614d.npy.mp4
01a04d1d-54b8-7183-9512-a3f426a193cd,industrial packing,completed,yam,yam_0_61,24.2,huangrongbo,good,,,prod,2026-08-29 12:35:16.183047+00:00,2026-08-31 02:40:00.354161+00:00,/nfs/data/sz_44/20260829/episode_20260829_104243_000_e9618947.npy.mp4
01a04d1d-c600-7e29-a478-df1c827ad659,industrial packing,completed,yam,yam_0_61,25.0,huangrongbo,good,,,prod,2026-08-29 12:33:31.080187+00:00,2026-08-31 02:39:59.810100+00:00,/nfs/data/sz_44/20260829/episode_20260829_104312_000_756e16ca.npy.mp4
01a04d1e-3748-7c56-b452-5064e0c9e5eb,industrial packing,completed,yam,yam_0_61,25.1,huangrongbo,good,,,prod,2026-08-29 12:31:47.190020+00:00,2026-08-31 02:39:59.581508+00:00,/nfs/data/sz_44/20260829/episode_20260829_104341_000_b569ddca.npy.mp4
01a04d1e-a890-74c4-ac03-b2721b5085ab,industrial packing,completed,yam,yam_0_61,25.0,huangrongbo,good,,,prod,2026-08-29 12:35:25.624590+00:00,2026-08-31 02:39:59.482565+00:00,/nfs/data/sz_44/20260829/episode_20260829_104410_000_287575a7.npy.mp4
01a04d1f-19d8-7894-b6d9-b9469cae9815,industrial packing,completed,yam,yam_0_61,24.1,huangrongbo,good,,,prod,2026-08-29 12:37:22.996833+00:00,2026-08-31 02:39:59.423126+00:00,/nfs/data/sz_44/20260829/episode_20260829_104439_000_1f83f862.npy.mp4
01a04d1f-8b20-7692-adbe-210cf924be29,industrial packing,completed,yam,yam_0_61,21.9,huangrongbo,good,,,prod,2026-08-29 12:32:48.172653+00:00,2026-08-31 02:39:59.319289+00:00,/nfs/data/sz_44/20260829/episode_20260829_104508_000_1b1110af.npy.mp4
01a04d1f-f0b0-7df4-a72a-dc696a4fb017,industrial packing,completed,yam,yam_0_61,26.5,huangrongbo,good,,,prod,2026-08-29 12:30:11.108924+00:00,2026-08-31 02:39:58.801853+00:00,/nfs/data/sz_44/20260829/episode_20260829_104534_000_4a5ad7cf.npy.mp4
01a04d20-65e0-79e2-9a9b-a659df62aae4,industrial packing,completed,yam,yam_0_61,25.3,huangrongbo,good,,,prod,2026-08-29 12:33:18.251027+00:00,2026-08-31 02:39:58.635835+00:00,/nfs/data/sz_44/20260829/episode_20260829_104604_000_b6ef6827.npy.mp4
01a04d20-db10-7674-a18f-c6b11c8e75f2,industrial packing,completed,yam,yam_0_61,24.7,huangrongbo,good,,,prod,2026-08-29 12:35:38.716227+00:00,2026-08-31 02:39:58.471852+00:00,/nfs/data/sz_44/20260829/episode_20260829_104634_000_312b5791.npy.mp4
01a04d21-4870-7f22-b1d5-7d504c1ad4af,industrial packing,completed,yam,yam_0_61,23.4,huangrongbo,good,,,prod,2026-08-29 12:34:31.885712+00:00,2026-08-31 02:39:58.453573+00:00,/nfs/data/sz_44/20260829/episode_20260829_104702_000_9c54e03f.npy.mp4
01a04d21-b5d0-766d-9fb4-6302da0fef49,industrial packing,completed,yam,yam_0_61,22.8,huangrongbo,good,,,prod,2026-08-29 12:29:51.918822+00:00,2026-08-31 02:39:58.340393+00:00,/nfs/data/sz_44/20260829/episode_20260829_104730_000_2a1710c9.npy.mp4
01a04d22-1f48-72cb-8e14-9f1bb2bb9f90,industrial packing,completed,yam,yam_0_61,27.3,huangrongbo,good,,,prod,2026-08-29 12:29:17.442488+00:00,2026-08-31 02:39:57.828219+00:00,/nfs/data/sz_44/20260829/episode_20260829_104757_000_58b763b1.npy.mp4
01a04d22-9860-77cf-8884-e22a1a8e867d,industrial packing,completed,yam,yam_0_61,21.8,huangrongbo,good,,,prod,2026-08-29 12:31:55.707364+00:00,2026-08-31 02:39:57.675944+00:00,/nfs/data/sz_44/20260829/episode_20260829_104828_000_ba9b9f69.npy.mp4
01a04d22-fdf0-7ab5-ab34-a19f232fab38,industrial packing,completed,yam,yam_0_61,23.6,huangrongbo,good,,,prod,2026-08-29 12:29:21.762816+00:00,2026-08-31 02:39:57.469095+00:00,/nfs/data/sz_44/20260829/episode_20260829_104854_000_3fd4f482.npy.mp4
01a04d23-6b50-713f-a079-481f36f4d461,industrial packing,completed,yam,yam_0_61,24.7,huangrongbo,good,,,prod,2026-08-29 12:36:44.059667+00:00,2026-08-31 02:39:57.389197+00:00,/nfs/data/sz_44/20260829/episode_20260829_104922_000_c505a933.npy.mp4
01a04d23-e080-7250-a8dc-e357e06df029,industrial packing,completed,yam,yam_0_61,25.2,huangrongbo,good,,,prod,2026-08-29 12:34:10.695788+00:00,2026-08-31 02:39:57.346511+00:00,/nfs/data/sz_44/20260829/episode_20260829_104952_000_4c605ad3.npy.mp4
01a04d24-51c8-745b-a04c-0f296d6776f0,industrial packing,completed,yam,yam_0_61,22.3,huangrongbo,good,,,prod,2026-08-29 12:30:35.996379+00:00,2026-08-31 02:39:56.795269+00:00,/nfs/data/sz_44/20260829/episode_20260829_105021_000_6a4c5284.npy.mp4
01a04d24-bb40-704a-8433-25edc368f87c,industrial packing,completed,yam,yam_0_61,23.5,huangrongbo,good,,,prod,2026-08-29 12:32:34.350523+00:00,2026-08-31 02:39:56.589737+00:00,/nfs/data/sz_44/20260829/episode_20260829_105048_000_e6011e2d.npy.mp4
01a04d25-28a0-73c6-95cf-9eaff4016cbb,industrial packing,completed,yam,yam_0_61,23.1,huangrongbo,good,,,prod,2026-08-29 12:31:59.990047+00:00,2026-08-31 02:39:56.422766+00:00,/nfs/data/sz_44/20260829/episode_20260829_105116_000_ba9d850b.npy.mp4
01a04d25-9218-7280-b16d-e71196dc12cb,industrial packing,completed,yam,yam_0_61,22.3,huangrongbo,good,,,prod,2026-08-29 12:32:04.244750+00:00,2026-08-31 02:39:56.375383+00:00,/nfs/data/sz_44/20260829/episode_20260829_105143_000_b066f3f7.npy.mp4
01a04d25-fb90-7da0-9fc0-cd17b77a9c25,industrial packing,completed,yam,yam_0_61,23.0,huangrongbo,good,,,prod,2026-08-29 12:32:25.670200+00:00,2026-08-31 02:39:56.269859+00:00,/nfs/data/sz_44/20260829/episode_20260829_105210_000_4e456dab.npy.mp4
01a04d28-1e70-7805-aa29-7935957fae52,industrial packing,completed,yam,yam_0_61,23.7,huangrongbo,good,,,prod,2026-08-29 12:29:35.693086+00:00,2026-08-31 02:39:55.686553+00:00,/nfs/data/sz_44/20260829/episode_20260829_105430_000_456d06ce.npy.mp4
01a04d28-8bd0-7799-b305-1284dafe6099,industrial packing,completed,yam,yam_0_61,24.0,huangrongbo,good,,,prod,2026-08-29 12:36:00.841710+00:00,2026-08-31 02:39:55.468267+00:00,/nfs/data/sz_44/20260829/episode_20260829_105458_000_d24f0fa7.npy.mp4
01a04d28-f930-7e1c-8723-526df9e4d6a8,industrial packing,completed,yam,yam_0_61,22.9,huangrongbo,good,,,prod,2026-08-29 12:29:07.793014+00:00,2026-08-31 02:39:55.396525+00:00,/nfs/data/sz_44/20260829/episode_20260829_105526_000_eb4afb58.npy.mp4
01a04d29-62a8-7339-952b-5e55479031cc,industrial packing,completed,yam,yam_0_61,23.0,huangrongbo,good,,,prod,2026-08-29 12:30:44.536615+00:00,2026-08-31 02:39:55.352781+00:00,/nfs/data/sz_44/20260829/episode_20260829_105553_000_43dc9cbd.npy.mp4
01a04d29-cc20-7cb6-945e-870d87232925,industrial packing,completed,yam,yam_0_61,24.6,huangrongbo,good,,,prod,2026-08-29 12:34:40.378371+00:00,2026-08-31 02:39:54.852765+00:00,/nfs/data/sz_44/20260829/episode_20260829_105620_000_88f42958.npy.mp4
01a04d2a-4150-7db0-9e50-5aba2ca048b2,industrial packing,completed,yam,yam_0_61,22.4,huangrongbo,good,,,prod,2026-08-29 12:33:52.486163+00:00,2026-08-31 02:39:54.644457+00:00,/nfs/data/sz_44/20260829/episode_20260829_105650_000_81e6f513.npy.mp4
01a04d2a-aac8-78a6-ab3f-12228e33a0fb,industrial packing,completed,yam,yam_0_61,22.9,huangrongbo,good,,,prod,2026-08-29 12:31:12.286370+00:00,2026-08-31 02:39:54.474083+00:00,/nfs/data/sz_44/20260829/episode_20260829_105717_000_777c0a83.npy.mp4
01a04d2b-1058-7e14-b92b-327cad5c9d19,industrial packing,completed,yam,yam_0_61,21.4,huangrongbo,good,,,prod,2026-08-29 12:33:39.643106+00:00,2026-08-31 02:39:54.408720+00:00,/nfs/data/sz_44/20260829/episode_20260829_105743_000_d216195b.npy.mp4
01a04d2b-79d0-7343-8a6d-04c59819d950,industrial packing,completed,yam,yam_0_61,23.5,huangrongbo,good,,,prod,2026-08-29 12:36:30.391721+00:00,2026-08-31 02:39:54.355469+00:00,/nfs/data/sz_44/20260829/episode_20260829_105810_000_3fe5441d.npy.mp4
01a04d2b-e348-7e44-aada-56cb820f9158,industrial packing,completed,yam,yam_0_61,23.1,huangrongbo,good,,,prod,2026-08-29 12:34:54.073734+00:00,2026-08-31 02:39:53.862955+00:00,/nfs/data/sz_44/20260829/episode_20260829_105837_000_45a7acad.npy.mp4
01a04d2c-50a8-72de-9551-0aa159343685,industrial packing,completed,yam,yam_0_61,23.1,huangrongbo,good,,,prod,2026-08-29 12:34:14.027366+00:00,2026-08-31 02:39:53.648375+00:00,/nfs/data/sz_44/20260829/episode_20260829_105905_000_117d475d.npy.mp4
01a04d2c-be08-7abd-a0d9-04b44d8b37a4,industrial packing,completed,yam,yam_0_61,22.9,huangrongbo,good,,,prod,2026-08-29 12:36:52.481660+00:00,2026-08-31 02:39:53.450737+00:00,/nfs/data/sz_44/20260829/episode_20260829_105933_000_10f323f6.npy.mp4
01a04d2d-4aa8-7ac9-aba2-de80b3f59519,industrial packing,completed,yam,yam_0_61,23.5,huangrongbo,good,,,prod,2026-08-29 12:35:47.166499+00:00,2026-08-31 02:39:53.438315+00:00,/nfs/data/sz_44/20260829/episode_20260829_110009_000_f76bd19e.npy.mp4
01a04d3c-65d8-7883-ada2-54cb2d555b83,industrial packing,completed,yam,yam_0_61,25.5,huangrongbo,good,,,prod,2026-08-29 12:28:59.036168+00:00,2026-08-31 02:39:53.391440+00:00,/nfs/data/sz_44/20260829/episode_20260829_111639_000_226f6dd1.npy.mp4
01a04d3c-db08-7acb-82ee-8b914192f15a,industrial packing,completed,yam,yam_0_61,25.8,huangrongbo,good,,,prod,2026-08-29 12:33:56.769304+00:00,2026-08-31 02:39:53.231816+00:00,/nfs/data/sz_44/20260829/episode_20260829_111709_000_55d1bd70.npy.mp4
01a04d3d-5420-7d8e-8483-59eb997bd962,industrial packing,completed,yam,yam_0_61,26.8,huangrongbo,good,,,prod,2026-08-29 12:33:13.974490+00:00,2026-08-31 02:39:52.780419+00:00,/nfs/data/sz_44/20260829/episode_20260829_111740_000_8afe1560.npy.mp4
01a04d3d-cd38-7503-b938-d9840f4943bf,industrial packing,completed,yam,yam_0_61,25.2,huangrongbo,good,,,prod,2026-08-29 12:35:56.615507+00:00,2026-08-31 02:39:52.654360+00:00,/nfs/data/sz_44/20260829/episode_20260829_111811_000_b122c68c.npy.mp4
01a04d3e-4268-7bd7-8a5d-a3b4486a1593,industrial packing,completed,yam,yam_0_61,24.2,huangrongbo,good,,,prod,2026-08-29 12:36:21.962749+00:00,2026-08-31 02:39:52.520207+00:00,/nfs/data/sz_44/20260829/episode_20260829_111841_000_208d2f32.npy.mp4
01a04d3e-b3b0-70e1-93a0-04f7d815325c,industrial packing,completed,yam,yam_0_61,23.5,huangrongbo,good,,,prod,2026-08-29 12:33:04.358752+00:00,2026-08-31 02:39:52.416371+00:00,/nfs/data/sz_44/20260829/episode_20260829_111910_000_88a3e27d.npy.mp4
01a04d3f-2110-7e79-abad-5c61bc0ef62f,industrial packing,completed,yam,yam_0_61,24.3,huangrongbo,good,,,prod,2026-08-29 12:31:51.440717+00:00,2026-08-31 02:39:52.390204+00:00,/nfs/data/sz_44/20260829/episode_20260829_111938_000_22b49938.npy.mp4
01a04d3f-9258-7b24-988c-5bee8b41acd6,industrial packing,completed,yam,yam_0_61,24.6,huangrongbo,good,,,prod,2026-08-29 12:32:43.900035+00:00,2026-08-31 02:39:52.325848+00:00,/nfs/data/sz_44/20260829/episode_20260829_112007_000_9e7f64ae.npy.mp4
01a04d40-03a0-75cd-92d6-2d71d7c2cdd7,industrial packing,completed,yam,yam_0_61,23.2,huangrongbo,good,,,prod,2026-08-29 12:33:43.948048+00:00,2026-08-31 02:39:51.704397+00:00,/nfs/data/sz_44/20260829/episode_20260829_112036_000_97e9f7ed.npy.mp4
01a04d40-7100-71f3-a959-8468e55596cf,industrial packing,completed,yam,yam_0_61,21.7,huangrongbo,good,,,prod,2026-08-29 12:36:12.519713+00:00,2026-08-31 02:39:51.511387+00:00,/nfs/data/sz_44/20260829/episode_20260829_112104_000_716589bc.npy.mp4
01a04d42-0b28-757b-be68-65aa79a3c47e,industrial packing,completed,yam,yam_0_61,21.3,huangrongbo,good,,,prod,2026-08-29 12:31:33.417855+00:00,2026-08-31 02:39:51.427817+00:00,/nfs/data/sz_44/20260829/episode_20260829_112249_000_5dc3468b.npy.mp4
01a04d42-70b8-77fb-8c46-3b354324316b,industrial packing,completed,yam,yam_0_61,23.3,huangrongbo,good,,,prod,2026-08-29 12:35:30.218323+00:00,2026-08-31 02:39:51.426571+00:00,/nfs/data/sz_44/20260829/episode_20260829_112315_000_03259a78.npy.mp4
01a04d42-f1a0-7727-a3c4-fdced82fdce0,industrial packing,completed,yam,yam_0_61,20.7,huangrongbo,good,,,prod,2026-08-29 12:36:04.062357+00:00,2026-08-31 02:39:51.355937+00:00,/nfs/data/sz_44/20260829/episode_20260829_112348_000_c0169c95.npy.mp4
01a04d43-5348-750c-8968-c8f3904e3f25,industrial packing,completed,yam,yam_0_61,20.8,huangrongbo,good,,,prod,2026-08-29 12:33:26.812961+00:00,2026-08-31 02:39:50.696553+00:00,/nfs/data/sz_44/20260829/episode_20260829_112413_000_b8d76f71.npy.mp4
01a04d43-b4f0-7aed-8b10-cfac3653ce6c,industrial packing,completed,yam,yam_0_61,23.7,huangrongbo,good,,,prod,2026-08-29 12:32:12.799662+00:00,2026-08-31 02:39:50.517797+00:00,/nfs/data/sz_44/20260829/episode_20260829_112438_000_92f1b412.npy.mp4
01a04d44-2250-7ab7-8621-b97b1ba083dd,industrial packing,completed,yam,yam_0_61,22.1,huangrongbo,good,,,prod,2026-08-29 12:33:08.642207+00:00,2026-08-31 02:39:50.469962+00:00,/nfs/data/sz_44/20260829/episode_20260829_112506_000_f1dc7c3d.npy.mp4
01a04d44-87e0-7f41-976c-c33cb5a330fe,industrial packing,completed,yam,yam_0_61,24.1,huangrongbo,good,,,prod,2026-08-29 12:37:09.347016+00:00,2026-08-31 02:39:50.410511+00:00,/nfs/data/sz_44/20260829/episode_20260829_112532_000_b3191961.npy.mp4
01a04d44-f928-733c-bda1-071b8b067e48,industrial packing,completed,yam,yam_0_61,24.0,huangrongbo,good,,,prod,2026-08-29 12:34:01.066126+00:00,2026-08-31 02:39:50.387463+00:00,/nfs/data/sz_44/20260829/episode_20260829_112601_000_a570ba33.npy.mp4
01a04d45-62a0-76d4-b692-892a3976ac8a,industrial packing,completed,yam,yam_0_61,19.4,huangrongbo,good,,,prod,2026-08-29 12:32:55.715527+00:00,2026-08-31 02:39:50.243214+00:00,/nfs/data/sz_44/20260829/episode_20260829_112628_000_163eb42a.npy.mp4
01a04d47-2ba8-7482-a310-a19d61cb3a9b,industrial packing,completed,yam,yam_0_61,23.9,huangrongbo,good,,,prod,2026-08-29 12:32:38.662808+00:00,2026-08-31 02:39:49.775962+00:00,/nfs/data/sz_44/20260829/episode_20260829_112825_000_3e2150a4.npy.mp4
01a055ad-ce28-72fa-bd9b-99bc41f63a18,industrial packing,completed,yam,yam_0_61,25.9,huangrongbo,good,,,prod,2026-08-31 02:39:03.521538+00:00,2026-08-31 02:39:49.490439+00:00,/nfs/data/sz_44/20260831/episode_20260831_023729_000_dc5fee6f.npy.mp4
01a05596-d740-7239-9947-a359c10a4ddc,industrial packing,completed,yam,yam_0_61,26.2,huangrongbo,good,,,prod,2026-08-31 02:14:00.499149+00:00,2026-08-31 02:39:37.410389+00:00,/nfs/data/sz_44/20260831/episode_20260831_021224_000_343602a0.npy.mp4
01a05597-4888-7abf-9401-f9b12d6ae8b0,industrial packing,completed,yam,yam_0_61,23.0,huangrongbo,good,,,prod,2026-08-31 02:14:25.760728+00:00,2026-08-31 02:39:37.340186+00:00,/nfs/data/sz_44/20260831/episode_20260831_021253_000_71009e40.npy.mp4
01a05598-a048-7939-9a3f-dd465ff856fc,industrial packing,completed,yam,yam_0_61,21.1,huangrongbo,good,,,prod,2026-08-31 02:15:51.195958+00:00,2026-08-31 02:39:37.329167+00:00,/nfs/data/sz_44/20260831/episode_20260831_021421_000_feda66e9.npy.mp4
01a05599-01f0-7e76-8958-74c1eb297e92,industrial packing,completed,yam,yam_0_61,21.4,huangrongbo,good,,,prod,2026-08-31 02:16:15.515688+00:00,2026-08-31 02:39:36.790319+00:00,/nfs/data/sz_44/20260831/episode_20260831_021446_000_10818f94.npy.mp4
01a05599-6780-7174-82d7-53d6df754f37,industrial packing,completed,yam,yam_0_61,24.7,huangrongbo,good,,,prod,2026-08-31 02:16:46.819763+00:00,2026-08-31 02:39:36.599578+00:00,/nfs/data/sz_44/20260831/episode_20260831_021512_000_5f982a9a.npy.mp4
01a05599-d4e0-7fb9-86a1-2a05330b3f40,industrial packing,completed,yam,yam_0_61,23.7,huangrongbo,good,,,prod,2026-08-31 02:17:12.174218+00:00,2026-08-31 02:39:36.389525+00:00,/nfs/data/sz_44/20260831/episode_20260831_021540_000_b191e2eb.npy.mp4
01a0559a-4240-7170-b83c-c843d87aadb3,industrial packing,completed,yam,yam_0_61,25.2,huangrongbo,good,,,prod,2026-08-31 02:17:43.469203+00:00,2026-08-31 02:39:36.329341+00:00,/nfs/data/sz_44/20260831/episode_20260831_021608_000_ad2fff20.npy.mp4
01a0559a-b388-71c6-ab21-5cd312ca2d75,industrial packing,completed,yam,yam_0_61,23.4,huangrongbo,good,,,prod,2026-08-31 02:18:08.764448+00:00,2026-08-31 02:39:36.305639+00:00,/nfs/data/sz_44/20260831/episode_20260831_021637_000_c593c64f.npy.mp4
01a0559b-20e8-77e1-809d-00eecd0e744d,industrial packing,completed,yam,yam_0_61,23.5,huangrongbo,good,,,prod,2026-08-31 02:18:40.046110+00:00,2026-08-31 02:39:35.768734+00:00,/nfs/data/sz_44/20260831/episode_20260831_021705_000_87d46209.npy.mp4
01a0559b-8a60-74e4-8058-24e22b6cd530,industrial packing,completed,yam,yam_0_61,25.6,huangrongbo,good,,,prod,2026-08-31 02:19:11.356093+00:00,2026-08-31 02:39:35.548922+00:00,/nfs/data/sz_44/20260831/episode_20260831_021732_000_a5645b79.npy.mp4
01a0559b-ff90-70f0-96fa-4fa3ba68fb3e,industrial packing,completed,yam,yam_0_61,24.2,huangrongbo,good,,,prod,2026-08-31 02:19:36.629183+00:00,2026-08-31 02:39:35.399905+00:00,/nfs/data/sz_44/20260831/episode_20260831_021802_000_0a7f6d45.npy.mp4
01a0559c-6cf0-7b13-954c-e9233a29b6f0,industrial packing,completed,yam,yam_0_61,21.5,huangrongbo,good,,,prod,2026-08-31 02:20:01.902862+00:00,2026-08-31 02:39:35.393692+00:00,/nfs/data/sz_44/20260831/episode_20260831_021830_000_cb0a867a.npy.mp4
01a0559c-d280-7503-864c-90f0fde300d6,industrial packing,completed,yam,yam_0_61,25.6,huangrongbo,good,,,prod,2026-08-31 02:20:33.185516+00:00,2026-08-31 02:39:35.312177+00:00,/nfs/data/sz_44/20260831/episode_20260831_021856_000_78db473f.npy.mp4
01a0559d-47b0-75a5-ad1b-839d9d0f4e2d,industrial packing,completed,yam,yam_0_61,24.1,huangrongbo,good,,,prod,2026-08-31 02:20:58.444964+00:00,2026-08-31 02:39:34.765534+00:00,/nfs/data/sz_44/20260831/episode_20260831_021926_000_43047bb0.npy.mp4
01a0559e-0b00-771e-9399-ffecdde09804,industrial packing,completed,yam,yam_0_61,22.8,huangrongbo,good,,,prod,2026-08-31 02:21:48.757179+00:00,2026-08-31 02:39:34.544990+00:00,/nfs/data/sz_44/20260831/episode_20260831_022016_000_3402cada.npy.mp4
01a0559f-9d58-7b70-b752-bb550aaf6d5a,industrial packing,completed,yam,yam_0_61,23.7,huangrongbo,good,,,prod,2026-08-31 02:23:34.398730+00:00,2026-08-31 02:39:34.425241+00:00,/nfs/data/sz_44/20260831/episode_20260831_022159_000_d04f87b0.npy.mp4
01a0559e-7478-7bc5-a0c0-a88864879071,industrial packing,completed,yam,yam_0_61,21.8,huangrongbo,good,,,prod,2026-08-31 02:22:14.021576+00:00,2026-08-31 02:39:34.422126+00:00,/nfs/data/sz_44/20260831/episode_20260831_022043_000_37e93d21.npy.mp4
01a055a0-0ab8-7df8-b10d-691ec9426a9a,industrial packing,completed,yam,yam_0_61,22.6,huangrongbo,good,,,prod,2026-08-31 02:24:00.717900+00:00,2026-08-31 02:39:34.274767+00:00,/nfs/data/sz_44/20260831/episode_20260831_022227_000_4ce8d931.npy.mp4
01a055a0-7048-7d82-9cc5-691bb18d5723,industrial packing,completed,yam,yam_0_61,26.1,huangrongbo,good,,,prod,2026-08-31 02:24:32.000517+00:00,2026-08-31 02:39:33.708010+00:00,/nfs/data/sz_44/20260831/episode_20260831_022253_000_35b687df.npy.mp4
01a055a0-e578-7b4b-8ca4-7e23123e6618,industrial packing,completed,yam,yam_0_61,23.2,huangrongbo,good,,,prod,2026-08-31 02:24:57.276069+00:00,2026-08-31 02:39:33.490406+00:00,/nfs/data/sz_44/20260831/episode_20260831_022323_000_89353579.npy.mp4
01a055a1-c420-7dba-9995-69bc85177d4a,industrial packing,completed,yam,yam_0_61,23.9,huangrongbo,good,,,prod,2026-08-31 02:25:52.707417+00:00,2026-08-31 02:39:33.399311+00:00,/nfs/data/sz_44/20260831/episode_20260831_022420_000_5326e319.npy.mp4
01a055a2-3180-7d02-8481-0ea5315c9f5a,industrial packing,completed,yam,yam_0_61,25.7,huangrongbo,good,,,prod,2026-08-31 02:26:24.029620+00:00,2026-08-31 02:39:33.369501+00:00,/nfs/data/sz_44/20260831/episode_20260831_022448_000_89de56fb.npy.mp4
01a055a2-a6b0-73b9-938d-85b16bb8cd43,industrial packing,completed,yam,yam_0_61,25.4,huangrongbo,good,,,prod,2026-08-31 02:26:55.337725+00:00,2026-08-31 02:39:33.238736+00:00,/nfs/data/sz_44/20260831/episode_20260831_022518_000_48115804.npy.mp4
01a055a3-17f8-76da-9fdb-84f84b2f2eda,industrial packing,completed,yam,yam_0_61,27.1,huangrongbo,good,,,prod,2026-08-31 02:27:26.643324+00:00,2026-08-31 02:39:32.818919+00:00,/nfs/data/sz_44/20260831/episode_20260831_022547_000_a30f9d4d.npy.mp4
01a055a3-9110-7085-ae7d-cf8ca67ef8df,industrial packing,completed,yam,yam_0_61,25.6,huangrongbo,good,,,prod,2026-08-31 02:27:52.909689+00:00,2026-08-31 02:39:32.568133+00:00,/nfs/data/sz_44/20260831/episode_20260831_022618_000_71d9e1cf.npy.mp4
01a055a4-0640-7bb7-b87a-4ec6866546d1,industrial packing,completed,yam,yam_0_61,27.2,huangrongbo,good,,,prod,2026-08-31 02:28:24.219080+00:00,2026-08-31 02:39:32.416333+00:00,/nfs/data/sz_44/20260831/episode_20260831_022648_000_7e1b67d8.npy.mp4
01a055a4-8340-75f1-8bab-d92080cd6a72,industrial packing,completed,yam,yam_0_61,25.1,huangrongbo,good,,,prod,2026-08-31 02:28:54.531114+00:00,2026-08-31 02:39:32.411005+00:00,/nfs/data/sz_44/20260831/episode_20260831_022720_000_49e276d0.npy.mp4
01a055a4-f488-7f60-aa44-fbf4dee12cee,industrial packing,completed,yam,yam_0_61,26.5,huangrongbo,good,,,prod,2026-08-31 02:29:25.844814+00:00,2026-08-31 02:39:32.292632+00:00,/nfs/data/sz_44/20260831/episode_20260831_022749_000_3dd29d5b.npy.mp4
01a055a5-6da0-763f-92c7-ff84439c4c41,industrial packing,completed,yam,yam_0_61,24.4,huangrongbo,good,,,prod,2026-08-31 02:29:57.144159+00:00,2026-08-31 02:39:31.808106+00:00,/nfs/data/sz_44/20260831/episode_20260831_022820_000_569e165b.npy.mp4
01a055a5-db00-79f0-a673-559a47c675c4,industrial packing,completed,yam,yam_0_61,24.5,huangrongbo,good,,,prod,2026-08-31 02:30:22.418391+00:00,2026-08-31 02:39:31.756915+00:00,/nfs/data/sz_44/20260831/episode_20260831_022848_000_3b4f383b.npy.mp4
01a055a6-4c48-7b36-83a8-963363071e74,industrial packing,completed,yam,yam_0_61,25.3,huangrongbo,good,,,prod,2026-08-31 02:30:53.704903+00:00,2026-08-31 02:39:31.617202+00:00,/nfs/data/sz_44/20260831/episode_20260831_022917_000_00475a8a.npy.mp4
01a055a6-c178-7642-9b4c-6f9a07ba6519,industrial packing,completed,yam,yam_0_61,26.3,huangrongbo,good,,,prod,2026-08-31 02:31:24.985849+00:00,2026-08-31 02:39:31.516767+00:00,/nfs/data/sz_44/20260831/episode_20260831_022947_000_a9e33186.npy.mp4
01a055a7-36a8-7949-aa84-5af91b94733d,industrial packing,completed,yam,yam_0_61,23.7,huangrongbo,good,,,prod,2026-08-31 02:31:50.256135+00:00,2026-08-31 02:39:31.454473+00:00,/nfs/data/sz_44/20260831/episode_20260831_023017_000_520a22d9.npy.mp4
01a055a7-a408-7b15-a26f-1f8e24a491bd,industrial packing,completed,yam,yam_0_61,26.4,huangrongbo,good,,,prod,2026-08-31 02:32:21.559258+00:00,2026-08-31 02:39:31.400313+00:00,/nfs/data/sz_44/20260831/episode_20260831_023045_000_87a764e4.npy.mp4
01a055a8-1d20-7412-9d6a-f3cd8f21921f,industrial packing,completed,yam,yam_0_61,25.4,huangrongbo,good,,,prod,2026-08-31 02:32:52.862310+00:00,2026-08-31 02:39:31.378366+00:00,/nfs/data/sz_44/20260831/episode_20260831_023116_000_3c21da51.npy.mp4
01a055a8-8e68-77b9-ab74-305159f79119,industrial packing,completed,yam,yam_0_61,29.1,huangrongbo,good,,,prod,2026-08-31 02:33:24.154165+00:00,2026-08-31 02:39:30.724493+00:00,/nfs/data/sz_44/20260831/episode_20260831_023145_000_37f7b438.npy.mp4
01a055a9-1338-77cc-b7fe-d9033d93b233,industrial packing,completed,yam,yam_0_61,25.6,huangrongbo,good,,,prod,2026-08-31 02:33:55.437967+00:00,2026-08-31 02:39:30.570286+00:00,/nfs/data/sz_44/20260831/episode_20260831_023219_000_0ecdbad1.npy.mp4
01a055a9-8480-7306-8a8b-1aa89df11e48,industrial packing,completed,yam,yam_0_61,25.0,huangrongbo,good,,,prod,2026-08-31 02:34:21.721026+00:00,2026-08-31 02:39:30.402272+00:00,/nfs/data/sz_44/20260831/episode_20260831_023248_000_9c8e8836.npy.mp4
01a055a9-f5c8-758e-bfb4-13480c4c2a4e,industrial packing,completed,yam,yam_0_61,30.1,huangrongbo,good,,,prod,2026-08-31 02:34:58.066619+00:00,2026-08-31 02:39:30.400046+00:00,/nfs/data/sz_44/20260831/episode_20260831_023317_000_74fc80fd.npy.mp4
01a055aa-7e80-7a40-b3fc-c1cdf5ec3f3f,industrial packing,completed,yam,yam_0_61,26.7,huangrongbo,good,,,prod,2026-08-31 02:35:29.387232+00:00,2026-08-31 02:39:30.386863+00:00,/nfs/data/sz_44/20260831/episode_20260831_023352_000_6743c3fc.npy.mp4
01a055aa-f798-7802-9e2f-19091ec85154,industrial packing,completed,yam,yam_0_61,27.9,huangrongbo,good,,,prod,2026-08-31 02:36:01.723210+00:00,2026-08-31 02:39:29.730610+00:00,/nfs/data/sz_44/20260831/episode_20260831_023423_000_cd6980ae.npy.mp4
01a055ab-7880-7831-8c4f-6a58e902820f,industrial packing,completed,yam,yam_0_61,28.7,huangrongbo,good,,,prod,2026-08-31 02:36:38.028638+00:00,2026-08-31 02:39:29.587207+00:00,/nfs/data/sz_44/20260831/episode_20260831_023456_000_2f989f9a.npy.mp4
01a055ab-f968-7c3f-b7a7-de7f9c86b921,industrial packing,completed,yam,yam_0_61,24.8,huangrongbo,good,,,prod,2026-08-31 02:37:04.304759+00:00,2026-08-31 02:39:29.409208+00:00,/nfs/data/sz_44/20260831/episode_20260831_023529_000_237d3111.npy.mp4
01a055ac-6ab0-70b4-ac31-7ef5dc2ddcc7,industrial packing,completed,yam,yam_0_61,26.9,huangrongbo,good,,,prod,2026-08-31 02:37:35.618614+00:00,2026-08-31 02:39:29.391182+00:00,/nfs/data/sz_44/20260831/episode_20260831_023558_000_d09268b6.npy.mp4
01a055ac-e3c8-7c44-b87d-3d17db9a0b68,industrial packing,completed,yam,yam_0_61,27.3,huangrongbo,good,,,prod,2026-08-31 02:38:06.929822+00:00,2026-08-31 02:39:29.388906+00:00,/nfs/data/sz_44/20260831/episode_20260831_023629_000_efab88a1.npy.mp4
01a055ad-60c8-729a-9392-efabca5ae333,industrial packing,completed,yam,yam_0_61,24.7,huangrongbo,good,,,prod,2026-08-31 02:38:38.246243+00:00,2026-08-31 02:39:28.691973+00:00,/nfs/data/sz_44/20260831/episode_20260831_023701_000_ab952585.npy.mp4
01a04cff-1688-7fad-b791-f7af5041757e,industrial packing,completed,yam,yam_0_61,24.7,huangrongbo,good,,,prod,2026-08-29 10:18:57.933757+00:00,2026-08-29 11:25:35.290229+00:00,/nfs/data/sz_44/20260829/episode_20260829_100941_000_4856f138.npy.mp4
01a04cfe-a928-779d-b9d5-9aec4c44bb4c,industrial packing,completed,yam,yam_0_61,23.6,huangrongbo,good,,,prod,2026-08-29 10:18:19.224584+00:00,2026-08-29 11:24:54.902522+00:00,/nfs/data/sz_44/20260829/episode_20260829_100913_000_2fa62a92.npy.mp4
01a04cfe-4398-7e07-a8cc-3b51fe9341d3,industrial packing,completed,yam,yam_0_61,23.1,huangrongbo,good,,,prod,2026-08-29 10:13:28.561970+00:00,2026-08-29 11:24:25.369814+00:00,/nfs/data/sz_44/20260829/episode_20260829_100847_000_d98b1e86.npy.mp4
01a04cfd-d638-7bc7-b85b-832c408c85ad,industrial packing,completed,yam,yam_0_61,24.0,huangrongbo,good,,,prod,2026-08-29 10:14:25.417517+00:00,2026-08-29 11:24:04.073035+00:00,/nfs/data/sz_44/20260829/episode_20260829_100819_000_9298ed9d.npy.mp4
01a04b4e-8ff8-7808-8808-ba328769240e,industrial packing,completed,yam,yam_0_61,30.2,huangrongbo,good,,,prod,2026-08-29 02:45:23.837907+00:00,2026-08-29 11:24:02.687530+00:00,/nfs/data/sz_44/20260829/episode_20260829_021715_000_15fc272a.npy.mp4
01a04b4f-18b0-7b53-9fac-eb9f21bd6ae2,industrial packing,completed,yam,yam_0_61,34.9,huangrongbo,good,,,prod,2026-08-29 02:43:59.511330+00:00,2026-08-29 11:24:02.078913+00:00,/nfs/data/sz_44/20260829/episode_20260829_021750_000_e010862e.npy.mp4
01a04b4f-b108-728b-b673-4af1b02821f1,industrial packing,completed,yam,yam_0_61,29.3,huangrongbo,good,,,prod,2026-08-29 02:42:58.089754+00:00,2026-08-29 11:24:01.867021+00:00,/nfs/data/sz_44/20260829/episode_20260829_021829_000_76014a7e.npy.mp4
01a04b50-4960-7e2c-ba7c-3b68bff3a106,industrial packing,completed,yam,yam_0_61,35.2,huangrongbo,good,,,prod,2026-08-29 02:44:54.606456+00:00,2026-08-29 11:24:01.713818+00:00,/nfs/data/sz_44/20260829/episode_20260829_021908_000_292e76ca.npy.mp4
01a04b50-e5a0-7587-915d-fb565c1baeae,industrial packing,completed,yam,yam_0_61,33.8,huangrongbo,good,,,prod,2026-08-29 02:45:47.688625+00:00,2026-08-29 11:24:01.055717+00:00,/nfs/data/sz_44/20260829/episode_20260829_021948_000_b816da25.npy.mp4
01a04b51-7a10-77f8-ac2f-f4053b5d89e8,industrial packing,completed,yam,yam_0_61,33.4,huangrongbo,good,,,prod,2026-08-29 02:47:06.601989+00:00,2026-08-29 11:24:00.871142+00:00,/nfs/data/sz_44/20260829/episode_20260829_022026_000_a1566c2b.npy.mp4
01a04b52-0e80-709a-9f79-33aef032b285,industrial packing,completed,yam,yam_0_61,31.8,huangrongbo,good,,,prod,2026-08-29 02:46:11.619030+00:00,2026-08-29 11:24:00.725726+00:00,/nfs/data/sz_44/20260829/episode_20260829_022104_000_e8fb954c.npy.mp4
01a04b52-9738-7744-822a-2eb7ff3a0a14,industrial packing,completed,yam,yam_0_61,31.6,huangrongbo,good,,,prod,2026-08-29 02:43:05.360808+00:00,2026-08-29 11:24:00.178952+00:00,/nfs/data/sz_44/20260829/episode_20260829_022139_000_1097545f.npy.mp4
01a04b53-23d8-76e4-a54b-ffe49db9ac5a,industrial packing,completed,yam,yam_0_61,36.2,huangrongbo,good,,,prod,2026-08-29 02:46:19.961216+00:00,2026-08-29 11:23:59.849010+00:00,/nfs/data/sz_44/20260829/episode_20260829_022215_000_1e90e5a8.npy.mp4
01a04b53-c018-785f-97a6-0f2ad0c1957b,industrial packing,completed,yam,yam_0_61,33.1,huangrongbo,good,,,prod,2026-08-29 02:42:43.540523+00:00,2026-08-29 11:23:59.740607+00:00,/nfs/data/sz_44/20260829/episode_20260829_022255_000_c892f8df.npy.mp4
01a04b54-5488-7c42-89b0-3b3cfde691a1,industrial packing,completed,yam,yam_0_61,35.4,huangrongbo,good,,,prod,2026-08-29 02:45:55.962909+00:00,2026-08-29 11:23:59.105372+00:00,/nfs/data/sz_44/20260829/episode_20260829_022333_000_a51017d4.npy.mp4
01a04b54-f0c8-728e-b4e2-8f8e7f5bf226,industrial packing,completed,yam,yam_0_61,33.7,huangrongbo,good,,,prod,2026-08-29 02:43:43.751927+00:00,2026-08-29 11:23:58.883345+00:00,/nfs/data/sz_44/20260829/episode_20260829_022413_000_c500c664.npy.mp4
01a04b55-8538-7533-8055-34b7de229f24,industrial packing,completed,yam,yam_0_61,33.7,huangrongbo,good,,,prod,2026-08-29 02:44:46.313882+00:00,2026-08-29 11:23:58.738603+00:00,/nfs/data/sz_44/20260829/episode_20260829_022451_000_d2369077.npy.mp4
01a04b56-19a8-7c5f-b663-673c915f915e,industrial packing,completed,yam,yam_0_61,30.0,huangrongbo,good,,,prod,2026-08-29 02:46:03.281098+00:00,2026-08-29 11:23:58.194839+00:00,/nfs/data/sz_44/20260829/episode_20260829_022529_000_f4dfb920.npy.mp4
01a04b56-c588-7485-bec3-8e8559e42f1b,industrial packing,completed,yam,yam_0_61,37.0,huangrongbo,good,,,prod,2026-08-29 02:45:33.121861+00:00,2026-08-29 11:23:57.964462+00:00,/nfs/data/sz_44/20260829/episode_20260829_022613_000_4674091d.npy.mp4
01a04b57-65b0-7d21-8b33-7861c000758f,industrial packing,completed,yam,yam_0_61,35.4,huangrongbo,good,,,prod,2026-08-29 02:43:35.486645+00:00,2026-08-29 11:23:57.762282+00:00,/nfs/data/sz_44/20260829/episode_20260829_022654_000_e25aa421.npy.mp4
01a04b57-fe08-7ebf-af12-557fd462cf94,industrial packing,completed,yam,yam_0_61,33.5,huangrongbo,good,,,prod,2026-08-29 02:43:52.068016+00:00,2026-08-29 11:23:57.001640+00:00,/nfs/data/sz_44/20260829/episode_20260829_022733_000_a163bf50.npy.mp4
01a04b58-9278-7d8b-92a9-dcc71da7bd0b,industrial packing,completed,yam,yam_0_61,31.0,huangrongbo,good,,,prod,2026-08-29 02:45:10.144097+00:00,2026-08-29 11:23:56.774763+00:00,/nfs/data/sz_44/20260829/episode_20260829_022811_000_e4f6c3ff.npy.mp4
01a04b59-1f18-7587-a5c4-67a4e0c9dad8,industrial packing,completed,yam,yam_0_61,31.7,huangrongbo,good,,,prod,2026-08-29 02:44:23.435179+00:00,2026-08-29 11:23:56.029136+00:00,/nfs/data/sz_44/20260829/episode_20260829_022847_000_b8cd2872.npy.mp4
01a04b59-a7d0-74c6-9be2-cd388f001b1f,industrial packing,completed,yam,yam_0_61,34.4,huangrongbo,good,,,prod,2026-08-29 02:46:43.807554+00:00,2026-08-29 11:23:55.766210+00:00,/nfs/data/sz_44/20260829/episode_20260829_022922_000_dbe69923.npy.mp4
01a04b5a-3c40-7feb-a2f6-f8c19ac8ca9a,industrial packing,completed,yam,yam_0_61,34.5,huangrongbo,good,,,prod,2026-08-29 02:44:31.711170+00:00,2026-08-29 11:23:55.189887+00:00,/nfs/data/sz_44/20260829/episode_20260829_023000_000_90b38bd0.npy.mp4
01a04b5a-d498-76b3-a050-6c9bedefb4fd,industrial packing,completed,yam,yam_0_61,35.2,huangrongbo,good,,,prod,2026-08-29 02:46:27.273526+00:00,2026-08-29 11:23:54.952613+00:00,/nfs/data/sz_44/20260829/episode_20260829_023039_000_a64d7edc.npy.mp4
01a04b5b-70d8-7033-917b-92d84bba4472,industrial packing,completed,yam,yam_0_61,33.1,huangrongbo,good,,,prod,2026-08-29 02:42:50.799991+00:00,2026-08-29 11:23:54.746148+00:00,/nfs/data/sz_44/20260829/episode_20260829_023119_000_90d73383.npy.mp4
01a04b5c-0548-727a-a543-3a500001bc07,industrial packing,completed,yam,yam_0_61,36.2,huangrongbo,good,,,prod,2026-08-29 02:47:14.893139+00:00,2026-08-29 11:23:53.834817+00:00,/nfs/data/sz_44/20260829/episode_20260829_023157_000_3567973c.npy.mp4
01a04b5c-a188-7f48-8fe0-17ecfa1ab6b1,industrial packing,completed,yam,yam_0_61,35.7,huangrongbo,good,,,prod,2026-08-29 02:44:15.156223+00:00,2026-08-29 11:23:53.710656+00:00,/nfs/data/sz_44/20260829/episode_20260829_023237_000_cdfa26d4.npy.mp4
01a04b5d-3dc8-7fc7-b340-510b8f871b53,industrial packing,completed,yam,yam_0_61,30.4,huangrongbo,good,,,prod,2026-08-29 02:45:40.397093+00:00,2026-08-29 11:23:52.905732+00:00,/nfs/data/sz_44/20260829/episode_20260829_023317_000_3c4eede6.npy.mp4
01a04b5d-ca68-781b-8719-153d10ff8012,industrial packing,completed,yam,yam_0_61,35.3,huangrongbo,good,,,prod,2026-08-29 02:45:02.886611+00:00,2026-08-29 11:23:52.737698+00:00,/nfs/data/sz_44/20260829/episode_20260829_023353_000_3fa399ac.npy.mp4
01a04b5e-66a8-785a-8bfd-0ce07c8a4967,industrial packing,completed,yam,yam_0_61,32.0,huangrongbo,good,,,prod,2026-08-29 02:43:27.178563+00:00,2026-08-29 11:23:52.157021+00:00,/nfs/data/sz_44/20260829/episode_20260829_023433_000_8baa2108.npy.mp4
01a04b5e-f348-7f1d-8f02-6fa6ced6f2bd,industrial packing,completed,yam,yam_0_61,33.4,huangrongbo,good,,,prod,2026-08-29 02:46:35.543145+00:00,2026-08-29 11:23:52.012718+00:00,/nfs/data/sz_44/20260829/episode_20260829_023509_000_47f80cb3.npy.mp4
01a04b5f-83d0-7206-836a-a395ccf7f7a9,industrial packing,completed,yam,yam_0_61,33.1,huangrongbo,good,,,prod,2026-08-29 02:44:39.015532+00:00,2026-08-29 11:23:51.844037+00:00,/nfs/data/sz_44/20260829/episode_20260829_023546_000_68638f54.npy.mp4
01a04b60-1840-70d5-a65c-63fd8884a1d8,industrial packing,completed,yam,yam_0_61,32.0,huangrongbo,good,,,prod,2026-08-29 02:46:58.347104+00:00,2026-08-29 11:23:51.720244+00:00,/nfs/data/sz_44/20260829/episode_20260829_023624_000_bc2a76a6.npy.mp4
01a04b60-a8c8-7876-963e-41dbcc87b821,industrial packing,completed,yam,yam_0_61,27.3,huangrongbo,good,,,prod,2026-08-29 02:45:16.458406+00:00,2026-08-29 11:23:51.163787+00:00,/nfs/data/sz_44/20260829/episode_20260829_023701_000_6a51924f.npy.mp4
01a04b61-2d98-79fa-ad70-e191bc1089ed,industrial packing,completed,yam,yam_0_61,28.4,huangrongbo,good,,,prod,2026-08-29 02:43:12.635553+00:00,2026-08-29 11:23:51.051960+00:00,/nfs/data/sz_44/20260829/episode_20260829_023735_000_35e7347e.npy.mp4
01a04b61-aa98-7179-a5e1-88e76bb716fc,industrial packing,completed,yam,yam_0_61,31.5,huangrongbo,good,,,prod,2026-08-29 02:44:06.811239+00:00,2026-08-29 11:23:50.841683+00:00,/nfs/data/sz_44/20260829/episode_20260829_023807_000_67678b65.npy.mp4
01a04b62-3738-77ef-9342-a6dbb0cf3209,industrial packing,completed,yam,yam_0_61,30.2,huangrongbo,good,,,prod,2026-08-29 02:43:19.915830+00:00,2026-08-29 11:23:50.706834+00:00,/nfs/data/sz_44/20260829/episode_20260829_023843_000_f5287bc0.npy.mp4
01a04b62-bff0-78d5-b379-32caea7936fd,industrial packing,completed,yam,yam_0_61,31.3,huangrongbo,good,,,prod,2026-08-29 02:42:27.561454+00:00,2026-08-29 11:23:50.037513+00:00,/nfs/data/sz_44/20260829/episode_20260829_023918_000_e9279f55.npy.mp4
01a04b63-48a8-75fd-875e-1d73030dfd0f,industrial packing,completed,yam,yam_0_61,32.4,huangrongbo,good,,,prod,2026-08-29 02:46:51.068065+00:00,2026-08-29 11:23:49.806511+00:00,/nfs/data/sz_44/20260829/episode_20260829_023953_000_20a1a321.npy.mp4
01a04b63-d930-7198-83ef-fcfd04bb4f1d,industrial packing,completed,yam,yam_0_61,35.0,huangrongbo,good,,,prod,2026-08-29 02:42:37.233157+00:00,2026-08-29 11:23:49.188940+00:00,/nfs/data/sz_44/20260829/episode_20260829_024030_000_62a21332.npy.mp4
01a04b64-7188-7e4b-94e7-8b2713fc65bc,industrial packing,completed,yam,yam_0_61,35.8,huangrongbo,good,,,prod,2026-08-29 03:41:42.778452+00:00,2026-08-29 11:23:48.923680+00:00,/nfs/data/sz_44/20260829/episode_20260829_024109_000_cc39b811.npy.mp4
01a04b65-0dc8-75d6-86c4-86bef227e121,industrial packing,completed,yam,yam_0_61,32.7,huangrongbo,good,,,prod,2026-08-29 03:42:04.589239+00:00,2026-08-29 11:23:48.720502+00:00,/nfs/data/sz_44/20260829/episode_20260829_024149_000_903657f8.npy.mp4
01a04b65-9e50-71df-b380-07a115a2cb58,industrial packing,completed,yam,yam_0_61,34.5,huangrongbo,good,,,prod,2026-08-29 03:34:12.786919+00:00,2026-08-29 11:23:48.003219+00:00,/nfs/data/sz_44/20260829/episode_20260829_024226_000_93642feb.npy.mp4
01a04b66-32c0-77e1-987a-a6599b6217a0,industrial packing,completed,yam,yam_0_61,29.2,huangrongbo,good,,,prod,2026-08-29 03:38:55.368855+00:00,2026-08-29 11:23:47.788451+00:00,/nfs/data/sz_44/20260829/episode_20260829_024304_000_443cf8f4.npy.mp4
01a04b66-bf60-7b8d-9a49-7764508c45c3,industrial packing,completed,yam,yam_0_61,28.8,huangrongbo,good,,,prod,2026-08-29 03:41:57.318806+00:00,2026-08-29 11:23:47.036094+00:00,/nfs/data/sz_44/20260829/episode_20260829_024340_000_343e5c9e.npy.mp4
01a04b67-4048-7b8f-aab5-b751b2e830e6,industrial packing,completed,yam,yam_0_61,30.5,huangrongbo,good,,,prod,2026-08-29 03:38:10.175903+00:00,2026-08-29 11:23:46.830043+00:00,/nfs/data/sz_44/20260829/episode_20260829_024413_000_4541aa2f.npy.mp4
01a04b67-c900-7b4c-9e24-c78305d8446f,industrial packing,completed,yam,yam_0_61,32.2,huangrongbo,good,,,prod,2026-08-29 03:41:34.513697+00:00,2026-08-29 11:23:46.704486+00:00,/nfs/data/sz_44/20260829/episode_20260829_024448_000_3becb660.npy.mp4
01a04b68-55a0-77e0-a336-ba8c19e022fe,industrial packing,completed,yam,yam_0_61,32.1,huangrongbo,good,,,prod,2026-08-29 03:33:27.164372+00:00,2026-08-29 11:23:46.052224+00:00,/nfs/data/sz_44/20260829/episode_20260829_024524_000_f6d57f40.npy.mp4
01a04b68-e240-7774-be6f-30e28ff91a30,industrial packing,completed,yam,yam_0_61,32.4,huangrongbo,good,,,prod,2026-08-29 03:33:58.244881+00:00,2026-08-29 11:23:45.866034+00:00,/nfs/data/sz_44/20260829/episode_20260829_024600_000_4bf3b639.npy.mp4
01a04b69-6ee0-7815-a54e-44cf6666584b,industrial packing,completed,yam,yam_0_61,34.5,huangrongbo,good,,,prod,2026-08-29 03:38:49.070485+00:00,2026-08-29 11:23:45.719645+00:00,/nfs/data/sz_44/20260829/episode_20260829_024636_000_df86f822.npy.mp4
01a04b6a-0738-7067-9ac6-2f6cee3d19b0,industrial packing,completed,yam,yam_0_61,32.3,huangrongbo,good,,,prod,2026-08-29 03:35:49.369339+00:00,2026-08-29 11:23:45.169098+00:00,/nfs/data/sz_44/20260829/episode_20260829_024715_000_6de81a21.npy.mp4
01a04cfd-64f0-7ad2-80cf-ee2d6fb8b25a,industrial packing,completed,yam,yam_0_61,25.0,huangrongbo,good,,,prod,2026-08-29 10:15:03.518704+00:00,2026-08-29 11:23:45.081993+00:00,/nfs/data/sz_44/20260829/episode_20260829_100750_000_ec99ac03.npy.mp4
01a04b6a-97c0-7a34-a516-5439d3685e6a,industrial packing,completed,yam,yam_0_61,34.2,huangrongbo,good,,,prod,2026-08-29 03:35:03.684916+00:00,2026-08-29 11:23:44.984002+00:00,/nfs/data/sz_44/20260829/episode_20260829_024752_000_993b3cdf.npy.mp4
01a04b6b-2c30-7bff-91b8-1662db760bba,industrial packing,completed,yam,yam_0_61,31.3,huangrongbo,good,,,prod,2026-08-29 03:39:54.850678+00:00,2026-08-29 11:23:44.770195+00:00,/nfs/data/sz_44/20260829/episode_20260829_024830_000_910bc041.npy.mp4
01a04b6b-b8d0-7db3-8a4a-d2c6ae95a142,industrial packing,completed,yam,yam_0_61,35.6,huangrongbo,good,,,prod,2026-08-29 03:39:47.559499+00:00,2026-08-29 11:23:44.066801+00:00,/nfs/data/sz_44/20260829/episode_20260829_024906_000_ca559171.npy.mp4
01a04b6c-5510-7cb0-9ecf-e76f9d5c1662,industrial packing,completed,yam,yam_0_61,35.8,huangrongbo,good,,,prod,2026-08-29 03:33:04.203704+00:00,2026-08-29 11:23:43.896904+00:00,/nfs/data/sz_44/20260829/episode_20260829_024946_000_5ada32a1.npy.mp4
01a04b6c-f150-7d60-a029-9954eb6efe8f,industrial packing,completed,yam,yam_0_61,32.3,huangrongbo,good,,,prod,2026-08-29 03:33:19.884524+00:00,2026-08-29 11:23:43.767970+00:00,/nfs/data/sz_44/20260829/episode_20260829_025026_000_cce1847c.npy.mp4
01a04b6d-81d8-7fe4-abbb-2c8a1fc2efc9,industrial packing,completed,yam,yam_0_61,31.3,huangrongbo,good,,,prod,2026-08-29 03:37:47.195305+00:00,2026-08-29 11:23:43.177812+00:00,/nfs/data/sz_44/20260829/episode_20260829_025103_000_e3a27b0b.npy.mp4
01a04b6e-0a90-721b-b639-04518ead2848,industrial packing,completed,yam,yam_0_61,32.6,huangrongbo,good,,,prod,2026-08-29 03:36:40.436392+00:00,2026-08-29 11:23:43.046768+00:00,/nfs/data/sz_44/20260829/episode_20260829_025138_000_3898b94f.npy.mp4
01a04b6e-9b18-728c-965a-e89266ab9a88,industrial packing,completed,yam,yam_0_61,30.3,huangrongbo,good,,,prod,2026-08-29 03:42:27.440703+00:00,2026-08-29 11:23:42.872327+00:00,/nfs/data/sz_44/20260829/episode_20260829_025215_000_99468815.npy.mp4
01a04b6f-23d0-78b2-a665-ee874382f727,industrial packing,completed,yam,yam_0_61,32.5,huangrongbo,good,,,prod,2026-08-29 03:33:42.697909+00:00,2026-08-29 11:23:42.704542+00:00,/nfs/data/sz_44/20260829/episode_20260829_025250_000_dbd47401.npy.mp4
01a04b6f-b458-7857-be89-7fd50ae59b33,industrial packing,completed,yam,yam_0_61,31.1,huangrongbo,good,,,prod,2026-08-29 03:37:03.380210+00:00,2026-08-29 11:23:42.062739+00:00,/nfs/data/sz_44/20260829/episode_20260829_025327_000_346d40a2.npy.mp4
01a04b70-3d10-704c-bc92-9cc241c43357,industrial packing,completed,yam,yam_0_61,36.2,huangrongbo,good,,,prod,2026-08-29 03:35:33.790334+00:00,2026-08-29 11:23:41.872533+00:00,/nfs/data/sz_44/20260829/episode_20260829_025402_000_b74fad2e.npy.mp4
01a04b70-dd38-7bf7-b937-6de198e3b179,industrial packing,completed,yam,yam_0_61,32.1,huangrongbo,good,,,prod,2026-08-29 03:37:18.964443+00:00,2026-08-29 11:23:41.698981+00:00,/nfs/data/sz_44/20260829/episode_20260829_025443_000_dbe426b5.npy.mp4
01a04b71-6dc0-7854-aba5-0468318fbeff,industrial packing,completed,yam,yam_0_61,34.4,huangrongbo,good,,,prod,2026-08-29 03:40:11.457077+00:00,2026-08-29 11:23:41.144720+00:00,/nfs/data/sz_44/20260829/episode_20260829_025520_000_9d3b15f6.npy.mp4
01a04b72-0a00-7f32-8c5a-28a89f24da1e,industrial packing,completed,yam,yam_0_61,31.8,huangrongbo,good,,,prod,2026-08-29 03:37:55.574348+00:00,2026-08-29 11:23:40.985598+00:00,/nfs/data/sz_44/20260829/episode_20260829_025600_000_6988e9a7.npy.mp4
01a04b72-92b8-7c05-8fd0-72420068fbb0,industrial packing,completed,yam,yam_0_61,33.0,huangrongbo,good,,,prod,2026-08-29 03:41:26.168262+00:00,2026-08-29 11:23:40.799560+00:00,/nfs/data/sz_44/20260829/episode_20260829_025635_000_77188bbe.npy.mp4
01a04b73-2728-7918-a8de-edd55144cf55,industrial packing,completed,yam,yam_0_61,29.2,huangrongbo,good,,,prod,2026-08-29 03:39:39.275042+00:00,2026-08-29 11:23:35.065743+00:00,/nfs/data/sz_44/20260829/episode_20260829_025713_000_b4e6871a.npy.mp4
01a04b73-a810-741e-beaa-e6333b1b9d4e,industrial packing,completed,yam,yam_0_61,33.4,huangrongbo,good,,,prod,2026-08-29 03:38:02.891746+00:00,2026-08-29 11:23:34.050628+00:00,/nfs/data/sz_44/20260829/episode_20260829_025746_000_2a7f0317.npy.mp4
01a04b74-3c80-7fd5-a5a3-af37f4fea81e,industrial packing,completed,yam,yam_0_61,33.0,huangrongbo,good,,,prod,2026-08-29 03:41:11.622216+00:00,2026-08-29 11:23:33.837302+00:00,/nfs/data/sz_44/20260829/episode_20260829_025824_000_4748a76d.npy.mp4
01a04b74-cd08-7b86-a245-a7406b703ffa,industrial packing,completed,yam,yam_0_61,31.5,huangrongbo,good,,,prod,2026-08-29 03:38:32.507535+00:00,2026-08-29 11:23:33.706579+00:00,/nfs/data/sz_44/20260829/episode_20260829_025901_000_81bc6192.npy.mp4
01a04b75-5d90-7595-87a9-be83039eff56,industrial packing,completed,yam,yam_0_61,31.2,huangrongbo,good,,,prod,2026-08-29 03:40:56.072030+00:00,2026-08-29 11:23:33.058359+00:00,/nfs/data/sz_44/20260829/episode_20260829_025938_000_753a940b.npy.mp4
01a04b75-ea30-764e-9200-6b117eadbea0,industrial packing,completed,yam,yam_0_61,28.9,huangrongbo,good,,,prod,2026-08-29 03:42:11.857492+00:00,2026-08-29 11:23:32.720392+00:00,/nfs/data/sz_44/20260829/episode_20260829_030014_000_99427c9b.npy.mp4
01a04b76-6b18-768f-ba03-a9c35a235396,industrial packing,completed,yam,yam_0_61,29.9,huangrongbo,good,,,prod,2026-08-29 03:40:47.783386+00:00,2026-08-29 11:23:32.032379+00:00,/nfs/data/sz_44/20260829/episode_20260829_030047_000_76d086e8.npy.mp4
01a04b76-efe8-7085-8ecf-020ed0b0aa8b,industrial packing,completed,yam,yam_0_61,29.5,huangrongbo,good,,,prod,2026-08-29 03:35:55.659104+00:00,2026-08-29 11:23:31.830230+00:00,/nfs/data/sz_44/20260829/episode_20260829_030121_000_5367accc.npy.mp4
01a04b77-70d0-766c-8126-eb8acc3d11de,industrial packing,completed,yam,yam_0_61,29.8,huangrongbo,good,,,prod,2026-08-29 03:42:33.757201+00:00,2026-08-29 11:23:31.713405+00:00,/nfs/data/sz_44/20260829/episode_20260829_030154_000_47d82401.npy.mp4
01a04b77-f5a0-7a97-885b-c352e9400d69,industrial packing,completed,yam,yam_0_61,28.0,huangrongbo,good,,,prod,2026-08-29 03:35:25.519378+00:00,2026-08-29 11:23:30.983533+00:00,/nfs/data/sz_44/20260829/episode_20260829_030228_000_a2eb6281.npy.mp4
01a04b78-7688-78ff-9350-5dca42495751,industrial packing,completed,yam,yam_0_61,31.1,huangrongbo,good,,,prod,2026-08-29 03:40:18.704389+00:00,2026-08-29 11:23:30.780183+00:00,/nfs/data/sz_44/20260829/episode_20260829_030301_000_a84a2b9d.npy.mp4
01a04b78-ff40-7558-88b3-ea16fc02a579,industrial packing,completed,yam,yam_0_61,30.2,huangrongbo,good,,,prod,2026-08-29 03:42:56.582177+00:00,2026-08-29 11:23:30.097893+00:00,/nfs/data/sz_44/20260829/episode_20260829_030336_000_fc282ad9.npy.mp4
01a04b79-8410-764b-b28d-3e95fd73856e,industrial packing,completed,yam,yam_0_61,29.0,huangrongbo,good,,,prod,2026-08-29 03:34:20.061176+00:00,2026-08-29 11:23:29.835829+00:00,/nfs/data/sz_44/20260829/episode_20260829_030410_000_b5e26cd9.npy.mp4
01a04b7a-08e0-77c9-a3a5-cce96195c3b4,industrial packing,completed,yam,yam_0_61,33.3,huangrongbo,good,,,prod,2026-08-29 03:33:49.982731+00:00,2026-08-29 11:23:29.709050+00:00,/nfs/data/sz_44/20260829/episode_20260829_030444_000_aaefe960.npy.mp4
01a04b7a-9968-71ea-9fd8-666fab368de7,industrial packing,completed,yam,yam_0_61,26.5,huangrongbo,good,,,prod,2026-08-29 03:37:32.617421+00:00,2026-08-29 11:23:29.103089+00:00,/nfs/data/sz_44/20260829/episode_20260829_030521_000_f681b945.npy.mp4
01a04b7d-4118-7282-b73c-2c60bf54d224,industrial packing,completed,yam,yam_0_61,28.5,huangrongbo,good,,,prod,2026-08-29 03:36:32.122655+00:00,2026-08-29 11:23:28.916031+00:00,/nfs/data/sz_44/20260829/episode_20260829_030815_000_52cfe5b7.npy.mp4
01a04b7d-c200-789d-a4eb-25368ffc0fc4,industrial packing,completed,yam,yam_0_61,32.2,huangrongbo,good,,,prod,2026-08-29 03:34:49.140095+00:00,2026-08-29 11:23:28.769684+00:00,/nfs/data/sz_44/20260829/episode_20260829_030848_000_eebcbba6.npy.mp4
01a04b7e-4ea0-77f4-8177-2b5d5e11bb85,industrial packing,completed,yam,yam_0_61,30.5,huangrongbo,good,,,prod,2026-08-29 03:34:55.404937+00:00,2026-08-29 11:23:27.977407+00:00,/nfs/data/sz_44/20260829/episode_20260829_030924_000_8555b1ab.npy.mp4
01a04b7e-d370-785a-ba7c-d6104aee5e40,industrial packing,completed,yam,yam_0_61,34.8,huangrongbo,good,,,prod,2026-08-29 03:39:18.220981+00:00,2026-08-29 11:23:27.764215+00:00,/nfs/data/sz_44/20260829/episode_20260829_030958_000_3a945aff.npy.mp4
01a04b7f-6bc8-746b-bf55-59069e071b0b,industrial packing,completed,yam,yam_0_61,33.2,huangrongbo,good,,,prod,2026-08-29 03:42:20.169581+00:00,2026-08-29 11:23:26.977986+00:00,/nfs/data/sz_44/20260829/episode_20260829_031037_000_910082f7.npy.mp4
01a04b7f-fc50-7593-a1d7-5c7e3df62bc4,industrial packing,completed,yam,yam_0_61,30.3,huangrongbo,good,,,prod,2026-08-29 03:34:27.339009+00:00,2026-08-29 11:23:26.754349+00:00,/nfs/data/sz_44/20260829/episode_20260829_031114_000_9719d7a4.npy.mp4
01a04b80-8508-7db5-ae08-cf02b62a3d1d,industrial packing,completed,yam,yam_0_61,32.7,huangrongbo,good,,,prod,2026-08-29 03:43:03.873806+00:00,2026-08-29 11:23:26.083977+00:00,/nfs/data/sz_44/20260829/episode_20260829_031149_000_e3f57ba6.npy.mp4
01a04b81-1590-70d0-b00a-6342bd909338,industrial packing,completed,yam,yam_0_61,33.6,huangrongbo,good,,,prod,2026-08-29 03:41:51.054141+00:00,2026-08-29 11:23:25.827445+00:00,/nfs/data/sz_44/20260829/episode_20260829_031226_000_57d7ac9b.npy.mp4
01a04b81-a618-7fcf-9d92-be41cfcc16d3,industrial packing,completed,yam,yam_0_61,32.4,huangrongbo,good,,,prod,2026-08-29 03:33:12.525420+00:00,2026-08-29 11:23:25.143589+00:00,/nfs/data/sz_44/20260829/episode_20260829_031303_000_485284fc.npy.mp4
01a04b82-36a0-70ad-ac06-f9dca47d3fe4,industrial packing,completed,yam,yam_0_61,35.1,huangrongbo,good,,,prod,2026-08-29 03:40:03.181048+00:00,2026-08-29 11:23:24.926338+00:00,/nfs/data/sz_44/20260829/episode_20260829_031340_000_cd01c986.npy.mp4
01a04b82-cef8-74cb-a6de-8a7ced050f07,industrial packing,completed,yam,yam_0_61,34.5,huangrongbo,good,,,prod,2026-08-29 03:36:48.747071+00:00,2026-08-29 11:23:24.707590+00:00,/nfs/data/sz_44/20260829/episode_20260829_031419_000_b92d4d60.npy.mp4
01a04b83-6750-7d54-a9be-423a94346901,industrial packing,completed,yam,yam_0_61,32.4,huangrongbo,good,,,prod,2026-08-29 03:37:26.315953+00:00,2026-08-29 11:23:24.031900+00:00,/nfs/data/sz_44/20260829/episode_20260829_031458_000_62ce8afa.npy.mp4
01a04b83-f7d8-7f47-95ac-81e66c9b2549,industrial packing,completed,yam,yam_0_61,32.2,huangrongbo,good,,,prod,2026-08-29 03:36:55.037714+00:00,2026-08-29 11:23:23.820109+00:00,/nfs/data/sz_44/20260829/episode_20260829_031535_000_bde4730d.npy.mp4
01a04b84-8860-7c1b-b304-cc99b6c6a7dd,industrial packing,completed,yam,yam_0_61,29.9,huangrongbo,good,,,prod,2026-08-29 03:36:18.540133+00:00,2026-08-29 11:23:23.711911+00:00,/nfs/data/sz_44/20260829/episode_20260829_031612_000_0ea075c3.npy.mp4
01a04b85-0948-7ffa-89b8-c8b8e2421eca,industrial packing,completed,yam,yam_0_61,32.3,huangrongbo,good,,,prod,2026-08-29 03:37:39.884278+00:00,2026-08-29 11:23:23.040622+00:00,/nfs/data/sz_44/20260829/episode_20260829_031645_000_49be60fb.npy.mp4
01a04b85-99d0-75fe-aaa0-35353b795f3a,industrial packing,completed,yam,yam_0_61,28.5,huangrongbo,good,,,prod,2026-08-29 03:39:32.754902+00:00,2026-08-29 11:23:22.874043+00:00,/nfs/data/sz_44/20260829/episode_20260829_031722_000_0bca9710.npy.mp4
01a04b86-1ab8-756f-82e3-cd588d21412e,industrial packing,completed,yam,yam_0_61,30.1,huangrongbo,good,,,prod,2026-08-29 03:36:25.841114+00:00,2026-08-29 11:23:22.728044+00:00,/nfs/data/sz_44/20260829/episode_20260829_031755_000_b07d316f.npy.mp4
01a04b86-9f88-7ef9-b9f6-0b957c17e600,industrial packing,completed,yam,yam_0_61,32.5,huangrongbo,good,,,prod,2026-08-29 03:38:40.798848+00:00,2026-08-29 11:23:22.147387+00:00,/nfs/data/sz_44/20260829/episode_20260829_031829_000_4f84dad2.npy.mp4
01a04b87-2c28-772c-88dd-be560b04cff1,industrial packing,completed,yam,yam_0_61,31.6,huangrongbo,good,,,prod,2026-08-29 03:34:40.860336+00:00,2026-08-29 11:23:21.875484+00:00,/nfs/data/sz_44/20260829/episode_20260829_031905_000_1affa440.npy.mp4
01a04b87-bcb0-721e-bea4-654fcb769dfb,industrial packing,completed,yam,yam_0_61,29.9,huangrongbo,good,,,prod,2026-08-29 03:39:02.637573+00:00,2026-08-29 11:23:21.705367+00:00,/nfs/data/sz_44/20260829/episode_20260829_031942_000_1b0a3634.npy.mp4
01a04b88-4180-7325-b18a-2df0bc7dcd6b,industrial packing,completed,yam,yam_0_61,33.1,huangrongbo,good,,,prod,2026-08-29 03:40:34.241582+00:00,2026-08-29 11:23:21.068516+00:00,/nfs/data/sz_44/20260829/episode_20260829_032016_000_79ed95da.npy.mp4
01a04b88-d208-7a82-be1f-97fabaa0db40,industrial packing,completed,yam,yam_0_61,29.5,huangrongbo,good,,,prod,2026-08-29 03:34:04.504872+00:00,2026-08-29 11:23:20.849682+00:00,/nfs/data/sz_44/20260829/episode_20260829_032053_000_17f32f84.npy.mp4
01a04b89-56d8-7185-badb-630e50395ecb,industrial packing,completed,yam,yam_0_61,34.0,huangrongbo,good,,,prod,2026-08-29 03:37:10.651539+00:00,2026-08-29 11:23:20.735982+00:00,/nfs/data/sz_44/20260829/episode_20260829_032127_000_077aa9d0.npy.mp4
01a04b89-eb48-71a7-aef2-770fb4337429,industrial packing,completed,yam,yam_0_61,27.9,huangrongbo,good,,,prod,2026-08-29 03:34:33.614156+00:00,2026-08-29 11:23:20.166313+00:00,/nfs/data/sz_44/20260829/episode_20260829_032205_000_e4bbea11.npy.mp4
01a04b8a-6848-75de-ad37-e00dd1ecebbc,industrial packing,completed,yam,yam_0_61,30.5,huangrongbo,good,,,prod,2026-08-29 03:38:25.232183+00:00,2026-08-29 11:23:19.956497+00:00,/nfs/data/sz_44/20260829/episode_20260829_032237_000_982f4d0f.npy.mp4
01a04b8a-f100-7f8a-8d80-6e9188148afa,industrial packing,completed,yam,yam_0_61,31.3,huangrongbo,good,,,prod,2026-08-29 03:40:41.508215+00:00,2026-08-29 11:23:19.789804+00:00,/nfs/data/sz_44/20260829/episode_20260829_032312_000_ec599a17.npy.mp4
01a04cfc-fb78-7ab8-9e22-011853643fc5,industrial packing,completed,yam,yam_0_61,23.1,huangrongbo,good,,,prod,2026-08-29 10:12:20.161386+00:00,2026-08-29 11:23:19.155672+00:00,/nfs/data/sz_44/20260829/episode_20260829_100723_000_c593492c.npy.mp4
01a04b8b-7da0-764c-b642-6eb2030d13a4,industrial packing,completed,yam,yam_0_61,30.8,huangrongbo,good,,,prod,2026-08-29 03:33:34.440025+00:00,2026-08-29 11:23:19.069781+00:00,/nfs/data/sz_44/20260829/episode_20260829_032348_000_f26d7ae8.npy.mp4
01a04b8c-0658-7e1d-bafc-368a955254b4,industrial packing,completed,yam,yam_0_61,30.4,huangrongbo,good,,,prod,2026-08-29 03:41:18.897855+00:00,2026-08-29 11:23:18.857759+00:00,/nfs/data/sz_44/20260829/episode_20260829_032423_000_9f6ab93f.npy.mp4
01a04b8c-8b28-77f4-87fc-751042c207eb,industrial packing,completed,yam,yam_0_61,28.5,huangrongbo,good,,,prod,2026-08-29 03:35:18.249811+00:00,2026-08-29 11:23:18.727867+00:00,/nfs/data/sz_44/20260829/episode_20260829_032457_000_823f3423.npy.mp4
01a04b8d-0828-74ed-9f69-67a7bcdbbf23,industrial packing,completed,yam,yam_0_61,31.3,huangrongbo,good,,,prod,2026-08-29 03:40:25.968101+00:00,2026-08-29 11:23:18.167389+00:00,/nfs/data/sz_44/20260829/episode_20260829_032529_000_e25f258b.npy.mp4
01a04b8d-90e0-796f-beea-3bfa135b4d72,industrial packing,completed,yam,yam_0_61,32.5,huangrongbo,good,,,prod,2026-08-29 03:35:41.090497+00:00,2026-08-29 11:23:17.970134+00:00,/nfs/data/sz_44/20260829/episode_20260829_032604_000_3f5e6db4.npy.mp4
01a04b8e-1d80-73f2-bbc3-b713b8695e0f,industrial packing,completed,yam,yam_0_61,33.4,huangrongbo,good,,,prod,2026-08-29 03:41:03.337090+00:00,2026-08-29 11:23:17.738799+00:00,/nfs/data/sz_44/20260829/episode_20260829_032640_000_fc1fef2f.npy.mp4
01a04b8e-b1f0-7e18-a9b2-f5f763aca598,industrial packing,completed,yam,yam_0_61,30.3,huangrongbo,good,,,prod,2026-08-29 03:36:03.933094+00:00,2026-08-29 11:23:16.962520+00:00,/nfs/data/sz_44/20260829/episode_20260829_032718_000_229d8125.npy.mp4
01a04b8f-36c0-710c-89cf-ff74d96e4679,industrial packing,completed,yam,yam_0_61,31.3,huangrongbo,good,,,prod,2026-08-29 03:42:42.066303+00:00,2026-08-29 11:23:16.761224+00:00,/nfs/data/sz_44/20260829/episode_20260829_032752_000_7c85ab0e.npy.mp4
01a04b8f-bf78-7e6e-ad2c-d79f99a38c52,industrial packing,completed,yam,yam_0_61,31.5,huangrongbo,good,,,prod,2026-08-29 03:36:11.247024+00:00,2026-08-29 11:23:16.701887+00:00,/nfs/data/sz_44/20260829/episode_20260829_032827_000_8cfeda19.npy.mp4
01a04b90-4830-728f-818b-72aa433fa9de,industrial packing,completed,yam,yam_0_61,30.3,huangrongbo,good,,,prod,2026-08-29 03:39:09.907349+00:00,2026-08-29 11:23:16.081957+00:00,/nfs/data/sz_44/20260829/episode_20260829_032902_000_567367ad.npy.mp4
01a04b90-d0e8-7e72-b4ae-2d49d8fcb3bd,industrial packing,completed,yam,yam_0_61,28.9,huangrongbo,good,,,prod,2026-08-29 03:42:49.314039+00:00,2026-08-29 11:23:15.800517+00:00,/nfs/data/sz_44/20260829/episode_20260829_032937_000_2545ad5f.npy.mp4
01a04b91-4de8-7f28-870a-12ee6090866e,industrial packing,completed,yam,yam_0_61,28.9,huangrongbo,good,,,prod,2026-08-29 03:39:25.491617+00:00,2026-08-29 11:23:15.157512+00:00,/nfs/data/sz_44/20260829/episode_20260829_033009_000_005d53dc.npy.mp4
01a04b91-ced0-7d0a-a6d4-b847d4f41622,industrial packing,completed,yam,yam_0_61,33.3,huangrongbo,good,,,prod,2026-08-29 03:35:11.979914+00:00,2026-08-29 11:23:14.909218+00:00,/nfs/data/sz_44/20260829/episode_20260829_033042_000_a6975311.npy.mp4
01a04b92-5f58-7f53-b443-a5c0eff99029,industrial packing,completed,yam,yam_0_61,31.6,huangrongbo,good,,,prod,2026-08-29 03:38:17.915208+00:00,2026-08-29 11:23:14.719500+00:00,/nfs/data/sz_44/20260829/episode_20260829_033119_000_3314935e.npy.mp4
01a04b92-ebf8-7d66-9ea2-9c54216bcbd0,industrial packing,completed,yam,yam_0_61,30.1,huangrongbo,good,,,prod,2026-08-29 04:57:24.843991+00:00,2026-08-29 11:23:13.958760+00:00,/nfs/data/sz_44/20260829/episode_20260829_033155_000_d8d2723e.npy.mp4
01a04b93-70c8-7d5e-91c2-396a6dfbb299,industrial packing,completed,yam,yam_0_61,29.0,huangrongbo,good,,,prod,2026-08-29 04:56:22.678389+00:00,2026-08-29 11:23:13.696330+00:00,/nfs/data/sz_44/20260829/episode_20260829_033229_000_c34c4db5.npy.mp4
01a04b93-f1b0-7cb2-846f-f10769c07369,industrial packing,completed,yam,yam_0_61,30.3,huangrongbo,good,,,prod,2026-08-29 04:59:36.773612+00:00,2026-08-29 11:23:13.101222+00:00,/nfs/data/sz_44/20260829/episode_20260829_033302_000_97ad7494.npy.mp4
01a04b94-7680-7149-a05c-d77927fb046d,industrial packing,completed,yam,yam_0_61,28.5,huangrongbo,good,,,prod,2026-08-29 04:57:00.251270+00:00,2026-08-29 11:23:12.866077+00:00,/nfs/data/sz_44/20260829/episode_20260829_033336_000_263ed60e.npy.mp4
01a04b94-f380-71ee-a7a0-2d65a3d41e4d,industrial packing,completed,yam,yam_0_61,29.9,huangrongbo,good,,,prod,2026-08-29 04:58:06.601416+00:00,2026-08-29 11:23:12.741255+00:00,/nfs/data/sz_44/20260829/episode_20260829_033408_000_cec5d7a1.npy.mp4
01a04b95-7850-7495-b84e-98a6a6c04b91,industrial packing,completed,yam,yam_0_61,30.6,huangrongbo,good,,,prod,2026-08-29 04:56:55.034017+00:00,2026-08-29 11:23:12.167690+00:00,/nfs/data/sz_44/20260829/episode_20260829_033442_000_a53aa036.npy.mp4
01a04b95-fd20-71be-a7f5-c10532e6f19e,industrial packing,completed,yam,yam_0_61,30.9,huangrongbo,good,,,prod,2026-08-29 04:59:41.995012+00:00,2026-08-29 11:23:11.941674+00:00,/nfs/data/sz_44/20260829/episode_20260829_033516_000_21f83274.npy.mp4
01a04b96-85d8-7964-8c23-6127b845d3d1,industrial packing,completed,yam,yam_0_61,29.4,huangrongbo,good,,,prod,2026-08-29 04:16:19.553191+00:00,2026-08-29 11:23:11.706254+00:00,/nfs/data/sz_44/20260829/episode_20260829_033551_000_d604ea8e.npy.mp4
01a04b97-0aa8-7e11-9057-9045e8f72d2c,industrial packing,completed,yam,yam_0_61,29.6,huangrongbo,good,,,prod,2026-08-29 04:57:45.750877+00:00,2026-08-29 11:23:11.013317+00:00,/nfs/data/sz_44/20260829/episode_20260829_033625_000_44568f25.npy.mp4
01a04b97-8b90-7716-8d07-30f3b214550c,industrial packing,completed,yam,yam_0_61,31.1,huangrongbo,good,,,prod,2026-08-29 04:59:48.219235+00:00,2026-08-29 11:23:10.831941+00:00,/nfs/data/sz_44/20260829/episode_20260829_033658_000_4bb9bc3b.npy.mp4
01a04b98-1448-7f48-9d4c-d9e20b845f89,industrial packing,completed,yam,yam_0_61,28.6,huangrongbo,good,,,prod,2026-08-29 04:58:55.939988+00:00,2026-08-29 11:23:10.707879+00:00,/nfs/data/sz_44/20260829/episode_20260829_033733_000_7583d302.npy.mp4
01a04b98-9148-7f75-8654-edbfab5afd22,industrial packing,completed,yam,yam_0_61,29.3,huangrongbo,good,,,prod,2026-08-29 04:53:10.830349+00:00,2026-08-29 11:23:10.086701+00:00,/nfs/data/sz_44/20260829/episode_20260829_033805_000_8e079567.npy.mp4
01a04b99-1618-721b-9591-f4f4a028e8e8,industrial packing,completed,yam,yam_0_61,29.0,huangrongbo,good,,,prod,2026-08-29 04:55:11.510710+00:00,2026-08-29 11:23:09.795780+00:00,/nfs/data/sz_44/20260829/episode_20260829_033839_000_6f70b69a.npy.mp4
01a04b99-9700-7d15-8a77-0beb1dceca3d,industrial packing,completed,yam,yam_0_61,29.1,huangrongbo,good,,,prod,2026-08-29 04:59:31.545220+00:00,2026-08-29 11:23:09.069005+00:00,/nfs/data/sz_44/20260829/episode_20260829_033912_000_9b3ddab8.npy.mp4
01a04b9a-1400-7307-bf89-9bb944b0e758,industrial packing,completed,yam,yam_0_61,32.4,huangrongbo,good,,,prod,2026-08-29 04:16:48.166301+00:00,2026-08-29 11:23:08.845910+00:00,/nfs/data/sz_44/20260829/episode_20260829_033944_000_754e0966.npy.mp4
01a04b9a-a488-7707-8f92-18952ee9c18f,industrial packing,completed,yam,yam_0_61,28.5,huangrongbo,good,,,prod,2026-08-29 04:59:01.224954+00:00,2026-08-29 11:23:08.712484+00:00,/nfs/data/sz_44/20260829/episode_20260829_034021_000_8dc1cf07.npy.mp4
01a04b9b-2188-7140-959b-ec8a24898ecc,industrial packing,completed,yam,yam_0_61,29.9,huangrongbo,good,,,prod,2026-08-29 04:52:44.455006+00:00,2026-08-29 11:23:08.057628+00:00,/nfs/data/sz_44/20260829/episode_20260829_034053_000_07823e40.npy.mp4
01a04b9b-a658-7317-9476-ff9b1509d807,industrial packing,completed,yam,yam_0_61,29.3,huangrongbo,good,,,prod,2026-08-29 04:57:50.963248+00:00,2026-08-29 11:23:07.779474+00:00,/nfs/data/sz_44/20260829/episode_20260829_034127_000_41277aff.npy.mp4
01a04b9c-2740-7e73-8733-c69ed715efd5,industrial packing,completed,yam,yam_0_61,30.1,huangrongbo,good,,,prod,2026-08-29 04:57:40.523170+00:00,2026-08-29 11:23:07.140762+00:00,/nfs/data/sz_44/20260829/episode_20260829_034200_000_6e6930e9.npy.mp4
01a04b9c-ac10-76f0-83d3-72c8297832a4,industrial packing,completed,yam,yam_0_61,31.2,huangrongbo,good,,,prod,2026-08-29 04:55:16.735378+00:00,2026-08-29 11:23:06.939127+00:00,/nfs/data/sz_44/20260829/episode_20260829_034234_000_747f65e1.npy.mp4
01a04b9d-34c8-79fe-b491-6b3d5b9a5039,industrial packing,completed,yam,yam_0_61,30.1,huangrongbo,good,,,prod,2026-08-29 04:15:46.311855+00:00,2026-08-29 11:23:06.761962+00:00,/nfs/data/sz_44/20260829/episode_20260829_034309_000_46c8b4dc.npy.mp4
01a04b9d-b5b0-7dfa-88aa-6e8053471a75,industrial packing,completed,yam,yam_0_61,29.5,huangrongbo,good,,,prod,2026-08-29 04:57:56.169508+00:00,2026-08-29 11:23:06.136145+00:00,/nfs/data/sz_44/20260829/episode_20260829_034342_000_ff5d952d.npy.mp4
01a04b9e-3a80-7412-922f-790c0c4f349a,industrial packing,completed,yam,yam_0_61,31.7,huangrongbo,good,,,prod,2026-08-29 04:56:17.462321+00:00,2026-08-29 11:23:05.959488+00:00,/nfs/data/sz_44/20260829/episode_20260829_034416_000_66de50ce.npy.mp4
01a04b9e-c338-7cf8-8900-59ba591f138f,industrial packing,completed,yam,yam_0_61,29.2,huangrongbo,good,,,prod,2026-08-29 04:56:48.817658+00:00,2026-08-29 11:23:05.746901+00:00,/nfs/data/sz_44/20260829/episode_20260829_034451_000_df399fe7.npy.mp4
01a04b9f-4420-717a-8645-41212b2b9449,industrial packing,completed,yam,yam_0_61,27.9,huangrongbo,good,,,prod,2026-08-29 04:55:06.273762+00:00,2026-08-29 11:23:05.128941+00:00,/nfs/data/sz_44/20260829/episode_20260829_034524_000_b579257e.npy.mp4
01a04b9f-c120-71ad-aabe-0698a3946445,industrial packing,completed,yam,yam_0_61,28.0,huangrongbo,good,,,prod,2026-08-29 04:55:31.411205+00:00,2026-08-29 11:23:04.887547+00:00,/nfs/data/sz_44/20260829/episode_20260829_034556_000_ddde5302.npy.mp4
01a04ba0-3e20-7dba-a919-f3cc2c35b73d,industrial packing,completed,yam,yam_0_61,28.1,huangrongbo,good,,,prod,2026-08-29 04:16:05.995344+00:00,2026-08-29 11:23:04.768770+00:00,/nfs/data/sz_44/20260829/episode_20260829_034628_000_47526d5d.npy.mp4
01a04ba0-b738-7b57-84fc-69047dacd825,industrial packing,completed,yam,yam_0_61,28.5,huangrongbo,good,,,prod,2026-08-29 04:56:43.597105+00:00,2026-08-29 11:23:04.097151+00:00,/nfs/data/sz_44/20260829/episode_20260829_034659_000_58f58f52.npy.mp4
01a04ba1-3820-7262-8d2f-f98f8ec7f0de,industrial packing,completed,yam,yam_0_61,27.3,huangrongbo,good,,,prod,2026-08-29 04:56:38.382866+00:00,2026-08-29 11:23:03.789535+00:00,/nfs/data/sz_44/20260829/episode_20260829_034732_000_2b08cf68.npy.mp4
01a04ba1-b138-7b4e-8489-d70fc2112299,industrial packing,completed,yam,yam_0_61,27.2,huangrongbo,good,,,prod,2026-08-29 04:16:26.002638+00:00,2026-08-29 11:23:02.737900+00:00,/nfs/data/sz_44/20260829/episode_20260829_034803_000_42395105.npy.mp4
01a04ba3-4390-7766-82bd-a537b94bb68b,industrial packing,completed,yam,yam_0_61,32.1,huangrongbo,good,,,prod,2026-08-29 04:55:36.659193+00:00,2026-08-29 11:23:02.128254+00:00,/nfs/data/sz_44/20260829/episode_20260829_034946_000_303dae71.npy.mp4
01a04ba3-d030-7aa9-bc4c-29978b75013f,industrial packing,completed,yam,yam_0_61,27.0,huangrongbo,good,,,prod,2026-08-29 04:58:45.482130+00:00,2026-08-29 11:23:01.846283+00:00,/nfs/data/sz_44/20260829/episode_20260829_035022_000_ab73ab38.npy.mp4
01a04ba4-ca30-7463-8ed8-b86b7c08f869,industrial packing,completed,yam,yam_0_61,28.6,huangrongbo,good,,,prod,2026-08-29 04:59:15.883174+00:00,2026-08-29 11:23:01.083854+00:00,/nfs/data/sz_44/20260829/episode_20260829_035126_000_f32140c9.npy.mp4
01a04ba5-4730-72e5-8d9c-97a4bc18706a,industrial packing,completed,yam,yam_0_61,28.6,huangrongbo,good,,,prod,2026-08-29 04:53:16.058349+00:00,2026-08-29 11:23:00.835409+00:00,/nfs/data/sz_44/20260829/episode_20260829_035158_000_5c73db87.npy.mp4
01a04ba5-c818-72c0-8c3f-938f0e43aaf6,industrial packing,completed,yam,yam_0_61,28.5,huangrongbo,good,,,prod,2026-08-29 04:54:51.586943+00:00,2026-08-29 11:23:00.712158+00:00,/nfs/data/sz_44/20260829/episode_20260829_035231_000_e5b4b808.npy.mp4
01a04ba6-4900-76d6-9978-20028835c79f,industrial packing,completed,yam,yam_0_61,27.7,huangrongbo,good,,,prod,2026-08-29 04:57:14.917823+00:00,2026-08-29 11:23:00.072932+00:00,/nfs/data/sz_44/20260829/episode_20260829_035304_000_03173b6d.npy.mp4
01a04ba6-c218-7a5a-9456-04f150f3c439,industrial packing,completed,yam,yam_0_61,28.4,huangrongbo,good,,,prod,2026-08-29 04:54:06.467361+00:00,2026-08-29 11:22:59.866977+00:00,/nfs/data/sz_44/20260829/episode_20260829_035335_000_aa0f94f7.npy.mp4
01a04ba7-3f18-763e-9379-b7ac27c06fca,industrial packing,completed,yam,yam_0_61,27.6,huangrongbo,good,,,prod,2026-08-29 04:16:58.651293+00:00,2026-08-29 11:22:59.698721+00:00,/nfs/data/sz_44/20260829/episode_20260829_035407_000_a00a3ad1.npy.mp4
01a04ba7-c3e8-7c33-8914-4d195656ce9f,industrial packing,completed,yam,yam_0_61,27.6,huangrongbo,good,,,prod,2026-08-29 04:53:55.979875+00:00,2026-08-29 11:22:59.024814+00:00,/nfs/data/sz_44/20260829/episode_20260829_035441_000_ed68b5a3.npy.mp4
01a04ba8-40e8-7a0c-97cd-5f51092e88a4,industrial packing,completed,yam,yam_0_61,26.2,huangrongbo,good,,,prod,2026-08-29 04:58:40.253999+00:00,2026-08-29 11:22:58.766337+00:00,/nfs/data/sz_44/20260829/episode_20260829_035513_000_ddec60c9.npy.mp4
01a04ba8-b618-771e-ace5-46f1275fce8d,industrial packing,completed,yam,yam_0_61,29.2,huangrongbo,good,,,prod,2026-08-29 04:54:41.131763+00:00,2026-08-29 11:22:58.146933+00:00,/nfs/data/sz_44/20260829/episode_20260829_035543_000_4b79db09.npy.mp4
01a04ba9-3318-7995-9cfa-c12da1096ee8,industrial packing,completed,yam,yam_0_61,25.2,huangrongbo,good,,,prod,2026-08-29 04:54:55.816872+00:00,2026-08-29 11:22:57.858519+00:00,/nfs/data/sz_44/20260829/episode_20260829_035615_000_906dd73f.npy.mp4
01a04ba9-a460-7355-a2a1-6fddccf8a948,industrial packing,completed,yam,yam_0_61,25.2,huangrongbo,good,,,prod,2026-08-29 04:55:21.970556+00:00,2026-08-29 11:22:57.739415+00:00,/nfs/data/sz_44/20260829/episode_20260829_035644_000_b24e2811.npy.mp4
01a04baa-15a8-7b93-a805-839377d2d219,industrial packing,completed,yam,yam_0_61,25.5,huangrongbo,good,,,prod,2026-08-29 04:16:12.242749+00:00,2026-08-29 11:22:57.027976+00:00,/nfs/data/sz_44/20260829/episode_20260829_035713_000_41af873c.npy.mp4
01a04baa-8ad8-72d9-b6fb-0f6d4b408ec7,industrial packing,completed,yam,yam_0_61,29.5,huangrongbo,good,,,prod,2026-08-29 04:54:46.355353+00:00,2026-08-29 11:22:56.809492+00:00,/nfs/data/sz_44/20260829/episode_20260829_035743_000_837053d6.npy.mp4
01a04bab-0fa8-7efe-8918-238454ea5767,industrial packing,completed,yam,yam_0_61,27.0,huangrongbo,good,,,prod,2026-08-29 04:54:25.442635+00:00,2026-08-29 11:22:52.741757+00:00,/nfs/data/sz_44/20260829/episode_20260829_035817_000_d94a318e.npy.mp4
01a04cfc-8648-7b9e-b6ee-86b2672be5e8,industrial packing,completed,yam,yam_0_61,25.5,huangrongbo,good,,,prod,2026-08-29 10:17:02.888866+00:00,2026-08-29 11:22:52.608251+00:00,/nfs/data/sz_44/20260829/episode_20260829_100653_000_2f397d60.npy.mp4
01a04bab-88c0-7757-88dd-89882cac5475,industrial packing,completed,yam,yam_0_61,28.2,huangrongbo,good,,,prod,2026-08-29 04:55:52.341832+00:00,2026-08-29 11:22:51.992087+00:00,/nfs/data/sz_44/20260829/episode_20260829_035848_000_4573affd.npy.mp4
01a04bac-05c0-73ba-9e42-36eca70ddfcd,industrial packing,completed,yam,yam_0_61,27.3,huangrongbo,good,,,prod,2026-08-29 04:56:33.156905+00:00,2026-08-29 11:22:51.837540+00:00,/nfs/data/sz_44/20260829/episode_20260829_035920_000_c845080d.npy.mp4
01a04bac-7ed8-759c-be25-6aded6941141,industrial packing,completed,yam,yam_0_61,23.9,huangrongbo,good,,,prod,2026-08-29 04:16:36.673236+00:00,2026-08-29 11:22:51.032261+00:00,/nfs/data/sz_44/20260829/episode_20260829_035951_000_a3fc56f9.npy.mp4
01a04bac-ec38-74c3-bddc-c3ad32a0b403,industrial packing,completed,yam,yam_0_61,28.3,huangrongbo,good,,,prod,2026-08-29 04:58:25.481669+00:00,2026-08-29 11:22:50.754762+00:00,/nfs/data/sz_44/20260829/episode_20260829_040019_000_40eaa0ea.npy.mp4
01a04bad-6938-76fd-a7f7-aaea5e228c42,industrial packing,completed,yam,yam_0_61,27.1,huangrongbo,good,,,prod,2026-08-29 04:56:11.249358+00:00,2026-08-29 11:22:50.146590+00:00,/nfs/data/sz_44/20260829/episode_20260829_040051_000_030713da.npy.mp4
01a04bad-e250-79f2-8736-6dc46ac6803a,industrial packing,completed,yam,yam_0_61,26.8,huangrongbo,good,,,prod,2026-08-29 04:57:19.139350+00:00,2026-08-29 11:22:49.858352+00:00,/nfs/data/sz_44/20260829/episode_20260829_040122_000_aa6f0929.npy.mp4
01a04bae-5b68-7329-be52-c0b4543817f4,industrial packing,completed,yam,yam_0_61,28.6,huangrongbo,good,,,prod,2026-08-29 04:52:38.147037+00:00,2026-08-29 11:22:49.110164+00:00,/nfs/data/sz_44/20260829/episode_20260829_040153_000_5f01d7a6.npy.mp4
01a04bae-e808-75d8-8f44-36ddb4d35b14,industrial packing,completed,yam,yam_0_61,24.7,huangrongbo,good,,,prod,2026-08-29 04:57:34.295091+00:00,2026-08-29 11:22:48.928484+00:00,/nfs/data/sz_44/20260829/episode_20260829_040229_000_c2826f9d.npy.mp4
01a04baf-5568-714b-b985-05f27ad70375,industrial packing,completed,yam,yam_0_61,27.3,huangrongbo,good,,,prod,2026-08-29 04:58:30.703529+00:00,2026-08-29 11:22:48.728504+00:00,/nfs/data/sz_44/20260829/episode_20260829_040257_000_041d810e.npy.mp4
01a04baf-ce80-7e1e-90e9-06994ae63443,industrial packing,completed,yam,yam_0_61,27.5,huangrongbo,good,,,prod,2026-08-29 04:54:30.692364+00:00,2026-08-29 11:22:48.068481+00:00,/nfs/data/sz_44/20260829/episode_20260829_040328_000_4d847ca1.npy.mp4
01a04bb0-4b80-7bf5-9c42-2f1377840646,industrial packing,completed,yam,yam_0_61,25.5,huangrongbo,good,,,prod,2026-08-29 04:58:10.831390+00:00,2026-08-29 11:22:47.901411+00:00,/nfs/data/sz_44/20260829/episode_20260829_040400_000_f44d80fe.npy.mp4
01a04bb0-bcc8-7c50-87f8-e67484d0fd62,industrial packing,completed,yam,yam_0_61,25.3,huangrongbo,good,,,prod,2026-08-29 04:58:20.262693+00:00,2026-08-29 11:22:47.739606+00:00,/nfs/data/sz_44/20260829/episode_20260829_040429_000_44833f2e.npy.mp4
01a04bb1-2e10-7f17-8956-686c7bc5e0b9,industrial packing,completed,yam,yam_0_61,27.8,huangrongbo,good,,,prod,2026-08-29 04:52:48.782484+00:00,2026-08-29 11:22:47.052421+00:00,/nfs/data/sz_44/20260829/episode_20260829_040458_000_ccaa408e.npy.mp4
01a04bb1-ab10-70cc-862d-d5b1a7803de0,industrial packing,completed,yam,yam_0_61,25.0,huangrongbo,good,,,prod,2026-08-29 04:57:04.477683+00:00,2026-08-29 11:22:46.806714+00:00,/nfs/data/sz_44/20260829/episode_20260829_040530_000_bc9736c0.npy.mp4
01a04bb2-1c58-72eb-8333-08e7bd6a0298,industrial packing,completed,yam,yam_0_61,26.5,huangrongbo,good,,,prod,2026-08-29 04:56:07.027488+00:00,2026-08-29 11:22:46.164603+00:00,/nfs/data/sz_44/20260829/episode_20260829_040559_000_01ae96dd.npy.mp4
01a04bb2-9570-7d64-994b-16edab14878b,industrial packing,completed,yam,yam_0_61,26.6,huangrongbo,good,,,prod,2026-08-29 04:59:21.096137+00:00,2026-08-29 11:22:45.904965+00:00,/nfs/data/sz_44/20260829/episode_20260829_040630_000_e814e22a.npy.mp4
01a04bb3-0aa0-7cc2-b1e6-f13102af493f,industrial packing,completed,yam,yam_0_61,26.0,huangrongbo,good,,,prod,2026-08-29 04:16:53.408365+00:00,2026-08-29 11:22:45.742535+00:00,/nfs/data/sz_44/20260829/episode_20260829_040700_000_372740b0.npy.mp4
01a04bb3-7fd0-721d-9c55-6fb73c6f57c1,industrial packing,completed,yam,yam_0_61,26.8,huangrongbo,good,,,prod,2026-08-29 04:53:50.753475+00:00,2026-08-29 11:22:45.033547+00:00,/nfs/data/sz_44/20260829/episode_20260829_040730_000_f6973a51.npy.mp4
01a04bb3-f8e8-7c76-85ed-fabe22878152,industrial packing,completed,yam,yam_0_61,25.3,huangrongbo,good,,,prod,2026-08-29 04:16:32.407941+00:00,2026-08-29 11:22:44.813472+00:00,/nfs/data/sz_44/20260829/episode_20260829_040801_000_9881ddf2.npy.mp4
01a04bb4-6a30-71a4-a5d7-00576f369b2e,industrial packing,completed,yam,yam_0_61,26.4,huangrongbo,good,,,prod,2026-08-29 04:59:52.430327+00:00,2026-08-29 11:22:44.185743+00:00,/nfs/data/sz_44/20260829/episode_20260829_040830_000_2c5cf7cb.npy.mp4
01a04bb4-df60-7901-9585-4f03a05a56f3,industrial packing,completed,yam,yam_0_61,24.0,huangrongbo,good,,,prod,2026-08-29 04:52:32.857173+00:00,2026-08-29 11:22:43.967207+00:00,/nfs/data/sz_44/20260829/episode_20260829_040900_000_3d3ab9e6.npy.mp4
01a04bb5-5878-7058-8d75-ddf8fee93b6e,industrial packing,completed,yam,yam_0_61,25.3,huangrongbo,good,,,prod,2026-08-29 04:58:16.050593+00:00,2026-08-29 11:22:43.751167+00:00,/nfs/data/sz_44/20260829/episode_20260829_040931_000_1e3b39d9.npy.mp4
01a04bb5-c9c0-785b-afc4-e1f53b38b8a1,industrial packing,completed,yam,yam_0_61,25.1,huangrongbo,good,,,prod,2026-08-29 04:15:38.039505+00:00,2026-08-29 11:22:43.047995+00:00,/nfs/data/sz_44/20260829/episode_20260829_041000_000_68bc53ee.npy.mp4
01a04bb6-3b08-75e2-a8d0-b3e439ed81f9,industrial packing,completed,yam,yam_0_61,24.6,huangrongbo,good,,,prod,2026-08-29 04:53:25.509451+00:00,2026-08-29 11:22:42.843756+00:00,/nfs/data/sz_44/20260829/episode_20260829_041029_000_aa79f10c.npy.mp4
01a04bb6-a868-70c8-8418-2f70294af6ea,industrial packing,completed,yam,yam_0_61,25.1,huangrongbo,good,,,prod,2026-08-29 04:54:10.686687+00:00,2026-08-29 11:22:42.728693+00:00,/nfs/data/sz_44/20260829/episode_20260829_041057_000_0edffca8.npy.mp4
01a04bb7-19b0-7e0f-865f-adbb5cd4b8f3,industrial packing,completed,yam,yam_0_61,26.0,huangrongbo,good,,,prod,2026-08-29 04:57:09.704805+00:00,2026-08-29 11:22:42.045132+00:00,/nfs/data/sz_44/20260829/episode_20260829_041126_000_036addcb.npy.mp4
01a04bb7-8ee0-79f7-a2db-8219d29b4107,industrial packing,completed,yam,yam_0_61,25.6,huangrongbo,good,,,prod,2026-08-29 04:16:41.933041+00:00,2026-08-29 11:22:41.852062+00:00,/nfs/data/sz_44/20260829/episode_20260829_041156_000_82776c50.npy.mp4
01a04bb8-0410-7385-9a71-5bc9169d0b38,industrial packing,completed,yam,yam_0_61,26.7,huangrongbo,good,,,prod,2026-08-29 04:54:01.231779+00:00,2026-08-29 11:22:41.725817+00:00,/nfs/data/sz_44/20260829/episode_20260829_041226_000_a4832bda.npy.mp4
01a04bb8-7940-70e9-95e0-f41c54db05b3,industrial packing,completed,yam,yam_0_61,27.2,huangrongbo,good,,,prod,2026-08-29 04:53:21.277244+00:00,2026-08-29 11:22:40.938491+00:00,/nfs/data/sz_44/20260829/episode_20260829_041256_000_b7989e86.npy.mp4
01a04bb8-f258-7a84-8350-f6aad5544f54,industrial packing,completed,yam,yam_0_61,27.7,huangrongbo,good,,,prod,2026-08-29 04:15:59.784886+00:00,2026-08-29 11:22:40.759266+00:00,/nfs/data/sz_44/20260829/episode_20260829_041327_000_36ba9f82.npy.mp4
01a04bb9-6f58-7598-9fbe-a25b283a445a,industrial packing,completed,yam,yam_0_61,27.8,huangrongbo,good,,,prod,2026-08-29 04:15:52.559124+00:00,2026-08-29 11:22:40.087553+00:00,/nfs/data/sz_44/20260829/episode_20260829_041359_000_4c2d7d6d.npy.mp4
01a04bb9-e870-7d34-898f-234731997c07,industrial packing,completed,yam,yam_0_61,26.2,huangrongbo,good,,,prod,2026-08-29 04:54:15.910162+00:00,2026-08-29 11:22:39.865826+00:00,/nfs/data/sz_44/20260829/episode_20260829_041430_000_04f00a3f.npy.mp4
01a04bbc-2e78-764c-a06a-59f50e2e3bbb,industrial packing,completed,yam,yam_0_61,26.8,huangrongbo,good,,,prod,2026-08-29 04:55:47.113346+00:00,2026-08-29 11:22:39.736585+00:00,/nfs/data/sz_44/20260829/episode_20260829_041659_000_6c5e93e1.npy.mp4
01a04bbc-a3a8-7404-b583-43e0decaa948,industrial packing,completed,yam,yam_0_61,26.0,huangrongbo,good,,,prod,2026-08-29 04:59:26.320041+00:00,2026-08-29 11:22:39.126869+00:00,/nfs/data/sz_44/20260829/episode_20260829_041729_000_2b046b84.npy.mp4
01a04bbd-18d8-709d-8964-eae752580431,industrial packing,completed,yam,yam_0_61,28.5,huangrongbo,good,,,prod,2026-08-29 04:57:30.061811+00:00,2026-08-29 11:22:38.898150+00:00,/nfs/data/sz_44/20260829/episode_20260829_041759_000_92e0e614.npy.mp4
01a04bbd-99c0-726a-bf0a-d8d6e4dd296e,industrial packing,completed,yam,yam_0_61,27.8,huangrongbo,good,,,prod,2026-08-29 04:59:05.437668+00:00,2026-08-29 11:22:38.715691+00:00,/nfs/data/sz_44/20260829/episode_20260829_041832_000_97070d1d.npy.mp4
01a04bbe-12d8-7f4d-a7ed-ddaf05435e6b,industrial packing,completed,yam,yam_0_61,28.3,huangrongbo,good,,,prod,2026-08-29 04:52:54.133314+00:00,2026-08-29 11:22:38.032268+00:00,/nfs/data/sz_44/20260829/episode_20260829_041903_000_160e7aa9.npy.mp4
01a04bbe-8fd8-7d83-a876-c9478ad5b091,industrial packing,completed,yam,yam_0_61,26.1,huangrongbo,good,,,prod,2026-08-29 04:55:01.045348+00:00,2026-08-29 11:22:37.858401+00:00,/nfs/data/sz_44/20260829/episode_20260829_041935_000_c3eb75cd.npy.mp4
01a04bbf-0508-72f4-a0ed-c33e679bdfa3,industrial packing,completed,yam,yam_0_61,24.8,huangrongbo,good,,,prod,2026-08-29 04:56:01.812158+00:00,2026-08-29 11:22:37.720818+00:00,/nfs/data/sz_44/20260829/episode_20260829_042005_000_53f42025.npy.mp4
01a04bbf-7a38-7d36-8233-db038d0cb6e7,industrial packing,completed,yam,yam_0_61,25.8,huangrongbo,good,,,prod,2026-08-29 04:53:36.008221+00:00,2026-08-29 11:22:37.096452+00:00,/nfs/data/sz_44/20260829/episode_20260829_042035_000_d83e9cec.npy.mp4
01a04bbf-eb80-7bc6-b153-21c2ecc3edcc,industrial packing,completed,yam,yam_0_61,26.4,huangrongbo,good,,,prod,2026-08-29 04:52:28.620411+00:00,2026-08-29 11:22:36.875228+00:00,/nfs/data/sz_44/20260829/episode_20260829_042104_000_39c5de15.npy.mp4
01a04bc0-6498-7e0f-97d4-6a37792f4ccb,industrial packing,completed,yam,yam_0_61,25.2,huangrongbo,good,,,prod,2026-08-29 04:53:46.544695+00:00,2026-08-29 11:22:36.732030+00:00,/nfs/data/sz_44/20260829/episode_20260829_042135_000_cabc5cee.npy.mp4
01a04bc0-d5e0-784a-a5f0-927dae7c7f4c,industrial packing,completed,yam,yam_0_61,26.7,huangrongbo,good,,,prod,2026-08-29 04:53:41.274128+00:00,2026-08-29 11:22:36.164673+00:00,/nfs/data/sz_44/20260829/episode_20260829_042204_000_a95a96dc.npy.mp4
01a04bc1-4b10-7cc9-b411-9885b87b5e60,industrial packing,completed,yam,yam_0_61,27.7,huangrongbo,good,,,prod,2026-08-29 04:55:41.881177+00:00,2026-08-29 11:22:35.959297+00:00,/nfs/data/sz_44/20260829/episode_20260829_042234_000_bcb7885a.npy.mp4
01a04bc1-c810-77c3-8b87-0eb4faea4c47,industrial packing,completed,yam,yam_0_61,26.9,huangrongbo,good,,,prod,2026-08-29 04:54:21.150103+00:00,2026-08-29 11:22:35.784574+00:00,/nfs/data/sz_44/20260829/episode_20260829_042306_000_53b875da.npy.mp4
01a04bc2-4128-70bb-8f7e-d1d75d857146,industrial packing,completed,yam,yam_0_61,26.3,huangrongbo,good,,,prod,2026-08-29 04:54:35.915935+00:00,2026-08-29 11:22:35.091354+00:00,/nfs/data/sz_44/20260829/episode_20260829_042337_000_4dad32d9.npy.mp4
01a04bc2-b658-7d85-ab88-dd9b41a00b8d,industrial packing,completed,yam,yam_0_61,25.6,huangrongbo,good,,,prod,2026-08-29 04:55:26.187898+00:00,2026-08-29 11:22:34.923156+00:00,/nfs/data/sz_44/20260829/episode_20260829_042407_000_e8315ac5.npy.mp4
01a04bc3-27a0-7c4f-8944-682f9502fc83,industrial packing,completed,yam,yam_0_61,26.9,huangrongbo,good,,,prod,2026-08-29 04:58:50.714855+00:00,2026-08-29 11:22:34.740669+00:00,/nfs/data/sz_44/20260829/episode_20260829_042436_000_8b35c233.npy.mp4
01a04bc3-a0b8-7aaf-8e6e-9ad4e3d0d8b7,industrial packing,completed,yam,yam_0_61,25.9,huangrongbo,good,,,prod,2026-08-29 04:55:57.577936+00:00,2026-08-29 11:22:34.050444+00:00,/nfs/data/sz_44/20260829/episode_20260829_042507_000_0c59e8e8.npy.mp4
01a04bc4-1200-734e-92ac-8177a2fd9c16,industrial packing,completed,yam,yam_0_61,25.0,huangrongbo,good,,,prod,2026-08-29 04:58:01.392961+00:00,2026-08-29 11:22:33.890291+00:00,/nfs/data/sz_44/20260829/episode_20260829_042536_000_ede3dc04.npy.mp4
01a04bc4-8348-77fc-bc1b-d2a96a4187f3,industrial packing,completed,yam,yam_0_61,26.3,huangrongbo,good,,,prod,2026-08-29 04:58:36.015525+00:00,2026-08-29 11:22:33.728133+00:00,/nfs/data/sz_44/20260829/episode_20260829_042605_000_a81087c7.npy.mp4
01a04bc4-f878-79a9-9388-d1a81a3e741b,industrial packing,completed,yam,yam_0_61,28.2,huangrongbo,good,,,prod,2026-08-29 04:52:23.403034+00:00,2026-08-29 11:22:33.106079+00:00,/nfs/data/sz_44/20260829/episode_20260829_042635_000_075fb293.npy.mp4
01a04bc5-7578-707b-9702-6667eb4d2b11,industrial packing,completed,yam,yam_0_61,31.4,huangrongbo,good,,,prod,2026-08-29 04:59:11.669156+00:00,2026-08-29 11:22:32.866419+00:00,/nfs/data/sz_44/20260829/episode_20260829_042707_000_3eece49e.npy.mp4
01a04bc5-fe30-7547-8c38-6e485d118a03,industrial packing,completed,yam,yam_0_61,31.8,huangrongbo,good,,,prod,2026-08-29 04:53:31.774317+00:00,2026-08-29 11:22:32.741110+00:00,/nfs/data/sz_44/20260829/episode_20260829_042742_000_329b8c52.npy.mp4
01a04bc6-86e8-7056-8cb9-5e8eacfc181c,industrial packing,completed,yam,yam_0_61,30.8,huangrongbo,good,,,prod,2026-08-29 04:52:59.356940+00:00,2026-08-29 11:22:32.028887+00:00,/nfs/data/sz_44/20260829/episode_20260829_042817_000_0d6b1b37.npy.mp4
01a04bc7-0fa0-7c1e-81ff-dcd8cef73aa8,industrial packing,completed,yam,yam_0_61,35.1,huangrongbo,good,,,prod,2026-08-29 04:53:05.603503+00:00,2026-08-29 11:22:31.815188+00:00,/nfs/data/sz_44/20260829/episode_20260829_042852_000_4c37c279.npy.mp4
01a04bc7-a7f8-7646-8058-ff4daeec560f,industrial packing,completed,yam,yam_0_61,31.1,huangrongbo,good,,,prod,2026-08-29 04:56:27.911014+00:00,2026-08-29 11:22:31.251564+00:00,/nfs/data/sz_44/20260829/episode_20260829_042931_000_eb600a13.npy.mp4
01a04beb-a2e8-7ff5-8837-1ecad1a8855a,industrial packing,completed,yam,yam_0_61,34.1,huangrongbo,good,,,prod,2026-08-29 05:32:11.887482+00:00,2026-08-29 11:22:31.042646+00:00,/nfs/data/sz_44/20260829/episode_20260829_050849_000_97f47430.npy.mp4
01a04bec-5a80-7303-9591-895918f19615,industrial packing,completed,yam,yam_0_61,31.8,huangrongbo,good,,,prod,2026-08-29 05:31:49.991036+00:00,2026-08-29 11:22:30.845228+00:00,/nfs/data/sz_44/20260829/episode_20260829_050936_000_ba6b7ce9.npy.mp4
01a04bec-e720-73c1-8af6-58f7ab7eb5c8,industrial packing,completed,yam,yam_0_61,31.0,huangrongbo,good,,,prod,2026-08-29 05:34:19.520617+00:00,2026-08-29 11:22:30.137608+00:00,/nfs/data/sz_44/20260829/episode_20260829_051012_000_c3fb2643.npy.mp4
01a04bed-6fd8-7dcf-b729-1cd900a4eceb,industrial packing,completed,yam,yam_0_61,26.9,huangrongbo,good,,,prod,2026-08-29 05:34:59.470520+00:00,2026-08-29 11:22:29.953389+00:00,/nfs/data/sz_44/20260829/episode_20260829_051047_000_1a19dc8f.npy.mp4
01a04bed-e8f0-74a0-8458-10c16ea82f69,industrial packing,completed,yam,yam_0_61,26.4,huangrongbo,good,,,prod,2026-08-29 05:34:53.095505+00:00,2026-08-29 11:22:29.776318+00:00,/nfs/data/sz_44/20260829/episode_20260829_051118_000_53f02c1a.npy.mp4
01a04bee-65f0-7371-8c5f-85878c6f9e34,industrial packing,completed,yam,yam_0_61,30.0,huangrongbo,good,,,prod,2026-08-29 05:32:03.546585+00:00,2026-08-29 11:22:29.047605+00:00,/nfs/data/sz_44/20260829/episode_20260829_051150_000_45ee84d9.npy.mp4
01a04bee-eac0-7f3a-862f-c39f8765923b,industrial packing,completed,yam,yam_0_61,26.8,huangrongbo,good,,,prod,2026-08-29 05:34:12.242676+00:00,2026-08-29 11:22:28.886570+00:00,/nfs/data/sz_44/20260829/episode_20260829_051224_000_84a5657f.npy.mp4
01a04bef-5ff0-71f4-af52-b31f0df87db2,industrial packing,completed,yam,yam_0_61,28.7,huangrongbo,good,,,prod,2026-08-29 05:32:58.122642+00:00,2026-08-29 11:22:28.761699+00:00,/nfs/data/sz_44/20260829/episode_20260829_051254_000_635af409.npy.mp4
01a04bef-dcf0-7f19-85fe-b3841a166fe8,industrial packing,completed,yam,yam_0_61,29.4,huangrongbo,good,,,prod,2026-08-29 05:34:33.058360+00:00,2026-08-29 11:22:28.226831+00:00,/nfs/data/sz_44/20260829/episode_20260829_051326_000_58d1d15d.npy.mp4
01a04bf0-61c0-7bd7-8d53-625188a44bec,industrial packing,completed,yam,yam_0_61,29.1,huangrongbo,good,,,prod,2026-08-29 05:31:42.693042+00:00,2026-08-29 11:22:27.980338+00:00,/nfs/data/sz_44/20260829/episode_20260829_051400_000_aa8aa199.npy.mp4
01a04bf0-dec0-77b8-b28f-2d5802c25868,industrial packing,completed,yam,yam_0_61,27.7,huangrongbo,good,,,prod,2026-08-29 05:34:25.762109+00:00,2026-08-29 11:22:27.792146+00:00,/nfs/data/sz_44/20260829/episode_20260829_051432_000_d21ca010.npy.mp4
01a04bf1-5bc0-7fa1-9d8d-1eda8dab3a02,industrial packing,completed,yam,yam_0_61,26.8,huangrongbo,good,,,prod,2026-08-29 05:32:45.466486+00:00,2026-08-29 11:22:27.044386+00:00,/nfs/data/sz_44/20260829/episode_20260829_051504_000_d5a7b711.npy.mp4
01a04bf1-d0f0-7881-887e-496ab2b06791,industrial packing,completed,yam,yam_0_61,27.1,huangrongbo,good,,,prod,2026-08-29 05:33:11.741078+00:00,2026-08-29 11:22:26.935492+00:00,/nfs/data/sz_44/20260829/episode_20260829_051534_000_929851dd.npy.mp4
01a04bf2-4df0-743a-a894-3a1222c3db86,industrial packing,completed,yam,yam_0_61,25.1,huangrongbo,good,,,prod,2026-08-29 05:32:50.794526+00:00,2026-08-29 11:22:26.819262+00:00,/nfs/data/sz_44/20260829/episode_20260829_051606_000_26aaf815.npy.mp4
01a04bf2-bb50-77a4-aaeb-0459aef686da,industrial packing,completed,yam,yam_0_61,25.9,huangrongbo,good,,,prod,2026-08-29 05:33:18.011100+00:00,2026-08-29 11:22:26.124034+00:00,/nfs/data/sz_44/20260829/episode_20260829_051634_000_a10795c0.npy.mp4
01a04bf3-3080-778b-9ae1-10d211446c28,industrial packing,completed,yam,yam_0_61,28.2,huangrongbo,good,,,prod,2026-08-29 05:35:45.443042+00:00,2026-08-29 11:22:25.938674+00:00,/nfs/data/sz_44/20260829/episode_20260829_051704_000_0f086d4a.npy.mp4
01a04bf3-b550-79a3-8ae7-33e988b754f1,industrial packing,completed,yam,yam_0_61,26.1,huangrongbo,good,,,prod,2026-08-29 05:32:38.124450+00:00,2026-08-29 11:22:25.771748+00:00,/nfs/data/sz_44/20260829/episode_20260829_051738_000_dd7fd684.npy.mp4
01a04bf4-2a80-7ca5-a13e-19cf0444ca27,industrial packing,completed,yam,yam_0_61,26.9,huangrongbo,good,,,prod,2026-08-29 05:35:25.643044+00:00,2026-08-29 11:22:25.157881+00:00,/nfs/data/sz_44/20260829/episode_20260829_051808_000_97a4515f.npy.mp4
01a04bf4-9fb0-7daf-bffc-3e167b2194f3,industrial packing,completed,yam,yam_0_61,29.7,huangrongbo,good,,,prod,2026-08-29 05:32:25.468349+00:00,2026-08-29 11:22:25.033160+00:00,/nfs/data/sz_44/20260829/episode_20260829_051838_000_78fb0bf2.npy.mp4
01a04bf5-2098-73e2-a928-07a5495b5387,industrial packing,completed,yam,yam_0_61,25.6,huangrongbo,good,,,prod,2026-08-29 05:34:39.341751+00:00,2026-08-29 11:22:24.992818+00:00,/nfs/data/sz_44/20260829/episode_20260829_051911_000_d01f5d53.npy.mp4
01a04cfc-1500-7210-8d21-580ae93c5636,industrial packing,completed,yam,yam_0_61,25.5,huangrongbo,good,,,prod,2026-08-29 10:12:45.255163+00:00,2026-08-29 11:22:24.630347+00:00,/nfs/data/sz_44/20260829/episode_20260829_100624_000_0dba6da0.npy.mp4
01a04bf5-95c8-7e92-974c-8e3ced64c85a,industrial packing,completed,yam,yam_0_61,28.1,huangrongbo,good,,,prod,2026-08-29 05:34:45.659961+00:00,2026-08-29 11:22:24.133955+00:00,/nfs/data/sz_44/20260829/episode_20260829_051941_000_f3e23fb0.npy.mp4
01a04bf6-12c8-7f6f-ac7a-8daa3e63129a,industrial packing,completed,yam,yam_0_61,26.5,huangrongbo,good,,,prod,2026-08-29 05:33:05.427573+00:00,2026-08-29 11:22:23.792241+00:00,/nfs/data/sz_44/20260829/episode_20260829_052013_000_e5175481.npy.mp4
01a04bf6-87f8-7d63-9cf7-b1bc04e83d40,industrial packing,completed,yam,yam_0_61,28.4,huangrongbo,good,,,prod,2026-08-29 05:34:05.942815+00:00,2026-08-29 11:22:23.160700+00:00,/nfs/data/sz_44/20260829/episode_20260829_052043_000_df3910c0.npy.mp4
01a04bf7-04f8-77d8-919a-fcf76ee9b4a6,industrial packing,completed,yam,yam_0_61,30.7,huangrongbo,good,,,prod,2026-08-29 05:35:19.403514+00:00,2026-08-29 11:22:23.010860+00:00,/nfs/data/sz_44/20260829/episode_20260829_052115_000_032ab6ae.npy.mp4
01a04bf7-89c8-720f-bc9a-f999a9a81235,industrial packing,completed,yam,yam_0_61,26.0,huangrongbo,good,,,prod,2026-08-29 05:35:12.148205+00:00,2026-08-29 11:22:22.750463+00:00,/nfs/data/sz_44/20260829/episode_20260829_052149_000_d09198f5.npy.mp4
01a04bf7-fef8-72b8-9787-c783ab8d42ce,industrial packing,completed,yam,yam_0_61,24.5,huangrongbo,good,,,prod,2026-08-29 05:35:31.939569+00:00,2026-08-29 11:22:22.161644+00:00,/nfs/data/sz_44/20260829/episode_20260829_052219_000_ef49f3d6.npy.mp4
01a04bf8-6c58-70ac-be50-eb3eaa2374bb,industrial packing,completed,yam,yam_0_61,26.2,huangrongbo,good,,,prod,2026-08-29 05:33:36.867908+00:00,2026-08-29 11:22:22.031547+00:00,/nfs/data/sz_44/20260829/episode_20260829_052247_000_210e9d02.npy.mp4
01a04bf8-e188-7397-b9b0-cfc9c05ae274,industrial packing,completed,yam,yam_0_61,24.5,huangrongbo,good,,,prod,2026-08-29 05:31:35.374239+00:00,2026-08-29 11:22:21.878824+00:00,/nfs/data/sz_44/20260829/episode_20260829_052317_000_38d6af5c.npy.mp4
01a04bf9-4ee8-7380-bfbb-44f692a1b8b0,industrial packing,completed,yam,yam_0_61,27.0,huangrongbo,good,,,prod,2026-08-29 05:33:51.400780+00:00,2026-08-29 11:22:21.736438+00:00,/nfs/data/sz_44/20260829/episode_20260829_052345_000_91e4a104.npy.mp4
01a04bf9-c418-744a-8dba-4b5b19c1f0c5,industrial packing,completed,yam,yam_0_61,27.5,huangrongbo,good,,,prod,2026-08-29 05:32:19.180568+00:00,2026-08-29 11:22:21.082588+00:00,/nfs/data/sz_44/20260829/episode_20260829_052415_000_aab8f207.npy.mp4
01a04bfa-4118-745b-aa6f-652a32e1ea28,industrial packing,completed,yam,yam_0_61,24.8,huangrongbo,good,,,prod,2026-08-29 05:33:30.579411+00:00,2026-08-29 11:22:20.899583+00:00,/nfs/data/sz_44/20260829/episode_20260829_052447_000_295d4730.npy.mp4
01a04bfa-ae78-7538-8b7e-937cb316b916,industrial packing,completed,yam,yam_0_61,25.5,huangrongbo,good,,,prod,2026-08-29 05:35:06.715135+00:00,2026-08-29 11:22:20.732956+00:00,/nfs/data/sz_44/20260829/episode_20260829_052515_000_e6074fa1.npy.mp4
01a04bfb-1fc0-7664-9592-7e32b06b8313,industrial packing,completed,yam,yam_0_61,26.4,huangrongbo,good,,,prod,2026-08-29 05:31:29.122208+00:00,2026-08-29 11:22:20.177129+00:00,/nfs/data/sz_44/20260829/episode_20260829_052544_000_e13a48b1.npy.mp4
01a04bfb-94f0-72fc-ad68-d24fe9ebb0db,industrial packing,completed,yam,yam_0_61,26.9,huangrongbo,good,,,prod,2026-08-29 05:31:22.871199+00:00,2026-08-29 11:22:20.028065+00:00,/nfs/data/sz_44/20260829/episode_20260829_052614_000_0786266f.npy.mp4
01a04bfc-0e08-7716-acf8-15899af55bf0,industrial packing,completed,yam,yam_0_61,26.5,huangrongbo,good,,,prod,2026-08-29 05:33:24.307229+00:00,2026-08-29 11:22:19.792610+00:00,/nfs/data/sz_44/20260829/episode_20260829_052645_000_53efd91d.npy.mp4
01a04bfc-8338-70b0-83e7-abfd5078a3ae,industrial packing,completed,yam,yam_0_61,25.9,huangrongbo,good,,,prod,2026-08-29 05:32:32.786767+00:00,2026-08-29 11:22:19.179198+00:00,/nfs/data/sz_44/20260829/episode_20260829_052715_000_45808dc6.npy.mp4
01a04bfd-0038-76c5-b6f7-a65b5ae5280c,industrial packing,completed,yam,yam_0_61,26.9,huangrongbo,good,,,prod,2026-08-29 05:31:56.229646+00:00,2026-08-29 11:22:19.057563+00:00,/nfs/data/sz_44/20260829/episode_20260829_052747_000_e0163959.npy.mp4
01a04bfd-7950-7844-adae-47cdd81dea0e,industrial packing,completed,yam,yam_0_61,29.9,huangrongbo,good,,,prod,2026-08-29 05:35:39.196281+00:00,2026-08-29 11:22:18.878147+00:00,/nfs/data/sz_44/20260829/episode_20260829_052818_000_ac01b97e.npy.mp4
01a04bfd-fa38-7206-8d9b-d6abff1f6b25,industrial packing,completed,yam,yam_0_61,30.3,huangrongbo,good,,,prod,2026-08-29 05:33:44.131356+00:00,2026-08-29 11:22:18.750013+00:00,/nfs/data/sz_44/20260829/episode_20260829_052851_000_f7436e29.npy.mp4
01a04bfe-82f0-7556-9774-b867e4515545,industrial packing,completed,yam,yam_0_61,30.4,huangrongbo,good,,,prod,2026-08-29 05:33:58.663766+00:00,2026-08-29 11:22:18.166917+00:00,/nfs/data/sz_44/20260829/episode_20260829_052926_000_bcda5d4e.npy.mp4
01a04bff-07c0-7130-b5c5-8715bfdc1d8c,industrial packing,completed,yam,yam_0_61,28.0,huangrongbo,good,,,prod,2026-08-29 06:23:08.393621+00:00,2026-08-29 11:22:17.981384+00:00,/nfs/data/sz_44/20260829/episode_20260829_053000_000_d094a658.npy.mp4
01a04bff-80d8-7968-8d6a-66712e8704b2,industrial packing,completed,yam,yam_0_61,29.5,huangrongbo,good,,,prod,2026-08-29 06:23:30.231806+00:00,2026-08-29 11:22:17.793506+00:00,/nfs/data/sz_44/20260829/episode_20260829_053031_000_e636b10f.npy.mp4
01a04c00-01c0-770b-b273-026d86913e3d,industrial packing,completed,yam,yam_0_61,30.7,huangrongbo,good,,,prod,2026-08-29 06:26:30.573810+00:00,2026-08-29 11:22:10.191243+00:00,/nfs/data/sz_44/20260829/episode_20260829_053104_000_b7a5890c.npy.mp4
01a04c00-8a78-7895-8e72-a912a00814f9,industrial packing,completed,yam,yam_0_61,27.4,huangrongbo,good,,,prod,2026-08-29 06:30:24.629697+00:00,2026-08-29 11:22:09.928438+00:00,/nfs/data/sz_44/20260829/episode_20260829_053139_000_04a96cfe.npy.mp4
01a04c01-0390-7de7-849b-acddb217a8d1,industrial packing,completed,yam,yam_0_61,28.0,huangrongbo,good,,,prod,2026-08-29 06:26:51.382628+00:00,2026-08-29 11:22:09.741903+00:00,/nfs/data/sz_44/20260829/episode_20260829_053210_000_e341e93d.npy.mp4
01a04c01-7ca8-7701-ac61-31d29119b462,industrial packing,completed,yam,yam_0_61,27.6,huangrongbo,good,,,prod,2026-08-29 06:29:10.596648+00:00,2026-08-29 11:22:09.156081+00:00,/nfs/data/sz_44/20260829/episode_20260829_053241_000_515b9d89.npy.mp4
01a04c01-f9a8-7f89-b723-b1c250d3d3e5,industrial packing,completed,yam,yam_0_61,26.1,huangrongbo,good,,,prod,2026-08-29 06:24:53.598456+00:00,2026-08-29 11:22:08.784233+00:00,/nfs/data/sz_44/20260829/episode_20260829_053313_000_3d6c509d.npy.mp4
01a04c02-6af0-7212-a8e4-e3858ac09a33,industrial packing,completed,yam,yam_0_61,26.0,huangrongbo,good,,,prod,2026-08-29 06:24:10.910785+00:00,2026-08-29 11:22:07.833691+00:00,/nfs/data/sz_44/20260829/episode_20260829_053342_000_680d791e.npy.mp4
01a04c02-e020-7a94-875d-a7f156671d1d,industrial packing,completed,yam,yam_0_61,28.2,huangrongbo,good,,,prod,2026-08-29 06:28:15.524918+00:00,2026-08-29 11:22:07.075861+00:00,/nfs/data/sz_44/20260829/episode_20260829_053412_000_efa224be.npy.mp4
01a04c03-5d20-7d7c-9fe9-80d642177396,industrial packing,completed,yam,yam_0_61,26.1,huangrongbo,good,,,prod,2026-08-29 06:26:44.110189+00:00,2026-08-29 11:22:06.865449+00:00,/nfs/data/sz_44/20260829/episode_20260829_053444_000_2ddc0b7a.npy.mp4
01a04c03-d250-747e-83a6-b5c9b85f800a,industrial packing,completed,yam,yam_0_61,27.5,huangrongbo,good,,,prod,2026-08-29 06:23:36.500895+00:00,2026-08-29 11:22:06.726350+00:00,/nfs/data/sz_44/20260829/episode_20260829_053514_000_e20e63bd.npy.mp4
01a04c04-4b68-77fe-85f8-065cda9bcf82,industrial packing,completed,yam,yam_0_61,28.5,huangrongbo,good,,,prod,2026-08-29 06:30:46.404018+00:00,2026-08-29 11:22:06.089742+00:00,/nfs/data/sz_44/20260829/episode_20260829_053545_000_7ee88abb.npy.mp4
01a04c04-c868-75c5-bf28-1bb47aae2c74,industrial packing,completed,yam,yam_0_61,30.9,huangrongbo,good,,,prod,2026-08-29 06:22:32.982987+00:00,2026-08-29 11:22:05.862006+00:00,/nfs/data/sz_44/20260829/episode_20260829_053617_000_2040d302.npy.mp4
01a04c05-4d38-7272-9c66-95e84f731dfb,industrial packing,completed,yam,yam_0_61,28.7,huangrongbo,good,,,prod,2026-08-29 06:23:51.051532+00:00,2026-08-29 11:22:05.761105+00:00,/nfs/data/sz_44/20260829/episode_20260829_053651_000_126568a8.npy.mp4
01a04c05-ca38-7acc-8159-9c7a8298f8c0,industrial packing,completed,yam,yam_0_61,33.2,huangrongbo,good,,,prod,2026-08-29 06:22:17.435148+00:00,2026-08-29 11:22:05.171130+00:00,/nfs/data/sz_44/20260829/episode_20260829_053723_000_d6e2a509.npy.mp4
01a04c06-5ac0-7a03-90f6-7b1be814cd95,industrial packing,completed,yam,yam_0_61,35.8,huangrongbo,good,,,prod,2026-08-29 06:22:41.269171+00:00,2026-08-29 11:22:04.912506+00:00,/nfs/data/sz_44/20260829/episode_20260829_053800_000_7c5d90d1.npy.mp4
01a04c06-f700-7cd2-b145-d7d561f4af53,industrial packing,completed,yam,yam_0_61,32.1,huangrongbo,good,,,prod,2026-08-29 06:32:05.360033+00:00,2026-08-29 11:22:04.747842+00:00,/nfs/data/sz_44/20260829/episode_20260829_053840_000_a3367f20.npy.mp4
01a04c07-83a0-785a-8946-a08f1f38acbe,industrial packing,completed,yam,yam_0_61,31.1,huangrongbo,good,,,prod,2026-08-29 06:24:31.710962+00:00,2026-08-29 11:22:04.101773+00:00,/nfs/data/sz_44/20260829/episode_20260829_053916_000_32528dc9.npy.mp4
01a04c08-0c58-73b0-b688-1e4b620a57e8,industrial packing,completed,yam,yam_0_61,33.7,huangrongbo,good,,,prod,2026-08-29 06:30:53.658818+00:00,2026-08-29 11:22:03.900263+00:00,/nfs/data/sz_44/20260829/episode_20260829_053951_000_079b7b33.npy.mp4
01a04c08-a4b0-7722-a456-76d2c70b1c4c,industrial packing,completed,yam,yam_0_61,29.9,huangrongbo,good,,,prod,2026-08-29 06:28:22.797876+00:00,2026-08-29 11:22:03.751482+00:00,/nfs/data/sz_44/20260829/episode_20260829_054030_000_d5bdf16e.npy.mp4
01a04c09-2598-741a-862d-88471b406f18,industrial packing,completed,yam,yam_0_61,31.5,huangrongbo,good,,,prod,2026-08-29 06:31:01.900413+00:00,2026-08-29 11:22:03.197085+00:00,/nfs/data/sz_44/20260829/episode_20260829_054103_000_4c720171.npy.mp4
01a04c09-b238-76e0-ab6e-a2c8a374d623,industrial packing,completed,yam,yam_0_61,29.7,huangrongbo,good,,,prod,2026-08-29 06:27:40.231311+00:00,2026-08-29 11:22:03.011951+00:00,/nfs/data/sz_44/20260829/episode_20260829_054139_000_1637bc54.npy.mp4
01a04c0a-3320-7d2c-955f-5b812bfb6040,industrial packing,completed,yam,yam_0_61,29.1,huangrongbo,good,,,prod,2026-08-29 06:27:47.497807+00:00,2026-08-29 11:22:02.805463+00:00,/nfs/data/sz_44/20260829/episode_20260829_054212_000_7a06fd02.npy.mp4
01a04c0a-b020-7091-9aa1-969ea54113f8,industrial packing,completed,yam,yam_0_61,29.7,huangrongbo,good,,,prod,2026-08-29 06:30:05.888664+00:00,2026-08-29 11:22:02.186170+00:00,/nfs/data/sz_44/20260829/episode_20260829_054244_000_78a4669d.npy.mp4
01a04c0b-34f0-7084-8b8f-106b733bc3bd,industrial packing,completed,yam,yam_0_61,29.5,huangrongbo,good,,,prod,2026-08-29 06:29:38.703484+00:00,2026-08-29 11:22:02.056615+00:00,/nfs/data/sz_44/20260829/episode_20260829_054318_000_9d1825d6.npy.mp4
01a04c0b-b5d8-7fb9-bf19-78ac4fa7bec7,industrial packing,completed,yam,yam_0_61,30.8,huangrongbo,good,,,prod,2026-08-29 06:22:54.797758+00:00,2026-08-29 11:22:01.890911+00:00,/nfs/data/sz_44/20260829/episode_20260829_054351_000_360250c1.npy.mp4
01a04c0c-4278-78f8-b65e-a3d4e85ed168,industrial packing,completed,yam,yam_0_61,32.2,huangrongbo,good,,,prod,2026-08-29 06:25:23.745069+00:00,2026-08-29 11:22:01.756823+00:00,/nfs/data/sz_44/20260829/episode_20260829_054427_000_069e0bb4.npy.mp4
01a04c0c-cf18-7c2c-8f66-198a83732d31,industrial packing,completed,yam,yam_0_61,28.3,huangrongbo,good,,,prod,2026-08-29 06:25:00.888645+00:00,2026-08-29 11:22:01.204185+00:00,/nfs/data/sz_44/20260829/episode_20260829_054503_000_f7e18e1a.npy.mp4
01a04c0d-4c18-7c4e-b107-ae1ef40c4df4,industrial packing,completed,yam,yam_0_61,30.9,huangrongbo,good,,,prod,2026-08-29 06:32:27.215214+00:00,2026-08-29 11:22:01.021916+00:00,/nfs/data/sz_44/20260829/episode_20260829_054535_000_b67796ac.npy.mp4
01a04c0d-d4d0-771e-99bf-4985fc9b99dc,industrial packing,completed,yam,yam_0_61,27.6,huangrongbo,good,,,prod,2026-08-29 06:29:58.537412+00:00,2026-08-29 11:22:00.794529+00:00,/nfs/data/sz_44/20260829/episode_20260829_054610_000_6a052ac0.npy.mp4
01a04c0e-4de8-7b1c-ad74-73e5e0a92f9e,industrial packing,completed,yam,yam_0_61,27.6,huangrongbo,good,,,prod,2026-08-29 06:23:02.092774+00:00,2026-08-29 11:22:00.200398+00:00,/nfs/data/sz_44/20260829/episode_20260829_054641_000_fc4899e8.npy.mp4
01a04c0e-cae8-7917-8b5c-ca96fc660c5d,industrial packing,completed,yam,yam_0_61,29.1,huangrongbo,good,,,prod,2026-08-29 06:25:15.420692+00:00,2026-08-29 11:22:00.014618+00:00,/nfs/data/sz_44/20260829/episode_20260829_054713_000_7ee1dab7.npy.mp4
01a04c0f-4bd0-7282-905e-d91f6bf8b1e6,industrial packing,completed,yam,yam_0_61,29.9,huangrongbo,good,,,prod,2026-08-29 06:23:15.673319+00:00,2026-08-29 11:21:59.785792+00:00,/nfs/data/sz_44/20260829/episode_20260829_054746_000_c795eb56.npy.mp4
01a04c0f-d0a0-7bc5-8416-915f72f49562,industrial packing,completed,yam,yam_0_61,29.4,huangrongbo,good,,,prod,2026-08-29 06:28:37.316825+00:00,2026-08-29 11:21:59.003455+00:00,/nfs/data/sz_44/20260829/episode_20260829_054820_000_ac09d248.npy.mp4
01a04c10-5188-7d0a-a7ba-4d004499eb0f,industrial packing,completed,yam,yam_0_61,27.1,huangrongbo,good,,,prod,2026-08-29 06:32:19.948148+00:00,2026-08-29 11:21:58.785836+00:00,/nfs/data/sz_44/20260829/episode_20260829_054853_000_d69ba912.npy.mp4
01a04c10-caa0-7ae4-b93c-38cc0bcca9fc,industrial packing,completed,yam,yam_0_61,28.2,huangrongbo,good,,,prod,2026-08-29 06:27:18.435683+00:00,2026-08-29 11:21:58.147089+00:00,/nfs/data/sz_44/20260829/episode_20260829_054924_000_b14c6027.npy.mp4
01a04c11-47a0-717d-a6a8-e044cc1dbeb4,industrial packing,completed,yam,yam_0_61,29.6,huangrongbo,good,,,prod,2026-08-29 06:24:04.590365+00:00,2026-08-29 11:21:57.821235+00:00,/nfs/data/sz_44/20260829/episode_20260829_054956_000_6842fe33.npy.mp4
01a04c11-c888-778e-817a-a98f425bd69a,industrial packing,completed,yam,yam_0_61,29.9,huangrongbo,good,,,prod,2026-08-29 06:28:01.013165+00:00,2026-08-29 11:21:57.020984+00:00,/nfs/data/sz_44/20260829/episode_20260829_055029_000_335c6c23.npy.mp4
01a04c12-4d58-79e6-b03f-36d72fa2c6e9,industrial packing,completed,yam,yam_0_61,32.5,huangrongbo,good,,,prod,2026-08-29 06:25:31.084000+00:00,2026-08-29 11:21:56.765837+00:00,/nfs/data/sz_44/20260829/episode_20260829_055103_000_24d87626.npy.mp4
01a04c12-dde0-7c31-8e59-da0dc13ebeb3,industrial packing,completed,yam,yam_0_61,31.9,huangrongbo,good,,,prod,2026-08-29 06:28:30.049138+00:00,2026-08-29 11:21:56.152196+00:00,/nfs/data/sz_44/20260829/episode_20260829_055140_000_cc6a54fb.npy.mp4
01a04c13-6698-72b2-a0d8-382dd3aadaec,industrial packing,completed,yam,yam_0_61,31.2,huangrongbo,good,,,prod,2026-08-29 06:32:12.660177+00:00,2026-08-29 11:21:55.922327+00:00,/nfs/data/sz_44/20260829/episode_20260829_055215_000_f6f12a36.npy.mp4
01a04c13-ef50-7227-898a-68b697befc34,industrial packing,completed,yam,yam_0_61,31.4,huangrongbo,good,,,prod,2026-08-29 06:24:38.982865+00:00,2026-08-29 11:21:55.710590+00:00,/nfs/data/sz_44/20260829/episode_20260829_055250_000_374ceb8a.npy.mp4
01a04c14-7808-7d45-a4cc-835065b403b1,industrial packing,completed,yam,yam_0_61,28.9,huangrongbo,good,,,prod,2026-08-29 06:26:58.643421+00:00,2026-08-29 11:21:55.016689+00:00,/nfs/data/sz_44/20260829/episode_20260829_055325_000_e5cca823.npy.mp4
01a04c14-f8f0-77ca-9161-c97612b1edae,industrial packing,completed,yam,yam_0_61,31.9,huangrongbo,good,,,prod,2026-08-29 06:30:39.155005+00:00,2026-08-29 11:21:54.737852+00:00,/nfs/data/sz_44/20260829/episode_20260829_055358_000_b6eccb0a.npy.mp4
01a04c17-d750-7d98-aac4-d2894dbaba81,industrial packing,completed,yam,yam_0_61,32.2,huangrongbo,good,,,prod,2026-08-29 06:25:08.161494+00:00,2026-08-29 11:21:54.108291+00:00,/nfs/data/sz_44/20260829/episode_20260829_055706_000_cedd8be0.npy.mp4
01a04c18-6fa8-7b6c-98c1-aee31c9352c5,industrial packing,completed,yam,yam_0_61,29.4,huangrongbo,good,,,prod,2026-08-29 06:26:37.830228+00:00,2026-08-29 11:21:53.932440+00:00,/nfs/data/sz_44/20260829/episode_20260829_055745_000_05326f1a.npy.mp4
01a04c18-f090-72d3-9e89-3c047a9bb15e,industrial packing,completed,yam,yam_0_61,28.9,huangrongbo,good,,,prod,2026-08-29 06:31:29.018691+00:00,2026-08-29 11:21:53.716332+00:00,/nfs/data/sz_44/20260829/episode_20260829_055818_000_d4f4dc42.npy.mp4
01a04c19-7178-72d4-a8b5-6ca3d90f5271,industrial packing,completed,yam,yam_0_61,28.9,huangrongbo,good,,,prod,2026-08-29 06:31:36.278765+00:00,2026-08-29 11:21:53.014597+00:00,/nfs/data/sz_44/20260829/episode_20260829_055851_000_04aef242.npy.mp4
01a04c19-f260-7e6a-a47e-6c6e009bfd34,industrial packing,completed,yam,yam_0_61,31.0,huangrongbo,good,,,prod,2026-08-29 06:31:43.596337+00:00,2026-08-29 11:21:52.855110+00:00,/nfs/data/sz_44/20260829/episode_20260829_055924_000_7876c291.npy.mp4
01a04c1a-7730-7e5a-90d7-643ebdf6a65c,industrial packing,completed,yam,yam_0_61,28.3,huangrongbo,good,,,prod,2026-08-29 06:27:53.750751+00:00,2026-08-29 11:21:52.703382+00:00,/nfs/data/sz_44/20260829/episode_20260829_055958_000_707f535f.npy.mp4
01a04c1a-f430-78d3-adeb-f0fd032b27ce,industrial packing,completed,yam,yam_0_61,29.7,huangrongbo,good,,,prod,2026-08-29 06:24:24.444906+00:00,2026-08-29 11:21:52.051619+00:00,/nfs/data/sz_44/20260829/episode_20260829_060030_000_894fe5b1.npy.mp4
01a04c1b-7900-796a-a83f-ead244ab6338,industrial packing,completed,yam,yam_0_61,30.0,huangrongbo,good,,,prod,2026-08-29 06:29:25.131033+00:00,2026-08-29 11:21:51.863502+00:00,/nfs/data/sz_44/20260829/episode_20260829_060104_000_6c6f49b4.npy.mp4
01a04c1c-01b8-7f0a-9496-21ecaec16cf4,industrial packing,completed,yam,yam_0_61,30.0,huangrongbo,good,,,prod,2026-08-29 06:31:09.154989+00:00,2026-08-29 11:21:51.725755+00:00,/nfs/data/sz_44/20260829/episode_20260829_060139_000_ea674662.npy.mp4
01a04c1c-8688-720d-a09d-e9f66af610fa,industrial packing,completed,yam,yam_0_61,28.0,huangrongbo,good,,,prod,2026-08-29 06:22:09.175258+00:00,2026-08-29 11:21:51.096493+00:00,/nfs/data/sz_44/20260829/episode_20260829_060213_000_d5df2f4d.npy.mp4
01a04c1d-1328-758f-88f5-2f91f6aac8be,industrial packing,completed,yam,yam_0_61,27.2,huangrongbo,good,,,prod,2026-08-29 06:28:43.569049+00:00,2026-08-29 11:21:50.875052+00:00,/nfs/data/sz_44/20260829/episode_20260829_060249_000_424c778f.npy.mp4
01a04c1d-8c40-7aa2-af3c-77234593c915,industrial packing,completed,yam,yam_0_61,31.8,huangrongbo,good,,,prod,2026-08-29 06:24:47.275309+00:00,2026-08-29 11:21:50.750022+00:00,/nfs/data/sz_44/20260829/episode_20260829_060320_000_0eef82a7.npy.mp4
01a04c1e-2498-7dd8-8825-fb81fe267469,industrial packing,completed,yam,yam_0_61,25.5,huangrongbo,good,,,prod,2026-08-29 06:27:11.171660+00:00,2026-08-29 11:21:50.180521+00:00,/nfs/data/sz_44/20260829/episode_20260829_060359_000_e139eb04.npy.mp4
01a04c1e-99c8-7257-8852-b104b660202c,industrial packing,completed,yam,yam_0_61,28.6,huangrongbo,good,,,prod,2026-08-29 06:25:37.402730+00:00,2026-08-29 11:21:49.998401+00:00,/nfs/data/sz_44/20260829/episode_20260829_060429_000_01571a6b.npy.mp4
01a04c1f-16c8-7c85-87e9-508a92f05d24,industrial packing,completed,yam,yam_0_61,28.3,huangrongbo,good,,,prod,2026-08-29 06:22:47.525286+00:00,2026-08-29 11:21:49.858507+00:00,/nfs/data/sz_44/20260829/episode_20260829_060501_000_c7a266be.npy.mp4
01a04c1f-93c8-7d88-9766-3fa862771cff,industrial packing,completed,yam,yam_0_61,27.8,huangrongbo,good,,,prod,2026-08-29 06:29:32.436368+00:00,2026-08-29 11:21:49.732796+00:00,/nfs/data/sz_44/20260829/episode_20260829_060533_000_a5906a4b.npy.mp4
01a04c20-10c8-7a3c-b14b-0f01f8ecaf33,industrial packing,completed,yam,yam_0_61,27.7,huangrongbo,good,,,prod,2026-08-29 06:25:44.670591+00:00,2026-08-29 11:21:49.092297+00:00,/nfs/data/sz_44/20260829/episode_20260829_060605_000_f5270da9.npy.mp4
01a04c20-89e0-7bdf-b885-803d2111e841,industrial packing,completed,yam,yam_0_61,27.3,huangrongbo,good,,,prod,2026-08-29 06:31:57.096501+00:00,2026-08-29 11:21:48.908323+00:00,/nfs/data/sz_44/20260829/episode_20260829_060636_000_b89beafb.npy.mp4
01a04c21-06e0-75b6-82ed-e30ae00daf8d,industrial packing,completed,yam,yam_0_61,24.9,huangrongbo,good,,,prod,2026-08-29 06:28:49.809650+00:00,2026-08-29 11:21:48.716584+00:00,/nfs/data/sz_44/20260829/episode_20260829_060708_000_0b86d676.npy.mp4
01a04c21-7440-7093-aea3-a27ed03a9981,industrial packing,completed,yam,yam_0_61,25.9,huangrongbo,good,,,prod,2026-08-29 06:30:12.128020+00:00,2026-08-29 11:21:48.041755+00:00,/nfs/data/sz_44/20260829/episode_20260829_060736_000_c8983766.npy.mp4
01a04c21-e970-77e9-b88e-83c38310652e,industrial packing,completed,yam,yam_0_61,28.4,huangrongbo,good,,,prod,2026-08-29 06:28:08.264264+00:00,2026-08-29 11:21:47.861047+00:00,/nfs/data/sz_44/20260829/episode_20260829_060806_000_1341c639.npy.mp4
01a04c22-6670-7bc4-a748-e0bea353f128,industrial packing,completed,yam,yam_0_61,29.2,huangrongbo,good,,,prod,2026-08-29 06:26:17.052631+00:00,2026-08-29 11:21:47.736772+00:00,/nfs/data/sz_44/20260829/episode_20260829_060838_000_84d0bff9.npy.mp4
01a04c22-e758-775b-885e-83f2e0631459,industrial packing,completed,yam,yam_0_61,25.4,huangrongbo,good,,,prod,2026-08-29 06:31:22.757776+00:00,2026-08-29 11:21:46.855558+00:00,/nfs/data/sz_44/20260829/episode_20260829_060911_000_23cc3afe.npy.mp4
01a04c23-5c88-7a0a-90ca-d7996d08d723,industrial packing,completed,yam,yam_0_61,29.6,huangrongbo,good,,,prod,2026-08-29 06:29:52.245663+00:00,2026-08-29 11:21:46.731042+00:00,/nfs/data/sz_44/20260829/episode_20260829_060941_000_1b7f85aa.npy.mp4
01a04c23-dd70-769d-b21b-70e692db7cc2,industrial packing,completed,yam,yam_0_61,29.5,huangrongbo,good,,,prod,2026-08-29 06:27:25.696699+00:00,2026-08-29 11:21:46.148138+00:00,/nfs/data/sz_44/20260829/episode_20260829_061014_000_574b8157.npy.mp4
01a04c24-5e58-7176-a2c3-b50158ce3100,industrial packing,completed,yam,yam_0_61,29.1,huangrongbo,good,,,prod,2026-08-29 06:22:24.709786+00:00,2026-08-29 11:21:45.958820+00:00,/nfs/data/sz_44/20260829/episode_20260829_061047_000_a723f7d6.npy.mp4
01a04c24-df40-754f-a1eb-7a95e3b38256,industrial packing,completed,yam,yam_0_61,27.7,huangrongbo,good,,,prod,2026-08-29 06:31:16.487125+00:00,2026-08-29 11:21:45.761458+00:00,/nfs/data/sz_44/20260829/episode_20260829_061120_000_ab56abb5.npy.mp4
01a04c25-5c40-7865-ac81-9b58b46ec72b,industrial packing,completed,yam,yam_0_61,26.7,huangrongbo,good,,,prod,2026-08-29 06:26:09.786263+00:00,2026-08-29 11:21:45.016648+00:00,/nfs/data/sz_44/20260829/episode_20260829_061152_000_a74850ca.npy.mp4
01a04c25-d170-7ce8-b80d-2632cf34af3d,industrial packing,completed,yam,yam_0_61,26.8,huangrongbo,good,,,prod,2026-08-29 06:23:57.308355+00:00,2026-08-29 11:21:44.822994+00:00,/nfs/data/sz_44/20260829/episode_20260829_061222_000_59ad1ef1.npy.mp4
01a04c26-46a0-7e67-b12a-57eeffcc0935,industrial packing,completed,yam,yam_0_61,23.9,huangrongbo,good,,,prod,2026-08-29 06:30:18.375248+00:00,2026-08-29 11:21:44.165662+00:00,/nfs/data/sz_44/20260829/episode_20260829_061252_000_b93ace2c.npy.mp4
01a04c26-bbd0-723a-bc69-8ad8d729665f,industrial packing,completed,yam,yam_0_61,22.3,huangrongbo,good,,,prod,2026-08-29 06:29:43.962881+00:00,2026-08-29 11:21:43.839881+00:00,/nfs/data/sz_44/20260829/episode_20260829_061322_000_b972c808.npy.mp4
01a04c27-2160-75e7-825f-d036f0771e90,industrial packing,completed,yam,yam_0_61,25.1,huangrongbo,good,,,prod,2026-08-29 06:30:31.892492+00:00,2026-08-29 11:21:43.158597+00:00,/nfs/data/sz_44/20260829/episode_20260829_061348_000_e1bf3845.npy.mp4
01a04c27-8ec0-76f4-a388-eeec9e4b7223,industrial packing,completed,yam,yam_0_61,25.5,huangrongbo,good,,,prod,2026-08-29 06:26:03.531925+00:00,2026-08-29 11:21:42.929008+00:00,/nfs/data/sz_44/20260829/episode_20260829_061416_000_7ec4593d.npy.mp4
01a04c28-03f0-7d34-a66a-470dc0e7e289,industrial packing,completed,yam,yam_0_61,25.7,huangrongbo,good,,,prod,2026-08-29 06:23:43.780822+00:00,2026-08-29 11:21:42.743700+00:00,/nfs/data/sz_44/20260829/episode_20260829_061446_000_9f1f5d20.npy.mp4
01a04c28-7920-72f1-980b-e0ab356ff321,industrial packing,completed,yam,yam_0_61,22.9,huangrongbo,good,,,prod,2026-08-29 06:25:51.007749+00:00,2026-08-29 11:21:42.173025+00:00,/nfs/data/sz_44/20260829/episode_20260829_061516_000_da3c9ae2.npy.mp4
01a04c28-deb0-77b0-8834-2ad3420e7125,industrial packing,completed,yam,yam_0_61,23.9,huangrongbo,good,,,prod,2026-08-29 06:26:23.300720+00:00,2026-08-29 11:21:41.891090+00:00,/nfs/data/sz_44/20260829/episode_20260829_061542_000_f8335fc2.npy.mp4
01a04c29-4c10-78da-9823-1712ba392454,industrial packing,completed,yam,yam_0_61,25.4,huangrongbo,good,,,prod,2026-08-29 06:25:57.286364+00:00,2026-08-29 11:21:41.723795+00:00,/nfs/data/sz_44/20260829/episode_20260829_061610_000_efd03f5b.npy.mp4
01a04cfb-a7a0-7904-9490-f2313909d003,industrial packing,completed,yam,yam_0_61,24.3,huangrongbo,good,,,prod,2026-08-29 10:17:08.414886+00:00,2026-08-29 11:21:41.191885+00:00,/nfs/data/sz_44/20260829/episode_20260829_100556_000_4acca3f1.npy.mp4
01a04c29-c140-7f2a-a945-ed0f304ae07c,industrial packing,completed,yam,yam_0_61,28.6,huangrongbo,good,,,prod,2026-08-29 06:29:17.848593+00:00,2026-08-29 11:21:41.102610+00:00,/nfs/data/sz_44/20260829/episode_20260829_061640_000_de189f9e.npy.mp4
01a04c2a-3e40-7aea-976e-bcc9731c26bf,industrial packing,completed,yam,yam_0_61,27.6,huangrongbo,good,,,prod,2026-08-29 06:27:04.899185+00:00,2026-08-29 11:21:40.885458+00:00,/nfs/data/sz_44/20260829/episode_20260829_061712_000_65339d6a.npy.mp4
01a04c2a-cec8-7e7c-9ff5-3421fd72e077,industrial packing,completed,yam,yam_0_61,28.5,huangrongbo,good,,,prod,2026-08-29 06:23:22.961885+00:00,2026-08-29 11:21:40.734636+00:00,/nfs/data/sz_44/20260829/episode_20260829_061749_000_58b5417b.npy.mp4
01a04c2b-4bc8-79d2-819d-53043a82a108,industrial packing,completed,yam,yam_0_61,29.9,huangrongbo,good,,,prod,2026-08-29 06:28:57.081269+00:00,2026-08-29 11:21:40.169117+00:00,/nfs/data/sz_44/20260829/episode_20260829_061821_000_075686ae.npy.mp4
01a04c2b-d098-7bab-b5cf-0af3e4434baa,industrial packing,completed,yam,yam_0_61,25.9,huangrongbo,good,,,prod,2026-08-29 06:29:04.339059+00:00,2026-08-29 11:21:39.899026+00:00,/nfs/data/sz_44/20260829/episode_20260829_061855_000_06c05329.npy.mp4
01a04c2c-49b0-7504-a2ee-5da8f95a6a3b,industrial packing,completed,yam,yam_0_61,28.8,huangrongbo,good,,,prod,2026-08-29 06:27:32.973931+00:00,2026-08-29 11:21:39.748147+00:00,/nfs/data/sz_44/20260829/episode_20260829_061926_000_823e3c3b.npy.mp4
01a04c2c-ca98-7588-80e0-d50f6c068c22,industrial packing,completed,yam,yam_0_61,31.3,huangrongbo,good,,,prod,2026-08-29 06:31:50.869940+00:00,2026-08-29 11:21:39.118491+00:00,/nfs/data/sz_44/20260829/episode_20260829_061959_000_f6cfa6b6.npy.mp4
01a04c2d-5350-7cdb-b100-e1057593b5d6,industrial packing,completed,yam,yam_0_61,26.2,huangrongbo,good,,,prod,2026-08-29 06:24:17.181131+00:00,2026-08-29 11:21:38.980208+00:00,/nfs/data/sz_44/20260829/episode_20260829_062034_000_66556317.npy.mp4
01a04c2d-c880-730b-9037-dacddbe4d32c,industrial packing,completed,yam,yam_0_61,36.2,huangrongbo,good,,,prod,2026-08-29 07:25:46.154123+00:00,2026-08-29 11:21:38.839403+00:00,/nfs/data/sz_44/20260829/episode_20260829_062104_000_f663d49b.npy.mp4
01a04c2e-64c0-7f01-bf66-d7d5446fbaa9,industrial packing,completed,yam,yam_0_61,32.5,huangrongbo,good,,,prod,2026-08-29 07:20:45.972400+00:00,2026-08-29 11:21:38.718178+00:00,/nfs/data/sz_44/20260829/episode_20260829_062144_000_36d7cbe8.npy.mp4
01a04c2e-f160-73a4-996a-b01aa1556c6a,industrial packing,completed,yam,yam_0_61,30.0,huangrongbo,good,,,prod,2026-08-29 07:21:28.685970+00:00,2026-08-29 11:21:38.103066+00:00,/nfs/data/sz_44/20260829/episode_20260829_062220_000_3a917a57.npy.mp4
01a04c2f-7630-7e50-84c6-08d82507bd0e,industrial packing,completed,yam,yam_0_61,28.5,huangrongbo,good,,,prod,2026-08-29 07:28:41.382901+00:00,2026-08-29 11:21:37.948315+00:00,/nfs/data/sz_44/20260829/episode_20260829_062254_000_d6aca65c.npy.mp4
01a04c2f-f330-7ec8-b368-490129710c3a,industrial packing,completed,yam,yam_0_61,30.0,huangrongbo,good,,,prod,2026-08-29 07:26:32.425301+00:00,2026-08-29 11:21:37.781734+00:00,/nfs/data/sz_44/20260829/episode_20260829_062326_000_d5b19fcd.npy.mp4
01a04c30-7800-716a-9e7a-3189159ac397,industrial packing,completed,yam,yam_0_61,31.4,huangrongbo,good,,,prod,2026-08-29 07:24:18.526058+00:00,2026-08-29 11:21:37.026758+00:00,/nfs/data/sz_44/20260829/episode_20260829_062400_000_9752a97f.npy.mp4
01a04c31-00b8-7e40-8c48-1c034783070f,industrial packing,completed,yam,yam_0_61,30.5,huangrongbo,good,,,prod,2026-08-29 07:23:29.610868+00:00,2026-08-29 11:21:36.755162+00:00,/nfs/data/sz_44/20260829/episode_20260829_062435_000_8e652ec0.npy.mp4
01a04c31-8588-79d4-bbc9-e3738af16a47,industrial packing,completed,yam,yam_0_61,31.1,huangrongbo,good,,,prod,2026-08-29 07:20:53.292722+00:00,2026-08-29 11:21:36.038167+00:00,/nfs/data/sz_44/20260829/episode_20260829_062509_000_9c4c07c4.npy.mp4
01a04c32-0e40-7b5e-b1d2-b698da99484b,industrial packing,completed,yam,yam_0_61,29.7,huangrongbo,good,,,prod,2026-08-29 07:22:16.591755+00:00,2026-08-29 11:21:35.740720+00:00,/nfs/data/sz_44/20260829/episode_20260829_062544_000_1814b515.npy.mp4
01a04c32-9310-776e-9cd6-6c71ce7ff06a,industrial packing,completed,yam,yam_0_61,32.8,huangrongbo,good,,,prod,2026-08-29 07:26:00.700725+00:00,2026-08-29 11:21:35.132726+00:00,/nfs/data/sz_44/20260829/episode_20260829_062618_000_e1d65308.npy.mp4
01a04c33-2398-77a4-a654-06a99b019a43,industrial packing,completed,yam,yam_0_61,32.9,huangrongbo,good,,,prod,2026-08-29 07:25:37.874859+00:00,2026-08-29 11:21:34.866591+00:00,/nfs/data/sz_44/20260829/episode_20260829_062655_000_1fcce8a2.npy.mp4
01a04c33-b420-7962-a7a9-11c62fab82a4,industrial packing,completed,yam,yam_0_61,30.5,huangrongbo,good,,,prod,2026-08-29 07:24:51.954442+00:00,2026-08-29 11:21:34.747934+00:00,/nfs/data/sz_44/20260829/episode_20260829_062732_000_e4ae170a.npy.mp4
01a04c34-38f0-7d76-95f2-d159aa57312e,industrial packing,completed,yam,yam_0_61,31.4,huangrongbo,good,,,prod,2026-08-29 07:23:50.375114+00:00,2026-08-29 11:21:34.069555+00:00,/nfs/data/sz_44/20260829/episode_20260829_062806_000_d5f3c6bd.npy.mp4
01a04c34-c590-76bf-bb2a-c467523d5dc9,industrial packing,completed,yam,yam_0_61,28.7,huangrongbo,good,,,prod,2026-08-29 07:28:35.177994+00:00,2026-08-29 11:21:29.841695+00:00,/nfs/data/sz_44/20260829/episode_20260829_062842_000_5f716727.npy.mp4
01a04c35-4290-737f-b833-285a5569c9c2,industrial packing,completed,yam,yam_0_61,30.1,huangrongbo,good,,,prod,2026-08-29 07:29:56.005925+00:00,2026-08-29 11:21:29.723322+00:00,/nfs/data/sz_44/20260829/episode_20260829_062914_000_fc5aabe2.npy.mp4
01a04c35-cb48-744b-88f2-84a1ef726597,industrial packing,completed,yam,yam_0_61,30.5,huangrongbo,good,,,prod,2026-08-29 07:22:31.649557+00:00,2026-08-29 11:21:29.118047+00:00,/nfs/data/sz_44/20260829/episode_20260829_062949_000_8f762c08.npy.mp4
01a04c36-5018-7ab4-8d09-e68455e25c6b,industrial packing,completed,yam,yam_0_61,28.6,huangrongbo,good,,,prod,2026-08-29 07:23:36.858708+00:00,2026-08-29 11:21:28.979207+00:00,/nfs/data/sz_44/20260829/episode_20260829_063023_000_fb331a63.npy.mp4
01a04c36-d100-7c4a-99f6-da6325301096,industrial packing,completed,yam,yam_0_61,27.5,huangrongbo,good,,,prod,2026-08-29 07:24:03.909089+00:00,2026-08-29 11:21:28.722173+00:00,/nfs/data/sz_44/20260829/episode_20260829_063056_000_5f911d9a.npy.mp4
01a04c37-4a18-7aad-8cb4-8291eadcba57,industrial packing,completed,yam,yam_0_61,25.4,huangrongbo,good,,,prod,2026-08-29 07:20:17.794504+00:00,2026-08-29 11:21:27.976719+00:00,/nfs/data/sz_44/20260829/episode_20260829_063127_000_faa3d5a2.npy.mp4
01a04c37-bb60-7457-9266-7db328e08f5e,industrial packing,completed,yam,yam_0_61,27.8,huangrongbo,good,,,prod,2026-08-29 07:24:10.213797+00:00,2026-08-29 11:21:27.822451+00:00,/nfs/data/sz_44/20260829/episode_20260829_063156_000_0f7699e6.npy.mp4
01a04c38-3860-7d64-a154-3ea8c0948105,industrial packing,completed,yam,yam_0_61,27.3,huangrongbo,good,,,prod,2026-08-29 07:24:59.286369+00:00,2026-08-29 11:21:27.026786+00:00,/nfs/data/sz_44/20260829/episode_20260829_063228_000_89b186e6.npy.mp4
01a04c38-b560-7a19-bec7-243a0ec2def7,industrial packing,completed,yam,yam_0_61,26.5,huangrongbo,good,,,prod,2026-08-29 07:26:57.449661+00:00,2026-08-29 11:21:26.748679+00:00,/nfs/data/sz_44/20260829/episode_20260829_063300_000_89dfa405.npy.mp4
01a04c39-2e78-7bc0-b32b-0d36191805ea,industrial packing,completed,yam,yam_0_61,27.7,huangrongbo,good,,,prod,2026-08-29 07:28:10.282554+00:00,2026-08-29 11:21:26.157349+00:00,/nfs/data/sz_44/20260829/episode_20260829_063331_000_a1424a4e.npy.mp4
01a04c39-a790-7d71-9be7-936dae2d745b,industrial packing,completed,yam,yam_0_61,27.9,huangrongbo,good,,,prod,2026-08-29 07:23:22.327548+00:00,2026-08-29 11:21:25.860778+00:00,/nfs/data/sz_44/20260829/episode_20260829_063402_000_838ab839.npy.mp4
01a04c3a-2490-7a1a-9212-32e9acafa717,industrial packing,completed,yam,yam_0_61,27.8,huangrongbo,good,,,prod,2026-08-29 07:27:50.607401+00:00,2026-08-29 11:21:25.726019+00:00,/nfs/data/sz_44/20260829/episode_20260829_063434_000_edaf9dcd.npy.mp4
01a04c3a-a190-7572-9f34-09029e12a176,industrial packing,completed,yam,yam_0_61,30.0,huangrongbo,good,,,prod,2026-08-29 07:22:03.086655+00:00,2026-08-29 11:21:24.922720+00:00,/nfs/data/sz_44/20260829/episode_20260829_063506_000_629dd584.npy.mp4
01a04c3b-2660-70ae-bd66-64eb557a8643,industrial packing,completed,yam,yam_0_61,27.6,huangrongbo,good,,,prod,2026-08-29 07:28:04.063911+00:00,2026-08-29 11:21:24.733251+00:00,/nfs/data/sz_44/20260829/episode_20260829_063540_000_bfe949bd.npy.mp4
01a04c3b-a360-7fc5-9944-d6dde80d7fe9,industrial packing,completed,yam,yam_0_61,26.5,huangrongbo,good,,,prod,2026-08-29 07:27:03.712316+00:00,2026-08-29 11:21:24.023784+00:00,/nfs/data/sz_44/20260829/episode_20260829_063612_000_49ef8130.npy.mp4
01a04c3c-1c78-7108-83ee-9a8653a6c5df,industrial packing,completed,yam,yam_0_61,28.2,huangrongbo,good,,,prod,2026-08-29 07:23:43.108928+00:00,2026-08-29 11:21:23.773354+00:00,/nfs/data/sz_44/20260829/episode_20260829_063643_000_5e066ab6.npy.mp4
01a04c3c-9978-7fa3-9190-d70ea3330778,industrial packing,completed,yam,yam_0_61,28.7,huangrongbo,good,,,prod,2026-08-29 07:29:15.936243+00:00,2026-08-29 11:21:23.197340+00:00,/nfs/data/sz_44/20260829/episode_20260829_063715_000_3db4cfdc.npy.mp4
01a04c3d-1a60-7f05-8e03-de468325486a,industrial packing,completed,yam,yam_0_61,26.9,huangrongbo,good,,,prod,2026-08-29 07:28:57.038033+00:00,2026-08-29 11:21:22.902154+00:00,/nfs/data/sz_44/20260829/episode_20260829_063748_000_1ac87ba6.npy.mp4
01a04c3d-9760-7ae5-a3fb-abbebe328bf2,industrial packing,completed,yam,yam_0_61,27.8,huangrongbo,good,,,prod,2026-08-29 07:22:56.820244+00:00,2026-08-29 11:21:22.740832+00:00,/nfs/data/sz_44/20260829/episode_20260829_063820_000_08f1139b.npy.mp4
01a04c3e-1460-7dd7-8c73-b719199c8239,industrial packing,completed,yam,yam_0_61,28.6,huangrongbo,good,,,prod,2026-08-29 07:29:35.819056+00:00,2026-08-29 11:21:22.105812+00:00,/nfs/data/sz_44/20260829/episode_20260829_063852_000_c0487d19.npy.mp4
01a04c3e-9548-73d6-a0a6-fe3ea7b885db,industrial packing,completed,yam,yam_0_61,27.3,huangrongbo,good,,,prod,2026-08-29 07:30:06.476480+00:00,2026-08-29 11:21:21.919416+00:00,/nfs/data/sz_44/20260829/episode_20260829_063925_000_dea9de92.npy.mp4
01a04c3f-1248-752d-a6e8-e31344106952,industrial packing,completed,yam,yam_0_61,33.6,huangrongbo,good,,,prod,2026-08-29 07:19:58.722789+00:00,2026-08-29 11:21:21.733756+00:00,/nfs/data/sz_44/20260829/episode_20260829_063957_000_e446bf47.npy.mp4
01a04c3f-a6b8-7394-94c6-68a5f2006946,industrial packing,completed,yam,yam_0_61,26.8,huangrongbo,good,,,prod,2026-08-29 07:25:23.362703+00:00,2026-08-29 11:21:21.060471+00:00,/nfs/data/sz_44/20260829/episode_20260829_064035_000_a889f335.npy.mp4
01a04c40-1be8-7808-8110-7d70d9c62b66,industrial packing,completed,yam,yam_0_61,31.0,huangrongbo,good,,,prod,2026-08-29 07:30:16.961409+00:00,2026-08-29 11:21:20.850570+00:00,/nfs/data/sz_44/20260829/episode_20260829_064105_000_82e9e53f.npy.mp4
01a04c40-a4a0-732a-a159-c6cada8be231,industrial packing,completed,yam,yam_0_61,35.0,huangrongbo,good,,,prod,2026-08-29 07:21:55.826305+00:00,2026-08-29 11:21:20.724922+00:00,/nfs/data/sz_44/20260829/episode_20260829_064140_000_910aeb0f.npy.mp4
01a04c41-3cf8-7e1a-96db-550d1d14c0f3,industrial packing,completed,yam,yam_0_61,28.5,huangrongbo,good,,,prod,2026-08-29 07:20:05.229943+00:00,2026-08-29 11:21:20.085584+00:00,/nfs/data/sz_44/20260829/episode_20260829_064219_000_86ff3503.npy.mp4
01a04c41-bde0-709f-bf6c-a408408c27ce,industrial packing,completed,yam,yam_0_61,26.6,huangrongbo,good,,,prod,2026-08-29 07:27:56.847900+00:00,2026-08-29 11:21:19.883619+00:00,/nfs/data/sz_44/20260829/episode_20260829_064252_000_262673fa.npy.mp4
01a04c42-36f8-7c89-8986-57e5e78c5967,industrial packing,completed,yam,yam_0_61,32.3,huangrongbo,good,,,prod,2026-08-29 07:27:11.992988+00:00,2026-08-29 11:21:19.741572+00:00,/nfs/data/sz_44/20260829/episode_20260829_064323_000_521f8e78.npy.mp4
01a04c42-c398-70df-b945-619269d08927,industrial packing,completed,yam,yam_0_61,28.1,huangrongbo,good,,,prod,2026-08-29 07:22:50.509090+00:00,2026-08-29 11:21:19.188757+00:00,/nfs/data/sz_44/20260829/episode_20260829_064359_000_c38f7c84.npy.mp4
01a04c43-4480-72de-a16c-c3d19dd3ca6a,industrial packing,completed,yam,yam_0_61,25.9,huangrongbo,good,,,prod,2026-08-29 07:29:06.480487+00:00,2026-08-29 11:21:18.972477+00:00,/nfs/data/sz_44/20260829/episode_20260829_064432_000_fccfe5d9.npy.mp4
01a04c43-b9b0-7bdc-8609-3928d5d70e87,industrial packing,completed,yam,yam_0_61,26.8,huangrongbo,good,,,prod,2026-08-29 07:21:47.569144+00:00,2026-08-29 11:21:18.738144+00:00,/nfs/data/sz_44/20260829/episode_20260829_064502_000_4250f8fe.npy.mp4
01a04c45-b198-70cc-9286-077d68af995b,industrial packing,completed,yam,yam_0_61,26.7,huangrongbo,good,,,prod,2026-08-29 07:20:38.621320+00:00,2026-08-29 11:21:17.865320+00:00,/nfs/data/sz_44/20260829/episode_20260829_064711_000_2e66beb4.npy.mp4
01a04c46-2ab0-7d9e-afe5-47e61d971f19,industrial packing,completed,yam,yam_0_61,32.5,huangrongbo,good,,,prod,2026-08-29 07:21:00.556382+00:00,2026-08-29 11:21:17.739881+00:00,/nfs/data/sz_44/20260829/episode_20260829_064742_000_3295a0b8.npy.mp4
01a04c46-bb38-771e-b092-c4c081df38b3,industrial packing,completed,yam,yam_0_61,27.8,huangrongbo,good,,,prod,2026-08-29 07:29:41.271349+00:00,2026-08-29 11:21:17.482524+00:00,/nfs/data/sz_44/20260829/episode_20260829_064819_000_99375859.npy.mp4
01a04c47-3838-7fd1-a78a-a1fee57176c9,industrial packing,completed,yam,yam_0_61,30.3,huangrongbo,good,,,prod,2026-08-29 07:27:25.530223+00:00,2026-08-29 11:21:16.882372+00:00,/nfs/data/sz_44/20260829/episode_20260829_064851_000_3f286bc4.npy.mp4
01a04c47-bd08-7e77-8e1a-9a7171c9ae6f,industrial packing,completed,yam,yam_0_61,26.4,huangrongbo,good,,,prod,2026-08-29 07:25:04.563492+00:00,2026-08-29 11:21:16.732253+00:00,/nfs/data/sz_44/20260829/episode_20260829_064925_000_d42b7741.npy.mp4
01a04c48-3620-79c0-af89-1bcef03ca25b,industrial packing,completed,yam,yam_0_61,28.5,huangrongbo,good,,,prod,2026-08-29 07:30:01.232701+00:00,2026-08-29 11:21:16.088154+00:00,/nfs/data/sz_44/20260829/episode_20260829_064956_000_cc518018.npy.mp4
01a04c48-b320-7819-82df-ab74ce9118ce,industrial packing,completed,yam,yam_0_61,29.6,huangrongbo,good,,,prod,2026-08-29 07:20:25.044655+00:00,2026-08-29 11:21:15.922595+00:00,/nfs/data/sz_44/20260829/episode_20260829_065028_000_f95ba94b.npy.mp4
01a04c49-37f0-7ed4-aaa7-c913d57ed368,industrial packing,completed,yam,yam_0_61,29.6,huangrongbo,good,,,prod,2026-08-29 07:19:50.399944+00:00,2026-08-29 11:21:15.732408+00:00,/nfs/data/sz_44/20260829/episode_20260829_065102_000_719fdfd1.npy.mp4
01a04c49-b8d8-797c-b104-58becb7f2e78,industrial packing,completed,yam,yam_0_61,28.2,huangrongbo,good,,,prod,2026-08-29 07:22:22.844722+00:00,2026-08-29 11:21:15.029250+00:00,/nfs/data/sz_44/20260829/episode_20260829_065135_000_77c7064b.npy.mp4
01a04c4b-acd8-7496-8802-b45d938ea222,industrial packing,completed,yam,yam_0_61,32.0,huangrongbo,good,,,prod,2026-08-29 07:24:25.788879+00:00,2026-08-29 11:21:14.916299+00:00,/nfs/data/sz_44/20260829/episode_20260829_065343_000_541437cc.npy.mp4
01a04c4c-3978-792d-acae-7f9dd97cf05f,industrial packing,completed,yam,yam_0_61,30.3,huangrongbo,good,,,prod,2026-08-29 07:20:11.539338+00:00,2026-08-29 11:21:14.717749+00:00,/nfs/data/sz_44/20260829/episode_20260829_065419_000_63c2f33f.npy.mp4
01a04c4c-be48-77f2-b637-3aed24f6ecc7,industrial packing,completed,yam,yam_0_61,31.2,huangrongbo,good,,,prod,2026-08-29 07:26:39.698534+00:00,2026-08-29 11:21:14.032909+00:00,/nfs/data/sz_44/20260829/episode_20260829_065453_000_e127e41b.npy.mp4
01a04c4d-4ae8-7c68-b260-e012735288a1,industrial packing,completed,yam,yam_0_61,30.6,huangrongbo,good,,,prod,2026-08-29 07:24:44.634101+00:00,2026-08-29 11:21:13.858877+00:00,/nfs/data/sz_44/20260829/episode_20260829_065529_000_af768307.npy.mp4
01a04c4d-d3a0-7574-bfea-b1ac984509e3,industrial packing,completed,yam,yam_0_61,29.3,huangrongbo,good,,,prod,2026-08-29 07:21:41.252564+00:00,2026-08-29 11:21:13.733703+00:00,/nfs/data/sz_44/20260829/episode_20260829_065604_000_2ab31d2a.npy.mp4
01a04c4e-5870-70d5-a4ca-97966579a38d,industrial packing,completed,yam,yam_0_61,27.5,huangrongbo,good,,,prod,2026-08-29 07:28:29.956026+00:00,2026-08-29 11:21:13.084010+00:00,/nfs/data/sz_44/20260829/episode_20260829_065638_000_0cb184b6.npy.mp4
01a04c4e-d570-7e77-af67-c50327117924,industrial packing,completed,yam,yam_0_61,28.6,huangrongbo,good,,,prod,2026-08-29 07:29:30.591189+00:00,2026-08-29 11:21:12.897412+00:00,/nfs/data/sz_44/20260829/episode_20260829_065710_000_eb854208.npy.mp4
01a04c4f-5658-73dd-8696-a276cff9d274,industrial packing,completed,yam,yam_0_61,30.3,huangrongbo,good,,,prod,2026-08-29 07:27:38.079143+00:00,2026-08-29 11:21:12.707675+00:00,/nfs/data/sz_44/20260829/episode_20260829_065743_000_f3e262b0.npy.mp4
01a04c4f-e2f8-771e-9fb9-61b4f3c019d0,industrial packing,completed,yam,yam_0_61,29.3,huangrongbo,good,,,prod,2026-08-29 07:22:09.337117+00:00,2026-08-29 11:21:12.107207+00:00,/nfs/data/sz_44/20260829/episode_20260829_065819_000_431cb3e0.npy.mp4
01a04c50-67c8-748f-a9d9-d3731e7d1d1d,industrial packing,completed,yam,yam_0_61,29.9,huangrongbo,good,,,prod,2026-08-29 07:23:09.372201+00:00,2026-08-29 11:21:11.929028+00:00,/nfs/data/sz_44/20260829/episode_20260829_065853_000_ce7b2c8b.npy.mp4
01a04c50-f080-7eb7-b0fe-4bda6abfcd68,industrial packing,completed,yam,yam_0_61,29.4,huangrongbo,good,,,prod,2026-08-29 07:23:57.641821+00:00,2026-08-29 11:21:11.730698+00:00,/nfs/data/sz_44/20260829/episode_20260829_065928_000_88dbce9c.npy.mp4
01a04c51-7550-73c8-9fbf-f44ccc137028,industrial packing,completed,yam,yam_0_61,27.3,huangrongbo,good,,,prod,2026-08-29 07:25:30.618819+00:00,2026-08-29 11:21:11.037076+00:00,/nfs/data/sz_44/20260829/episode_20260829_070002_000_1ea9d2e2.npy.mp4
01a04c51-ee68-72a2-887e-13e1e870d6ab,industrial packing,completed,yam,yam_0_61,28.4,huangrongbo,good,,,prod,2026-08-29 07:25:53.421638+00:00,2026-08-29 11:21:10.858327+00:00,/nfs/data/sz_44/20260829/episode_20260829_070033_000_f5fb98cc.npy.mp4
01a04c52-6f50-7882-9531-6f696b74ba13,industrial packing,completed,yam,yam_0_61,29.4,huangrongbo,good,,,prod,2026-08-29 07:28:23.730805+00:00,2026-08-29 11:21:10.708421+00:00,/nfs/data/sz_44/20260829/episode_20260829_070106_000_83756dde.npy.mp4
01a04c52-f038-7367-9618-9d7f2ca13a66,industrial packing,completed,yam,yam_0_61,27.0,huangrongbo,good,,,prod,2026-08-29 07:29:21.157566+00:00,2026-08-29 11:21:10.070865+00:00,/nfs/data/sz_44/20260829/episode_20260829_070139_000_35eaef83.npy.mp4
01a04c53-6d38-7cf9-aaa6-905eebe6a100,industrial packing,completed,yam,yam_0_61,26.5,huangrongbo,good,,,prod,2026-08-29 07:29:46.502600+00:00,2026-08-29 11:21:09.862052+00:00,/nfs/data/sz_44/20260829/episode_20260829_070211_000_30a20645.npy.mp4
01a04c53-e650-7eb9-94d9-8f4e42823035,industrial packing,completed,yam,yam_0_61,27.6,huangrongbo,good,,,prod,2026-08-29 07:28:17.507045+00:00,2026-08-29 11:21:09.733438+00:00,/nfs/data/sz_44/20260829/episode_20260829_070242_000_32b52711.npy.mp4
01a04c54-5f68-7857-a04a-d64614e9d9a3,industrial packing,completed,yam,yam_0_61,29.0,huangrongbo,good,,,prod,2026-08-29 07:21:14.067887+00:00,2026-08-29 11:21:09.105735+00:00,/nfs/data/sz_44/20260829/episode_20260829_070313_000_cfcd194d.npy.mp4
01a04c54-e438-72b8-a999-83713cb01364,industrial packing,completed,yam,yam_0_61,26.3,huangrongbo,good,,,prod,2026-08-29 07:25:10.852244+00:00,2026-08-29 11:21:08.881519+00:00,/nfs/data/sz_44/20260829/episode_20260829_070347_000_45e81e0d.npy.mp4
01a04c55-5968-7dc9-b1d9-61f0c70eb961,industrial packing,completed,yam,yam_0_61,26.2,huangrongbo,good,,,prod,2026-08-29 07:28:51.832788+00:00,2026-08-29 11:21:08.731971+00:00,/nfs/data/sz_44/20260829/episode_20260829_070417_000_64497442.npy.mp4
01a04cfb-3a40-7df7-97aa-1d7de4058b98,industrial packing,completed,yam,yam_0_61,23.6,huangrongbo,good,,,prod,2026-08-29 10:21:02.448481+00:00,2026-08-29 11:21:08.645524+00:00,/nfs/data/sz_44/20260829/episode_20260829_100528_000_c930a2b8.npy.mp4
01a04c55-ce98-790f-ac3a-f33617069784,industrial packing,completed,yam,yam_0_61,29.0,huangrongbo,good,,,prod,2026-08-29 07:21:21.393554+00:00,2026-08-29 11:21:08.003683+00:00,/nfs/data/sz_44/20260829/episode_20260829_070447_000_62b5e61d.npy.mp4
01a04c56-5368-7fd8-9d7c-1ef13323b501,industrial packing,completed,yam,yam_0_61,26.5,huangrongbo,good,,,prod,2026-08-29 07:27:18.267574+00:00,2026-08-29 11:21:07.739935+00:00,/nfs/data/sz_44/20260829/episode_20260829_070521_000_054c3efe.npy.mp4
01a04c56-cc80-762e-b88f-7e609cd9dcd1,industrial packing,completed,yam,yam_0_61,25.1,huangrongbo,good,,,prod,2026-08-29 07:26:06.944885+00:00,2026-08-29 11:21:07.161015+00:00,/nfs/data/sz_44/20260829/episode_20260829_070552_000_8f1a29de.npy.mp4
01a04c57-3dc8-715a-80be-100b46a439ab,industrial packing,completed,yam,yam_0_61,26.6,huangrongbo,good,,,prod,2026-08-29 07:25:17.108020+00:00,2026-08-29 11:21:06.916506+00:00,/nfs/data/sz_44/20260829/episode_20260829_070621_000_2d74241f.npy.mp4
01a04c57-bac8-7634-b1ae-5cb90eefa745,industrial packing,completed,yam,yam_0_61,25.2,huangrongbo,good,,,prod,2026-08-29 07:21:33.970672+00:00,2026-08-29 11:21:06.734284+00:00,/nfs/data/sz_44/20260829/episode_20260829_070653_000_331e2e43.npy.mp4
01a04c58-2ff8-7ffd-9728-0e2839c4e7fb,industrial packing,completed,yam,yam_0_61,26.0,huangrongbo,good,,,prod,2026-08-29 07:26:25.146292+00:00,2026-08-29 11:21:06.150844+00:00,/nfs/data/sz_44/20260829/episode_20260829_070723_000_2109288a.npy.mp4
01a04c58-a528-7f89-adbf-1a5b0622e8e6,industrial packing,completed,yam,yam_0_61,26.3,huangrongbo,good,,,prod,2026-08-29 07:26:45.947084+00:00,2026-08-29 11:21:05.803771+00:00,/nfs/data/sz_44/20260829/episode_20260829_070753_000_ad5f0e30.npy.mp4
01a04c59-1a58-717c-8b06-51860d46c822,industrial packing,completed,yam,yam_0_61,25.9,huangrongbo,good,,,prod,2026-08-29 07:23:16.060926+00:00,2026-08-29 11:21:05.106213+00:00,/nfs/data/sz_44/20260829/episode_20260829_070823_000_a8208b69.npy.mp4
01a04c59-9370-7bb8-bd88-804be9a716e1,industrial packing,completed,yam,yam_0_61,25.5,huangrongbo,good,,,prod,2026-08-29 07:24:32.068316+00:00,2026-08-29 11:21:04.873041+00:00,/nfs/data/sz_44/20260829/episode_20260829_070854_000_af226dc7.npy.mp4
01a04c5a-08a0-7c64-ad04-7d67d49cf2c0,industrial packing,completed,yam,yam_0_61,25.0,huangrongbo,good,,,prod,2026-08-29 07:27:44.349447+00:00,2026-08-29 11:21:04.715023+00:00,/nfs/data/sz_44/20260829/episode_20260829_070924_000_b6eca536.npy.mp4
01a04c5a-79e8-7b21-8a72-18cc840cffbd,industrial packing,completed,yam,yam_0_61,23.9,huangrongbo,good,,,prod,2026-08-29 07:27:30.804752+00:00,2026-08-29 11:21:04.088855+00:00,/nfs/data/sz_44/20260829/episode_20260829_070953_000_089c2889.npy.mp4
01a04c5a-e748-78bb-987e-b0fa5d80687b,industrial packing,completed,yam,yam_0_61,23.6,huangrongbo,good,,,prod,2026-08-29 07:24:37.353077+00:00,2026-08-29 11:21:03.919524+00:00,/nfs/data/sz_44/20260829/episode_20260829_071021_000_8a871bbe.npy.mp4
01a04c5b-54a8-7b28-8f07-cb5c8757dc78,industrial packing,completed,yam,yam_0_61,21.9,huangrongbo,good,,,prod,2026-08-29 07:26:51.202918+00:00,2026-08-29 11:21:03.751012+00:00,/nfs/data/sz_44/20260829/episode_20260829_071049_000_667c0df3.npy.mp4
01a04c5b-ba38-7b20-bbb7-d3d96248783a,industrial packing,completed,yam,yam_0_61,25.8,huangrongbo,good,,,prod,2026-08-29 07:21:06.802880+00:00,2026-08-29 11:21:03.186138+00:00,/nfs/data/sz_44/20260829/episode_20260829_071115_000_9c7c78e7.npy.mp4
01a04c5c-3350-7670-8b83-4c7124037267,industrial packing,completed,yam,yam_0_61,23.7,huangrongbo,good,,,prod,2026-08-29 07:23:03.112704+00:00,2026-08-29 11:21:02.972334+00:00,/nfs/data/sz_44/20260829/episode_20260829_071146_000_b0bef36c.npy.mp4
01a04c5c-9cc8-76fe-80e4-b92553df0597,industrial packing,completed,yam,yam_0_61,24.2,huangrongbo,good,,,prod,2026-08-29 07:22:35.920820+00:00,2026-08-29 11:21:02.750574+00:00,/nfs/data/sz_44/20260829/episode_20260829_071213_000_819d0996.npy.mp4
01a04c5d-0e10-70f5-9e13-06cafb634882,industrial packing,completed,yam,yam_0_61,23.7,huangrongbo,good,,,prod,2026-08-29 07:30:10.699557+00:00,2026-08-29 11:21:02.145645+00:00,/nfs/data/sz_44/20260829/episode_20260829_071242_000_7397c0ff.npy.mp4
01a04c5d-7788-74f1-ab9b-8e40eb84c91d,industrial packing,completed,yam,yam_0_61,25.2,huangrongbo,good,,,prod,2026-08-29 07:29:10.696982+00:00,2026-08-29 11:21:01.827921+00:00,/nfs/data/sz_44/20260829/episode_20260829_071309_000_f4cb8542.npy.mp4
01a04c5d-ecb8-7b4d-97b9-e75ee21fc1cd,industrial packing,completed,yam,yam_0_61,24.3,huangrongbo,good,,,prod,2026-08-29 07:26:18.884296+00:00,2026-08-29 11:21:01.204580+00:00,/nfs/data/sz_44/20260829/episode_20260829_071339_000_ece27f4b.npy.mp4
01a04c5e-5e00-711c-b763-4847c6392e78,industrial packing,completed,yam,yam_0_61,24.0,huangrongbo,good,,,prod,2026-08-29 07:29:01.257332+00:00,2026-08-29 11:21:01.064661+00:00,/nfs/data/sz_44/20260829/episode_20260829_071408_000_628d8f4a.npy.mp4
01a04c5e-cb60-77fc-8ea7-3c4f008d68d2,industrial packing,completed,yam,yam_0_61,24.4,huangrongbo,good,,,prod,2026-08-29 07:19:43.131323+00:00,2026-08-29 11:21:00.780769+00:00,/nfs/data/sz_44/20260829/episode_20260829_071436_000_d3937c49.npy.mp4
01a04c5f-38c0-7810-b33e-1d6380da5802,industrial packing,completed,yam,yam_0_61,23.1,huangrongbo,good,,,prod,2026-08-29 07:29:50.745971+00:00,2026-08-29 11:20:51.944411+00:00,/nfs/data/sz_44/20260829/episode_20260829_071504_000_169a5e94.npy.mp4
01a04c5f-a620-7dc4-b1b5-1e92dc108c24,industrial packing,completed,yam,yam_0_61,24.3,huangrongbo,good,,,prod,2026-08-29 07:29:25.373496+00:00,2026-08-29 11:20:51.771507+00:00,/nfs/data/sz_44/20260829/episode_20260829_071532_000_63d8a806.npy.mp4
01a04c60-1380-74ad-b1c7-ddaafe7f99f3,industrial packing,completed,yam,yam_0_61,27.9,huangrongbo,good,,,prod,2026-08-29 07:22:43.228042+00:00,2026-08-29 11:20:50.976939+00:00,/nfs/data/sz_44/20260829/episode_20260829_071600_000_f89b1836.npy.mp4
01a04c60-9080-71b6-8c30-891dab695e1c,industrial packing,completed,yam,yam_0_61,28.7,huangrongbo,good,,,prod,2026-08-29 07:20:32.332771+00:00,2026-08-29 11:20:50.798720+00:00,/nfs/data/sz_44/20260829/episode_20260829_071632_000_0bce76aa.npy.mp4
01a04c61-0d80-7a3a-90b1-8c545f19899b,industrial packing,completed,yam,yam_0_61,25.0,huangrongbo,good,,,prod,2026-08-29 07:28:46.617290+00:00,2026-08-29 11:20:50.468482+00:00,/nfs/data/sz_44/20260829/episode_20260829_071704_000_aa3d2e1e.npy.mp4
01a04c61-7ec8-7aad-aeda-bc9733be1637,industrial packing,completed,yam,yam_0_61,24.8,huangrongbo,good,,,prod,2026-08-29 07:26:13.206286+00:00,2026-08-29 11:20:49.865194+00:00,/nfs/data/sz_44/20260829/episode_20260829_071733_000_9cfdbad3.npy.mp4
01a04c61-f3f8-7ed3-8205-40ba019de09f,industrial packing,completed,yam,yam_0_61,24.0,huangrongbo,good,,,prod,2026-08-29 07:19:37.872559+00:00,2026-08-29 11:20:49.749145+00:00,/nfs/data/sz_44/20260829/episode_20260829_071803_000_a69d8d4c.npy.mp4
01a04c62-8098-7368-8382-cfa6cfc31f0f,industrial packing,completed,yam,yam_0_61,23.6,huangrongbo,good,,,prod,2026-08-29 08:15:36.785053+00:00,2026-08-29 11:20:49.026049+00:00,/nfs/data/sz_44/20260829/episode_20260829_071839_000_607bb320.npy.mp4
01a04c62-f1e0-70fc-9562-3ed13c27ff9a,industrial packing,completed,yam,yam_0_61,25.1,huangrongbo,good,,,prod,2026-08-29 08:11:38.783029+00:00,2026-08-29 11:20:48.777418+00:00,/nfs/data/sz_44/20260829/episode_20260829_071908_000_82dd26c6.npy.mp4
01a04c63-6710-7a98-802e-1a664aa87c45,industrial packing,completed,yam,yam_0_61,24.0,huangrongbo,good,,,prod,2026-08-29 08:09:00.563796+00:00,2026-08-29 11:20:48.131761+00:00,/nfs/data/sz_44/20260829/episode_20260829_071938_000_40377e77.npy.mp4
01a04c63-d470-73d4-b7a8-b490dff54b55,industrial packing,completed,yam,yam_0_61,21.9,huangrongbo,good,,,prod,2026-08-29 08:12:26.208097+00:00,2026-08-29 11:20:47.926253+00:00,/nfs/data/sz_44/20260829/episode_20260829_072006_000_dee7eabc.npy.mp4
01a04c64-3de8-7506-adcb-a1f4c8ed4b2e,industrial packing,completed,yam,yam_0_61,27.4,huangrongbo,good,,,prod,2026-08-29 08:10:40.235510+00:00,2026-08-29 11:20:47.766392+00:00,/nfs/data/sz_44/20260829/episode_20260829_072033_000_0d1e58bb.npy.mp4
01a04c64-b700-7531-826e-d59c498e6e49,industrial packing,completed,yam,yam_0_61,27.0,huangrongbo,good,,,prod,2026-08-29 08:09:06.850296+00:00,2026-08-29 11:20:47.201195+00:00,/nfs/data/sz_44/20260829/episode_20260829_072104_000_375b921b.npy.mp4
01a04c65-3018-745b-91b1-4caa1c3e480a,industrial packing,completed,yam,yam_0_61,26.3,huangrongbo,good,,,prod,2026-08-29 08:15:18.034227+00:00,2026-08-29 11:20:47.032806+00:00,/nfs/data/sz_44/20260829/episode_20260829_072135_000_515c1cca.npy.mp4
01a04c65-a930-72de-ad8f-fde3827e6fd7,industrial packing,completed,yam,yam_0_61,26.4,huangrongbo,good,,,prod,2026-08-29 08:14:39.571049+00:00,2026-08-29 11:20:46.814609+00:00,/nfs/data/sz_44/20260829/episode_20260829_072206_000_7208ee9c.npy.mp4
01a04cfa-d0c8-75be-bda4-afcc3a02f0ec,industrial packing,completed,yam,yam_0_61,23.4,huangrongbo,good,,,prod,2026-08-29 10:21:14.198490+00:00,2026-08-29 11:20:46.409647+00:00,/nfs/data/sz_44/20260829/episode_20260829_100501_000_04c9a74a.npy.mp4
01a04c66-2248-7f0a-91f2-dd4cc3f19492,industrial packing,completed,yam,yam_0_61,27.3,huangrongbo,good,,,prod,2026-08-29 08:09:27.654294+00:00,2026-08-29 11:20:46.072327+00:00,/nfs/data/sz_44/20260829/episode_20260829_072237_000_8bf798d1.npy.mp4
01a04c66-9b60-790f-b8ee-8efca40b30e3,industrial packing,completed,yam,yam_0_61,25.1,huangrongbo,good,,,prod,2026-08-29 08:16:03.038547+00:00,2026-08-29 11:20:45.888700+00:00,/nfs/data/sz_44/20260829/episode_20260829_072308_000_a81ada3e.npy.mp4
01a04c67-0ca8-7b08-9c4d-89f97785e987,industrial packing,completed,yam,yam_0_61,23.0,huangrongbo,good,,,prod,2026-08-29 08:08:14.446166+00:00,2026-08-29 11:20:45.726105+00:00,/nfs/data/sz_44/20260829/episode_20260829_072337_000_9fde5dbe.npy.mp4
01a04c67-7a08-7bc0-bc67-8f7fd7cecbdb,industrial packing,completed,yam,yam_0_61,29.8,huangrongbo,good,,,prod,2026-08-29 08:08:34.369146+00:00,2026-08-29 11:20:41.011804+00:00,/nfs/data/sz_44/20260829/episode_20260829_072405_000_aa68a331.npy.mp4
01a04c67-fed8-726a-a015-86b4b08e2689,industrial packing,completed,yam,yam_0_61,29.4,huangrongbo,good,,,prod,2026-08-29 08:13:16.299790+00:00,2026-08-29 11:20:39.751375+00:00,/nfs/data/sz_44/20260829/episode_20260829_072439_000_49f994d6.npy.mp4
01a04c68-7fc0-77c1-ac3e-96236277473e,industrial packing,completed,yam,yam_0_61,29.4,huangrongbo,good,,,prod,2026-08-29 08:15:11.800194+00:00,2026-08-29 11:20:39.171846+00:00,/nfs/data/sz_44/20260829/episode_20260829_072512_000_d2cf2a9f.npy.mp4
01a04c69-0490-7505-801c-0916c7efbdf0,industrial packing,completed,yam,yam_0_61,28.7,huangrongbo,good,,,prod,2026-08-29 08:07:55.592113+00:00,2026-08-29 11:20:39.064394+00:00,/nfs/data/sz_44/20260829/episode_20260829_072546_000_3ed613bf.npy.mp4
01a04c69-8578-73df-bc76-66eb2349f979,industrial packing,completed,yam,yam_0_61,24.8,huangrongbo,good,,,prod,2026-08-29 08:15:04.513242+00:00,2026-08-29 11:20:38.889991+00:00,/nfs/data/sz_44/20260829/episode_20260829_072619_000_136cf585.npy.mp4
01a04c6d-36c8-7d67-b957-a9c47363dddb,industrial packing,completed,yam,yam_0_61,25.2,huangrongbo,good,,,prod,2026-08-29 08:09:59.357727+00:00,2026-08-29 11:20:38.730150+00:00,/nfs/data/sz_44/20260829/episode_20260829_073021_000_ffbf9636.npy.mp4
01a04c6d-a810-72ad-a41f-38db97a50c76,industrial packing,completed,yam,yam_0_61,21.9,huangrongbo,good,,,prod,2026-08-29 08:12:50.290648+00:00,2026-08-29 11:20:38.035134+00:00,/nfs/data/sz_44/20260829/episode_20260829_073050_000_fc7e39c3.npy.mp4
01a04c6e-0da0-7f94-9ea8-3436ff79d50a,industrial packing,completed,yam,yam_0_61,24.8,huangrongbo,good,,,prod,2026-08-29 08:15:49.516226+00:00,2026-08-29 11:20:37.890171+00:00,/nfs/data/sz_44/20260829/episode_20260829_073116_000_6c230a90.npy.mp4
01a04c6e-7ee8-7f19-94bc-f0a931132215,industrial packing,completed,yam,yam_0_61,24.7,huangrongbo,good,,,prod,2026-08-29 08:10:26.601550+00:00,2026-08-29 11:20:37.762072+00:00,/nfs/data/sz_44/20260829/episode_20260829_073145_000_d542db1e.npy.mp4
01a04c6e-f030-73f1-b525-2f29895271d6,industrial packing,completed,yam,yam_0_61,25.9,huangrongbo,good,,,prod,2026-08-29 08:08:27.100315+00:00,2026-08-29 11:20:37.197804+00:00,/nfs/data/sz_44/20260829/episode_20260829_073214_000_d43c2936.npy.mp4
01a04c6f-6560-7f25-8e0d-0a80c393e05a,industrial packing,completed,yam,yam_0_61,26.2,huangrongbo,good,,,prod,2026-08-29 08:14:44.819603+00:00,2026-08-29 11:20:36.967095+00:00,/nfs/data/sz_44/20260829/episode_20260829_073244_000_7f03e7ed.npy.mp4
01a04c72-6ad0-70fc-8722-727e2b589ba9,industrial packing,completed,yam,yam_0_61,29.8,huangrongbo,good,,,prod,2026-08-29 08:14:52.469317+00:00,2026-08-29 11:20:36.749121+00:00,/nfs/data/sz_44/20260829/episode_20260829_073602_000_6a2efe07.npy.mp4
01a04c72-efa0-7c3c-b209-c0746bc4a91e,industrial packing,completed,yam,yam_0_61,25.9,huangrongbo,good,,,prod,2026-08-29 08:11:33.494762+00:00,2026-08-29 11:20:36.707966+00:00,/nfs/data/sz_44/20260829/episode_20260829_073636_000_90e060e1.npy.mp4
01a04c73-64d0-79a3-873f-ca37c2462c0e,industrial packing,completed,yam,yam_0_61,25.6,huangrongbo,good,,,prod,2026-08-29 08:12:32.508383+00:00,2026-08-29 11:20:36.033219+00:00,/nfs/data/sz_44/20260829/episode_20260829_073706_000_4ee94aab.npy.mp4
01a04c73-d618-71b0-b4bf-02fe146ce369,industrial packing,completed,yam,yam_0_61,28.3,huangrongbo,good,,,prod,2026-08-29 08:08:01.915828+00:00,2026-08-29 11:20:35.874823+00:00,/nfs/data/sz_44/20260829/episode_20260829_073735_000_d831c2ed.npy.mp4
01a04c74-5318-7a78-b6b9-3ffc93f8ffde,industrial packing,completed,yam,yam_0_61,28.7,huangrongbo,good,,,prod,2026-08-29 08:13:22.600502+00:00,2026-08-29 11:20:35.728648+00:00,/nfs/data/sz_44/20260829/episode_20260829_073807_000_c55b6612.npy.mp4
01a04c74-d400-7d01-9d81-4a0e1e2bcd2e,industrial packing,completed,yam,yam_0_61,23.7,huangrongbo,good,,,prod,2026-08-29 08:11:12.693692+00:00,2026-08-29 11:20:35.150420+00:00,/nfs/data/sz_44/20260829/episode_20260829_073840_000_1289cb11.npy.mp4
01a04c75-3d78-77dd-ac17-1ec47b579ece,industrial packing,completed,yam,yam_0_61,28.7,huangrongbo,good,,,prod,2026-08-29 08:14:11.487362+00:00,2026-08-29 11:20:34.864614+00:00,/nfs/data/sz_44/20260829/episode_20260829_073907_000_57ab5eea.npy.mp4
01a04c75-ba78-71af-901a-b58b4ecf4966,industrial packing,completed,yam,yam_0_61,27.3,huangrongbo,good,,,prod,2026-08-29 08:14:25.036404+00:00,2026-08-29 11:20:34.724594+00:00,/nfs/data/sz_44/20260829/episode_20260829_073939_000_c09e7816.npy.mp4
01a04c77-77c8-71db-8fd9-5fdf4b7a7000,industrial packing,completed,yam,yam_0_61,27.4,huangrongbo,good,,,prod,2026-08-29 08:13:02.794364+00:00,2026-08-29 11:20:34.071571+00:00,/nfs/data/sz_44/20260829/episode_20260829_074133_000_5440b651.npy.mp4
01a04c77-f0e0-769f-b0ba-9f27a8de6c24,industrial packing,completed,yam,yam_0_61,27.4,huangrongbo,good,,,prod,2026-08-29 08:10:53.856900+00:00,2026-08-29 11:20:33.935264+00:00,/nfs/data/sz_44/20260829/episode_20260829_074204_000_488d9486.npy.mp4
01a04c78-6de0-703f-bcc0-5db15c097d3b,industrial packing,completed,yam,yam_0_61,26.7,huangrongbo,good,,,prod,2026-08-29 08:08:08.176591+00:00,2026-08-29 11:20:33.776943+00:00,/nfs/data/sz_44/20260829/episode_20260829_074236_000_3348b6c3.npy.mp4
01a04c78-e310-72a5-9e1e-3b02b6fcd8f6,industrial packing,completed,yam,yam_0_61,31.8,huangrongbo,good,,,prod,2026-08-29 08:14:32.292620+00:00,2026-08-29 11:20:33.176160+00:00,/nfs/data/sz_44/20260829/episode_20260829_074306_000_f4359cc4.npy.mp4
01a04c79-6fb0-717b-ad46-1dd95f05ffc5,industrial packing,completed,yam,yam_0_61,29.0,huangrongbo,good,,,prod,2026-08-29 08:08:54.281234+00:00,2026-08-29 11:20:32.989585+00:00,/nfs/data/sz_44/20260829/episode_20260829_074342_000_be68a9d6.npy.mp4
01a04c79-f098-75f7-97f5-ef66930c57d6,industrial packing,completed,yam,yam_0_61,30.7,huangrongbo,good,,,prod,2026-08-29 08:15:56.773974+00:00,2026-08-29 11:20:32.769170+00:00,/nfs/data/sz_44/20260829/episode_20260829_074415_000_01d5295f.npy.mp4
01a04c7a-7568-7298-b662-f1979080656c,industrial packing,completed,yam,yam_0_61,31.2,huangrongbo,good,,,prod,2026-08-29 08:11:19.951766+00:00,2026-08-29 11:20:32.099670+00:00,/nfs/data/sz_44/20260829/episode_20260829_074449_000_52ec6b1e.npy.mp4
01a04c7a-fe20-7864-85b8-4210d183406c,industrial packing,completed,yam,yam_0_61,28.7,huangrongbo,good,,,prod,2026-08-29 08:10:46.539987+00:00,2026-08-29 11:20:31.904042+00:00,/nfs/data/sz_44/20260829/episode_20260829_074524_000_5b7eee9c.npy.mp4
01a04c7b-7b20-75de-8242-06a5d4820ea9,industrial packing,completed,yam,yam_0_61,29.4,huangrongbo,good,,,prod,2026-08-29 08:15:44.269195+00:00,2026-08-29 11:20:31.710010+00:00,/nfs/data/sz_44/20260829/episode_20260829_074556_000_83d5d78b.npy.mp4
01a04c7b-fff0-7989-a586-a8b4091e06c1,industrial packing,completed,yam,yam_0_61,30.3,huangrongbo,good,,,prod,2026-08-29 08:10:06.637016+00:00,2026-08-29 11:20:31.073260+00:00,/nfs/data/sz_44/20260829/episode_20260829_074630_000_0fe02489.npy.mp4
01a04c7c-84c0-76ef-a72c-acc7b4f01996,industrial packing,completed,yam,yam_0_61,33.9,huangrongbo,good,,,prod,2026-08-29 08:11:53.357105+00:00,2026-08-29 11:20:30.837087+00:00,/nfs/data/sz_44/20260829/episode_20260829_074704_000_5e2b3832.npy.mp4
01a04c7d-1930-7c9f-af0f-13bc81ea22ab,industrial packing,completed,yam,yam_0_61,30.7,huangrongbo,good,,,prod,2026-08-29 08:14:05.220332+00:00,2026-08-29 11:20:30.708716+00:00,/nfs/data/sz_44/20260829/episode_20260829_074742_000_ff8e4a2f.npy.mp4
01a04c7d-a1e8-7232-bae7-a40afdc6940e,industrial packing,completed,yam,yam_0_61,26.4,huangrongbo,good,,,prod,2026-08-29 08:15:31.544685+00:00,2026-08-29 11:20:29.927863+00:00,/nfs/data/sz_44/20260829/episode_20260829_074817_000_e5fd13e0.npy.mp4
01a04c7e-1718-7339-badd-4e12075dfc83,industrial packing,completed,yam,yam_0_61,30.5,huangrongbo,good,,,prod,2026-08-29 08:07:48.279109+00:00,2026-08-29 11:20:29.725365+00:00,/nfs/data/sz_44/20260829/episode_20260829_074847_000_1146eb9b.npy.mp4
01a04c7e-9fd0-72fe-af05-ec003d3c1b4a,industrial packing,completed,yam,yam_0_61,30.9,huangrongbo,good,,,prod,2026-08-29 08:10:21.284934+00:00,2026-08-29 11:20:28.997419+00:00,/nfs/data/sz_44/20260829/episode_20260829_074922_000_3b796a7b.npy.mp4
01a04c7f-24a0-786c-982b-bf491ee41eb7,industrial packing,completed,yam,yam_0_61,30.9,huangrongbo,good,,,prod,2026-08-29 08:13:44.407841+00:00,2026-08-29 11:20:28.775173+00:00,/nfs/data/sz_44/20260829/episode_20260829_074956_000_c8654fae.npy.mp4
01a04c7f-ad58-7f2b-88cd-2c405571f009,industrial packing,completed,yam,yam_0_61,28.8,huangrongbo,good,,,prod,2026-08-29 08:15:24.284871+00:00,2026-08-29 11:20:28.102643+00:00,/nfs/data/sz_44/20260829/episode_20260829_075031_000_75921d04.npy.mp4
01a04c80-2e40-7dde-b050-1c94430a056a,industrial packing,completed,yam,yam_0_61,27.3,huangrongbo,good,,,prod,2026-08-29 08:11:00.158308+00:00,2026-08-29 11:20:27.944866+00:00,/nfs/data/sz_44/20260829/episode_20260829_075104_000_c45f5f03.npy.mp4
01a04c80-a758-724c-a6f0-2cf5b4ed5690,industrial packing,completed,yam,yam_0_61,27.4,huangrongbo,good,,,prod,2026-08-29 08:10:33.936060+00:00,2026-08-29 11:20:27.723410+00:00,/nfs/data/sz_44/20260829/episode_20260829_075135_000_3425b71d.npy.mp4
01a04cfa-6750-775c-9cbb-f2fd7f1be3e9,industrial packing,completed,yam,yam_0_61,22.9,huangrongbo,good,,,prod,2026-08-29 10:15:08.859920+00:00,2026-08-29 11:20:25.696266+00:00,/nfs/data/sz_44/20260829/episode_20260829_100434_000_0b94fa11.npy.mp4
01a04c81-2070-7d17-b7c9-fceca8ab1b5b,industrial packing,completed,yam,yam_0_61,26.8,huangrongbo,good,,,prod,2026-08-29 08:12:38.784561+00:00,2026-08-29 11:20:16.724388+00:00,/nfs/data/sz_44/20260829/episode_20260829_075206_000_c29b90e5.npy.mp4
01a04c81-9988-7f76-9ee7-3b431ba43269,industrial packing,completed,yam,yam_0_61,29.1,huangrongbo,good,,,prod,2026-08-29 08:08:48.000374+00:00,2026-08-29 11:20:16.151895+00:00,/nfs/data/sz_44/20260829/episode_20260829_075237_000_c06721ee.npy.mp4
01a04c82-1a70-7a07-8ce8-c349ca69c427,industrial packing,completed,yam,yam_0_61,27.7,huangrongbo,good,,,prod,2026-08-29 08:11:45.054135+00:00,2026-08-29 11:20:15.974770+00:00,/nfs/data/sz_44/20260829/episode_20260829_075310_000_2e5fe966.npy.mp4
01a04c82-9388-7e6a-8647-1732c309a75d,industrial packing,completed,yam,yam_0_61,26.9,huangrongbo,good,,,prod,2026-08-29 08:09:40.266616+00:00,2026-08-29 11:20:15.704079+00:00,/nfs/data/sz_44/20260829/episode_20260829_075341_000_14a7bb86.npy.mp4
01a04c83-0ca0-7239-8f1c-37063fdcd00b,industrial packing,completed,yam,yam_0_61,28.4,huangrongbo,good,,,prod,2026-08-29 08:13:50.678927+00:00,2026-08-29 11:20:15.012363+00:00,/nfs/data/sz_44/20260829/episode_20260829_075412_000_e3957e4c.npy.mp4
01a04c83-89a0-7e4d-8173-100250c034aa,industrial packing,completed,yam,yam_0_61,27.5,huangrongbo,good,,,prod,2026-08-29 08:09:20.379417+00:00,2026-08-29 11:20:14.794720+00:00,/nfs/data/sz_44/20260829/episode_20260829_075444_000_f4a48290.npy.mp4
01a04c84-02b8-7d2e-8e57-581dd376ed5c,industrial packing,completed,yam,yam_0_61,28.6,huangrongbo,good,,,prod,2026-08-29 08:08:40.721754+00:00,2026-08-29 11:20:13.948257+00:00,/nfs/data/sz_44/20260829/episode_20260829_075515_000_8eeed6f4.npy.mp4
01a04c84-7fb8-7733-a7a1-4f5f5aae5c41,industrial packing,completed,yam,yam_0_61,26.9,huangrongbo,good,,,prod,2026-08-29 08:15:00.117023+00:00,2026-08-29 11:20:13.733042+00:00,/nfs/data/sz_44/20260829/episode_20260829_075547_000_ec0d1370.npy.mp4
01a04c84-f8d0-744a-b57c-699b2a7a2d45,industrial packing,completed,yam,yam_0_61,27.9,huangrongbo,good,,,prod,2026-08-29 08:14:17.735960+00:00,2026-08-29 11:20:13.093223+00:00,/nfs/data/sz_44/20260829/episode_20260829_075618_000_74a95512.npy.mp4
01a04c85-75d0-7803-a3e5-0831c944849a,industrial packing,completed,yam,yam_0_61,27.8,huangrongbo,good,,,prod,2026-08-29 08:13:57.944059+00:00,2026-08-29 11:20:12.867182+00:00,/nfs/data/sz_44/20260829/episode_20260829_075650_000_27d0aebd.npy.mp4
01a04c85-f2d0-7286-8d86-d38389c083ec,industrial packing,completed,yam,yam_0_61,28.6,huangrongbo,good,,,prod,2026-08-29 08:12:20.507042+00:00,2026-08-29 11:20:12.711917+00:00,/nfs/data/sz_44/20260829/episode_20260829_075722_000_dbd3337f.npy.mp4
01a04c86-73b8-7392-88fa-68c4200a5bb5,industrial packing,completed,yam,yam_0_61,26.2,huangrongbo,good,,,prod,2026-08-29 08:13:09.041654+00:00,2026-08-29 11:20:11.866084+00:00,/nfs/data/sz_44/20260829/episode_20260829_075755_000_30238b58.npy.mp4
01a04c86-e8e8-7e3b-9c1a-1240c7d14e5f,industrial packing,completed,yam,yam_0_61,24.1,huangrongbo,good,,,prod,2026-08-29 08:16:15.554962+00:00,2026-08-29 11:20:11.727629+00:00,/nfs/data/sz_44/20260829/episode_20260829_075825_000_312383e1.npy.mp4
01a04c87-5648-7d7d-9e9d-67df472e310a,industrial packing,completed,yam,yam_0_61,24.9,huangrongbo,good,,,prod,2026-08-29 08:12:56.554304+00:00,2026-08-29 11:20:11.176101+00:00,/nfs/data/sz_44/20260829/episode_20260829_075853_000_6f0dd678.npy.mp4
01a04c87-c790-7ef8-a565-2bdfdcd727da,industrial packing,completed,yam,yam_0_61,28.2,huangrongbo,good,,,prod,2026-08-29 08:08:20.782073+00:00,2026-08-29 11:20:10.918720+00:00,/nfs/data/sz_44/20260829/episode_20260829_075922_000_f8caf499.npy.mp4
01a04c88-40a8-7212-8c25-c346d5e22b63,industrial packing,completed,yam,yam_0_61,23.4,huangrongbo,good,,,prod,2026-08-29 08:09:54.082303+00:00,2026-08-29 11:20:10.725244+00:00,/nfs/data/sz_44/20260829/episode_20260829_075953_000_f162b2f5.npy.mp4
01a04c88-ae08-7d30-8bf0-eea39678c649,industrial packing,completed,yam,yam_0_61,28.0,huangrongbo,good,,,prod,2026-08-29 08:13:37.142276+00:00,2026-08-29 11:20:09.851542+00:00,/nfs/data/sz_44/20260829/episode_20260829_080021_000_62047bd0.npy.mp4
01a04c89-2720-7271-a757-4c4826093e44,industrial packing,completed,yam,yam_0_61,25.6,huangrongbo,good,,,prod,2026-08-29 08:16:09.299475+00:00,2026-08-29 11:20:09.726174+00:00,/nfs/data/sz_44/20260829/episode_20260829_080052_000_ec8bfee3.npy.mp4
01a04c89-9c50-7e3f-bf67-12046f4a3d5c,industrial packing,completed,yam,yam_0_61,26.3,huangrongbo,good,,,prod,2026-08-29 08:12:06.966972+00:00,2026-08-29 11:20:09.138718+00:00,/nfs/data/sz_44/20260829/episode_20260829_080122_000_79755354.npy.mp4
01a04c8a-1180-7e9c-8a4b-86ac08d4fcbb,industrial packing,completed,yam,yam_0_61,24.8,huangrongbo,good,,,prod,2026-08-29 08:12:45.032570+00:00,2026-08-29 11:20:08.937499+00:00,/nfs/data/sz_44/20260829/episode_20260829_080152_000_ba412d6d.npy.mp4
01a04c8a-82c8-744f-a8ef-665f48c5ba4f,industrial packing,completed,yam,yam_0_61,26.9,huangrongbo,good,,,prod,2026-08-29 08:09:33.956759+00:00,2026-08-29 11:20:08.737966+00:00,/nfs/data/sz_44/20260829/episode_20260829_080221_000_6a5da7ea.npy.mp4
01a04c8a-f7f8-7735-82bd-a0f6f28fbc5b,industrial packing,completed,yam,yam_0_61,27.7,huangrongbo,good,,,prod,2026-08-29 08:12:00.633701+00:00,2026-08-29 11:20:08.105903+00:00,/nfs/data/sz_44/20260829/episode_20260829_080251_000_794be03b.npy.mp4
01a04c8b-74f8-77ab-9eda-a2a9cfe93a70,industrial packing,completed,yam,yam_0_61,27.9,huangrongbo,good,,,prod,2026-08-29 08:10:13.922921+00:00,2026-08-29 11:20:07.974072+00:00,/nfs/data/sz_44/20260829/episode_20260829_080323_000_34870d9f.npy.mp4
01a04c8b-ee10-79fd-9b9c-ad7d1d140cf7,industrial packing,completed,yam,yam_0_61,28.2,huangrongbo,good,,,prod,2026-08-29 08:12:13.233816+00:00,2026-08-29 11:20:07.743498+00:00,/nfs/data/sz_44/20260829/episode_20260829_080354_000_dd54670f.npy.mp4
01a04c8c-6b10-7b98-bda4-8fdef0b299a8,industrial packing,completed,yam,yam_0_61,26.5,huangrongbo,good,,,prod,2026-08-29 08:11:27.196926+00:00,2026-08-29 11:20:07.175523+00:00,/nfs/data/sz_44/20260829/episode_20260829_080426_000_429ff068.npy.mp4
01a04c8c-e040-7435-96b5-a1f08b981bca,industrial packing,completed,yam,yam_0_61,29.6,huangrongbo,good,,,prod,2026-08-29 08:09:47.677313+00:00,2026-08-29 11:20:06.973106+00:00,/nfs/data/sz_44/20260829/episode_20260829_080456_000_a92aa4dc.npy.mp4
01a04c8d-6510-70e2-87d7-cbd76bb704e8,industrial packing,completed,yam,yam_0_61,28.0,huangrongbo,good,,,prod,2026-08-29 08:09:14.123607+00:00,2026-08-29 11:20:06.745519+00:00,/nfs/data/sz_44/20260829/episode_20260829_080530_000_10fe2c33.npy.mp4
01a04c8d-de28-7ee8-aeef-c431a1454539,industrial packing,completed,yam,yam_0_61,27.3,huangrongbo,good,,,prod,2026-08-29 08:11:07.435417+00:00,2026-08-29 11:20:06.143254+00:00,/nfs/data/sz_44/20260829/episode_20260829_080601_000_e61fac9e.npy.mp4
01a04c8e-5740-7d80-bef1-3430395bcc38,industrial packing,completed,yam,yam_0_61,26.1,huangrongbo,good,,,prod,2026-08-29 09:27:07.511010+00:00,2026-08-29 11:20:05.908210+00:00,/nfs/data/sz_44/20260829/episode_20260829_080632_000_a292492a.npy.mp4
01a04c8e-d058-7a92-9aed-f076f3d1b50e,industrial packing,completed,yam,yam_0_61,27.6,huangrongbo,good,,,prod,2026-08-29 09:25:10.511097+00:00,2026-08-29 11:20:05.750846+00:00,/nfs/data/sz_44/20260829/episode_20260829_080703_000_e0cf968a.npy.mp4
01a04c8f-5528-7e9a-a15a-58698c0bf5e5,industrial packing,completed,yam,yam_0_61,27.0,huangrongbo,good,,,prod,2026-08-29 09:30:51.029773+00:00,2026-08-29 11:20:05.019726+00:00,/nfs/data/sz_44/20260829/episode_20260829_080737_000_7faa28a9.npy.mp4
01a04c8f-ce40-7ca4-9ecf-0f6347585c98,industrial packing,completed,yam,yam_0_61,27.9,huangrongbo,good,,,prod,2026-08-29 09:31:15.074653+00:00,2026-08-29 11:20:04.853113+00:00,/nfs/data/sz_44/20260829/episode_20260829_080808_000_6578fbfc.npy.mp4
01a04c90-4b40-7c77-9297-3fae7c0463b3,industrial packing,completed,yam,yam_0_61,27.6,huangrongbo,good,,,prod,2026-08-29 09:31:22.342378+00:00,2026-08-29 11:20:04.738257+00:00,/nfs/data/sz_44/20260829/episode_20260829_080840_000_242bf038.npy.mp4
01a04c90-c458-7487-a39b-698c31e1ebd0,industrial packing,completed,yam,yam_0_61,26.5,huangrongbo,good,,,prod,2026-08-29 09:23:50.082668+00:00,2026-08-29 11:20:04.069496+00:00,/nfs/data/sz_44/20260829/episode_20260829_080911_000_249f9f08.npy.mp4
01a04c91-3988-717f-a48b-3250279879c9,industrial packing,completed,yam,yam_0_61,27.0,huangrongbo,good,,,prod,2026-08-29 09:26:42.435661+00:00,2026-08-29 11:20:03.823300+00:00,/nfs/data/sz_44/20260829/episode_20260829_080941_000_fb9db1cb.npy.mp4
01a04c91-b2a0-74a4-bd45-e1fa877a711f,industrial packing,completed,yam,yam_0_61,24.3,huangrongbo,good,,,prod,2026-08-29 09:24:31.961449+00:00,2026-08-29 11:20:03.721366+00:00,/nfs/data/sz_44/20260829/episode_20260829_081012_000_980b222c.npy.mp4
01a04cf9-fdd8-7283-b673-270413f1206f,industrial packing,completed,yam,yam_0_61,22.9,huangrongbo,good,,,prod,2026-08-29 10:12:56.806023+00:00,2026-08-29 11:20:03.476033+00:00,/nfs/data/sz_44/20260829/episode_20260829_100407_000_1ca72163.npy.mp4
01a04c92-2000-7746-abca-9c3a0d4c5a65,industrial packing,completed,yam,yam_0_61,26.8,huangrongbo,good,,,prod,2026-08-29 09:25:23.024654+00:00,2026-08-29 11:20:03.076544+00:00,/nfs/data/sz_44/20260829/episode_20260829_081040_000_3c3878dc.npy.mp4
01a04c92-9918-7f45-8907-eeaff1a048c5,industrial packing,completed,yam,yam_0_61,26.3,huangrongbo,good,,,prod,2026-08-29 09:24:56.985572+00:00,2026-08-29 11:20:02.817102+00:00,/nfs/data/sz_44/20260829/episode_20260829_081111_000_c4df120d.npy.mp4
01a04cf9-9c30-7673-836a-9efd44e4b2db,industrial packing,completed,yam,yam_0_61,21.8,huangrongbo,good,,,prod,2026-08-29 10:20:50.649728+00:00,2026-08-29 11:19:43.268655+00:00,/nfs/data/sz_44/20260829/episode_20260829_100342_000_1943d7e4.npy.mp4
01a04cf9-2ed0-75a2-b1e1-3bac2affe2e4,industrial packing,completed,yam,yam_0_61,23.8,huangrongbo,good,,,prod,2026-08-29 10:20:07.750942+00:00,2026-08-29 11:19:08.675984+00:00,/nfs/data/sz_44/20260829/episode_20260829_100314_000_213b86c8.npy.mp4
01a04cf8-c558-73fb-bf12-535a626b8068,industrial packing,completed,yam,yam_0_61,23.3,huangrongbo,good,,,prod,2026-08-29 10:11:47.817316+00:00,2026-08-29 11:18:48.112305+00:00,/nfs/data/sz_44/20260829/episode_20260829_100247_000_5c5c1418.npy.mp4
01a04cf8-63b0-766c-a06d-99b61fd364b2,industrial packing,completed,yam,yam_0_61,20.9,huangrongbo,good,,,prod,2026-08-29 10:20:02.459384+00:00,2026-08-29 11:18:16.517717+00:00,/nfs/data/sz_44/20260829/episode_20260829_100222_000_b67ef5fc.npy.mp4
01a04cf7-f650-7081-a9db-b69638c12d7f,industrial packing,completed,yam,yam_0_61,23.3,huangrongbo,good,,,prod,2026-08-29 10:12:32.706157+00:00,2026-08-29 11:17:49.537561+00:00,/nfs/data/sz_44/20260829/episode_20260829_100154_000_c8106de3.npy.mp4
01a04c93-0e48-78f8-a4ff-f28ca04cb40e,industrial packing,completed,yam,yam_0_61,26.9,huangrongbo,good,,,prod,2026-08-29 09:24:45.489566+00:00,2026-08-29 11:17:34.619203+00:00,/nfs/data/sz_44/20260829/episode_20260829_081141_000_d94cc49f.npy.mp4
01a04c93-8378-7f2b-9572-fedff4c74fc2,industrial packing,completed,yam,yam_0_61,26.3,huangrongbo,good,,,prod,2026-08-29 09:27:38.894856+00:00,2026-08-29 11:17:34.024560+00:00,/nfs/data/sz_44/20260829/episode_20260829_081211_000_38f4ace6.npy.mp4
01a04c93-fc90-746c-bfb9-2ce26655ddbe,industrial packing,completed,yam,yam_0_61,27.8,huangrongbo,good,,,prod,2026-08-29 09:32:30.202999+00:00,2026-08-29 11:17:33.733381+00:00,/nfs/data/sz_44/20260829/episode_20260829_081242_000_6079df86.npy.mp4
01a04c94-75a8-7b70-91ca-c7d0d46bb4c3,industrial packing,completed,yam,yam_0_61,26.7,huangrongbo,good,,,prod,2026-08-29 09:30:01.932459+00:00,2026-08-29 11:17:33.133714+00:00,/nfs/data/sz_44/20260829/episode_20260829_081313_000_3e5d6879.npy.mp4
01a04c94-eec0-718a-a059-1faa3a7cd398,industrial packing,completed,yam,yam_0_61,25.3,huangrongbo,good,,,prod,2026-08-29 09:35:38.319685+00:00,2026-08-29 11:17:32.781142+00:00,/nfs/data/sz_44/20260829/episode_20260829_081344_000_960a19b0.npy.mp4
01a04c95-6008-745c-8362-520a52c06f21,industrial packing,completed,yam,yam_0_61,29.4,huangrongbo,good,,,prod,2026-08-29 09:28:54.038746+00:00,2026-08-29 11:17:32.128905+00:00,/nfs/data/sz_44/20260829/episode_20260829_081413_000_75196263.npy.mp4
01a04c95-e0f0-7cc6-bda3-8a4d7d4526d4,industrial packing,completed,yam,yam_0_61,28.3,huangrongbo,good,,,prod,2026-08-29 09:23:18.745513+00:00,2026-08-29 11:17:31.854604+00:00,/nfs/data/sz_44/20260829/episode_20260829_081446_000_bc0b2bf1.npy.mp4
01a04c96-5df0-77d7-a301-5d715ab06a5e,industrial packing,completed,yam,yam_0_61,25.7,huangrongbo,good,,,prod,2026-08-29 09:29:37.878929+00:00,2026-08-29 11:17:31.707252+00:00,/nfs/data/sz_44/20260829/episode_20260829_081518_000_38213c1a.npy.mp4
01a04c96-cf38-7073-ab67-872ef3c26d07,industrial packing,completed,yam,yam_0_61,23.6,huangrongbo,good,,,prod,2026-08-29 09:23:31.256606+00:00,2026-08-29 11:17:31.090851+00:00,/nfs/data/sz_44/20260829/episode_20260829_081547_000_9c639ece.npy.mp4
01a04c97-38b0-79bb-8ed1-9b6fe0c8c73a,industrial packing,completed,yam,yam_0_61,27.3,huangrongbo,good,,,prod,2026-08-29 09:27:14.845503+00:00,2026-08-29 11:17:30.868860+00:00,/nfs/data/sz_44/20260829/episode_20260829_081614_000_c75dd5f4.npy.mp4
01a04c97-b1c8-7bd3-9cdd-ee8ea918ac1a,industrial packing,completed,yam,yam_0_61,24.0,huangrongbo,good,,,prod,2026-08-29 09:29:20.119411+00:00,2026-08-29 11:17:30.738683+00:00,/nfs/data/sz_44/20260829/episode_20260829_081645_000_ddbfca91.npy.mp4
01a04c98-1f28-7ffc-ad0e-2df23c12137f,industrial packing,completed,yam,yam_0_61,26.3,huangrongbo,good,,,prod,2026-08-29 09:22:12.615258+00:00,2026-08-29 11:17:30.128918+00:00,/nfs/data/sz_44/20260829/episode_20260829_081713_000_9314d09a.npy.mp4
01a04c98-9070-7691-a9bb-dcdd3e56fe56,industrial packing,completed,yam,yam_0_61,24.8,huangrongbo,good,,,prod,2026-08-29 09:25:29.289597+00:00,2026-08-29 11:17:29.877874+00:00,/nfs/data/sz_44/20260829/episode_20260829_081742_000_aa65b7f5.npy.mp4
01a04c99-01b8-726c-8d3c-3bf2e2977557,industrial packing,completed,yam,yam_0_61,26.4,huangrongbo,good,,,prod,2026-08-29 09:27:26.362858+00:00,2026-08-29 11:17:29.726536+00:00,/nfs/data/sz_44/20260829/episode_20260829_081811_000_5d097b01.npy.mp4
01a04c99-76e8-71d8-9730-695e34d1860b,industrial packing,completed,yam,yam_0_61,26.7,huangrongbo,good,,,prod,2026-08-29 09:29:01.341402+00:00,2026-08-29 11:17:29.076033+00:00,/nfs/data/sz_44/20260829/episode_20260829_081841_000_b2c6794b.npy.mp4
01a04c99-ec18-7e6d-beab-df029e0655c4,industrial packing,completed,yam,yam_0_61,25.9,huangrongbo,good,,,prod,2026-08-29 09:25:16.777056+00:00,2026-08-29 11:17:28.933939+00:00,/nfs/data/sz_44/20260829/episode_20260829_081911_000_65d1c554.npy.mp4
01a04c9a-6148-751c-b3ef-1be9120ee769,industrial packing,completed,yam,yam_0_61,26.2,huangrongbo,good,,,prod,2026-08-29 09:31:47.383577+00:00,2026-08-29 11:17:28.796975+00:00,/nfs/data/sz_44/20260829/episode_20260829_081941_000_41282c00.npy.mp4
01a04c9a-e230-7619-9125-ab4487ded7cd,industrial packing,completed,yam,yam_0_61,24.9,huangrongbo,good,,,prod,2026-08-29 09:32:17.671037+00:00,2026-08-29 11:17:28.175011+00:00,/nfs/data/sz_44/20260829/episode_20260829_082014_000_0f536751.npy.mp4
01a04c9b-4f90-782f-92be-06e6dea9feba,industrial packing,completed,yam,yam_0_61,25.2,huangrongbo,good,,,prod,2026-08-29 09:34:38.843073+00:00,2026-08-29 11:17:28.016947+00:00,/nfs/data/sz_44/20260829/episode_20260829_082042_000_f2e65924.npy.mp4
01a04c9b-c0d8-7004-8f53-d6b358625068,industrial packing,completed,yam,yam_0_61,25.9,huangrongbo,good,,,prod,2026-08-29 09:28:47.752909+00:00,2026-08-29 11:17:27.845827+00:00,/nfs/data/sz_44/20260829/episode_20260829_082111_000_bbe0ade5.npy.mp4
01a04c9c-3220-7865-89b5-eb3fe91ff1d4,industrial packing,completed,yam,yam_0_61,26.6,huangrongbo,good,,,prod,2026-08-29 09:23:43.778660+00:00,2026-08-29 11:17:27.722459+00:00,/nfs/data/sz_44/20260829/episode_20260829_082140_000_e7f108f9.npy.mp4
01a04c9c-ab38-75a5-9043-09e08216970f,industrial packing,completed,yam,yam_0_61,23.3,huangrongbo,good,,,prod,2026-08-29 09:32:11.391721+00:00,2026-08-29 11:17:27.020548+00:00,/nfs/data/sz_44/20260829/episode_20260829_082211_000_95205495.npy.mp4
01a04c9d-14b0-735a-b6c7-6332b3767958,industrial packing,completed,yam,yam_0_61,22.8,huangrongbo,good,,,prod,2026-08-29 09:34:51.371793+00:00,2026-08-29 11:17:26.879115+00:00,/nfs/data/sz_44/20260829/episode_20260829_082238_000_ad3ad587.npy.mp4
01a04cf7-88f0-7f83-84e3-8b5b959d064b,industrial packing,completed,yam,yam_0_61,24.1,huangrongbo,good,,,prod,2026-08-29 10:15:39.405519+00:00,2026-08-29 11:17:26.587791+00:00,/nfs/data/sz_44/20260829/episode_20260829_100126_000_c5905d5b.npy.mp4
01a04c9d-7e28-7a3b-aeba-8c66e69e9038,industrial packing,completed,yam,yam_0_61,21.9,huangrongbo,good,,,prod,2026-08-29 09:22:06.358264+00:00,2026-08-29 11:17:22.702612+00:00,/nfs/data/sz_44/20260829/episode_20260829_082305_000_c7d1e342.npy.mp4
01a04c9d-dfd0-79bb-9464-e5b531739976,industrial packing,completed,yam,yam_0_61,25.6,huangrongbo,good,,,prod,2026-08-29 09:23:25.003940+00:00,2026-08-29 11:17:22.098223+00:00,/nfs/data/sz_44/20260829/episode_20260829_082330_000_036bd08f.npy.mp4
01a04c9e-5118-7dbd-b198-1af75528cd9e,industrial packing,completed,yam,yam_0_61,23.7,huangrongbo,good,,,prod,2026-08-29 09:29:44.131787+00:00,2026-08-29 11:17:21.819567+00:00,/nfs/data/sz_44/20260829/episode_20260829_082359_000_f476a132.npy.mp4
01a04c9e-ba90-7957-b39a-2f4d6529893a,industrial packing,completed,yam,yam_0_61,25.1,huangrongbo,good,,,prod,2026-08-29 09:24:50.744856+00:00,2026-08-29 11:17:21.708766+00:00,/nfs/data/sz_44/20260829/episode_20260829_082426_000_43ba5ffc.npy.mp4
01a04c9f-2bd8-7d53-b203-6a94eb8517b5,industrial packing,completed,yam,yam_0_61,23.1,huangrongbo,good,,,prod,2026-08-29 09:36:01.230491+00:00,2026-08-29 11:17:20.977452+00:00,/nfs/data/sz_44/20260829/episode_20260829_082455_000_9ffd1ff9.npy.mp4
01a04c9f-9550-703b-a01e-95fe2762ec49,industrial packing,completed,yam,yam_0_61,23.5,huangrongbo,good,,,prod,2026-08-29 09:24:01.643868+00:00,2026-08-29 11:17:20.850559+00:00,/nfs/data/sz_44/20260829/episode_20260829_082522_000_b141a025.npy.mp4
01a04c9f-fec8-7cfc-9550-9ebad3b230e5,industrial packing,completed,yam,yam_0_61,23.0,huangrongbo,good,,,prod,2026-08-29 09:32:47.968652+00:00,2026-08-29 11:17:20.733202+00:00,/nfs/data/sz_44/20260829/episode_20260829_082549_000_dc62a697.npy.mp4
01a04ca0-6840-7f05-bbc0-25fe95fe2a17,industrial packing,completed,yam,yam_0_61,25.2,huangrongbo,good,,,prod,2026-08-29 09:31:53.647936+00:00,2026-08-29 11:17:20.144857+00:00,/nfs/data/sz_44/20260829/episode_20260829_082616_000_1151d729.npy.mp4
01a04ca0-dd70-761c-85ae-4ab9188a5b43,industrial packing,completed,yam,yam_0_61,25.5,huangrongbo,good,,,prod,2026-08-29 09:32:36.467523+00:00,2026-08-29 11:17:19.973454+00:00,/nfs/data/sz_44/20260829/episode_20260829_082646_000_bcf9a68a.npy.mp4
01a04ca1-4eb8-7b2c-86f3-1457914fd213,industrial packing,completed,yam,yam_0_61,28.9,huangrongbo,good,,,prod,2026-08-29 09:29:07.592572+00:00,2026-08-29 11:17:19.802504+00:00,/nfs/data/sz_44/20260829/episode_20260829_082715_000_1aa594d7.npy.mp4
01a04ca1-cfa0-7cc7-a9d7-7343cadd91bb,industrial packing,completed,yam,yam_0_61,28.3,huangrongbo,good,,,prod,2026-08-29 09:22:53.582155+00:00,2026-08-29 11:17:19.097935+00:00,/nfs/data/sz_44/20260829/episode_20260829_082748_000_94f952a9.npy.mp4
01a04ca2-4ca0-7774-a6a0-ac648f7d8111,industrial packing,completed,yam,yam_0_61,26.4,huangrongbo,good,,,prod,2026-08-29 09:25:59.613868+00:00,2026-08-29 11:17:18.912030+00:00,/nfs/data/sz_44/20260829/episode_20260829_082820_000_4f49e1c2.npy.mp4
01a04ca2-c5b8-76b7-8af5-040aa7f2119c,industrial packing,completed,yam,yam_0_61,26.5,huangrongbo,good,,,prod,2026-08-29 09:26:49.723874+00:00,2026-08-29 11:17:18.720169+00:00,/nfs/data/sz_44/20260829/episode_20260829_082851_000_55e6eaf9.npy.mp4
01a04ca3-3ed0-747c-a9e2-c307564fd2d4,industrial packing,completed,yam,yam_0_61,26.6,huangrongbo,good,,,prod,2026-08-29 09:32:54.249941+00:00,2026-08-29 11:17:18.062720+00:00,/nfs/data/sz_44/20260829/episode_20260829_082922_000_48ca3bca.npy.mp4
01a04ca3-b400-7c26-a955-33bf3921fed9,industrial packing,completed,yam,yam_0_61,25.6,huangrongbo,good,,,prod,2026-08-29 09:28:41.473410+00:00,2026-08-29 11:17:17.804338+00:00,/nfs/data/sz_44/20260829/episode_20260829_082952_000_b9990484.npy.mp4
01a04ca4-2930-7715-8f70-a78faed18ae7,industrial packing,completed,yam,yam_0_61,24.2,huangrongbo,good,,,prod,2026-08-29 09:26:29.861047+00:00,2026-08-29 11:17:17.701549+00:00,/nfs/data/sz_44/20260829/episode_20260829_083022_000_4ec5e3d0.npy.mp4
01a04ca9-6508-7c24-b819-8b2f85d0b200,industrial packing,completed,yam,yam_0_61,24.9,huangrongbo,good,,,prod,2026-08-29 09:24:25.687923+00:00,2026-08-29 11:17:17.075157+00:00,/nfs/data/sz_44/20260829/episode_20260829_083605_000_0c89ea21.npy.mp4
01a04ca9-d650-7403-bf25-932e1792d97a,industrial packing,completed,yam,yam_0_61,24.5,huangrongbo,good,,,prod,2026-08-29 09:26:36.148186+00:00,2026-08-29 11:17:16.926301+00:00,/nfs/data/sz_44/20260829/episode_20260829_083634_000_0eed7c58.npy.mp4
01a04caa-43b0-739b-82a1-ded293c4f8d7,industrial packing,completed,yam,yam_0_61,25.4,huangrongbo,good,,,prod,2026-08-29 09:33:38.097228+00:00,2026-08-29 11:17:16.731470+00:00,/nfs/data/sz_44/20260829/episode_20260829_083702_000_ceb28901.npy.mp4
01a04caa-b8e0-7445-a504-3034e6d575fc,industrial packing,completed,yam,yam_0_61,25.0,huangrongbo,good,,,prod,2026-08-29 09:22:59.853123+00:00,2026-08-29 11:17:16.149364+00:00,/nfs/data/sz_44/20260829/episode_20260829_083732_000_0e6ee760.npy.mp4
01a04cab-2a28-75ba-8097-319efe88a2ef,industrial packing,completed,yam,yam_0_61,25.9,huangrongbo,good,,,prod,2026-08-29 09:28:27.910598+00:00,2026-08-29 11:17:15.944938+00:00,/nfs/data/sz_44/20260829/episode_20260829_083801_000_be6350b2.npy.mp4
01a04cab-9f58-7b3d-b1ec-d46c01bd37ba,industrial packing,completed,yam,yam_0_61,25.5,huangrongbo,good,,,prod,2026-08-29 09:22:30.448583+00:00,2026-08-29 11:17:15.792632+00:00,/nfs/data/sz_44/20260829/episode_20260829_083831_000_807eb388.npy.mp4
01a04cac-10a0-7f3e-97c9-5750573e297e,industrial packing,completed,yam,yam_0_61,25.0,huangrongbo,good,,,prod,2026-08-29 09:23:12.480099+00:00,2026-08-29 11:17:14.948365+00:00,/nfs/data/sz_44/20260829/episode_20260829_083900_000_ca7e6bf0.npy.mp4
01a04cac-85d0-7422-9a8f-5c77663312f8,industrial packing,completed,yam,yam_0_61,24.6,huangrongbo,good,,,prod,2026-08-29 09:26:23.608753+00:00,2026-08-29 11:17:14.731644+00:00,/nfs/data/sz_44/20260829/episode_20260829_083930_000_eb2e38c7.npy.mp4
01a04cac-f330-7029-a4ce-8560ae36ea48,industrial packing,completed,yam,yam_0_61,25.9,huangrongbo,good,,,prod,2026-08-29 09:31:59.888971+00:00,2026-08-29 11:17:14.167319+00:00,/nfs/data/sz_44/20260829/episode_20260829_083958_000_4345e496.npy.mp4
01a04cad-6c48-7d63-8d4a-1ab995ecc14a,industrial packing,completed,yam,yam_0_61,27.6,huangrongbo,good,,,prod,2026-08-29 09:26:56.028267+00:00,2026-08-29 11:17:13.949076+00:00,/nfs/data/sz_44/20260829/episode_20260829_084029_000_a419a17d.npy.mp4
01a04cad-e948-7be3-be7c-111de75b6ff6,industrial packing,completed,yam,yam_0_61,25.1,huangrongbo,good,,,prod,2026-08-29 09:31:34.881454+00:00,2026-08-29 11:17:13.810109+00:00,/nfs/data/sz_44/20260829/episode_20260829_084101_000_e4be4eee.npy.mp4
01a04cae-5e78-7e0d-952d-e1fbe0d0f37f,industrial packing,completed,yam,yam_0_61,25.2,huangrongbo,good,,,prod,2026-08-29 09:27:51.418383+00:00,2026-08-29 11:17:13.712998+00:00,/nfs/data/sz_44/20260829/episode_20260829_084131_000_639f7a8d.npy.mp4
01a04cae-cfc0-7178-841a-5c0d57080df8,industrial packing,completed,yam,yam_0_61,23.2,huangrongbo,good,,,prod,2026-08-29 09:30:44.757277+00:00,2026-08-29 11:17:13.125573+00:00,/nfs/data/sz_44/20260829/episode_20260829_084200_000_4e8a845f.npy.mp4
01a04caf-3938-7c03-af29-2ecb424605f7,industrial packing,completed,yam,yam_0_61,23.4,huangrongbo,good,,,prod,2026-08-29 09:22:24.169821+00:00,2026-08-29 11:17:12.941291+00:00,/nfs/data/sz_44/20260829/episode_20260829_084227_000_8e7d7ef8.npy.mp4
01a04caf-a2b0-7e55-afbf-4f0e6985853e,industrial packing,completed,yam,yam_0_61,25.1,huangrongbo,good,,,prod,2026-08-29 09:23:56.360329+00:00,2026-08-29 11:17:12.763014+00:00,/nfs/data/sz_44/20260829/episode_20260829_084254_000_e3289246.npy.mp4
01a04cb0-17e0-77c0-a8cc-951d4b50a64a,industrial packing,completed,yam,yam_0_61,26.6,huangrongbo,good,,,prod,2026-08-29 09:33:56.041582+00:00,2026-08-29 11:17:12.155044+00:00,/nfs/data/sz_44/20260829/episode_20260829_084324_000_a9a7bf25.npy.mp4
01a04cb0-8d10-7aae-a58e-bdf12adb6cd8,industrial packing,completed,yam,yam_0_61,24.8,huangrongbo,good,,,prod,2026-08-29 09:36:07.511275+00:00,2026-08-29 11:17:11.925808+00:00,/nfs/data/sz_44/20260829/episode_20260829_084354_000_5443b1db.npy.mp4
01a04cb0-fe58-7416-bfa1-de53e5aa676e,industrial packing,completed,yam,yam_0_61,26.8,huangrongbo,good,,,prod,2026-08-29 09:34:27.331572+00:00,2026-08-29 11:17:11.718294+00:00,/nfs/data/sz_44/20260829/episode_20260829_084423_000_0279ff26.npy.mp4
01a04cb1-7b58-75f1-9fd7-7744a9622e58,industrial packing,completed,yam,yam_0_61,24.4,huangrongbo,good,,,prod,2026-08-29 09:24:07.902717+00:00,2026-08-29 11:17:11.091843+00:00,/nfs/data/sz_44/20260829/episode_20260829_084455_000_cc68c097.npy.mp4
01a04cb1-e8b8-75b0-92d8-8ab7289439be,industrial packing,completed,yam,yam_0_61,24.5,huangrongbo,good,,,prod,2026-08-29 09:33:13.011326+00:00,2026-08-29 11:17:10.870308+00:00,/nfs/data/sz_44/20260829/episode_20260829_084523_000_8b81b625.npy.mp4
01a04cb2-5618-78f5-a3f1-3e2818b4ca64,industrial packing,completed,yam,yam_0_61,25.4,huangrongbo,good,,,prod,2026-08-29 09:26:05.890825+00:00,2026-08-29 11:17:10.708602+00:00,/nfs/data/sz_44/20260829/episode_20260829_084551_000_31bc2aea.npy.mp4
01a04cb2-cb48-7271-888d-56f93b3bf87b,industrial packing,completed,yam,yam_0_61,24.1,huangrongbo,good,,,prod,2026-08-29 09:32:23.959725+00:00,2026-08-29 11:17:09.972672+00:00,/nfs/data/sz_44/20260829/episode_20260829_084621_000_419310d7.npy.mp4
01a04cb3-38a8-7356-9674-1972b8eb3476,industrial packing,completed,yam,yam_0_61,24.8,huangrongbo,good,,,prod,2026-08-29 09:29:13.838595+00:00,2026-08-29 11:17:09.738325+00:00,/nfs/data/sz_44/20260829/episode_20260829_084649_000_674a66a8.npy.mp4
01a04cb3-a9f0-7705-9ea5-696e10149666,industrial packing,completed,yam,yam_0_61,25.1,huangrongbo,good,,,prod,2026-08-29 09:29:50.382775+00:00,2026-08-29 11:17:09.128081+00:00,/nfs/data/sz_44/20260829/episode_20260829_084718_000_f62a1d1c.npy.mp4
01a04cb4-1b38-73a2-8d85-6a5ed5f98315,industrial packing,completed,yam,yam_0_61,23.3,huangrongbo,good,,,prod,2026-08-29 09:34:07.527679+00:00,2026-08-29 11:17:08.915106+00:00,/nfs/data/sz_44/20260829/episode_20260829_084747_000_3f89aa18.npy.mp4
01a04cb4-84b0-7914-b52a-360c0a5b7537,industrial packing,completed,yam,yam_0_61,22.7,huangrongbo,good,,,prod,2026-08-29 09:24:20.436776+00:00,2026-08-29 11:17:08.714300+00:00,/nfs/data/sz_44/20260829/episode_20260829_084814_000_26713a48.npy.mp4
01a04cb4-ee28-7c28-9341-c0d9b9338cb0,industrial packing,completed,yam,yam_0_61,24.8,huangrongbo,good,,,prod,2026-08-29 09:26:12.128514+00:00,2026-08-29 11:17:07.950888+00:00,/nfs/data/sz_44/20260829/episode_20260829_084841_000_f6435180.npy.mp4
01a04cb5-5f70-70e0-8c2d-9aaf434dde1e,industrial packing,completed,yam,yam_0_61,22.7,huangrongbo,good,,,prod,2026-08-29 09:29:25.352014+00:00,2026-08-29 11:17:07.001991+00:00,/nfs/data/sz_44/20260829/episode_20260829_084910_000_fe673701.npy.mp4
01a04cb5-c500-78fa-9e33-2adefaa35976,industrial packing,completed,yam,yam_0_61,21.6,huangrongbo,good,,,prod,2026-08-29 09:31:08.822492+00:00,2026-08-29 11:17:06.729375+00:00,/nfs/data/sz_44/20260829/episode_20260829_084936_000_1623d509.npy.mp4
01a04cb6-2a90-7e98-93c1-fa973b3d9392,industrial packing,completed,yam,yam_0_61,24.4,huangrongbo,good,,,prod,2026-08-29 09:28:02.909513+00:00,2026-08-29 11:17:06.102127+00:00,/nfs/data/sz_44/20260829/episode_20260829_085002_000_40257b1e.npy.mp4
01a04cb6-97f0-7fbb-80f4-180398e0e5c3,industrial packing,completed,yam,yam_0_61,24.0,huangrongbo,good,,,prod,2026-08-29 09:34:45.093786+00:00,2026-08-29 11:17:05.737563+00:00,/nfs/data/sz_44/20260829/episode_20260829_085030_000_d45d17f4.npy.mp4
01a04cb7-0550-720a-90aa-f66558cacee1,industrial packing,completed,yam,yam_0_61,24.3,huangrongbo,good,,,prod,2026-08-29 09:32:05.133327+00:00,2026-08-29 11:17:05.075370+00:00,/nfs/data/sz_44/20260829/episode_20260829_085058_000_64be787d.npy.mp4
01a04cb7-72b0-7a12-8f1a-4eb3953161d8,industrial packing,completed,yam,yam_0_61,22.7,huangrongbo,good,,,prod,2026-08-29 09:25:40.829507+00:00,2026-08-29 11:17:04.827479+00:00,/nfs/data/sz_44/20260829/episode_20260829_085126_000_1b1b7579.npy.mp4
01a04cb7-dc28-7fe9-b701-76acbc94474d,industrial packing,completed,yam,yam_0_61,23.8,huangrongbo,good,,,prod,2026-08-29 09:27:20.095842+00:00,2026-08-29 11:17:04.007294+00:00,/nfs/data/sz_44/20260829/episode_20260829_085153_000_260e9d03.npy.mp4
01a04cb8-45a0-7cde-81f8-1f91a6146c64,industrial packing,completed,yam,yam_0_61,26.6,huangrongbo,good,,,prod,2026-08-29 09:30:38.494024+00:00,2026-08-29 11:17:03.785891+00:00,/nfs/data/sz_44/20260829/episode_20260829_085220_000_36f435a5.npy.mp4
01a04cb8-beb8-7974-80ed-b4fe1614c2b2,industrial packing,completed,yam,yam_0_61,25.7,huangrongbo,good,,,prod,2026-08-29 09:30:25.981851+00:00,2026-08-29 11:17:02.994325+00:00,/nfs/data/sz_44/20260829/episode_20260829_085251_000_7448a114.npy.mp4
01a04cb9-33e8-7883-8ef1-0a6ec97be495,industrial packing,completed,yam,yam_0_61,24.3,huangrongbo,good,,,prod,2026-08-29 09:35:01.864896+00:00,2026-08-29 11:17:02.725546+00:00,/nfs/data/sz_44/20260829/episode_20260829_085321_000_02a2293e.npy.mp4
01a04cf7-2360-7aa3-9548-2d6964910f61,industrial packing,completed,yam,yam_0_61,22.4,huangrongbo,good,,,prod,2026-08-29 10:14:43.480804+00:00,2026-08-29 11:17:02.549846+00:00,/nfs/data/sz_44/20260829/episode_20260829_100100_000_fcf1920c.npy.mp4
01a04cb9-a148-7682-b3dd-724551749325,industrial packing,completed,yam,yam_0_61,23.6,huangrongbo,good,,,prod,2026-08-29 09:27:32.632794+00:00,2026-08-29 11:17:02.020090+00:00,/nfs/data/sz_44/20260829/episode_20260829_085349_000_607f4561.npy.mp4
01a04cba-0ac0-73d4-889d-b977e86fac8c,industrial packing,completed,yam,yam_0_61,23.6,huangrongbo,good,,,prod,2026-08-29 09:31:41.126655+00:00,2026-08-29 11:17:01.811969+00:00,/nfs/data/sz_44/20260829/episode_20260829_085416_000_efff29e9.npy.mp4
01a04cbb-a100-756d-9d36-b44df8bc385c,industrial packing,completed,yam,yam_0_61,25.2,huangrongbo,good,,,prod,2026-08-29 09:23:37.517512+00:00,2026-08-29 11:17:01.011982+00:00,/nfs/data/sz_44/20260829/episode_20260829_085600_000_40b1b307.npy.mp4
01a04cbc-1248-745b-ae97-abfdc549f375,industrial packing,completed,yam,yam_0_61,23.6,huangrongbo,good,,,prod,2026-08-29 09:35:43.537494+00:00,2026-08-29 11:17:00.755144+00:00,/nfs/data/sz_44/20260829/episode_20260829_085629_000_8b9f0ae9.npy.mp4
01a04cbc-7bc0-7e77-8197-52e46f0bb4b1,industrial packing,completed,yam,yam_0_61,24.5,huangrongbo,good,,,prod,2026-08-29 09:25:35.570077+00:00,2026-08-29 11:17:00.126923+00:00,/nfs/data/sz_44/20260829/episode_20260829_085656_000_2488110e.npy.mp4
01a04cbc-ed08-7042-b1f0-9fe8ff02fd46,industrial packing,completed,yam,yam_0_61,28.3,huangrongbo,good,,,prod,2026-08-29 09:31:29.627054+00:00,2026-08-29 11:16:59.906623+00:00,/nfs/data/sz_44/20260829/episode_20260829_085725_000_552ff61b.npy.mp4
01a04cbd-6a08-7d8d-805c-6ca2318bb26e,industrial packing,completed,yam,yam_0_61,26.1,huangrongbo,good,,,prod,2026-08-29 09:34:02.289982+00:00,2026-08-29 11:16:59.751202+00:00,/nfs/data/sz_44/20260829/episode_20260829_085757_000_8ba47015.npy.mp4
01a04cbd-df38-79ef-853d-af8095fae881,industrial packing,completed,yam,yam_0_61,27.6,huangrongbo,good,,,prod,2026-08-29 09:29:31.620191+00:00,2026-08-29 11:16:59.098496+00:00,/nfs/data/sz_44/20260829/episode_20260829_085827_000_7ce44ecd.npy.mp4
01a04cbe-5850-79f3-b6fc-b39a1740dc25,industrial packing,completed,yam,yam_0_61,27.2,huangrongbo,good,,,prod,2026-08-29 09:33:19.276022+00:00,2026-08-29 11:16:58.900027+00:00,/nfs/data/sz_44/20260829/episode_20260829_085858_000_38da8d0d.npy.mp4
01a04cbe-d168-7977-b42c-d66d91676841,industrial packing,completed,yam,yam_0_61,26.0,huangrongbo,good,,,prod,2026-08-29 09:30:32.234242+00:00,2026-08-29 11:16:58.764218+00:00,/nfs/data/sz_44/20260829/episode_20260829_085929_000_d45ad9ef.npy.mp4
01a04cbf-4a80-78fd-9200-49e100e4d1ea,industrial packing,completed,yam,yam_0_61,24.8,huangrongbo,good,,,prod,2026-08-29 09:35:08.122058+00:00,2026-08-29 11:16:58.158084+00:00,/nfs/data/sz_44/20260829/episode_20260829_090000_000_510f761c.npy.mp4
01a04cbf-b7e0-7342-ac99-bb04d26e96e0,industrial packing,completed,yam,yam_0_61,26.9,huangrongbo,good,,,prod,2026-08-29 09:30:08.206613+00:00,2026-08-29 11:16:57.962111+00:00,/nfs/data/sz_44/20260829/episode_20260829_090028_000_c13b7324.npy.mp4
01a04cc0-30f8-7e77-bce3-7288f24e8596,industrial packing,completed,yam,yam_0_61,26.6,huangrongbo,good,,,prod,2026-08-29 09:23:06.171898+00:00,2026-08-29 11:16:57.783923+00:00,/nfs/data/sz_44/20260829/episode_20260829_090059_000_e7fe65b2.npy.mp4
01a04cc0-aa10-758c-b49b-ca2eea6649b7,industrial packing,completed,yam,yam_0_61,24.0,huangrongbo,good,,,prod,2026-08-29 09:22:17.895353+00:00,2026-08-29 11:16:56.994701+00:00,/nfs/data/sz_44/20260829/episode_20260829_090130_000_f625ac5c.npy.mp4
01a04cc1-1770-7631-8bce-38af7b51e534,industrial packing,completed,yam,yam_0_61,24.9,huangrongbo,good,,,prod,2026-08-29 09:34:32.586193+00:00,2026-08-29 11:16:56.790705+00:00,/nfs/data/sz_44/20260829/episode_20260829_090158_000_845cc27f.npy.mp4
01a04cc1-88b8-72cd-adb6-ac6a7ceefe4b,industrial packing,completed,yam,yam_0_61,23.3,huangrongbo,good,,,prod,2026-08-29 09:22:41.033653+00:00,2026-08-29 11:16:56.721489+00:00,/nfs/data/sz_44/20260829/episode_20260829_090227_000_f464cfeb.npy.mp4
01a04cc1-f230-7b48-ba85-e3f744dddcd1,industrial packing,completed,yam,yam_0_61,22.2,huangrongbo,good,,,prod,2026-08-29 09:27:01.269539+00:00,2026-08-29 11:16:56.144530+00:00,/nfs/data/sz_44/20260829/episode_20260829_090254_000_3f7b4c26.npy.mp4
01a04cc2-57c0-7de9-8b56-2e56240891b3,industrial packing,completed,yam,yam_0_61,23.2,huangrongbo,good,,,prod,2026-08-29 09:35:19.587269+00:00,2026-08-29 11:16:55.982219+00:00,/nfs/data/sz_44/20260829/episode_20260829_090320_000_43a9db00.npy.mp4
01a04cc2-c520-7598-b8b2-bcea834bc4e1,industrial packing,completed,yam,yam_0_61,24.5,huangrongbo,good,,,prod,2026-08-29 09:35:49.766035+00:00,2026-08-29 11:16:55.804653+00:00,/nfs/data/sz_44/20260829/episode_20260829_090348_000_db2703aa.npy.mp4
01a04cc3-3280-7061-a232-6972e4bda415,industrial packing,completed,yam,yam_0_61,26.0,huangrongbo,good,,,prod,2026-08-29 09:28:21.665193+00:00,2026-08-29 11:16:54.989378+00:00,/nfs/data/sz_44/20260829/episode_20260829_090416_000_788b4a12.npy.mp4
01a04cc3-a7b0-7fca-92e4-d87e5afe5d00,industrial packing,completed,yam,yam_0_61,23.7,huangrongbo,good,,,prod,2026-08-29 09:33:25.590695+00:00,2026-08-29 11:16:54.770572+00:00,/nfs/data/sz_44/20260829/episode_20260829_090446_000_44cf2bc9.npy.mp4
01a04cc4-1510-7e81-b3d7-3fc4375da7bd,industrial packing,completed,yam,yam_0_61,21.7,huangrongbo,good,,,prod,2026-08-29 09:34:56.612468+00:00,2026-08-29 11:16:53.988417+00:00,/nfs/data/sz_44/20260829/episode_20260829_090514_000_464684e6.npy.mp4
01a04cc4-7aa0-764c-b5b2-5258145a2f12,industrial packing,completed,yam,yam_0_61,23.9,huangrongbo,good,,,prod,2026-08-29 09:32:41.720598+00:00,2026-08-29 11:16:53.858816+00:00,/nfs/data/sz_44/20260829/episode_20260829_090540_000_5e48a389.npy.mp4
01a04cc4-e800-7f73-9cd3-67de1e5bb500,industrial packing,completed,yam,yam_0_61,22.7,huangrongbo,good,,,prod,2026-08-29 09:22:46.290880+00:00,2026-08-29 11:16:53.739484+00:00,/nfs/data/sz_44/20260829/episode_20260829_090608_000_1f819d60.npy.mp4
01a04cc5-5178-7422-86b6-14d89d251792,industrial packing,completed,yam,yam_0_61,22.6,huangrongbo,good,,,prod,2026-08-29 09:30:20.723101+00:00,2026-08-29 11:16:53.142466+00:00,/nfs/data/sz_44/20260829/episode_20260829_090635_000_4952a5ad.npy.mp4
01a04cc5-baf0-74a6-ba22-7eed25d39ab1,industrial packing,completed,yam,yam_0_61,27.1,huangrongbo,good,,,prod,2026-08-29 09:34:14.792916+00:00,2026-08-29 11:16:52.811691+00:00,/nfs/data/sz_44/20260829/episode_20260829_090702_000_3077106c.npy.mp4
01a04cc6-3408-7560-9ee0-7879c85a97a4,industrial packing,completed,yam,yam_0_61,25.0,huangrongbo,good,,,prod,2026-08-29 09:30:14.461599+00:00,2026-08-29 11:16:52.212598+00:00,/nfs/data/sz_44/20260829/episode_20260829_090733_000_eba16276.npy.mp4
01a04cc6-a550-7954-85b9-8f32fbfc72a2,industrial packing,completed,yam,yam_0_61,26.9,huangrongbo,good,,,prod,2026-08-29 09:25:53.316300+00:00,2026-08-29 11:16:52.032282+00:00,/nfs/data/sz_44/20260829/episode_20260829_090802_000_74b6f13b.npy.mp4
01a04cc7-1e68-7e4d-97b7-c98ac6783810,industrial packing,completed,yam,yam_0_61,26.4,huangrongbo,good,,,prod,2026-08-29 09:33:00.508555+00:00,2026-08-29 11:16:51.801099+00:00,/nfs/data/sz_44/20260829/episode_20260829_090833_000_f85012c4.npy.mp4
01a04cc7-9b68-7d2e-bad2-f379ff254170,industrial packing,completed,yam,yam_0_61,25.7,huangrongbo,good,,,prod,2026-08-29 09:33:06.752214+00:00,2026-08-29 11:16:51.206412+00:00,/nfs/data/sz_44/20260829/episode_20260829_090905_000_cb8883cc.npy.mp4
01a04cc8-1098-7f72-96df-b7172fff5c57,industrial packing,completed,yam,yam_0_61,25.6,huangrongbo,good,,,prod,2026-08-29 09:25:03.219700+00:00,2026-08-29 11:16:51.048002+00:00,/nfs/data/sz_44/20260829/episode_20260829_090935_000_3bd95a2c.npy.mp4
01a04cc8-85c8-7324-affe-83b5023bc754,industrial packing,completed,yam,yam_0_61,25.4,huangrongbo,good,,,prod,2026-08-29 09:30:57.309727+00:00,2026-08-29 11:16:50.846153+00:00,/nfs/data/sz_44/20260829/episode_20260829_091005_000_61f84ccb.npy.mp4
01a04cc8-f710-7119-a865-dff6587a2b54,industrial packing,completed,yam,yam_0_61,24.7,huangrongbo,good,,,prod,2026-08-29 09:35:14.358319+00:00,2026-08-29 11:16:50.724299+00:00,/nfs/data/sz_44/20260829/episode_20260829_091034_000_909eacc4.npy.mp4
01a04cc9-6c40-7c07-bc55-d922b063b577,industrial packing,completed,yam,yam_0_61,25.8,huangrongbo,good,,,prod,2026-08-29 09:26:19.385253+00:00,2026-08-29 11:16:50.122755+00:00,/nfs/data/sz_44/20260829/episode_20260829_091104_000_74dff1f0.npy.mp4
01a04cc9-e170-7281-848a-e614424f59c9,industrial packing,completed,yam,yam_0_61,26.6,huangrongbo,good,,,prod,2026-08-29 09:35:55.999970+00:00,2026-08-29 11:16:49.785357+00:00,/nfs/data/sz_44/20260829/episode_20260829_091134_000_c2c3476d.npy.mp4
01a04cca-5a88-7bf9-ba4f-6aaf732c063e,industrial packing,completed,yam,yam_0_61,24.7,huangrongbo,good,,,prod,2026-08-29 09:25:47.078020+00:00,2026-08-29 11:16:48.922999+00:00,/nfs/data/sz_44/20260829/episode_20260829_091205_000_34770b0b.npy.mp4
01a04cca-cfb8-7d1a-a06a-470993834879,industrial packing,completed,yam,yam_0_61,22.3,huangrongbo,good,,,prod,2026-08-29 09:22:35.766869+00:00,2026-08-29 11:16:48.706021+00:00,/nfs/data/sz_44/20260829/episode_20260829_091235_000_eeac7e04.npy.mp4
01a04ccb-3930-7c59-be12-8a2eb4a88b49,industrial packing,completed,yam,yam_0_61,26.0,huangrongbo,good,,,prod,2026-08-29 09:28:35.171504+00:00,2026-08-29 11:16:48.057314+00:00,/nfs/data/sz_44/20260829/episode_20260829_091302_000_bc54fc46.npy.mp4
01a04ccb-ae60-73fb-b302-638c0c9a6bf1,industrial packing,completed,yam,yam_0_61,23.0,huangrongbo,good,,,prod,2026-08-29 09:28:16.418899+00:00,2026-08-29 11:16:47.918519+00:00,/nfs/data/sz_44/20260829/episode_20260829_091332_000_a5a29654.npy.mp4
01a04ccc-1bc0-772b-8f67-80730605f16a,industrial packing,completed,yam,yam_0_61,23.0,huangrongbo,good,,,prod,2026-08-29 09:35:25.842419+00:00,2026-08-29 11:16:47.744676+00:00,/nfs/data/sz_44/20260829/episode_20260829_091400_000_fbe284f2.npy.mp4
01a04ccc-8920-71b6-8358-4169650316e4,industrial packing,completed,yam,yam_0_61,23.7,huangrongbo,good,,,prod,2026-08-29 09:29:55.653837+00:00,2026-08-29 11:16:47.157962+00:00,/nfs/data/sz_44/20260829/episode_20260829_091428_000_017001a6.npy.mp4
01a04ccc-f680-74e5-b490-4f8babb8967e,industrial packing,completed,yam,yam_0_61,27.2,huangrongbo,good,,,prod,2026-08-29 09:35:32.079871+00:00,2026-08-29 11:16:46.784338+00:00,/nfs/data/sz_44/20260829/episode_20260829_091456_000_ec4f7e3d.npy.mp4
01a04ccd-7380-7baf-bebd-a547a559291c,industrial packing,completed,yam,yam_0_61,27.9,huangrongbo,good,,,prod,2026-08-29 09:31:03.572551+00:00,2026-08-29 11:16:46.020911+00:00,/nfs/data/sz_44/20260829/episode_20260829_091528_000_0a4e64da.npy.mp4
01a04ccd-f080-7adc-adbb-f6bd5b0b189a,industrial packing,completed,yam,yam_0_61,22.2,huangrongbo,good,,,prod,2026-08-29 09:33:43.428772+00:00,2026-08-29 11:16:45.804219+00:00,/nfs/data/sz_44/20260829/episode_20260829_091600_000_066f9552.npy.mp4
01a04cce-5610-7c2c-ace2-4408fbe81e3f,industrial packing,completed,yam,yam_0_61,25.2,huangrongbo,good,,,prod,2026-08-29 09:27:45.161839+00:00,2026-08-29 11:16:45.188326+00:00,/nfs/data/sz_44/20260829/episode_20260829_091626_000_4dc046d0.npy.mp4
01a04cce-c758-7554-9854-b5a7287dae67,industrial packing,completed,yam,yam_0_61,27.7,huangrongbo,good,,,prod,2026-08-29 09:24:14.175067+00:00,2026-08-29 11:16:45.023261+00:00,/nfs/data/sz_44/20260829/episode_20260829_091655_000_5fa06632.npy.mp4
01a04ccf-4840-7140-b5a9-8fa260cd0c65,industrial packing,completed,yam,yam_0_61,26.1,huangrongbo,good,,,prod,2026-08-29 09:24:38.219490+00:00,2026-08-29 11:16:44.830406+00:00,/nfs/data/sz_44/20260829/episode_20260829_091728_000_f8f1a6e6.npy.mp4
01a04cf6-b600-7403-8d7f-76853240cdd6,industrial packing,completed,yam,yam_0_61,23.5,huangrongbo,good,,,prod,2026-08-29 10:18:06.603976+00:00,2026-08-29 11:16:37.856966+00:00,/nfs/data/sz_44/20260829/episode_20260829_100032_000_20daba4e.npy.mp4
01a04ccf-c158-773b-9d4e-f950d90e5152,industrial packing,completed,yam,yam_0_61,30.3,huangrongbo,good,,,prod,2026-08-29 09:28:10.164446+00:00,2026-08-29 11:16:21.131371+00:00,/nfs/data/sz_44/20260829/episode_20260829_091759_000_1bedbf96.npy.mp4
01a04cd0-4628-7744-ae16-a94bc79a6f2d,industrial packing,completed,yam,yam_0_61,28.7,huangrongbo,good,,,prod,2026-08-29 09:33:31.838176+00:00,2026-08-29 11:16:20.880884+00:00,/nfs/data/sz_44/20260829/episode_20260829_091833_000_ff546625.npy.mp4
01a04cd0-c710-7cbe-bd6b-7687f61a49d3,industrial packing,completed,yam,yam_0_61,25.9,huangrongbo,good,,,prod,2026-08-29 09:34:21.075182+00:00,2026-08-29 11:16:20.721339+00:00,/nfs/data/sz_44/20260829/episode_20260829_091906_000_baf3d30f.npy.mp4
01a04cd1-3c40-7a13-9801-29f6c1ea8ea0,industrial packing,completed,yam,yam_0_61,27.4,huangrongbo,good,,,prod,2026-08-29 09:27:57.668825+00:00,2026-08-29 11:16:20.115164+00:00,/nfs/data/sz_44/20260829/episode_20260829_091936_000_ff09ee3e.npy.mp4
01a04cd1-b558-786e-bf63-54956553e46e,industrial packing,completed,yam,yam_0_61,26.0,huangrongbo,good,,,prod,2026-08-29 09:33:49.722224+00:00,2026-08-29 11:16:19.943104+00:00,/nfs/data/sz_44/20260829/episode_20260829_092007_000_0ec6d5cf.npy.mp4
01a04cd2-2a88-7f4c-b1c4-eccc7faf7cd0,industrial packing,completed,yam,yam_0_61,27.2,huangrongbo,good,,,prod,2026-08-29 10:19:25.148044+00:00,2026-08-29 11:16:19.739143+00:00,/nfs/data/sz_44/20260829/episode_20260829_092037_000_090ea60e.npy.mp4
01a04cd2-a3a0-703d-bf09-9e161175e10e,industrial packing,completed,yam,yam_0_61,26.2,huangrongbo,good,,,prod,2026-08-29 10:12:26.428702+00:00,2026-08-29 11:16:19.095100+00:00,/nfs/data/sz_44/20260829/episode_20260829_092108_000_2015a8b8.npy.mp4
01a04cd3-18d0-7b08-87d1-b37cbc72fe91,industrial packing,completed,yam,yam_0_61,32.1,huangrongbo,good,,,prod,2026-08-29 10:17:22.061360+00:00,2026-08-29 11:16:18.929368+00:00,/nfs/data/sz_44/20260829/episode_20260829_092138_000_bf1116b6.npy.mp4
01a04cd3-a570-72fa-8cd1-d2e70eccf8b9,industrial packing,completed,yam,yam_0_61,30.4,huangrongbo,good,,,prod,2026-08-29 10:14:50.844018+00:00,2026-08-29 11:16:18.757139+00:00,/nfs/data/sz_44/20260829/episode_20260829_092214_000_5d5684ea.npy.mp4
01a04cd4-2e28-7898-8295-d531f4f817ec,industrial packing,completed,yam,yam_0_61,28.8,huangrongbo,good,,,prod,2026-08-29 10:19:50.787694+00:00,2026-08-29 11:16:18.174365+00:00,/nfs/data/sz_44/20260829/episode_20260829_092249_000_0f67c58e.npy.mp4
01a04cd4-af10-7a0b-bb8b-c0c741eac6bf,industrial packing,completed,yam,yam_0_61,25.4,huangrongbo,good,,,prod,2026-08-29 10:15:45.857672+00:00,2026-08-29 11:16:18.003697+00:00,/nfs/data/sz_44/20260829/episode_20260829_092322_000_2803f151.npy.mp4
01a04cd5-2440-7aeb-9206-766fd3707c6e,industrial packing,completed,yam,yam_0_61,24.6,huangrongbo,good,,,prod,2026-08-29 10:15:15.373887+00:00,2026-08-29 11:16:17.846056+00:00,/nfs/data/sz_44/20260829/episode_20260829_092352_000_c127c3a5.npy.mp4
01a04cd5-9588-7db9-89e3-6ce2a9d78fbf,industrial packing,completed,yam,yam_0_61,28.9,huangrongbo,good,,,prod,2026-08-29 10:18:26.521470+00:00,2026-08-29 11:16:17.724119+00:00,/nfs/data/sz_44/20260829/episode_20260829_092421_000_c4b5d254.npy.mp4
01a04cd6-1288-79a2-9d77-41a112dad995,industrial packing,completed,yam,yam_0_61,24.7,huangrongbo,good,,,prod,2026-08-29 10:13:02.070720+00:00,2026-08-29 11:16:17.070119+00:00,/nfs/data/sz_44/20260829/episode_20260829_092453_000_c2af5697.npy.mp4
01a04cd6-83d0-78e6-8529-12f69e6adb5f,industrial packing,completed,yam,yam_0_61,26.5,huangrongbo,good,,,prod,2026-08-29 10:16:12.553777+00:00,2026-08-29 11:16:16.880441+00:00,/nfs/data/sz_44/20260829/episode_20260829_092522_000_c75eb60a.npy.mp4
01a04cd6-f900-764b-9ffa-0dccd4985a56,industrial packing,completed,yam,yam_0_61,27.2,huangrongbo,good,,,prod,2026-08-29 10:11:55.105621+00:00,2026-08-29 11:16:16.720196+00:00,/nfs/data/sz_44/20260829/episode_20260829_092552_000_79b517cd.npy.mp4
01a04cd7-7218-7880-98ac-9981b510e603,industrial packing,completed,yam,yam_0_61,24.6,huangrongbo,good,,,prod,2026-08-29 10:18:31.815276+00:00,2026-08-29 11:16:16.021128+00:00,/nfs/data/sz_44/20260829/episode_20260829_092623_000_33268edc.npy.mp4
01a04cd7-e360-7300-968d-116f02d95982,industrial packing,completed,yam,yam_0_61,24.8,huangrongbo,good,,,prod,2026-08-29 10:12:50.536678+00:00,2026-08-29 11:16:15.849081+00:00,/nfs/data/sz_44/20260829/episode_20260829_092652_000_a6f24644.npy.mp4
01a04cd8-54a8-739c-9b52-a05d44c4eb36,industrial packing,completed,yam,yam_0_61,26.8,huangrongbo,good,,,prod,2026-08-29 10:19:04.211755+00:00,2026-08-29 11:16:15.710936+00:00,/nfs/data/sz_44/20260829/episode_20260829_092721_000_0f446d08.npy.mp4
01a04cf6-4c88-77a8-b8a2-c7dd72810929,industrial packing,completed,yam,yam_0_61,22.9,huangrongbo,good,,,prod,2026-08-29 10:19:43.375801+00:00,2026-08-29 11:16:15.421056+00:00,/nfs/data/sz_44/20260829/episode_20260829_100005_000_1957b1d6.npy.mp4
01a04cd8-cdc0-7051-8ceb-a693d5cdd0e0,industrial packing,completed,yam,yam_0_61,31.3,huangrongbo,good,,,prod,2026-08-29 10:14:20.043140+00:00,2026-08-29 11:16:15.041669+00:00,/nfs/data/sz_44/20260829/episode_20260829_092752_000_776e91da.npy.mp4
01a04cd9-5678-7dfd-9bea-89162bd48efc,industrial packing,completed,yam,yam_0_61,27.8,huangrongbo,good,,,prod,2026-08-29 10:18:01.316686+00:00,2026-08-29 11:16:14.830790+00:00,/nfs/data/sz_44/20260829/episode_20260829_092827_000_795568ec.npy.mp4
01a04cd9-d378-7568-9804-8d60aa4bd546,industrial packing,completed,yam,yam_0_61,23.8,huangrongbo,good,,,prod,2026-08-29 10:15:20.787388+00:00,2026-08-29 11:16:14.723604+00:00,/nfs/data/sz_44/20260829/episode_20260829_092859_000_a5a29bb4.npy.mp4
01a04cda-5460-7469-aafe-c827d51d9048,industrial packing,completed,yam,yam_0_61,24.9,huangrongbo,good,,,prod,2026-08-29 10:16:05.902763+00:00,2026-08-29 11:16:14.112179+00:00,/nfs/data/sz_44/20260829/episode_20260829_092932_000_f2af068b.npy.mp4
01a04cda-c5a8-7af3-99f7-9a80b46de326,industrial packing,completed,yam,yam_0_61,27.0,huangrongbo,good,,,prod,2026-08-29 10:12:01.370071+00:00,2026-08-29 11:16:13.965648+00:00,/nfs/data/sz_44/20260829/episode_20260829_093001_000_3a64fe80.npy.mp4
01a04cdb-3ec0-77cd-afc6-2b59c639bf50,industrial packing,completed,yam,yam_0_61,25.8,huangrongbo,good,,,prod,2026-08-29 10:16:56.545162+00:00,2026-08-29 11:16:13.756563+00:00,/nfs/data/sz_44/20260829/episode_20260829_093032_000_0e1d8f5d.npy.mp4
01a04cdb-b3f0-7da6-83fb-bcfecf4cbcec,industrial packing,completed,yam,yam_0_61,25.5,huangrongbo,good,,,prod,2026-08-29 10:13:34.102477+00:00,2026-08-29 11:16:13.135575+00:00,/nfs/data/sz_44/20260829/episode_20260829_093102_000_281f0c91.npy.mp4
01a04cdc-2538-75c8-aac9-43ac924920cc,industrial packing,completed,yam,yam_0_61,23.6,huangrongbo,good,,,prod,2026-08-29 10:20:32.987054+00:00,2026-08-29 11:16:12.912508+00:00,/nfs/data/sz_44/20260829/episode_20260829_093131_000_7e39e50e.npy.mp4
01a04cdc-8eb0-75e9-85c2-dbdae3e5d6ec,industrial packing,completed,yam,yam_0_61,26.2,huangrongbo,good,,,prod,2026-08-29 10:20:56.985644+00:00,2026-08-29 11:16:12.732051+00:00,/nfs/data/sz_44/20260829/episode_20260829_093158_000_ead7c9f5.npy.mp4
01a04cdd-03e0-77f2-acda-19e1a8ce2400,industrial packing,completed,yam,yam_0_61,28.1,huangrongbo,good,,,prod,2026-08-29 10:16:19.282970+00:00,2026-08-29 11:16:12.098368+00:00,/nfs/data/sz_44/20260829/episode_20260829_093228_000_29d4c676.npy.mp4
01a04cdd-80e0-79d3-9143-bc928c1e38a0,industrial packing,completed,yam,yam_0_61,28.2,huangrongbo,good,,,prod,2026-08-29 10:20:21.369473+00:00,2026-08-29 11:16:11.898199+00:00,/nfs/data/sz_44/20260829/episode_20260829_093300_000_273517b1.npy.mp4
01a04cdd-fde0-713c-8ad3-3c74289a1b68,industrial packing,completed,yam,yam_0_61,25.9,huangrongbo,good,,,prod,2026-08-29 10:16:38.464789+00:00,2026-08-29 11:16:11.709952+00:00,/nfs/data/sz_44/20260829/episode_20260829_093332_000_2ce0c3bd.npy.mp4
01a04cde-7310-71f3-a008-2e0b5a43d207,industrial packing,completed,yam,yam_0_61,25.6,huangrongbo,good,,,prod,2026-08-29 10:15:33.085324+00:00,2026-08-29 11:16:11.095762+00:00,/nfs/data/sz_44/20260829/episode_20260829_093402_000_cf19a6d5.npy.mp4
01a04cde-e458-70a7-81cc-c4226ac17009,industrial packing,completed,yam,yam_0_61,25.2,huangrongbo,good,,,prod,2026-08-29 10:13:53.036582+00:00,2026-08-29 11:16:10.902184+00:00,/nfs/data/sz_44/20260829/episode_20260829_093431_000_8504d3e0.npy.mp4
01a04cdf-55a0-7835-ba98-6e4df674d06d,industrial packing,completed,yam,yam_0_61,27.1,huangrongbo,good,,,prod,2026-08-29 10:21:27.848795+00:00,2026-08-29 11:16:10.715695+00:00,/nfs/data/sz_44/20260829/episode_20260829_093500_000_ab619188.npy.mp4
01a04cdf-ceb8-76e1-8606-828e2e200790,industrial packing,completed,yam,yam_0_61,26.6,huangrongbo,good,,,prod,2026-08-29 10:12:13.902580+00:00,2026-08-29 11:16:10.125405+00:00,/nfs/data/sz_44/20260829/episode_20260829_093531_000_3691b53e.npy.mp4
01a04ce0-43e8-7d46-983f-aecc8c9dc5a7,industrial packing,completed,yam,yam_0_61,23.4,huangrongbo,good,,,prod,2026-08-29 10:18:51.682638+00:00,2026-08-29 11:16:09.942487+00:00,/nfs/data/sz_44/20260829/episode_20260829_093601_000_8709975b.npy.mp4
01a04ce0-b918-7c4d-8833-b8119a400356,industrial packing,completed,yam,yam_0_61,29.2,huangrongbo,good,,,prod,2026-08-29 10:14:38.129081+00:00,2026-08-29 11:16:09.705493+00:00,/nfs/data/sz_44/20260829/episode_20260829_093631_000_c2abb41e.npy.mp4
01a04ce1-3a00-7012-ae75-b13765c3090e,industrial packing,completed,yam,yam_0_61,26.1,huangrongbo,good,,,prod,2026-08-29 10:16:31.184455+00:00,2026-08-29 11:16:09.110886+00:00,/nfs/data/sz_44/20260829/episode_20260829_093704_000_0b098f07.npy.mp4
01a04ce1-b318-7b4b-82a5-9f9a1cf751a7,industrial packing,completed,yam,yam_0_61,24.4,huangrongbo,good,,,prod,2026-08-29 10:13:46.700130+00:00,2026-08-29 11:16:08.904253+00:00,/nfs/data/sz_44/20260829/episode_20260829_093735_000_32805589.npy.mp4
01a04ce2-2078-7b55-bc88-7ac6ecac1257,industrial packing,completed,yam,yam_0_61,27.2,huangrongbo,good,,,prod,2026-08-29 10:20:45.012553+00:00,2026-08-29 11:16:08.737054+00:00,/nfs/data/sz_44/20260829/episode_20260829_093803_000_2bb5c27c.npy.mp4
01a04ce2-9990-71a6-b625-f0cf613d8387,industrial packing,completed,yam,yam_0_61,26.8,huangrongbo,good,,,prod,2026-08-29 10:16:44.882179+00:00,2026-08-29 11:16:08.124062+00:00,/nfs/data/sz_44/20260829/episode_20260829_093834_000_19946788.npy.mp4
01a04ce3-0ec0-7f72-a0fe-a3a6d5a5cd1f,industrial packing,completed,yam,yam_0_61,26.4,huangrongbo,good,,,prod,2026-08-29 10:19:31.485606+00:00,2026-08-29 11:16:07.928817+00:00,/nfs/data/sz_44/20260829/episode_20260829_093904_000_34114f62.npy.mp4
01a04ce3-83f0-7dae-a79d-7f0a263b0bec,industrial packing,completed,yam,yam_0_61,26.5,huangrongbo,good,,,prod,2026-08-29 10:13:40.401447+00:00,2026-08-29 11:16:07.704759+00:00,/nfs/data/sz_44/20260829/episode_20260829_093934_000_7b6a06eb.npy.mp4
01a04ce3-fd08-7d51-a3de-12b1a19de028,industrial packing,completed,yam,yam_0_61,27.3,huangrongbo,good,,,prod,2026-08-29 10:19:57.105284+00:00,2026-08-29 11:16:07.072258+00:00,/nfs/data/sz_44/20260829/episode_20260829_094005_000_6d55bde7.npy.mp4
01a04ce4-7620-7f18-bbbd-dd2c1e9a564f,industrial packing,completed,yam,yam_0_61,24.6,huangrongbo,good,,,prod,2026-08-29 10:17:54.991715+00:00,2026-08-29 11:16:06.907779+00:00,/nfs/data/sz_44/20260829/episode_20260829_094036_000_9c29efbb.npy.mp4
01a04ce4-e380-7366-9022-a9c5a5e6cf9f,industrial packing,completed,yam,yam_0_61,23.0,huangrongbo,good,,,prod,2026-08-29 10:20:38.496255+00:00,2026-08-29 11:16:06.719962+00:00,/nfs/data/sz_44/20260829/episode_20260829_094104_000_2071f669.npy.mp4
01a04ce5-4cf8-70e9-a408-ca955f910cff,industrial packing,completed,yam,yam_0_61,25.2,huangrongbo,good,,,prod,2026-08-29 10:20:27.675185+00:00,2026-08-29 11:16:05.973530+00:00,/nfs/data/sz_44/20260829/episode_20260829_094131_000_d3a6190b.npy.mp4
01a04ce5-be40-7ce6-936a-23e7fba22317,industrial packing,completed,yam,yam_0_61,28.1,huangrongbo,good,,,prod,2026-08-29 10:19:37.882403+00:00,2026-08-29 11:16:05.737153+00:00,/nfs/data/sz_44/20260829/episode_20260829_094200_000_a79a6415.npy.mp4
01a04ce6-3b40-7271-9218-94d2a1753de2,industrial packing,completed,yam,yam_0_61,28.1,huangrongbo,good,,,prod,2026-08-29 10:18:12.919159+00:00,2026-08-29 11:16:05.015713+00:00,/nfs/data/sz_44/20260829/episode_20260829_094232_000_9c01fda5.npy.mp4
01a04ce6-b840-778d-8cb4-920325970fdc,industrial packing,completed,yam,yam_0_61,26.9,huangrongbo,good,,,prod,2026-08-29 10:21:34.208673+00:00,2026-08-29 11:16:04.754707+00:00,/nfs/data/sz_44/20260829/episode_20260829_094304_000_212c5f9b.npy.mp4
01a04ce7-2d70-74b5-bf9c-e02998805cd7,industrial packing,completed,yam,yam_0_61,24.8,huangrongbo,good,,,prod,2026-08-29 10:13:15.640263+00:00,2026-08-29 11:16:04.110872+00:00,/nfs/data/sz_44/20260829/episode_20260829_094334_000_be7f784e.npy.mp4
01a04ce9-63d8-7e32-b379-58454c41bfc8,industrial packing,completed,yam,yam_0_61,28.2,huangrongbo,good,,,prod,2026-08-29 10:21:21.505541+00:00,2026-08-29 11:16:03.833747+00:00,/nfs/data/sz_44/20260829/episode_20260829_094559_000_53a4de6b.npy.mp4
01a04ce9-f848-7491-a0ca-a66af50e8d51,industrial packing,completed,yam,yam_0_61,27.8,huangrongbo,good,,,prod,2026-08-29 10:18:46.445932+00:00,2026-08-29 11:16:03.715728+00:00,/nfs/data/sz_44/20260829/episode_20260829_094637_000_a7dfb2b7.npy.mp4
01a04cea-7548-753e-8540-703bdf76a06a,industrial packing,completed,yam,yam_0_61,29.5,huangrongbo,good,,,prod,2026-08-29 10:19:17.823909+00:00,2026-08-29 11:16:03.033411+00:00,/nfs/data/sz_44/20260829/episode_20260829_094709_000_1d0f5db4.npy.mp4
01a04cea-f630-70b5-92ba-1b6898504596,industrial packing,completed,yam,yam_0_61,29.5,huangrongbo,good,,,prod,2026-08-29 10:15:52.263940+00:00,2026-08-29 11:16:02.762272+00:00,/nfs/data/sz_44/20260829/episode_20260829_094742_000_684752bb.npy.mp4
01a04ceb-7718-7092-996f-1b3c0f6ef551,industrial packing,completed,yam,yam_0_61,30.7,huangrongbo,good,,,prod,2026-08-29 10:18:40.135388+00:00,2026-08-29 11:16:02.035677+00:00,/nfs/data/sz_44/20260829/episode_20260829_094815_000_f43ad56b.npy.mp4
01a04ceb-ffd0-7a9c-8ad7-93788b9d530f,industrial packing,completed,yam,yam_0_61,30.2,huangrongbo,good,,,prod,2026-08-29 10:13:10.371561+00:00,2026-08-29 11:16:01.812050+00:00,/nfs/data/sz_44/20260829/episode_20260829_094850_000_73468c3d.npy.mp4
01a04cec-84a0-7c18-83ea-316d31527f58,industrial packing,completed,yam,yam_0_61,29.3,huangrongbo,good,,,prod,2026-08-29 10:16:24.708379+00:00,2026-08-29 11:16:01.099009+00:00,/nfs/data/sz_44/20260829/episode_20260829_094924_000_104c1edc.npy.mp4
01a04ced-0588-7130-88ab-6a99d87ebc28,industrial packing,completed,yam,yam_0_61,27.8,huangrongbo,good,,,prod,2026-08-29 10:12:07.643343+00:00,2026-08-29 11:16:00.886564+00:00,/nfs/data/sz_44/20260829/episode_20260829_094957_000_d0f01ade.npy.mp4
01a04ced-7ea0-78b5-bc85-5b84c42084d4,industrial packing,completed,yam,yam_0_61,28.0,huangrongbo,good,,,prod,2026-08-29 10:11:42.556233+00:00,2026-08-29 11:16:00.749129+00:00,/nfs/data/sz_44/20260829/episode_20260829_095028_000_283cc36c.npy.mp4
01a04ced-fba0-70fd-9e75-053fd10ea89d,industrial packing,completed,yam,yam_0_61,28.5,huangrongbo,good,,,prod,2026-08-29 10:17:35.967108+00:00,2026-08-29 11:16:00.052300+00:00,/nfs/data/sz_44/20260829/episode_20260829_095100_000_09c24862.npy.mp4
01a04cee-78a0-76e1-aed9-ff1d94dedccc,industrial packing,completed,yam,yam_0_61,26.9,huangrongbo,good,,,prod,2026-08-29 10:17:29.511700+00:00,2026-08-29 11:15:59.857785+00:00,/nfs/data/sz_44/20260829/episode_20260829_095132_000_bf8b54da.npy.mp4
01a04cee-f1b8-76c2-81b7-a25f8c72c90c,industrial packing,completed,yam,yam_0_61,23.8,huangrongbo,good,,,prod,2026-08-29 10:17:48.683920+00:00,2026-08-29 11:15:59.733592+00:00,/nfs/data/sz_44/20260829/episode_20260829_095203_000_7d13ea88.npy.mp4
01a04cef-5f18-71ab-acb0-4fb31dc8029d,industrial packing,completed,yam,yam_0_61,27.9,huangrongbo,good,,,prod,2026-08-29 10:15:59.597306+00:00,2026-08-29 11:15:59.186399+00:00,/nfs/data/sz_44/20260829/episode_20260829_095231_000_86137a28.npy.mp4
01a04cef-d830-71ff-95c4-5641bf6f1d24,industrial packing,completed,yam,yam_0_61,26.9,huangrongbo,good,,,prod,2026-08-29 10:12:38.000948+00:00,2026-08-29 11:15:58.997975+00:00,/nfs/data/sz_44/20260829/episode_20260829_095302_000_9cb77fec.npy.mp4
01a04cf0-5148-7e4e-91ea-3fc6ee5b4c3a,industrial packing,completed,yam,yam_0_61,25.8,huangrongbo,good,,,prod,2026-08-29 10:20:14.050663+00:00,2026-08-29 11:15:58.787045+00:00,/nfs/data/sz_44/20260829/episode_20260829_095333_000_8f4e2e0a.npy.mp4
01a04cf0-c678-72ed-810f-9abd0d24f082,industrial packing,completed,yam,yam_0_61,27.2,huangrongbo,good,,,prod,2026-08-29 10:21:08.780938+00:00,2026-08-29 11:15:58.065836+00:00,/nfs/data/sz_44/20260829/episode_20260829_095403_000_a3cd7958.npy.mp4
01a04cf1-3f90-7c9a-b7ed-0ef44e66b41a,industrial packing,completed,yam,yam_0_61,27.7,huangrongbo,good,,,prod,2026-08-29 10:17:42.341561+00:00,2026-08-29 11:15:57.923221+00:00,/nfs/data/sz_44/20260829/episode_20260829_095434_000_6599646c.npy.mp4
01a04cf1-bc90-72e5-a0d3-64b6a32bf097,industrial packing,completed,yam,yam_0_61,26.8,huangrongbo,good,,,prod,2026-08-29 10:14:57.190227+00:00,2026-08-29 11:15:57.717478+00:00,/nfs/data/sz_44/20260829/episode_20260829_095506_000_2e06681a.npy.mp4
01a04cf2-35a8-701f-8653-8738f01f9f58,industrial packing,completed,yam,yam_0_61,26.2,huangrongbo,good,,,prod,2026-08-29 10:15:27.638550+00:00,2026-08-29 11:15:57.067113+00:00,/nfs/data/sz_44/20260829/episode_20260829_095537_000_0869c7c5.npy.mp4
01a04cf2-aad8-71bc-a70c-4df9be2f7788,industrial packing,completed,yam,yam_0_61,28.4,huangrongbo,good,,,prod,2026-08-29 10:19:11.508998+00:00,2026-08-29 11:15:56.741535+00:00,/nfs/data/sz_44/20260829/episode_20260829_095607_000_5686de40.npy.mp4
01a04cf3-27d8-78c9-81b1-e1444d9dfae3,industrial packing,completed,yam,yam_0_61,26.4,huangrongbo,good,,,prod,2026-08-29 10:17:14.720823+00:00,2026-08-29 11:15:56.023743+00:00,/nfs/data/sz_44/20260829/episode_20260829_095639_000_67e2dcbe.npy.mp4
01a04cf3-a0f0-7472-b42a-e3db7135edd8,industrial packing,completed,yam,yam_0_61,26.2,huangrongbo,good,,,prod,2026-08-29 10:14:12.529076+00:00,2026-08-29 11:15:55.849332+00:00,/nfs/data/sz_44/20260829/episode_20260829_095710_000_f02d71e2.npy.mp4
01a04cf4-1620-7459-97be-ea95fb2e28c9,industrial packing,completed,yam,yam_0_61,27.1,huangrongbo,good,,,prod,2026-08-29 10:13:23.144346+00:00,2026-08-29 11:15:55.718356+00:00,/nfs/data/sz_44/20260829/episode_20260829_095740_000_e2cfc351.npy.mp4
01a04cf4-8f38-7e6d-9cc1-0c95589400ce,industrial packing,completed,yam,yam_0_61,25.0,huangrongbo,good,,,prod,2026-08-29 10:13:58.357937+00:00,2026-08-29 11:15:54.973753+00:00,/nfs/data/sz_44/20260829/episode_20260829_095811_000_04ee0ff7.npy.mp4
01a04cf4-fc98-745c-8407-fdea5c1e65c6,industrial packing,completed,yam,yam_0_61,28.4,huangrongbo,good,,,prod,2026-08-29 10:14:05.691522+00:00,2026-08-29 11:15:54.739001+00:00,/nfs/data/sz_44/20260829/episode_20260829_095839_000_41ee7f75.npy.mp4
01a04cf5-7d80-7ed1-ab51-7837e5914a6a,industrial packing,completed,yam,yam_0_61,22.9,huangrongbo,good,,,prod,2026-08-29 10:14:30.803292+00:00,2026-08-29 11:15:54.110558+00:00,/nfs/data/sz_44/20260829/episode_20260829_095912_000_583c2894.npy.mp4
01a04cf5-e6f8-7a7d-84c1-6f4c0e5e0c49,industrial packing,completed,yam,yam_0_61,22.4,huangrongbo,good,,,prod,2026-08-29 10:16:50.207233+00:00,2026-08-29 11:15:53.924389+00:00,/nfs/data/sz_44/20260829/episode_20260829_095939_000_457ba902.npy.mp4
01a04c69-f6c0-749e-bd8f-156bf7cecebc,industrial packing,completed,yam,yam_0_61,30.5,huangrongbo,poor,,,prod,2026-08-29 08:13:29.872172+00:00,2026-08-29 11:15:12.595023+00:00,/nfs/data/sz_44/20260829/episode_20260829_072648_000_9e99196a.npy.mp4
01a04c4a-39c0-75b4-a29c-c5e8e4370b2d,industrial packing,completed,yam,yam_0_61,1.7,huangrongbo,poor,,,prod,2026-08-29 07:29:36.030879+00:00,2026-08-29 08:01:02.612075+00:00,/nfs/data/sz_44/20260829/episode_20260829_065208_000_61d9d142.npy.mp4
01a0479e-4d80-7c88-89a3-6fc97325115e,industrial packing,completed,yam,yam_0_61,28.6,huangrongbo,good,,,prod,2026-08-28 09:09:21.991703+00:00,2026-08-28 11:08:40.161793+00:00,/nfs/data/sz_44/20260828/episode_20260828_090552_000_7b7e5966.npy.mp4
01a0479e-ce68-7d90-8341-1354aee633c6,industrial packing,completed,yam,yam_0_61,25.8,huangrongbo,good,,,prod,2026-08-28 10:01:18.299548+00:00,2026-08-28 11:08:40.132032+00:00,/nfs/data/sz_44/20260828/episode_20260828_090625_000_8bbabac0.npy.mp4
01a047a0-0ad0-7388-8c1d-c1ded6d071e6,industrial packing,completed,yam,yam_0_61,31.5,huangrongbo,good,,,prod,2026-08-28 10:05:49.044704+00:00,2026-08-28 11:08:39.095495+00:00,/nfs/data/sz_44/20260828/episode_20260828_090746_000_26dd7bc9.npy.mp4
01a047a0-9388-7430-aa2f-8dadb8acb1c7,industrial packing,completed,yam,yam_0_61,29.3,huangrongbo,good,,,prod,2026-08-28 10:04:22.492534+00:00,2026-08-28 11:08:39.064355+00:00,/nfs/data/sz_44/20260828/episode_20260828_090821_000_8df5999c.npy.mp4
01a047a1-1858-764b-a898-8a6e9009aa50,industrial packing,completed,yam,yam_0_61,28.9,huangrongbo,good,,,prod,2026-08-28 10:10:51.527828+00:00,2026-08-28 11:08:38.622844+00:00,/nfs/data/sz_44/20260828/episode_20260828_090855_000_55d60c39.npy.mp4
01a047a2-b668-772a-8e55-923f26603929,industrial packing,completed,yam,yam_0_61,26.2,huangrongbo,good,,,prod,2026-08-28 10:05:29.206011+00:00,2026-08-28 11:08:38.608196+00:00,/nfs/data/sz_44/20260828/episode_20260828_091041_000_11aca519.npy.mp4
01a047a3-4308-7c38-bd44-95d0cc9e3ad1,industrial packing,completed,yam,yam_0_61,28.2,huangrongbo,good,,,prod,2026-08-28 09:38:02.294971+00:00,2026-08-28 11:08:38.563174+00:00,/nfs/data/sz_44/20260828/episode_20260828_091117_000_05297ed3.npy.mp4
01a047a3-c3f0-7b28-8635-1eb45b937b34,industrial packing,completed,yam,yam_0_61,26.6,huangrongbo,good,,,prod,2026-08-28 10:13:35.042349+00:00,2026-08-28 11:08:37.966845+00:00,/nfs/data/sz_44/20260828/episode_20260828_091150_000_a1e4965a.npy.mp4
01a047a4-3920-70e4-8e93-7a853a0bea2d,industrial packing,completed,yam,yam_0_61,29.6,huangrongbo,good,,,prod,2026-08-28 10:13:13.389173+00:00,2026-08-28 11:08:37.906486+00:00,/nfs/data/sz_44/20260828/episode_20260828_091220_000_28bdbab9.npy.mp4
01a047a4-c1d8-7f8e-bc62-17f69f36bda1,industrial packing,completed,yam,yam_0_61,26.7,huangrongbo,good,,,prod,2026-08-28 10:03:54.612765+00:00,2026-08-28 11:08:37.339746+00:00,/nfs/data/sz_44/20260828/episode_20260828_091255_000_decc2710.npy.mp4
01a047a5-3ed8-70b5-a67a-a4ff4f60c440,industrial packing,completed,yam,yam_0_61,26.3,huangrongbo,good,,,prod,2026-08-28 09:39:10.256319+00:00,2026-08-28 11:08:37.316856+00:00,/nfs/data/sz_44/20260828/episode_20260828_091327_000_15843fb7.npy.mp4
01a047a5-b7f0-727d-b9ac-c69ba2611050,industrial packing,completed,yam,yam_0_61,25.8,huangrongbo,good,,,prod,2026-08-28 09:41:19.572532+00:00,2026-08-28 11:08:37.192934+00:00,/nfs/data/sz_44/20260828/episode_20260828_091358_000_22701013.npy.mp4
01a047a6-2d20-7532-8513-69053ff3950a,industrial packing,completed,yam,yam_0_61,26.7,huangrongbo,good,,,prod,2026-08-28 10:15:54.029592+00:00,2026-08-28 11:08:36.974443+00:00,/nfs/data/sz_44/20260828/episode_20260828_091428_000_edc6fd37.npy.mp4
01a047a8-adc0-7664-a70c-5387341373f3,industrial packing,completed,yam,yam_0_61,28.3,huangrongbo,good,,,prod,2026-08-28 10:04:01.114513+00:00,2026-08-28 11:08:36.922939+00:00,/nfs/data/sz_44/20260828/episode_20260828_091712_000_f71222ca.npy.mp4
01a047a6-a638-7310-b89b-6c13effe74de,industrial packing,completed,yam,yam_0_61,25.0,huangrongbo,good,,,prod,2026-08-28 10:00:56.470814+00:00,2026-08-28 11:08:36.842547+00:00,/nfs/data/sz_44/20260828/episode_20260828_091459_000_1707176a.npy.mp4
01a047a7-1b68-7576-876a-2557fe9112aa,industrial packing,completed,yam,yam_0_61,29.5,huangrongbo,good,,,prod,2026-08-28 10:10:18.053365+00:00,2026-08-28 11:08:36.826348+00:00,/nfs/data/sz_44/20260828/episode_20260828_091529_000_99c7b105.npy.mp4
01a047a7-a038-71d2-a0d3-496ad11731b2,industrial packing,completed,yam,yam_0_61,29.9,huangrongbo,good,,,prod,2026-08-28 10:16:30.222240+00:00,2026-08-28 11:08:36.685301+00:00,/nfs/data/sz_44/20260828/episode_20260828_091603_000_176c7196.npy.mp4
01a047a8-28f0-7bb8-9931-4c07d80c5a85,industrial packing,completed,yam,yam_0_61,29.3,huangrongbo,good,,,prod,2026-08-28 10:06:25.537075+00:00,2026-08-28 11:08:36.670955+00:00,/nfs/data/sz_44/20260828/episode_20260828_091638_000_9b9f9d70.npy.mp4
01a047a9-3290-7c10-aeb3-b416534685af,industrial packing,completed,yam,yam_0_61,29.0,huangrongbo,good,,,prod,2026-08-28 10:04:36.846997+00:00,2026-08-28 11:08:35.936418+00:00,/nfs/data/sz_44/20260828/episode_20260828_091746_000_efaa9367.npy.mp4
01a047ac-dc10-7c90-9310-e127495a371b,industrial packing,completed,yam,yam_0_61,29.2,huangrongbo,good,,,prod,2026-08-28 10:14:00.904640+00:00,2026-08-28 11:08:35.763008+00:00,/nfs/data/sz_44/20260828/episode_20260828_092146_000_86ff31cb.npy.mp4
01a047ad-64c8-798f-991d-d50be3801d9b,industrial packing,completed,yam,yam_0_61,30.9,huangrongbo,good,,,prod,2026-08-28 09:38:57.938060+00:00,2026-08-28 11:08:35.245531+00:00,/nfs/data/sz_44/20260828/episode_20260828_092221_000_8b173e5e.npy.mp4
01a047ad-ed80-7689-a03d-31912fcea8a9,industrial packing,completed,yam,yam_0_61,27.2,huangrongbo,good,,,prod,2026-08-28 10:08:31.995180+00:00,2026-08-28 11:08:35.178259+00:00,/nfs/data/sz_44/20260828/episode_20260828_092256_000_e79b23a2.npy.mp4
01a047ae-fef0-7aef-8a73-51e6f2d0bfc7,industrial packing,completed,yam,yam_0_61,28.8,huangrongbo,good,,,prod,2026-08-28 09:36:01.997049+00:00,2026-08-28 11:08:34.551490+00:00,/nfs/data/sz_44/20260828/episode_20260828_092406_000_c1022399.npy.mp4
01a047af-7fd8-75a3-9717-5e313435009e,industrial packing,completed,yam,yam_0_61,26.2,huangrongbo,good,,,prod,2026-08-28 09:39:16.561051+00:00,2026-08-28 11:08:34.085883+00:00,/nfs/data/sz_44/20260828/episode_20260828_092439_000_974a11f1.npy.mp4
01a047b0-00c0-7744-80e9-2d94b5d8eba7,industrial packing,completed,yam,yam_0_61,30.9,huangrongbo,good,,,prod,2026-08-28 10:13:20.727820+00:00,2026-08-28 11:08:34.020164+00:00,/nfs/data/sz_44/20260828/episode_20260828_092512_000_754fdd15.npy.mp4
01a047b0-8978-74ed-81e1-bf7572cc103c,industrial packing,completed,yam,yam_0_61,30.3,huangrongbo,good,,,prod,2026-08-28 10:12:43.640965+00:00,2026-08-28 11:08:33.965902+00:00,/nfs/data/sz_44/20260828/episode_20260828_092547_000_60521ad9.npy.mp4
01a047b1-1618-77c6-9cf1-dca4f972fcbd,industrial packing,completed,yam,yam_0_61,27.7,huangrongbo,good,,,prod,2026-08-28 10:13:48.349556+00:00,2026-08-28 11:08:33.467157+00:00,/nfs/data/sz_44/20260828/episode_20260828_092623_000_35cd53e3.npy.mp4
01a047b1-9700-7b49-b72e-a59bfd5cfd75,industrial packing,completed,yam,yam_0_61,27.5,huangrongbo,good,,,prod,2026-08-28 10:11:40.720814+00:00,2026-08-28 11:08:33.431136+00:00,/nfs/data/sz_44/20260828/episode_20260828_092656_000_bb5dd72c.npy.mp4
01a047b2-7990-7588-8bb7-be4dd1443386,industrial packing,completed,yam,yam_0_61,29.4,huangrongbo,good,,,prod,2026-08-28 09:40:25.656985+00:00,2026-08-28 11:08:33.311595+00:00,/nfs/data/sz_44/20260828/episode_20260828_092754_000_674c82bb.npy.mp4
01a047b3-0248-7dc7-b28d-5853aca5d732,industrial packing,completed,yam,yam_0_61,30.7,huangrongbo,good,,,prod,2026-08-28 09:36:30.436332+00:00,2026-08-28 11:08:33.297828+00:00,/nfs/data/sz_44/20260828/episode_20260828_092829_000_1d023cd4.npy.mp4
01a047b3-8ee8-7e6f-845e-848e0de1e73a,industrial packing,completed,yam,yam_0_61,32.3,huangrongbo,good,,,prod,2026-08-28 10:05:36.478080+00:00,2026-08-28 11:08:33.286037+00:00,/nfs/data/sz_44/20260828/episode_20260828_092905_000_d4084c86.npy.mp4
01a047b4-1b88-731f-9f0a-9f427c5bf2cf,industrial packing,completed,yam,yam_0_61,30.5,huangrongbo,good,,,prod,2026-08-28 10:06:14.001639+00:00,2026-08-28 11:08:32.639240+00:00,/nfs/data/sz_44/20260828/episode_20260828_092941_000_f501803d.npy.mp4
01a047b4-a828-7995-836a-50ca411c6957,industrial packing,completed,yam,yam_0_61,31.0,huangrongbo,good,,,prod,2026-08-28 09:40:07.060617+00:00,2026-08-28 11:08:32.107941+00:00,/nfs/data/sz_44/20260828/episode_20260828_093017_000_9b5c036e.npy.mp4
01a047b6-7900-724f-9092-b9cee3911f34,industrial packing,completed,yam,yam_0_61,30.8,huangrongbo,good,,,prod,2026-08-28 10:16:44.804902+00:00,2026-08-28 11:08:32.022348+00:00,/nfs/data/sz_44/20260828/episode_20260828_093216_000_3836ea5d.npy.mp4
01a047b7-3480-7399-ad8b-db264166f47b,industrial packing,completed,yam,yam_0_61,28.7,huangrongbo,good,,,prod,2026-08-28 10:14:26.338534+00:00,2026-08-28 11:08:31.596889+00:00,/nfs/data/sz_44/20260828/episode_20260828_093304_000_55a2bac9.npy.mp4
01a047b7-b950-7a1d-ab3b-eb777a761f3d,industrial packing,completed,yam,yam_0_61,28.1,huangrongbo,good,,,prod,2026-08-28 10:01:03.749891+00:00,2026-08-28 11:08:31.505533+00:00,/nfs/data/sz_44/20260828/episode_20260828_093338_000_7519cb50.npy.mp4
01a047b8-3a38-706a-a46a-138ad6cc34b8,industrial packing,completed,yam,yam_0_61,30.8,huangrongbo,good,,,prod,2026-08-28 10:11:33.409331+00:00,2026-08-28 11:08:31.452816+00:00,/nfs/data/sz_44/20260828/episode_20260828_093411_000_25572eff.npy.mp4
01a047b8-c2f0-7908-aeec-c69af95e5fea,industrial packing,completed,yam,yam_0_61,27.4,huangrongbo,good,,,prod,2026-08-28 09:57:32.635381+00:00,2026-08-28 11:08:31.369897+00:00,/nfs/data/sz_44/20260828/episode_20260828_093446_000_c8e8aa9c.npy.mp4
01a047b9-3ff0-7a9d-a2b5-c3319311e34b,industrial packing,completed,yam,yam_0_61,32.2,huangrongbo,good,,,prod,2026-08-28 09:56:26.773023+00:00,2026-08-28 11:08:31.354978+00:00,/nfs/data/sz_44/20260828/episode_20260828_093518_000_730eecac.npy.mp4
01a047b9-d078-7153-b844-d8e08fde58da,industrial packing,completed,yam,yam_0_61,33.3,huangrongbo,good,,,prod,2026-08-28 09:56:02.337442+00:00,2026-08-28 11:08:30.797084+00:00,/nfs/data/sz_44/20260828/episode_20260828_093555_000_f5ecedc5.npy.mp4
01a047ba-f570-72cc-8204-384dcdc95224,industrial packing,completed,yam,yam_0_61,32.1,huangrongbo,good,,,prod,2026-08-28 09:55:09.114763+00:00,2026-08-28 11:08:30.726287+00:00,/nfs/data/sz_44/20260828/episode_20260828_093710_000_4c6c611a.npy.mp4
01a047ba-64e8-7ea5-bae5-25568d2e72c8,industrial packing,completed,yam,yam_0_61,31.5,huangrongbo,good,,,prod,2026-08-28 10:00:25.735217+00:00,2026-08-28 11:08:30.723251+00:00,/nfs/data/sz_44/20260828/episode_20260828_093633_000_6394f7b7.npy.mp4
01a047bb-8210-7b01-82eb-4d44fbfbbe0c,industrial packing,completed,yam,yam_0_61,27.7,huangrongbo,good,,,prod,2026-08-28 09:55:33.529481+00:00,2026-08-28 11:08:30.200841+00:00,/nfs/data/sz_44/20260828/episode_20260828_093746_000_8c30f2d5.npy.mp4
01a047bc-02f8-77d5-92b9-fbab1e8bfdf3,industrial packing,completed,yam,yam_0_61,28.7,huangrongbo,good,,,prod,2026-08-28 10:12:36.312021+00:00,2026-08-28 11:08:30.152136+00:00,/nfs/data/sz_44/20260828/episode_20260828_093819_000_38a3d63d.npy.mp4
01a047bc-87c8-709e-b9d6-49fe1a5eba73,industrial packing,completed,yam,yam_0_61,29.5,huangrongbo,good,,,prod,2026-08-28 10:09:21.315078+00:00,2026-08-28 11:08:30.123295+00:00,/nfs/data/sz_44/20260828/episode_20260828_093853_000_d781d461.npy.mp4
01a047be-6070-7ffc-a08e-aa14fd3c24c8,industrial packing,completed,yam,yam_0_61,31.2,huangrongbo,good,,,prod,2026-08-28 10:00:51.201871+00:00,2026-08-28 11:08:29.587362+00:00,/nfs/data/sz_44/20260828/episode_20260828_094054_000_897fd9aa.npy.mp4
01a047be-e928-706d-8864-25e522024962,industrial packing,completed,yam,yam_0_61,27.2,huangrongbo,good,,,prod,2026-08-28 10:11:20.008040+00:00,2026-08-28 11:08:29.505645+00:00,/nfs/data/sz_44/20260828/episode_20260828_094129_000_fead4160.npy.mp4
01a047bf-6a10-79cd-b743-1946f1ff194c,industrial packing,completed,yam,yam_0_61,28.8,huangrongbo,good,,,prod,2026-08-28 10:12:15.693860+00:00,2026-08-28 11:08:29.457768+00:00,/nfs/data/sz_44/20260828/episode_20260828_094202_000_258d719e.npy.mp4
01a047bf-eaf8-7255-a0f4-e5d23575763d,industrial packing,completed,yam,yam_0_61,31.9,huangrongbo,good,,,prod,2026-08-28 10:11:49.019653+00:00,2026-08-28 11:08:28.906471+00:00,/nfs/data/sz_44/20260828/episode_20260828_094235_000_f5a53113.npy.mp4
01a047c0-7798-730d-b04f-f335635aa074,industrial packing,completed,yam,yam_0_61,29.9,huangrongbo,good,,,prod,2026-08-28 09:58:58.345183+00:00,2026-08-28 11:08:28.831393+00:00,/nfs/data/sz_44/20260828/episode_20260828_094311_000_57b8681a.npy.mp4
01a047c1-0050-79a6-9a61-6a1440f38ac1,industrial packing,completed,yam,yam_0_61,30.2,huangrongbo,good,,,prod,2026-08-28 09:59:05.803799+00:00,2026-08-28 11:08:28.154855+00:00,/nfs/data/sz_44/20260828/episode_20260828_094346_000_77959a5c.npy.mp4
01a047c1-8520-79b1-88a4-3f610900d577,industrial packing,completed,yam,yam_0_61,28.8,huangrongbo,good,,,prod,2026-08-28 10:16:37.348125+00:00,2026-08-28 11:08:28.098667+00:00,/nfs/data/sz_44/20260828/episode_20260828_094420_000_02396603.npy.mp4
01a047c2-09f0-7014-b930-9373e273b600,industrial packing,completed,yam,yam_0_61,30.1,huangrongbo,good,,,prod,2026-08-28 09:58:12.614688+00:00,2026-08-28 11:08:27.585489+00:00,/nfs/data/sz_44/20260828/episode_20260828_094454_000_153220d0.npy.mp4
01a047c2-92a8-7e8a-bdb0-4d5d30cd6730,industrial packing,completed,yam,yam_0_61,25.8,huangrongbo,good,,,prod,2026-08-28 10:05:04.567581+00:00,2026-08-28 11:08:27.011050+00:00,/nfs/data/sz_44/20260828/episode_20260828_094529_000_234d7036.npy.mp4
01a047c3-07d8-7774-b559-89c5d1098644,industrial packing,completed,yam,yam_0_61,27.8,huangrongbo,good,,,prod,2026-08-28 09:56:34.080148+00:00,2026-08-28 11:08:26.971436+00:00,/nfs/data/sz_44/20260828/episode_20260828_094559_000_8129849f.npy.mp4
01a047c3-88c0-7aa7-b5ab-73636b33cea9,industrial packing,completed,yam,yam_0_61,27.6,huangrongbo,good,,,prod,2026-08-28 09:58:23.332743+00:00,2026-08-28 11:08:26.913969+00:00,/nfs/data/sz_44/20260828/episode_20260828_094632_000_1330e093.npy.mp4
01a047c4-05c0-7318-8dba-cdd35ef374fe,industrial packing,completed,yam,yam_0_61,25.9,huangrongbo,good,,,prod,2026-08-28 10:10:03.697018+00:00,2026-08-28 11:08:26.370347+00:00,/nfs/data/sz_44/20260828/episode_20260828_094704_000_f677d18c.npy.mp4
01a047c4-7ed8-7e64-8c06-74d4c1c14abc,industrial packing,completed,yam,yam_0_61,29.5,huangrongbo,good,,,prod,2026-08-28 10:09:03.713805+00:00,2026-08-28 11:08:26.368234+00:00,/nfs/data/sz_44/20260828/episode_20260828_094735_000_e1afc600.npy.mp4
01a047c5-0790-72c4-b6da-f5dc01215fd7,industrial packing,completed,yam,yam_0_61,27.4,huangrongbo,good,,,prod,2026-08-28 09:57:58.386541+00:00,2026-08-28 11:08:26.338482+00:00,/nfs/data/sz_44/20260828/episode_20260828_094810_000_ab41aa82.npy.mp4
01a047c6-0d48-7ff3-ad19-09abe937bde0,industrial packing,completed,yam,yam_0_61,30.3,huangrongbo,good,,,prod,2026-08-28 09:57:11.645526+00:00,2026-08-28 11:08:26.220047+00:00,/nfs/data/sz_44/20260828/episode_20260828_094917_000_7c611720.npy.mp4
01a047c5-8490-7c43-83e9-1244cfbbc088,industrial packing,completed,yam,yam_0_61,30.5,huangrongbo,good,,,prod,2026-08-28 09:57:26.129317+00:00,2026-08-28 11:08:26.215403+00:00,/nfs/data/sz_44/20260828/episode_20260828_094842_000_f8877f60.npy.mp4
01a047c7-c6b0-7001-afab-c1bb750d1ab3,industrial packing,completed,yam,yam_0_61,34.0,huangrongbo,good,,,prod,2026-08-28 10:08:02.377657+00:00,2026-08-28 11:08:26.196297+00:00,/nfs/data/sz_44/20260828/episode_20260828_095110_000_6f716bd5.npy.mp4
01a047c8-5f08-75e4-ab94-a6a33ca4d334,industrial packing,completed,yam,yam_0_61,31.9,huangrongbo,good,,,prod,2026-08-28 10:01:12.026595+00:00,2026-08-28 11:08:25.555628+00:00,/nfs/data/sz_44/20260828/episode_20260828_095149_000_b5e60b34.npy.mp4
01a047c8-ef90-74de-9f32-099ea1badb94,industrial packing,completed,yam,yam_0_61,28.2,huangrongbo,good,,,prod,2026-08-28 09:54:44.646339+00:00,2026-08-28 11:08:25.384350+00:00,/nfs/data/sz_44/20260828/episode_20260828_095226_000_a54ce7ab.npy.mp4
01a047c9-7078-7547-8524-d3dd13a15c86,industrial packing,completed,yam,yam_0_61,29.6,huangrongbo,good,,,prod,2026-08-28 09:55:54.963003+00:00,2026-08-28 11:08:24.866590+00:00,/nfs/data/sz_44/20260828/episode_20260828_095259_000_ea29c927.npy.mp4
01a047c9-f548-78af-999f-69c216eef6fa,industrial packing,completed,yam,yam_0_61,31.6,huangrongbo,good,,,prod,2026-08-28 10:34:57.202864+00:00,2026-08-28 11:08:24.845711+00:00,/nfs/data/sz_44/20260828/episode_20260828_095333_000_24c1b4cc.npy.mp4
01a047ca-81e8-7926-a919-9ee147536cf3,industrial packing,completed,yam,yam_0_61,25.8,huangrongbo,good,,,prod,2026-08-28 10:38:02.631239+00:00,2026-08-28 11:08:24.283311+00:00,/nfs/data/sz_44/20260828/episode_20260828_095409_000_c705cab9.npy.mp4
01a047ca-f718-73d0-bf84-49de9846e604,industrial packing,completed,yam,yam_0_61,26.6,huangrongbo,good,,,prod,2026-08-28 10:32:53.279172+00:00,2026-08-28 11:08:24.135310+00:00,/nfs/data/sz_44/20260828/episode_20260828_095439_000_859d52b0.npy.mp4
01a047cb-9358-7b41-a919-2c0b8596ecc1,industrial packing,completed,yam,yam_0_61,31.4,huangrongbo,good,,,prod,2026-08-28 10:37:48.961746+00:00,2026-08-28 11:08:24.091812+00:00,/nfs/data/sz_44/20260828/episode_20260828_095519_000_c9b01ae0.npy.mp4
01a047cc-23e0-7826-b5ec-b74688d6951e,industrial packing,completed,yam,yam_0_61,31.9,huangrongbo,good,,,prod,2026-08-28 10:36:53.447121+00:00,2026-08-28 11:08:23.605596+00:00,/nfs/data/sz_44/20260828/episode_20260828_095556_000_db66e235.npy.mp4
01a047cc-b080-7504-9223-88f9c1d8bfa6,industrial packing,completed,yam,yam_0_61,29.5,huangrongbo,good,,,prod,2026-08-28 10:34:10.355872+00:00,2026-08-28 11:08:23.547992+00:00,/nfs/data/sz_44/20260828/episode_20260828_095632_000_5a0d6cf4.npy.mp4
01a047cd-3550-7a2f-b553-1c63a3a35d59,industrial packing,completed,yam,yam_0_61,27.4,huangrongbo,good,,,prod,2026-08-28 10:32:29.789748+00:00,2026-08-28 11:08:23.486251+00:00,/nfs/data/sz_44/20260828/episode_20260828_095706_000_b4a82247.npy.mp4
01a047cd-c1f0-7046-a44f-f9cd29e1f9f6,industrial packing,completed,yam,yam_0_61,29.0,huangrongbo,good,,,prod,2026-08-28 10:33:53.096972+00:00,2026-08-28 11:08:23.475034+00:00,/nfs/data/sz_44/20260828/episode_20260828_095742_000_91745b31.npy.mp4
01a047ce-46c0-7bcf-a1ea-3ad9feb15600,industrial packing,completed,yam,yam_0_61,28.2,huangrongbo,good,,,prod,2026-08-28 10:58:25.863012+00:00,2026-08-28 11:08:23.426355+00:00,/nfs/data/sz_44/20260828/episode_20260828_095816_000_aa253fe2.npy.mp4
01a047cf-b9d8-7f86-b8d7-54b9f27c8a33,industrial packing,completed,yam,yam_0_61,28.8,huangrongbo,good,,,prod,2026-08-28 10:34:34.933029+00:00,2026-08-28 11:08:23.397644+00:00,/nfs/data/sz_44/20260828/episode_20260828_095951_000_67088c7d.npy.mp4
01a047d0-3ea8-7ad6-b097-6061e00e677a,industrial packing,completed,yam,yam_0_61,29.4,huangrongbo,good,,,prod,2026-08-28 10:57:23.028323+00:00,2026-08-28 11:08:22.087773+00:00,/nfs/data/sz_44/20260828/episode_20260828_100025_000_fb1fa919.npy.mp4
01a047d0-c378-7990-a903-a8424d11862a,industrial packing,completed,yam,yam_0_61,27.8,huangrongbo,good,,,prod,2026-08-28 11:02:56.456933+00:00,2026-08-28 11:08:21.582548+00:00,/nfs/data/sz_44/20260828/episode_20260828_100059_000_d10be4d8.npy.mp4
01a047d1-4078-72a3-9ba5-6ea5547cac3b,industrial packing,completed,yam,yam_0_61,34.8,huangrongbo,good,,,prod,2026-08-28 11:01:23.784859+00:00,2026-08-28 11:08:21.465848+00:00,/nfs/data/sz_44/20260828/episode_20260828_100131_000_62d3b8e7.npy.mp4
01a047d1-dcb8-71ad-b4a4-f1798f7d34a8,industrial packing,completed,yam,yam_0_61,31.2,huangrongbo,good,,,prod,2026-08-28 10:59:24.139256+00:00,2026-08-28 11:08:21.021527+00:00,/nfs/data/sz_44/20260828/episode_20260828_100211_000_c2a2ffb6.npy.mp4
01a047d2-6958-7a61-b93c-ae874581dad2,industrial packing,completed,yam,yam_0_61,28.4,huangrongbo,good,,,prod,2026-08-28 10:35:50.599640+00:00,2026-08-28 11:08:20.883471+00:00,/nfs/data/sz_44/20260828/episode_20260828_100247_000_0534edc7.npy.mp4
01a047d7-9978-7ddd-bf2e-4aa764657213,industrial packing,completed,yam,yam_0_61,27.4,huangrongbo,good,,,prod,2026-08-28 10:58:01.456297+00:00,2026-08-28 11:08:20.873292+00:00,/nfs/data/sz_44/20260828/episode_20260828_100827_000_d4cdc77f.npy.mp4
01a047d8-2a00-7ef7-b0b6-f32ec39d41d8,industrial packing,completed,yam,yam_0_61,31.3,huangrongbo,good,,,prod,2026-08-28 10:58:43.201529+00:00,2026-08-28 11:08:20.356951+00:00,/nfs/data/sz_44/20260828/episode_20260828_100904_000_4296c836.npy.mp4
01a047d8-be70-7250-ae6d-a3c3b972e4e1,industrial packing,completed,yam,yam_0_61,32.5,huangrongbo,good,,,prod,2026-08-28 11:02:32.887366+00:00,2026-08-28 11:08:20.314100+00:00,/nfs/data/sz_44/20260828/episode_20260828_100942_000_41913f10.npy.mp4
01a047d9-52e0-7e08-a764-b95acfafbc31,industrial packing,completed,yam,yam_0_61,32.8,huangrongbo,good,,,prod,2026-08-28 11:02:26.593674+00:00,2026-08-28 11:08:19.650842+00:00,/nfs/data/sz_44/20260828/episode_20260828_101020_000_07c43f1e.npy.mp4
01a047d9-e750-7922-beac-99f350726a65,industrial packing,completed,yam,yam_0_61,31.6,huangrongbo,good,,,prod,2026-08-28 10:33:30.807683+00:00,2026-08-28 11:08:19.201397+00:00,/nfs/data/sz_44/20260828/episode_20260828_101058_000_96304e91.npy.mp4
01a047da-77d8-73b4-811d-8dcd7a843826,industrial packing,completed,yam,yam_0_61,28.3,huangrongbo,good,,,prod,2026-08-28 11:00:23.254926+00:00,2026-08-28 11:08:19.182241+00:00,/nfs/data/sz_44/20260828/episode_20260828_101135_000_3f812a1a.npy.mp4
01a047da-f8c0-770f-bedb-ef4e2782dc8f,industrial packing,completed,yam,yam_0_61,31.7,huangrongbo,good,,,prod,2026-08-28 10:34:20.635290+00:00,2026-08-28 11:08:19.106480+00:00,/nfs/data/sz_44/20260828/episode_20260828_101208_000_f27f32d5.npy.mp4
01a047db-8948-7601-a166-f4db1bee0431,industrial packing,completed,yam,yam_0_61,31.1,huangrongbo,good,,,prod,2026-08-28 10:38:35.124125+00:00,2026-08-28 11:08:19.050356+00:00,/nfs/data/sz_44/20260828/episode_20260828_101245_000_9b2e390e.npy.mp4
01a047dc-19d0-7681-bb6a-a4cfc1cee9dc,industrial packing,completed,yam,yam_0_61,29.7,huangrongbo,good,,,prod,2026-08-28 11:01:56.188630+00:00,2026-08-28 11:08:19.041767+00:00,/nfs/data/sz_44/20260828/episode_20260828_101322_000_fc3f1c98.npy.mp4
01a047dc-a288-7c3e-9e25-6ae82ff8319c,industrial packing,completed,yam,yam_0_61,26.9,huangrongbo,good,,,prod,2026-08-28 10:33:05.523975+00:00,2026-08-28 11:08:19.034948+00:00,/nfs/data/sz_44/20260828/episode_20260828_101357_000_1f2b83ab.npy.mp4
01a047dd-1f88-7792-a264-dff80db61553,industrial packing,completed,yam,yam_0_61,24.8,huangrongbo,good,,,prod,2026-08-28 10:58:55.491361+00:00,2026-08-28 11:08:18.878596+00:00,/nfs/data/sz_44/20260828/episode_20260828_101429_000_d2c8664f.npy.mp4
01a047dd-94b8-7101-bf37-13501ff9d159,industrial packing,completed,yam,yam_0_61,27.5,huangrongbo,good,,,prod,2026-08-28 10:36:48.202442+00:00,2026-08-28 11:08:18.367789+00:00,/nfs/data/sz_44/20260828/episode_20260828_101459_000_bdd2a7eb.npy.mp4
01a047de-11b8-77ac-8e1a-7d96aa47bf87,industrial packing,completed,yam,yam_0_61,26.3,huangrongbo,good,,,prod,2026-08-28 10:36:15.893332+00:00,2026-08-28 11:08:18.346827+00:00,/nfs/data/sz_44/20260828/episode_20260828_101531_000_036adb6d.npy.mp4
01a047de-8ad0-7d8f-ac07-0a614a8cefb1,industrial packing,completed,yam,yam_0_61,26.2,huangrongbo,good,,,prod,2026-08-28 10:32:43.048121+00:00,2026-08-28 11:08:17.743397+00:00,/nfs/data/sz_44/20260828/episode_20260828_101602_000_21aeba57.npy.mp4
01a047e1-f5d0-7e3f-97b7-b33d8b59d04f,industrial packing,completed,yam,yam_0_61,32.0,huangrongbo,good,,,prod,2026-08-28 11:02:50.214362+00:00,2026-08-28 11:08:17.197467+00:00,/nfs/data/sz_44/20260828/episode_20260828_101946_000_15fbcab6.npy.mp4
01a047f2-e9a8-776e-a880-0276590f3a8e,industrial packing,completed,yam,yam_0_61,33.2,huangrongbo,good,,,prod,2026-08-28 10:59:50.527895+00:00,2026-08-28 11:08:17.089125+00:00,/nfs/data/sz_44/20260828/episode_20260828_103817_000_ad01231a.npy.mp4
01a047f3-89d0-7ec6-a5b0-664aeddcd652,industrial packing,completed,yam,yam_0_61,28.2,huangrongbo,good,,,prod,2026-08-28 10:56:08.246106+00:00,2026-08-28 11:08:17.062271+00:00,/nfs/data/sz_44/20260828/episode_20260828_103858_000_a7763d2d.npy.mp4
01a047f4-0ea0-7e8b-82d2-58958fdfa0ad,industrial packing,completed,yam,yam_0_61,28.0,huangrongbo,good,,,prod,2026-08-28 11:00:16.979372+00:00,2026-08-28 11:08:17.051632+00:00,/nfs/data/sz_44/20260828/episode_20260828_103932_000_ec0845c1.npy.mp4
01a047f4-ed48-7c8f-bce1-854eeebf6054,industrial packing,completed,yam,yam_0_61,27.1,huangrongbo,good,,,prod,2026-08-28 10:54:35.478511+00:00,2026-08-28 11:08:16.374790+00:00,/nfs/data/sz_44/20260828/episode_20260828_104029_000_222330d1.npy.mp4
01a047f8-5460-7829-91ef-03d0c1670b11,industrial packing,completed,yam,yam_0_61,26.7,huangrongbo,good,,,prod,2026-08-28 10:59:01.745654+00:00,2026-08-28 11:08:15.718050+00:00,/nfs/data/sz_44/20260828/episode_20260828_104412_000_44e0a77d.npy.mp4
01a04756-bd30-7cf7-b59d-b4cde5fe2201,industrial packing,completed,yam,yam_0_61,25.1,huangrongbo,good,,,prod,2026-08-28 08:05:10.476292+00:00,2026-08-28 11:08:10.134891+00:00,/nfs/data/sz_44/20260828/episode_20260828_074742_000_db4d4751.npy.mp4
01a04757-a3a8-7fb3-8b85-6ad6a10a1548,industrial packing,completed,yam,yam_0_61,22.7,huangrongbo,good,,,prod,2026-08-28 08:11:36.949500+00:00,2026-08-28 11:08:09.588178+00:00,/nfs/data/sz_44/20260828/episode_20260828_074841_000_415793e9.npy.mp4
01a04758-0938-79a5-82a2-b95bb4f8d897,industrial packing,completed,yam,yam_0_61,23.7,huangrongbo,good,,,prod,2026-08-28 08:01:05.407151+00:00,2026-08-28 11:08:09.562861+00:00,/nfs/data/sz_44/20260828/episode_20260828_074907_000_02d9b8fb.npy.mp4
01a04758-7a80-75ad-91d3-ff0d9ca5de3c,industrial packing,completed,yam,yam_0_61,24.1,huangrongbo,good,,,prod,2026-08-28 08:18:46.727414+00:00,2026-08-28 11:08:09.127840+00:00,/nfs/data/sz_44/20260828/episode_20260828_074936_000_2e293b9f.npy.mp4
01a04758-ebc8-7814-8e06-0bd5962556d1,industrial packing,completed,yam,yam_0_61,24.6,huangrongbo,good,,,prod,2026-08-28 08:08:57.303126+00:00,2026-08-28 11:08:09.050267+00:00,/nfs/data/sz_44/20260828/episode_20260828_075005_000_50a3bda6.npy.mp4
01a04757-3260-773f-ac88-834ef1ca40cb,industrial packing,completed,yam,yam_0_61,24.8,huangrongbo,good,,,prod,2026-08-28 08:04:32.766990+00:00,2026-08-28 11:08:08.981611+00:00,/nfs/data/sz_44/20260828/episode_20260828_074812_000_6d8381c9.npy.mp4
01a04759-5d10-7f87-963c-3315fa90f8fa,industrial packing,completed,yam,yam_0_61,25.0,huangrongbo,good,,,prod,2026-08-28 08:10:06.702582+00:00,2026-08-28 11:08:08.564925+00:00,/nfs/data/sz_44/20260828/episode_20260828_075034_000_5b893940.npy.mp4
01a04759-d240-73d9-aaca-30ec50a803b6,industrial packing,completed,yam,yam_0_61,25.5,huangrongbo,good,,,prod,2026-08-28 08:07:08.635861+00:00,2026-08-28 11:08:08.490953+00:00,/nfs/data/sz_44/20260828/episode_20260828_075104_000_ba7671a2.npy.mp4
01a0475a-4770-7470-acbd-936f2a63a2fb,industrial packing,completed,yam,yam_0_61,23.3,huangrongbo,good,,,prod,2026-08-28 08:17:04.817740+00:00,2026-08-28 11:08:07.899300+00:00,/nfs/data/sz_44/20260828/episode_20260828_075134_000_809da7a0.npy.mp4
01a0475a-c470-795f-9f0f-b671501dc35f,industrial packing,completed,yam,yam_0_61,24.4,huangrongbo,good,,,prod,2026-08-28 08:10:42.835585+00:00,2026-08-28 11:08:07.368806+00:00,/nfs/data/sz_44/20260828/episode_20260828_075206_000_6c32f35d.npy.mp4
01a0475b-35b8-7c90-81f0-49192b1128fb,industrial packing,completed,yam,yam_0_61,26.2,huangrongbo,good,,,prod,2026-08-28 08:00:32.524065+00:00,2026-08-28 11:08:07.336188+00:00,/nfs/data/sz_44/20260828/episode_20260828_075235_000_bf29bb7c.npy.mp4
01a0475b-aed0-7b6c-8020-f4f6d84d8f17,industrial packing,completed,yam,yam_0_61,24.4,huangrongbo,good,,,prod,2026-08-28 08:03:40.558998+00:00,2026-08-28 11:08:06.745487+00:00,/nfs/data/sz_44/20260828/episode_20260828_075306_000_a08f9689.npy.mp4
01a0475c-2018-76e7-921d-b81d0d8d321e,industrial packing,completed,yam,yam_0_61,23.0,huangrongbo,good,,,prod,2026-08-28 08:07:13.894983+00:00,2026-08-28 11:08:06.738992+00:00,/nfs/data/sz_44/20260828/episode_20260828_075335_000_3431433b.npy.mp4
01a0475c-8d78-714a-9767-e516ba77197c,industrial packing,completed,yam,yam_0_61,24.7,huangrongbo,good,,,prod,2026-08-28 08:03:14.108554+00:00,2026-08-28 11:08:06.220795+00:00,/nfs/data/sz_44/20260828/episode_20260828_075403_000_174fa9bd.npy.mp4
01a0475d-02a8-70d6-a41c-de45cf3d0524,industrial packing,completed,yam,yam_0_61,25.2,huangrongbo,good,,,prod,2026-08-28 08:07:29.500230+00:00,2026-08-28 11:08:06.170738+00:00,/nfs/data/sz_44/20260828/episode_20260828_075433_000_7b31cc1e.npy.mp4
01a0475e-1be8-7153-852a-31f500fb72f4,industrial packing,completed,yam,yam_0_61,26.6,huangrongbo,good,,,prod,2026-08-28 08:15:53.891589+00:00,2026-08-28 11:08:06.116745+00:00,/nfs/data/sz_44/20260828/episode_20260828_075545_000_1c50928e.npy.mp4
01a0475e-98e8-7a20-b0a1-e5f3e4033f2c,industrial packing,completed,yam,yam_0_61,24.8,huangrongbo,good,,,prod,2026-08-28 08:14:55.354915+00:00,2026-08-28 11:08:06.013105+00:00,/nfs/data/sz_44/20260828/episode_20260828_075617_000_efe1432d.npy.mp4
01a0475f-0a30-7f5f-a708-d74c4d3c1826,industrial packing,completed,yam,yam_0_61,25.4,huangrongbo,good,,,prod,2026-08-28 08:11:25.380217+00:00,2026-08-28 11:08:05.485170+00:00,/nfs/data/sz_44/20260828/episode_20260828_075646_000_822ad497.npy.mp4
01a0475f-7f60-7eb2-a372-e5d18dfd256d,industrial packing,completed,yam,yam_0_61,24.1,huangrongbo,good,,,prod,2026-08-28 07:59:21.140944+00:00,2026-08-28 11:08:05.379201+00:00,/nfs/data/sz_44/20260828/episode_20260828_075716_000_01f1a01f.npy.mp4
01a0475d-73f0-7fa3-a556-b8f768851dcb,industrial packing,completed,yam,yam_0_61,29.1,huangrongbo,good,,,prod,2026-08-28 08:07:20.152595+00:00,2026-08-28 11:08:05.342854+00:00,/nfs/data/sz_44/20260828/episode_20260828_075502_000_f0883caf.npy.mp4
01a0475f-ecc0-7f97-a628-6a2cc8be3fc3,industrial packing,completed,yam,yam_0_61,24.5,huangrongbo,good,,,prod,2026-08-28 08:02:19.522555+00:00,2026-08-28 11:08:04.751866+00:00,/nfs/data/sz_44/20260828/episode_20260828_075744_000_0b525c0a.npy.mp4
01a04760-61f0-7ca2-9b57-63b648da5f75,industrial packing,completed,yam,yam_0_61,24.4,huangrongbo,good,,,prod,2026-08-28 10:03:48.207574+00:00,2026-08-28 11:08:04.292394+00:00,/nfs/data/sz_44/20260828/episode_20260828_075814_000_e228ba59.npy.mp4
01a04761-4098-70d2-8428-2e400452b246,industrial packing,completed,yam,yam_0_61,21.1,huangrongbo,good,,,prod,2026-08-28 08:36:33.927398+00:00,2026-08-28 11:08:04.156020+00:00,/nfs/data/sz_44/20260828/episode_20260828_075911_000_b9eec255.npy.mp4
01a04762-1f40-7049-ae20-55dfdc4f8a98,industrial packing,completed,yam,yam_0_61,24.9,huangrongbo,good,,,prod,2026-08-28 08:33:24.026978+00:00,2026-08-28 11:08:04.149773+00:00,/nfs/data/sz_44/20260828/episode_20260828_080008_000_1b81c57a.npy.mp4
01a04769-3f78-701a-9abd-3301c91158bf,industrial packing,completed,yam,yam_0_61,27.8,huangrongbo,good,,,prod,2026-08-28 08:35:44.977015+00:00,2026-08-28 11:08:03.630342+00:00,/nfs/data/sz_44/20260828/episode_20260828_080755_000_84627a9f.npy.mp4
01a04769-c060-7823-baa4-be359403485d,industrial packing,completed,yam,yam_0_61,27.5,huangrongbo,good,,,prod,2026-08-28 10:12:08.404082+00:00,2026-08-28 11:08:03.514047+00:00,/nfs/data/sz_44/20260828/episode_20260828_080828_000_c429079f.npy.mp4
01a0476a-3d60-7256-854d-046156dce2b5,industrial packing,completed,yam,yam_0_61,27.8,huangrongbo,good,,,prod,2026-08-28 10:08:25.692225+00:00,2026-08-28 11:08:03.431633+00:00,/nfs/data/sz_44/20260828/episode_20260828_080900_000_824a9725.npy.mp4
01a0476a-be48-748a-9b3a-f390f43d2ac4,industrial packing,completed,yam,yam_0_61,27.7,huangrongbo,good,,,prod,2026-08-28 10:05:18.897104+00:00,2026-08-28 11:08:03.417511+00:00,/nfs/data/sz_44/20260828/episode_20260828_080933_000_a8565e7f.npy.mp4
01a0476b-3f30-7d56-a63b-b2732ad37b9b,industrial packing,completed,yam,yam_0_61,26.4,huangrongbo,good,,,prod,2026-08-28 08:36:03.661213+00:00,2026-08-28 11:08:02.980414+00:00,/nfs/data/sz_44/20260828/episode_20260828_081006_000_35b16ccd.npy.mp4
01a0476b-b848-7d7a-bd5d-dea32d23306f,industrial packing,completed,yam,yam_0_61,26.2,huangrongbo,good,,,prod,2026-08-28 08:34:50.228267+00:00,2026-08-28 11:08:02.907387+00:00,/nfs/data/sz_44/20260828/episode_20260828_081037_000_d0cd2128.npy.mp4
01a0476c-ae60-7a46-be18-8b1a7f6e17e8,industrial packing,completed,yam,yam_0_61,26.0,huangrongbo,good,,,prod,2026-08-28 08:34:56.457657+00:00,2026-08-28 11:08:02.845920+00:00,/nfs/data/sz_44/20260828/episode_20260828_081140_000_0c627e56.npy.mp4
01a0476c-3548-703b-b1d2-52e1c296cb9a,industrial packing,completed,yam,yam_0_61,26.6,huangrongbo,good,,,prod,2026-08-28 08:32:56.639982+00:00,2026-08-28 11:08:02.833904+00:00,/nfs/data/sz_44/20260828/episode_20260828_081109_000_83475bfa.npy.mp4
01a0476d-2778-77f8-8911-d388c6da7240,industrial packing,completed,yam,yam_0_61,26.4,huangrongbo,good,,,prod,2026-08-28 10:08:13.386466+00:00,2026-08-28 11:08:01.600575+00:00,/nfs/data/sz_44/20260828/episode_20260828_081211_000_512f4b05.npy.mp4
01a0476e-4888-7899-b567-0da4fc662aae,industrial packing,completed,yam,yam_0_61,24.2,huangrongbo,good,,,prod,2026-08-28 10:14:40.726614+00:00,2026-08-28 11:08:01.011543+00:00,/nfs/data/sz_44/20260828/episode_20260828_081325_000_9c8a2c1a.npy.mp4
01a0476d-d740-7995-abd8-be285367bc61,industrial packing,completed,yam,yam_0_61,24.3,huangrongbo,good,,,prod,2026-08-28 08:34:07.439745+00:00,2026-08-28 11:08:01.006086+00:00,/nfs/data/sz_44/20260828/episode_20260828_081256_000_60acd847.npy.mp4
01a0476e-b9d0-729e-afc1-2f1ea03d17c4,industrial packing,completed,yam,yam_0_61,25.6,huangrongbo,good,,,prod,2026-08-28 08:36:38.158210+00:00,2026-08-28 11:08:00.507126+00:00,/nfs/data/sz_44/20260828/episode_20260828_081354_000_3d8109f5.npy.mp4
01a0476f-2f00-75b4-8699-55fa41810b18,industrial packing,completed,yam,yam_0_61,28.3,huangrongbo,good,,,prod,2026-08-28 08:32:01.316020+00:00,2026-08-28 11:08:00.459819+00:00,/nfs/data/sz_44/20260828/episode_20260828_081424_000_f6ccfa71.npy.mp4
01a0476f-afe8-710c-8dba-df1e34bdce9c,industrial packing,completed,yam,yam_0_61,27.1,huangrongbo,good,,,prod,2026-08-28 08:34:35.721585+00:00,2026-08-28 11:08:00.425210+00:00,/nfs/data/sz_44/20260828/episode_20260828_081457_000_db28a262.npy.mp4
01a04770-2ce8-7fb6-9af1-ba55913453ed,industrial packing,completed,yam,yam_0_61,30.5,huangrongbo,good,,,prod,2026-08-28 10:12:59.020770+00:00,2026-08-28 11:08:00.353681+00:00,/nfs/data/sz_44/20260828/episode_20260828_081529_000_748241c8.npy.mp4
01a04770-b988-7cad-973e-10c58eaa67b2,industrial packing,completed,yam,yam_0_61,27.2,huangrongbo,good,,,prod,2026-08-28 10:09:52.051682+00:00,2026-08-28 11:07:59.885588+00:00,/nfs/data/sz_44/20260828/episode_20260828_081605_000_e82fa343.npy.mp4
01a04771-3688-7717-a68d-969be8a98e9d,industrial packing,completed,yam,yam_0_61,23.2,huangrongbo,good,,,prod,2026-08-28 10:03:33.792732+00:00,2026-08-28 11:07:59.803174+00:00,/nfs/data/sz_44/20260828/episode_20260828_081637_000_f3c30e75.npy.mp4
01a04771-a7d0-724d-9920-c4c512ab9eff,industrial packing,completed,yam,yam_0_61,25.8,huangrongbo,good,,,prod,2026-08-28 10:06:37.918002+00:00,2026-08-28 11:07:59.124955+00:00,/nfs/data/sz_44/20260828/episode_20260828_081706_000_ec8587ec.npy.mp4
01a04772-20e8-7a6e-b93c-084e7eab8dea,industrial packing,completed,yam,yam_0_61,24.9,huangrongbo,good,,,prod,2026-08-28 08:34:40.959680+00:00,2026-08-28 11:07:58.676524+00:00,/nfs/data/sz_44/20260828/episode_20260828_081737_000_26c02c49.npy.mp4
01a04773-0b48-7785-802e-1db0da0580df,industrial packing,completed,yam,yam_0_61,31.6,huangrongbo,good,,,prod,2026-08-28 08:32:30.057099+00:00,2026-08-28 11:07:58.620777+00:00,/nfs/data/sz_44/20260828/episode_20260828_081837_000_91fcf363.npy.mp4
01a04772-9230-718a-b878-3a58458419cd,industrial packing,completed,yam,yam_0_61,26.7,huangrongbo,good,,,prod,2026-08-28 10:16:08.423114+00:00,2026-08-28 11:07:58.609440+00:00,/nfs/data/sz_44/20260828/episode_20260828_081806_000_11163002.npy.mp4
01a04773-97e8-79f7-8f90-455b44950e47,industrial packing,completed,yam,yam_0_61,25.5,huangrongbo,good,,,prod,2026-08-28 08:32:50.401225+00:00,2026-08-28 11:07:58.545573+00:00,/nfs/data/sz_44/20260828/episode_20260828_081913_000_ea42bcee.npy.mp4
01a04774-1100-7fb3-b315-3f7e9b208cc4,industrial packing,completed,yam,yam_0_61,27.9,huangrongbo,good,,,prod,2026-08-28 10:08:50.377092+00:00,2026-08-28 11:07:58.442593+00:00,/nfs/data/sz_44/20260828/episode_20260828_081944_000_923b504e.npy.mp4
01a04774-95d0-73db-a49f-831fad8088ed,industrial packing,completed,yam,yam_0_61,28.8,huangrongbo,good,,,prod,2026-08-28 08:32:22.798858+00:00,2026-08-28 11:07:57.930826+00:00,/nfs/data/sz_44/20260828/episode_20260828_082018_000_adad1b32.npy.mp4
01a04775-1aa0-771a-a04e-aba87998207e,industrial packing,completed,yam,yam_0_61,26.1,huangrongbo,good,,,prod,2026-08-28 10:12:21.971020+00:00,2026-08-28 11:07:57.856981+00:00,/nfs/data/sz_44/20260828/episode_20260828_082052_000_676af6aa.npy.mp4
01a04775-93b8-78aa-9908-798bbdc2adb9,industrial packing,completed,yam,yam_0_61,26.4,huangrongbo,good,,,prod,2026-08-28 08:31:55.003697+00:00,2026-08-28 11:07:57.249443+00:00,/nfs/data/sz_44/20260828/episode_20260828_082123_000_3fce1f7d.npy.mp4
01a04776-10b8-7786-bc26-7c79b97b8bf5,industrial packing,completed,yam,yam_0_61,26.8,huangrongbo,good,,,prod,2026-08-28 10:10:31.615788+00:00,2026-08-28 11:07:56.718512+00:00,/nfs/data/sz_44/20260828/episode_20260828_082155_000_88fbe7c7.npy.mp4
01a04776-89d0-7326-b76f-52349c8830ee,industrial packing,completed,yam,yam_0_61,28.3,huangrongbo,good,,,prod,2026-08-28 08:35:58.437274+00:00,2026-08-28 11:07:56.655230+00:00,/nfs/data/sz_44/20260828/episode_20260828_082226_000_907a9de9.npy.mp4
01a04777-0ab8-7536-bd3e-21de2dc2d850,industrial packing,completed,yam,yam_0_61,24.8,huangrongbo,good,,,prod,2026-08-28 10:07:07.663510+00:00,2026-08-28 11:07:56.615567+00:00,/nfs/data/sz_44/20260828/episode_20260828_082259_000_d88a9dbf.npy.mp4
01a04777-7c00-7ad7-a404-c83c0e3fcd42,industrial packing,completed,yam,yam_0_61,25.0,huangrongbo,good,,,prod,2026-08-28 08:37:10.468261+00:00,2026-08-28 11:07:56.100031+00:00,/nfs/data/sz_44/20260828/episode_20260828_082328_000_12eeaf89.npy.mp4
01a04777-f130-7595-a36f-63cd666ba345,industrial packing,completed,yam,yam_0_61,24.7,huangrongbo,good,,,prod,2026-08-28 10:08:07.876516+00:00,2026-08-28 11:07:56.001768+00:00,/nfs/data/sz_44/20260828/episode_20260828_082358_000_356b3d6b.npy.mp4
01a04778-85a0-70bd-b3b7-d0f093b6dbd5,industrial packing,completed,yam,yam_0_61,22.0,huangrongbo,good,,,prod,2026-08-28 08:37:25.772529+00:00,2026-08-28 11:07:55.997573+00:00,/nfs/data/sz_44/20260828/episode_20260828_082436_000_e88a4f8c.npy.mp4
01a04778-ef18-7bab-983e-87af618daaf7,industrial packing,completed,yam,yam_0_61,24.8,huangrongbo,good,,,prod,2026-08-28 10:09:15.047188+00:00,2026-08-28 11:07:55.957395+00:00,/nfs/data/sz_44/20260828/episode_20260828_082503_000_59e72683.npy.mp4
01a04779-a2c8-7211-9d3e-b3484bfa7978,industrial packing,completed,yam,yam_0_61,29.7,huangrongbo,good,,,prod,2026-08-28 08:35:01.672761+00:00,2026-08-28 11:07:55.918997+00:00,/nfs/data/sz_44/20260828/episode_20260828_082549_000_68ab68d5.npy.mp4
01a0477a-2b80-7004-b3b7-9827ab0b7f0f,industrial packing,completed,yam,yam_0_61,25.5,huangrongbo,good,,,prod,2026-08-28 08:35:51.207227+00:00,2026-08-28 11:07:55.350574+00:00,/nfs/data/sz_44/20260828/episode_20260828_082624_000_5cf1bf13.npy.mp4
01a04784-d5f8-734c-b1e6-30749bd27662,industrial packing,completed,yam,yam_0_61,27.5,huangrongbo,good,,,prod,2026-08-28 10:06:01.369097+00:00,2026-08-28 11:07:55.232442+00:00,/nfs/data/sz_44/20260828/episode_20260828_083803_000_7ffa7682.npy.mp4
01a04785-52f8-7025-a9cc-2910cbbdefce,industrial packing,completed,yam,yam_0_61,25.6,huangrongbo,good,,,prod,2026-08-28 09:39:58.685518+00:00,2026-08-28 11:07:54.756047+00:00,/nfs/data/sz_44/20260828/episode_20260828_083835_000_ad6c9e85.npy.mp4
01a04785-c828-7e36-b766-fd206a09da7f,industrial packing,completed,yam,yam_0_61,24.2,huangrongbo,good,,,prod,2026-08-28 10:01:23.622067+00:00,2026-08-28 11:07:54.084788+00:00,/nfs/data/sz_44/20260828/episode_20260828_083905_000_2cb9c728.npy.mp4
01a04786-3d58-715e-ab89-d2568bf89fdd,industrial packing,completed,yam,yam_0_61,30.6,huangrongbo,good,,,prod,2026-08-28 10:07:13.960568+00:00,2026-08-28 11:07:54.037098+00:00,/nfs/data/sz_44/20260828/episode_20260828_083935_000_7f8a0561.npy.mp4
01a04786-c228-71ec-8bf3-c415177d58e1,industrial packing,completed,yam,yam_0_61,29.8,huangrongbo,good,,,prod,2026-08-28 10:06:07.642864+00:00,2026-08-28 11:07:54.020185+00:00,/nfs/data/sz_44/20260828/episode_20260828_084009_000_94ba210f.npy.mp4
01a04787-4ae0-7aa9-a7e1-47eae75ed555,industrial packing,completed,yam,yam_0_61,27.0,huangrongbo,good,,,prod,2026-08-28 08:53:43.378308+00:00,2026-08-28 11:07:53.483623+00:00,/nfs/data/sz_44/20260828/episode_20260828_084044_000_731708bd.npy.mp4
01a04788-f4a8-774a-898b-6bc40fbaf125,industrial packing,completed,yam,yam_0_61,28.2,huangrongbo,good,,,prod,2026-08-28 10:15:26.571076+00:00,2026-08-28 11:07:53.451589+00:00,/nfs/data/sz_44/20260828/episode_20260828_084233_000_9a218f5d.npy.mp4
01a04787-c7e0-7aff-b041-07f05b0bc691,industrial packing,completed,yam,yam_0_61,32.8,huangrongbo,good,,,prod,2026-08-28 10:16:15.848797+00:00,2026-08-28 11:07:53.437340+00:00,/nfs/data/sz_44/20260828/episode_20260828_084116_000_0b0a42ea.npy.mp4
01a04789-7590-7e79-b9d1-4bb0afe2a379,industrial packing,completed,yam,yam_0_61,28.9,huangrongbo,good,,,prod,2026-08-28 09:40:50.435119+00:00,2026-08-28 11:07:53.380085+00:00,/nfs/data/sz_44/20260828/episode_20260828_084306_000_b80f9450.npy.mp4
01a04789-f678-71cc-912e-68ac82a18574,industrial packing,completed,yam,yam_0_61,32.8,huangrongbo,good,,,prod,2026-08-28 08:52:35.568797+00:00,2026-08-28 11:07:53.333855+00:00,/nfs/data/sz_44/20260828/episode_20260828_084339_000_e0af49a9.npy.mp4
01a0478a-8700-78db-ac8b-c7c3a6979dae,industrial packing,completed,yam,yam_0_61,31.3,huangrongbo,good,,,prod,2026-08-28 08:55:07.296364+00:00,2026-08-28 11:07:52.777150+00:00,/nfs/data/sz_44/20260828/episode_20260828_084416_000_2188b23c.npy.mp4
01a0478b-13a0-7280-8013-4d9c880ff980,industrial packing,completed,yam,yam_0_61,29.7,huangrongbo,good,,,prod,2026-08-28 10:10:25.334650+00:00,2026-08-28 11:07:52.774703+00:00,/nfs/data/sz_44/20260828/episode_20260828_084452_000_f99481b7.npy.mp4
01a0478b-9870-7e40-8f7c-97d38771e6c4,industrial packing,completed,yam,yam_0_61,23.0,huangrongbo,good,,,prod,2026-08-28 08:52:52.929334+00:00,2026-08-28 11:07:52.697541+00:00,/nfs/data/sz_44/20260828/episode_20260828_084526_000_47ada9c1.npy.mp4
01a04788-5868-779b-b23d-a99221c2ebfb,industrial packing,completed,yam,yam_0_61,36.2,huangrongbo,good,,,prod,2026-08-28 10:03:21.441647+00:00,2026-08-28 11:07:52.631102+00:00,/nfs/data/sz_44/20260828/episode_20260828_084153_000_fc041d89.npy.mp4
01a0478c-adc8-7aa4-b9a3-5a4374ff6380,industrial packing,completed,yam,yam_0_61,27.7,huangrongbo,good,,,prod,2026-08-28 08:54:00.659645+00:00,2026-08-28 11:07:52.128289+00:00,/nfs/data/sz_44/20260828/episode_20260828_084637_000_46bd290f.npy.mp4
01a0478d-3298-74ac-a9f0-d0f69bc9019c,industrial packing,completed,yam,yam_0_61,27.3,huangrongbo,good,,,prod,2026-08-28 08:51:31.277285+00:00,2026-08-28 11:07:52.044820+00:00,/nfs/data/sz_44/20260828/episode_20260828_084711_000_abe38604.npy.mp4
01a0478d-af98-7c6d-85b4-a1d944648920,industrial packing,completed,yam,yam_0_61,27.5,huangrongbo,good,,,prod,2026-08-28 09:39:53.392007+00:00,2026-08-28 11:07:51.418176+00:00,/nfs/data/sz_44/20260828/episode_20260828_084743_000_b7e26575.npy.mp4
01a0478e-2c98-7ad6-aaf0-818ba723975d,industrial packing,completed,yam,yam_0_61,24.2,huangrongbo,good,,,prod,2026-08-28 10:09:58.426011+00:00,2026-08-28 11:07:50.801176+00:00,/nfs/data/sz_44/20260828/episode_20260828_084815_000_399ba4f6.npy.mp4
01a0478e-a998-7a48-aa21-876c32b48305,industrial packing,completed,yam,yam_0_61,27.9,huangrongbo,good,,,prod,2026-08-28 08:52:13.912300+00:00,2026-08-28 11:07:50.729923+00:00,/nfs/data/sz_44/20260828/episode_20260828_084847_000_4fc10948.npy.mp4
01a0478f-2698-772e-bb24-9c7184b71919,industrial packing,completed,yam,yam_0_61,28.6,huangrongbo,good,,,prod,2026-08-28 08:51:24.981400+00:00,2026-08-28 11:07:50.672487+00:00,/nfs/data/sz_44/20260828/episode_20260828_084919_000_09a299af.npy.mp4
01a0478f-a780-7483-af24-522719e78950,industrial packing,completed,yam,yam_0_61,27.7,huangrongbo,good,,,prod,2026-08-28 10:02:20.705803+00:00,2026-08-28 11:07:50.126200+00:00,/nfs/data/sz_44/20260828/episode_20260828_084952_000_117750ff.npy.mp4
01a04790-2480-7901-a8d7-fefdf3a5787f,industrial packing,completed,yam,yam_0_61,27.1,huangrongbo,good,,,prod,2026-08-28 10:04:42.127353+00:00,2026-08-28 11:07:50.078378+00:00,/nfs/data/sz_44/20260828/episode_20260828_085024_000_41310a72.npy.mp4
01a04790-a180-7dc4-b08e-3cd15eea76ab,industrial packing,completed,yam,yam_0_61,27.3,huangrongbo,good,,,prod,2026-08-28 10:01:59.335748+00:00,2026-08-28 11:07:50.012359+00:00,/nfs/data/sz_44/20260828/episode_20260828_085056_000_21518201.npy.mp4
01a04791-1e80-799b-9de2-6d72a0e9fc0e,industrial packing,completed,yam,yam_0_61,26.2,huangrongbo,good,,,prod,2026-08-28 10:10:37.895363+00:00,2026-08-28 11:07:49.527593+00:00,/nfs/data/sz_44/20260828/episode_20260828_085128_000_a9057162.npy.mp4
01a04791-93b0-7d50-946a-ba4c399f8458,industrial packing,completed,yam,yam_0_61,26.9,huangrongbo,good,,,prod,2026-08-28 10:06:43.235974+00:00,2026-08-28 11:07:49.455883+00:00,/nfs/data/sz_44/20260828/episode_20260828_085158_000_7d1b6de5.npy.mp4
01a04792-0cc8-7f67-aa4a-1387c1c1bc3e,industrial packing,completed,yam,yam_0_61,26.2,huangrongbo,good,,,prod,2026-08-28 09:39:38.031707+00:00,2026-08-28 11:07:49.389855+00:00,/nfs/data/sz_44/20260828/episode_20260828_085229_000_9389e73f.npy.mp4
01a04794-3778-7cd9-beff-7e99f54e5e09,industrial packing,completed,yam,yam_0_61,23.9,huangrongbo,good,,,prod,2026-08-28 10:13:54.626947+00:00,2026-08-28 11:07:49.375598+00:00,/nfs/data/sz_44/20260828/episode_20260828_085451_000_ec396130.npy.mp4
01a04794-aca8-75b6-8d3f-6bf51bdf9d80,industrial packing,completed,yam,yam_0_61,31.1,huangrongbo,good,,,prod,2026-08-28 09:08:53.529979+00:00,2026-08-28 11:07:49.233121+00:00,/nfs/data/sz_44/20260828/episode_20260828_085521_000_60b2413d.npy.mp4
01a04795-3560-7828-baa5-ac36724b3ed7,industrial packing,completed,yam,yam_0_61,31.0,huangrongbo,good,,,prod,2026-08-28 10:07:21.489253+00:00,2026-08-28 11:07:49.217192+00:00,/nfs/data/sz_44/20260828/episode_20260828_085556_000_39ef50c3.npy.mp4
01a04796-fa80-7601-99a4-2cb1356d5d24,industrial packing,completed,yam,yam_0_61,30.1,huangrongbo,good,,,prod,2026-08-28 09:09:40.331509+00:00,2026-08-28 11:07:48.717101+00:00,/nfs/data/sz_44/20260828/episode_20260828_085752_000_4c366b80.npy.mp4
01a04796-17f0-70f5-96c7-17dea8a59214,industrial packing,completed,yam,yam_0_61,26.7,huangrongbo,good,,,prod,2026-08-28 10:01:36.929582+00:00,2026-08-28 11:07:48.715394+00:00,/nfs/data/sz_44/20260828/episode_20260828_085654_000_2d96f200.npy.mp4
01a04797-f098-7c99-8b26-0d8691e5a7d4,industrial packing,completed,yam,yam_0_61,28.9,huangrongbo,good,,,prod,2026-08-28 10:06:19.252840+00:00,2026-08-28 11:07:48.048313+00:00,/nfs/data/sz_44/20260828/episode_20260828_085855_000_abb9162c.npy.mp4
01a04798-7568-7ff5-baf7-4ddb121c2d1a,industrial packing,completed,yam,yam_0_61,28.2,huangrongbo,good,,,prod,2026-08-28 09:40:18.320724+00:00,2026-08-28 11:07:48.044915+00:00,/nfs/data/sz_44/20260828/episode_20260828_085929_000_71f8d59b.npy.mp4
01a04798-f650-76e1-b67d-fe283fda50cc,industrial packing,completed,yam,yam_0_61,28.0,huangrongbo,good,,,prod,2026-08-28 10:05:41.742564+00:00,2026-08-28 11:07:47.430874+00:00,/nfs/data/sz_44/20260828/episode_20260828_090002_000_9a13b7d1.npy.mp4
01a04799-7350-7d4e-836c-92a9eecd8dc0,industrial packing,completed,yam,yam_0_61,27.5,huangrongbo,good,,,prod,2026-08-28 10:09:45.753344+00:00,2026-08-28 11:07:47.419637+00:00,/nfs/data/sz_44/20260828/episode_20260828_090034_000_6a540344.npy.mp4
01a04797-7f50-7e9d-9502-5b33ff7ce4e8,industrial packing,completed,yam,yam_0_61,24.5,huangrongbo,good,,,prod,2026-08-28 09:40:44.019416+00:00,2026-08-28 11:07:47.335588+00:00,/nfs/data/sz_44/20260828/episode_20260828_085826_000_ead4598e.npy.mp4
01a04799-f050-730c-9925-515262cfb4d5,industrial packing,completed,yam,yam_0_61,29.6,huangrongbo,good,,,prod,2026-08-28 10:07:54.997100+00:00,2026-08-28 11:07:46.824490+00:00,/nfs/data/sz_44/20260828/episode_20260828_090106_000_e7725ace.npy.mp4
01a0479a-7520-70fd-bad0-db13ee73983c,industrial packing,completed,yam,yam_0_61,29.7,huangrongbo,good,,,prod,2026-08-28 10:10:44.186025+00:00,2026-08-28 11:07:46.773646+00:00,/nfs/data/sz_44/20260828/episode_20260828_090140_000_739f4caa.npy.mp4
01a0479a-fdd8-7038-89bd-661b1b53860a,industrial packing,completed,yam,yam_0_61,29.6,huangrongbo,good,,,prod,2026-08-28 09:11:23.327744+00:00,2026-08-28 11:07:46.730122+00:00,/nfs/data/sz_44/20260828/episode_20260828_090215_000_5f08106c.npy.mp4
01a0479d-5768-7365-ac4a-bcbb28ed08ce,industrial packing,completed,yam,yam_0_61,28.0,huangrongbo,good,,,prod,2026-08-28 10:14:59.083217+00:00,2026-08-28 11:07:46.146541+00:00,/nfs/data/sz_44/20260828/episode_20260828_090449_000_c443e07b.npy.mp4
01a0479d-d850-773c-b291-6bfb61b2c03c,industrial packing,completed,yam,yam_0_61,26.5,huangrongbo,good,,,prod,2026-08-28 09:09:47.592469+00:00,2026-08-28 11:07:46.105937+00:00,/nfs/data/sz_44/20260828/episode_20260828_090522_000_cf1bb1ae.npy.mp4
01a0471a-bdd0-7308-8df0-35c623b80b19,industrial packing,completed,yam,yam_0_61,29.2,huangrongbo,good,,,prod,2026-08-28 07:18:47.471538+00:00,2026-08-28 11:07:39.621907+00:00,/nfs/data/sz_44/20260828/episode_20260828_064210_000_cbf34f34.npy.mp4
01a0471b-42a0-798d-85df-c6c085871f46,industrial packing,completed,yam,yam_0_61,27.1,huangrongbo,good,,,prod,2026-08-28 06:50:00.441038+00:00,2026-08-28 11:07:39.118913+00:00,/nfs/data/sz_44/20260828/episode_20260828_064244_000_7eaf1b95.npy.mp4
01a0471b-bbb8-73fc-88f2-0b4a7218984d,industrial packing,completed,yam,yam_0_61,30.7,huangrongbo,good,,,prod,2026-08-28 07:21:54.466785+00:00,2026-08-28 11:07:39.094357+00:00,/nfs/data/sz_44/20260828/episode_20260828_064315_000_a55d39ed.npy.mp4
01a0471c-4470-7852-8f64-a99b50c24705,industrial packing,completed,yam,yam_0_61,28.1,huangrongbo,good,,,prod,2026-08-28 07:19:40.911339+00:00,2026-08-28 11:07:38.530941+00:00,/nfs/data/sz_44/20260828/episode_20260828_064350_000_6f3b3ff2.npy.mp4
01a0471c-c170-7745-936f-0e5806e24a7e,industrial packing,completed,yam,yam_0_61,25.5,huangrongbo,good,,,prod,2026-08-28 07:16:26.301397+00:00,2026-08-28 11:07:38.527872+00:00,/nfs/data/sz_44/20260828/episode_20260828_064422_000_e0fde908.npy.mp4
01a0471d-bf58-75e4-bed7-e0b8579a705e,industrial packing,completed,yam,yam_0_61,25.2,huangrongbo,good,,,prod,2026-08-28 06:53:51.883400+00:00,2026-08-28 11:07:38.059354+00:00,/nfs/data/sz_44/20260828/episode_20260828_064527_000_ddbced4b.npy.mp4
01a0471e-30a0-7470-9003-9c778b46af4c,industrial packing,completed,yam,yam_0_61,25.8,huangrongbo,good,,,prod,2026-08-28 07:13:00.069313+00:00,2026-08-28 11:07:37.473448+00:00,/nfs/data/sz_44/20260828/episode_20260828_064556_000_4ec90f4a.npy.mp4
01a0471e-a9b8-77e8-9389-e8fe4a74641a,industrial packing,completed,yam,yam_0_61,27.2,huangrongbo,good,,,prod,2026-08-28 06:54:07.471408+00:00,2026-08-28 11:07:37.468153+00:00,/nfs/data/sz_44/20260828/episode_20260828_064627_000_1f492b88.npy.mp4
01a0471d-3e70-7c1b-8308-73501d0100b9,industrial packing,completed,yam,yam_0_61,26.0,huangrongbo,good,,,prod,2026-08-28 06:52:33.574924+00:00,2026-08-28 11:07:37.324975+00:00,/nfs/data/sz_44/20260828/episode_20260828_064454_000_95765589.npy.mp4
01a0471f-26b8-7cc9-bf19-0d77d6aa6272,industrial packing,completed,yam,yam_0_61,26.9,huangrongbo,good,,,prod,2026-08-28 06:52:40.898117+00:00,2026-08-28 11:07:36.864841+00:00,/nfs/data/sz_44/20260828/episode_20260828_064659_000_c91f05f7.npy.mp4
01a0471f-9fd0-796e-b54e-3d073b5451ad,industrial packing,completed,yam,yam_0_61,25.1,huangrongbo,good,,,prod,2026-08-28 07:19:27.237782+00:00,2026-08-28 11:07:36.802346+00:00,/nfs/data/sz_44/20260828/episode_20260828_064730_000_5abf567b.npy.mp4
01a04720-1118-7a46-81f1-cbf20458ae78,industrial packing,completed,yam,yam_0_61,26.3,huangrongbo,good,,,prod,2026-08-28 06:54:01.178812+00:00,2026-08-28 11:07:36.297382+00:00,/nfs/data/sz_44/20260828/episode_20260828_064759_000_2f52e789.npy.mp4
01a04720-8e18-7292-9f04-dda3fc4a9e7f,industrial packing,completed,yam,yam_0_61,24.9,huangrongbo,good,,,prod,2026-08-28 07:07:38.353309+00:00,2026-08-28 11:07:36.248829+00:00,/nfs/data/sz_44/20260828/episode_20260828_064831_000_c67ae476.npy.mp4
01a04720-ff60-7009-9409-b6659ddabb0d,industrial packing,completed,yam,yam_0_61,26.0,huangrongbo,good,,,prod,2026-08-28 07:11:11.869167+00:00,2026-08-28 11:07:36.147735+00:00,/nfs/data/sz_44/20260828/episode_20260828_064900_000_0dfb6898.npy.mp4
01a04721-7490-73ac-a0a2-bc383125fdc6,industrial packing,completed,yam,yam_0_61,24.1,huangrongbo,good,,,prod,2026-08-28 07:20:00.559814+00:00,2026-08-28 11:07:36.127852+00:00,/nfs/data/sz_44/20260828/episode_20260828_064930_000_b4a0353f.npy.mp4
01a04721-eda8-79a6-b3ac-9ea4b93bf4cf,industrial packing,completed,yam,yam_0_61,25.0,huangrongbo,good,,,prod,2026-08-28 07:10:52.368031+00:00,2026-08-28 11:07:36.091446+00:00,/nfs/data/sz_44/20260828/episode_20260828_065001_000_e593dd6b.npy.mp4
01a04722-5ef0-726e-a3f7-ac9ca818a939,industrial packing,completed,yam,yam_0_61,25.3,huangrongbo,good,,,prod,2026-08-28 07:16:48.970737+00:00,2026-08-28 11:07:36.068520+00:00,/nfs/data/sz_44/20260828/episode_20260828_065030_000_da06243b.npy.mp4
01a04722-d420-7ef7-a6dd-8ca3bff5957a,industrial packing,completed,yam,yam_0_61,27.7,huangrongbo,good,,,prod,2026-08-28 07:12:24.269750+00:00,2026-08-28 11:07:35.452816+00:00,/nfs/data/sz_44/20260828/episode_20260828_065100_000_0a6ce7c2.npy.mp4
01a04723-ca38-7985-90c4-ec0e18828ef8,industrial packing,completed,yam,yam_0_61,25.4,huangrongbo,good,,,prod,2026-08-28 08:15:27.027786+00:00,2026-08-28 11:07:34.816081+00:00,/nfs/data/sz_44/20260828/episode_20260828_065203_000_642c7165.npy.mp4
01a04723-5120-7feb-bf19-7269cf751386,industrial packing,completed,yam,yam_0_61,25.9,huangrongbo,good,,,prod,2026-08-28 07:19:15.264136+00:00,2026-08-28 11:07:34.305434+00:00,/nfs/data/sz_44/20260828/episode_20260828_065132_000_7fd43ef4.npy.mp4
01a0472b-8e80-7ded-8c93-062ca1980eaa,industrial packing,completed,yam,yam_0_61,27.6,huangrongbo,good,,,prod,2026-08-28 07:08:16.306628+00:00,2026-08-28 11:07:34.282791+00:00,/nfs/data/sz_44/20260828/episode_20260828_070032_000_8696f379.npy.mp4
01a0472c-1738-7321-83f8-97ef5382d945,industrial packing,completed,yam,yam_0_61,26.6,huangrongbo,good,,,prod,2026-08-28 07:12:17.952683+00:00,2026-08-28 11:07:34.198195+00:00,/nfs/data/sz_44/20260828/episode_20260828_070107_000_e4f0ba64.npy.mp4
01a0472c-9050-79c1-833f-169218bd60c2,industrial packing,completed,yam,yam_0_61,26.6,huangrongbo,good,,,prod,2026-08-28 07:13:07.361369+00:00,2026-08-28 11:07:34.169965+00:00,/nfs/data/sz_44/20260828/episode_20260828_070138_000_d179d0d1.npy.mp4
01a0472d-1138-7215-979d-5c0bce594b37,industrial packing,completed,yam,yam_0_61,26.1,huangrongbo,good,,,prod,2026-08-28 07:20:39.568940+00:00,2026-08-28 11:07:33.704755+00:00,/nfs/data/sz_44/20260828/episode_20260828_070211_000_ff0cb7ed.npy.mp4
01a0472d-8a50-7b07-9275-1d575f6eaeaf,industrial packing,completed,yam,yam_0_61,25.8,huangrongbo,good,,,prod,2026-08-28 08:14:08.874414+00:00,2026-08-28 11:07:33.701329+00:00,/nfs/data/sz_44/20260828/episode_20260828_070242_000_b4dcd3e9.npy.mp4
01a0472d-ff80-72d0-a990-134330a77487,industrial packing,completed,yam,yam_0_61,28.5,huangrongbo,good,,,prod,2026-08-28 07:12:31.574460+00:00,2026-08-28 11:07:33.569297+00:00,/nfs/data/sz_44/20260828/episode_20260828_070312_000_d9ee301f.npy.mp4
01a0472e-8068-7b1f-9495-0271b5a5b415,industrial packing,completed,yam,yam_0_61,27.8,huangrongbo,good,,,prod,2026-08-28 07:10:20.753222+00:00,2026-08-28 11:07:33.532116+00:00,/nfs/data/sz_44/20260828/episode_20260828_070345_000_779403a0.npy.mp4
01a0472f-0150-7921-bdd3-5a48b62582fc,industrial packing,completed,yam,yam_0_61,27.6,huangrongbo,good,,,prod,2026-08-28 07:10:14.169222+00:00,2026-08-28 11:07:33.495761+00:00,/nfs/data/sz_44/20260828/episode_20260828_070418_000_4456e23a.npy.mp4
01a0472f-7e50-7ca1-8659-da995b804eeb,industrial packing,completed,yam,yam_0_61,27.6,huangrongbo,good,,,prod,2026-08-28 08:17:32.623349+00:00,2026-08-28 11:07:32.886191+00:00,/nfs/data/sz_44/20260828/episode_20260828_070450_000_7d92ffb0.npy.mp4
01a0472f-ff38-7b1b-863a-ec1547c8f394,industrial packing,completed,yam,yam_0_61,26.4,huangrongbo,good,,,prod,2026-08-28 07:07:13.993695+00:00,2026-08-28 11:07:32.803947+00:00,/nfs/data/sz_44/20260828/episode_20260828_070523_000_e097e72a.npy.mp4
01a04730-7850-7610-9a49-00c4233987d5,industrial packing,completed,yam,yam_0_61,30.8,huangrongbo,good,,,prod,2026-08-28 08:13:56.261330+00:00,2026-08-28 11:07:32.285581+00:00,/nfs/data/sz_44/20260828/episode_20260828_070554_000_ceb8f021.npy.mp4
01a04731-04f0-7e90-b2a1-ed7060c012cd,industrial packing,completed,yam,yam_0_61,26.1,huangrongbo,good,,,prod,2026-08-28 08:10:20.005298+00:00,2026-08-28 11:07:32.254780+00:00,/nfs/data/sz_44/20260828/episode_20260828_070630_000_84e5e9bc.npy.mp4
01a04731-7e08-7a64-8c3f-0e9c23f223d3,industrial packing,completed,yam,yam_0_61,25.0,huangrongbo,good,,,prod,2026-08-28 08:18:33.435977+00:00,2026-08-28 11:07:31.645599+00:00,/nfs/data/sz_44/20260828/episode_20260828_070701_000_e91d29ee.npy.mp4
01a04731-ef50-73b2-910a-02b4049cee70,industrial packing,completed,yam,yam_0_61,26.4,huangrongbo,good,,,prod,2026-08-28 07:40:57.128072+00:00,2026-08-28 11:07:31.619886+00:00,/nfs/data/sz_44/20260828/episode_20260828_070730_000_9d040b84.npy.mp4
01a04732-6c50-7e61-b8da-666a1eb4aec3,industrial packing,completed,yam,yam_0_61,27.0,huangrongbo,good,,,prod,2026-08-28 08:09:04.559485+00:00,2026-08-28 11:07:31.521975+00:00,/nfs/data/sz_44/20260828/episode_20260828_070802_000_669ef77e.npy.mp4
01a04732-e950-738c-8740-a0e77dafe8e4,industrial packing,completed,yam,yam_0_61,23.4,huangrongbo,good,,,prod,2026-08-28 07:43:12.825905+00:00,2026-08-28 11:07:31.444077+00:00,/nfs/data/sz_44/20260828/episode_20260828_070834_000_9749681c.npy.mp4
01a04733-5a98-7c41-bc90-6f4c4433437d,industrial packing,completed,yam,yam_0_61,25.7,huangrongbo,good,,,prod,2026-08-28 08:15:41.356654+00:00,2026-08-28 11:07:31.421121+00:00,/nfs/data/sz_44/20260828/episode_20260828_070903_000_ef108515.npy.mp4
01a04734-5498-726d-956e-57526f7cfa4f,industrial packing,completed,yam,yam_0_61,29.3,huangrongbo,good,,,prod,2026-08-28 07:38:39.133767+00:00,2026-08-28 11:07:30.963985+00:00,/nfs/data/sz_44/20260828/episode_20260828_071007_000_1b3e4333.npy.mp4
01a04735-7990-7b8f-9124-9f5b7162d4dd,industrial packing,completed,yam,yam_0_61,25.9,huangrongbo,good,,,prod,2026-08-28 08:08:12.670704+00:00,2026-08-28 11:07:30.825175+00:00,/nfs/data/sz_44/20260828/episode_20260828_071122_000_9875d03d.npy.mp4
01a04735-f2a8-7b43-a936-a8024885dbb4,industrial packing,completed,yam,yam_0_61,28.0,huangrongbo,good,,,prod,2026-08-28 07:42:30.342952+00:00,2026-08-28 11:07:30.236807+00:00,/nfs/data/sz_44/20260828/episode_20260828_071153_000_e287d7c1.npy.mp4
01a04736-7390-7db6-8cf6-f122b99b6517,industrial packing,completed,yam,yam_0_61,25.8,huangrongbo,good,,,prod,2026-08-28 07:42:16.783563+00:00,2026-08-28 11:07:30.230624+00:00,/nfs/data/sz_44/20260828/episode_20260828_071226_000_92f93579.npy.mp4
01a04734-d968-71c2-849c-0eda56deeee4,industrial packing,completed,yam,yam_0_61,28.0,huangrongbo,good,,,prod,2026-08-28 08:14:02.557802+00:00,2026-08-28 11:07:30.056574+00:00,/nfs/data/sz_44/20260828/episode_20260828_071041_000_5b4e38ce.npy.mp4
01a04736-e8c0-772b-95e2-f80b7114caa2,industrial packing,completed,yam,yam_0_61,26.0,huangrongbo,good,,,prod,2026-08-28 08:08:36.516205+00:00,2026-08-28 11:07:29.694586+00:00,/nfs/data/sz_44/20260828/episode_20260828_071256_000_570f0d6c.npy.mp4
01a04737-61d8-75ee-963b-05a9a6da5f05,industrial packing,completed,yam,yam_0_61,29.5,huangrongbo,good,,,prod,2026-08-28 07:41:09.263225+00:00,2026-08-28 11:07:29.659924+00:00,/nfs/data/sz_44/20260828/episode_20260828_071327_000_7444ac9b.npy.mp4
01a04737-ea90-7594-a3c3-7d494f6341d8,industrial packing,completed,yam,yam_0_61,26.1,huangrongbo,good,,,prod,2026-08-28 07:44:42.821835+00:00,2026-08-28 11:07:29.600557+00:00,/nfs/data/sz_44/20260828/episode_20260828_071402_000_91693ea6.npy.mp4
01a04738-6790-7ec4-a560-b613e6e3c45f,industrial packing,completed,yam,yam_0_61,27.6,huangrongbo,good,,,prod,2026-08-28 08:16:12.604314+00:00,2026-08-28 11:07:29.576545+00:00,/nfs/data/sz_44/20260828/episode_20260828_071434_000_96d5fa98.npy.mp4
01a04738-e490-77a1-8e2b-9913b9d022cc,industrial packing,completed,yam,yam_0_61,26.6,huangrongbo,good,,,prod,2026-08-28 08:12:20.688754+00:00,2026-08-28 11:07:29.021664+00:00,/nfs/data/sz_44/20260828/episode_20260828_071506_000_24f200cd.npy.mp4
01a04739-5da8-7416-af1a-552a8c1b15e6,industrial packing,completed,yam,yam_0_61,26.3,huangrongbo,good,,,prod,2026-08-28 07:44:20.505966+00:00,2026-08-28 11:07:28.948262+00:00,/nfs/data/sz_44/20260828/episode_20260828_071537_000_43cc8d8f.npy.mp4
01a04739-daa8-7e11-ba01-e3aee33854e0,industrial packing,completed,yam,yam_0_61,28.7,huangrongbo,good,,,prod,2026-08-28 07:38:59.323836+00:00,2026-08-28 11:07:28.926275+00:00,/nfs/data/sz_44/20260828/episode_20260828_071609_000_c637aeb4.npy.mp4
01a0473a-5b90-723a-a702-3c70871fbe75,industrial packing,completed,yam,yam_0_61,27.5,huangrongbo,good,,,prod,2026-08-28 08:08:30.231889+00:00,2026-08-28 11:07:28.296279+00:00,/nfs/data/sz_44/20260828/episode_20260828_071642_000_91f13204.npy.mp4
01a0473a-dc78-74dd-b57f-f2ded37e86fb,industrial packing,completed,yam,yam_0_61,24.9,huangrongbo,good,,,prod,2026-08-28 07:40:18.553542+00:00,2026-08-28 11:07:28.284186+00:00,/nfs/data/sz_44/20260828/episode_20260828_071715_000_adc73d65.npy.mp4
01a0473b-51a8-77b1-9891-e7d1ea46d1b9,industrial packing,completed,yam,yam_0_61,25.9,huangrongbo,good,,,prod,2026-08-28 07:42:36.614967+00:00,2026-08-28 11:07:27.487131+00:00,/nfs/data/sz_44/20260828/episode_20260828_071745_000_f3f55481.npy.mp4
01a0473b-cac0-7e51-92f8-a618ad5e13ed,industrial packing,completed,yam,yam_0_61,28.1,huangrongbo,good,,,prod,2026-08-28 08:10:37.590490+00:00,2026-08-28 11:07:26.803834+00:00,/nfs/data/sz_44/20260828/episode_20260828_071816_000_7ee9decf.npy.mp4
01a0473c-4ba8-7425-9483-fe1f34f8f889,industrial packing,completed,yam,yam_0_61,29.0,huangrongbo,good,,,prod,2026-08-28 08:15:02.631520+00:00,2026-08-28 11:07:26.740834+00:00,/nfs/data/sz_44/20260828/episode_20260828_071849_000_faa04a34.npy.mp4
01a0473c-d078-758b-8bd4-62ac88815acd,industrial packing,completed,yam,yam_0_61,27.4,huangrongbo,good,,,prod,2026-08-28 07:45:01.090878+00:00,2026-08-28 11:07:26.716491+00:00,/nfs/data/sz_44/20260828/episode_20260828_071923_000_3b780918.npy.mp4
01a0473d-4d78-799e-bee8-10d18ce24882,industrial packing,completed,yam,yam_0_61,27.1,huangrongbo,good,,,prod,2026-08-28 08:12:00.135755+00:00,2026-08-28 11:07:26.200820+00:00,/nfs/data/sz_44/20260828/episode_20260828_071955_000_9de2f5d2.npy.mp4
01a0473d-ca78-7e03-ad44-e6b6fdfd7ce7,industrial packing,completed,yam,yam_0_61,26.0,huangrongbo,good,,,prod,2026-08-28 07:39:43.387491+00:00,2026-08-28 11:07:26.127106+00:00,/nfs/data/sz_44/20260828/episode_20260828_072027_000_f4087761.npy.mp4
01a0473e-4390-721b-be35-f451ae7af9d5,industrial packing,completed,yam,yam_0_61,28.5,huangrongbo,good,,,prod,2026-08-28 08:07:40.955816+00:00,2026-08-28 11:07:26.096768+00:00,/nfs/data/sz_44/20260828/episode_20260828_072058_000_2f1bf07b.npy.mp4
01a0473e-c478-7109-9423-0b9949f019c2,industrial packing,completed,yam,yam_0_61,24.8,huangrongbo,good,,,prod,2026-08-28 08:15:47.616487+00:00,2026-08-28 11:07:26.048815+00:00,/nfs/data/sz_44/20260828/episode_20260828_072131_000_222a37c5.npy.mp4
01a04741-6070-7f13-9773-097b4b4e5a29,industrial packing,completed,yam,yam_0_61,23.7,huangrongbo,good,,,prod,2026-08-28 07:37:51.126918+00:00,2026-08-28 11:07:25.981942+00:00,/nfs/data/sz_44/20260828/episode_20260828_072422_000_a849f185.npy.mp4
01a04741-d1b8-7b44-af93-2fd837940ce0,industrial packing,completed,yam,yam_0_61,23.8,huangrongbo,good,,,prod,2026-08-28 07:39:05.200898+00:00,2026-08-28 11:07:25.409348+00:00,/nfs/data/sz_44/20260828/episode_20260828_072451_000_70c968b2.npy.mp4
01a04742-3f18-7b28-a3ad-32a1dcb9d910,industrial packing,completed,yam,yam_0_61,23.5,huangrongbo,good,,,prod,2026-08-28 07:42:23.065390+00:00,2026-08-28 11:07:25.285520+00:00,/nfs/data/sz_44/20260828/episode_20260828_072519_000_fe257bfe.npy.mp4
01a04742-b060-7b96-a4be-81637d3f1d48,industrial packing,completed,yam,yam_0_61,24.7,huangrongbo,good,,,prod,2026-08-28 08:12:13.444116+00:00,2026-08-28 11:07:24.778035+00:00,/nfs/data/sz_44/20260828/episode_20260828_072548_000_a106d224.npy.mp4
01a04743-21a8-7352-a902-1f3b46337afc,industrial packing,completed,yam,yam_0_61,24.2,huangrongbo,good,,,prod,2026-08-28 07:37:44.483779+00:00,2026-08-28 11:07:24.248493+00:00,/nfs/data/sz_44/20260828/episode_20260828_072617_000_1e679d53.npy.mp4
01a04743-8f08-79f9-a3a6-19aef9dfa197,industrial packing,completed,yam,yam_0_61,25.4,huangrongbo,good,,,prod,2026-08-28 08:12:26.943240+00:00,2026-08-28 11:07:24.140658+00:00,/nfs/data/sz_44/20260828/episode_20260828_072645_000_69b0babb.npy.mp4
01a04744-0438-7575-98ac-138be746fbc3,industrial packing,completed,yam,yam_0_61,30.1,huangrongbo,good,,,prod,2026-08-28 08:09:46.108705+00:00,2026-08-28 11:07:24.108189+00:00,/nfs/data/sz_44/20260828/episode_20260828_072715_000_bd6e682e.npy.mp4
01a04744-8cf0-7772-8789-6916de1104a4,industrial packing,completed,yam,yam_0_61,24.2,huangrongbo,good,,,prod,2026-08-28 08:16:00.259253+00:00,2026-08-28 11:07:23.572135+00:00,/nfs/data/sz_44/20260828/episode_20260828_072750_000_37a5e448.npy.mp4
01a04744-fa50-7173-b83c-454cbfb178bd,industrial packing,completed,yam,yam_0_61,21.6,huangrongbo,good,,,prod,2026-08-28 08:08:52.049442+00:00,2026-08-28 11:07:23.544785+00:00,/nfs/data/sz_44/20260828/episode_20260828_072818_000_2b4be250.npy.mp4
01a04745-5fe0-7c60-a9aa-02b4c36c21aa,industrial packing,completed,yam,yam_0_61,25.6,huangrongbo,good,,,prod,2026-08-28 08:06:30.719817+00:00,2026-08-28 11:07:23.507612+00:00,/nfs/data/sz_44/20260828/episode_20260828_072844_000_41909650.npy.mp4
01a04745-d510-72be-8552-002651ab680f,industrial packing,completed,yam,yam_0_61,26.0,huangrongbo,good,,,prod,2026-08-28 08:06:43.216568+00:00,2026-08-28 11:07:23.469989+00:00,/nfs/data/sz_44/20260828/episode_20260828_072914_000_110485db.npy.mp4
01a04746-4a40-7653-a5a6-26416109a8bc,industrial packing,completed,yam,yam_0_61,25.3,huangrongbo,good,,,prod,2026-08-28 08:18:00.054791+00:00,2026-08-28 11:07:23.392783+00:00,/nfs/data/sz_44/20260828/episode_20260828_072944_000_f7f20ef4.npy.mp4
01a04746-bf70-728d-aa05-725a3796e9dd,industrial packing,completed,yam,yam_0_61,27.9,huangrongbo,good,,,prod,2026-08-28 07:37:39.046042+00:00,2026-08-28 11:07:22.900897+00:00,/nfs/data/sz_44/20260828/episode_20260828_073014_000_9b44208f.npy.mp4
01a04747-b1a0-726b-821f-1cf261ec1a0f,industrial packing,completed,yam,yam_0_61,25.7,huangrongbo,good,,,prod,2026-08-28 08:13:14.501904+00:00,2026-08-28 11:07:22.182683+00:00,/nfs/data/sz_44/20260828/episode_20260828_073116_000_3c2647ca.npy.mp4
01a04747-4058-75e4-b859-a88c81327df7,industrial packing,completed,yam,yam_0_61,24.0,huangrongbo,good,,,prod,2026-08-28 08:14:15.144241+00:00,2026-08-28 11:07:22.027894+00:00,/nfs/data/sz_44/20260828/episode_20260828_073047_000_92ae4378.npy.mp4
01a04748-26d0-7b1a-9b44-a3b063853f95,industrial packing,completed,yam,yam_0_61,23.5,huangrongbo,good,,,prod,2026-08-28 07:39:22.241885+00:00,2026-08-28 11:07:21.563435+00:00,/nfs/data/sz_44/20260828/episode_20260828_073146_000_618fd782.npy.mp4
01a04748-9430-78cd-9c4e-21863ff3f848,industrial packing,completed,yam,yam_0_61,27.0,huangrongbo,good,,,prod,2026-08-28 08:10:00.438878+00:00,2026-08-28 11:07:21.554504+00:00,/nfs/data/sz_44/20260828/episode_20260828_073214_000_df696ad3.npy.mp4
01a04749-1130-7470-82db-23b1d27ebde5,industrial packing,completed,yam,yam_0_61,27.1,huangrongbo,good,,,prod,2026-08-28 08:18:05.359076+00:00,2026-08-28 11:07:21.450813+00:00,/nfs/data/sz_44/20260828/episode_20260828_073246_000_cc4e6a0f.npy.mp4
01a04749-8e30-71a8-aa8d-c685d70dcc1e,industrial packing,completed,yam,yam_0_61,27.1,huangrongbo,good,,,prod,2026-08-28 07:42:51.438565+00:00,2026-08-28 11:07:20.922446+00:00,/nfs/data/sz_44/20260828/episode_20260828_073318_000_b9c09a84.npy.mp4
01a0474a-0748-795a-9b45-6707761e086b,industrial packing,completed,yam,yam_0_61,25.0,huangrongbo,good,,,prod,2026-08-28 08:11:31.640178+00:00,2026-08-28 11:07:20.819728+00:00,/nfs/data/sz_44/20260828/episode_20260828_073349_000_631dd71c.npy.mp4
01a0474a-e9d8-78c4-b479-ad8be3569d47,industrial packing,completed,yam,yam_0_61,26.2,huangrongbo,good,,,prod,2026-08-28 08:08:18.948895+00:00,2026-08-28 11:07:20.276745+00:00,/nfs/data/sz_44/20260828/episode_20260828_073447_000_8b4a13d8.npy.mp4
01a0474a-7c78-7da0-bc1c-33f05ffe2cb6,industrial packing,completed,yam,yam_0_61,23.7,huangrongbo,good,,,prod,2026-08-28 07:42:10.498763+00:00,2026-08-28 11:07:20.121886+00:00,/nfs/data/sz_44/20260828/episode_20260828_073419_000_b64d7d11.npy.mp4
01a0474b-66d8-70b5-be2c-53a14b0a2a16,industrial packing,completed,yam,yam_0_61,27.0,huangrongbo,good,,,prod,2026-08-28 07:40:51.093494+00:00,2026-08-28 11:07:19.776004+00:00,/nfs/data/sz_44/20260828/episode_20260828_073519_000_5bf11b1a.npy.mp4
01a0474b-dff0-7c5a-b8cf-426e005e9c29,industrial packing,completed,yam,yam_0_61,25.0,huangrongbo,good,,,prod,2026-08-28 07:38:15.448032+00:00,2026-08-28 11:07:19.753565+00:00,/nfs/data/sz_44/20260828/episode_20260828_073550_000_814c0368.npy.mp4
01a0474c-5520-766b-b5e4-a82113cf43f0,industrial packing,completed,yam,yam_0_61,26.3,huangrongbo,good,,,prod,2026-08-28 08:00:47.823213+00:00,2026-08-28 11:07:19.672788+00:00,/nfs/data/sz_44/20260828/episode_20260828_073620_000_de94323d.npy.mp4
01a0474c-ce38-76fe-bcf7-e0f9968ff035,industrial packing,completed,yam,yam_0_61,23.8,huangrongbo,good,,,prod,2026-08-28 08:04:38.038462+00:00,2026-08-28 11:07:19.625224+00:00,/nfs/data/sz_44/20260828/episode_20260828_073651_000_5303cb52.npy.mp4
01a0474d-3b98-75f8-93bf-855ce8bc236d,industrial packing,completed,yam,yam_0_61,30.3,huangrongbo,good,,,prod,2026-08-28 08:00:02.074567+00:00,2026-08-28 11:07:19.622206+00:00,/nfs/data/sz_44/20260828/episode_20260828_073719_000_0de3b3b7.npy.mp4
01a0474d-c838-7714-bc23-0e2f4aa25b3b,industrial packing,completed,yam,yam_0_61,25.4,huangrongbo,good,,,prod,2026-08-28 08:08:02.349471+00:00,2026-08-28 11:07:19.610340+00:00,/nfs/data/sz_44/20260828/episode_20260828_073755_000_d810da6c.npy.mp4
01a0474e-3d68-78b6-9b4f-e4501afdce7d,industrial packing,completed,yam,yam_0_61,24.4,huangrongbo,good,,,prod,2026-08-28 08:08:41.758828+00:00,2026-08-28 11:07:19.446370+00:00,/nfs/data/sz_44/20260828/episode_20260828_073825_000_5aecd48c.npy.mp4
01a0474e-aeb0-7f20-8bba-964f3da495db,industrial packing,completed,yam,yam_0_61,27.8,huangrongbo,good,,,prod,2026-08-28 08:02:04.131232+00:00,2026-08-28 11:07:18.998898+00:00,/nfs/data/sz_44/20260828/episode_20260828_073854_000_ed52c122.npy.mp4
01a0474f-2bb0-7eeb-81e8-08d02e002088,industrial packing,completed,yam,yam_0_61,27.7,huangrongbo,good,,,prod,2026-08-28 08:06:36.968158+00:00,2026-08-28 11:07:18.936674+00:00,/nfs/data/sz_44/20260828/episode_20260828_073926_000_687523af.npy.mp4
01a0474f-a4c8-74d2-adac-26463a411c56,industrial packing,completed,yam,yam_0_61,29.9,huangrongbo,good,,,prod,2026-08-28 08:01:00.139082+00:00,2026-08-28 11:07:18.916715+00:00,/nfs/data/sz_44/20260828/episode_20260828_073957_000_d8c347be.npy.mp4
01a04750-2d80-785b-a643-23207134d7ea,industrial packing,completed,yam,yam_0_61,24.6,huangrongbo,good,,,prod,2026-08-28 08:05:20.765909+00:00,2026-08-28 11:07:18.263806+00:00,/nfs/data/sz_44/20260828/episode_20260828_074032_000_1b528d7e.npy.mp4
01a04750-9ec8-712b-ab27-cb9c02be921c,industrial packing,completed,yam,yam_0_61,24.1,huangrongbo,good,,,prod,2026-08-28 08:03:50.064835+00:00,2026-08-28 11:07:18.217039+00:00,/nfs/data/sz_44/20260828/episode_20260828_074101_000_970d2d24.npy.mp4
01a04751-1010-7571-9c79-214ddde1cb75,industrial packing,completed,yam,yam_0_61,23.6,huangrongbo,good,,,prod,2026-08-28 08:06:08.308390+00:00,2026-08-28 11:07:17.599533+00:00,/nfs/data/sz_44/20260828/episode_20260828_074130_000_42a77907.npy.mp4
01a04751-7d70-712b-b411-1769b38a4ed3,industrial packing,completed,yam,yam_0_61,24.3,huangrongbo,good,,,prod,2026-08-28 07:59:49.781596+00:00,2026-08-28 11:07:17.137357+00:00,/nfs/data/sz_44/20260828/episode_20260828_074158_000_8470939b.npy.mp4
01a04751-fa70-70aa-a463-8950ab01695a,industrial packing,completed,yam,yam_0_61,23.9,huangrongbo,good,,,prod,2026-08-28 08:13:35.882261+00:00,2026-08-28 11:07:17.110781+00:00,/nfs/data/sz_44/20260828/episode_20260828_074230_000_1908ac86.npy.mp4
01a04752-67d0-7e06-a8db-c8182f1e00aa,industrial packing,completed,yam,yam_0_61,25.7,huangrongbo,good,,,prod,2026-08-28 07:59:44.533366+00:00,2026-08-28 11:07:17.045543+00:00,/nfs/data/sz_44/20260828/episode_20260828_074258_000_81bc5496.npy.mp4
01a04752-e0e8-721a-8669-fad9326bd31f,industrial packing,completed,yam,yam_0_61,25.9,huangrongbo,good,,,prod,2026-08-28 08:11:50.800289+00:00,2026-08-28 11:07:16.996280+00:00,/nfs/data/sz_44/20260828/episode_20260828_074329_000_1ad4743d.npy.mp4
01a04755-b778-7cb1-8c22-44fbc78e9442,industrial packing,completed,yam,yam_0_61,27.6,huangrongbo,good,,,prod,2026-08-28 08:16:31.178645+00:00,2026-08-28 11:07:16.970612+00:00,/nfs/data/sz_44/20260828/episode_20260828_074635_000_eb8e01e3.npy.mp4
01a04756-3478-7f17-a1e8-aec786085da1,industrial packing,completed,yam,yam_0_61,27.5,huangrongbo,good,,,prod,2026-08-28 08:10:31.310628+00:00,2026-08-28 11:07:16.900378+00:00,/nfs/data/sz_44/20260828/episode_20260828_074707_000_ad2d24f6.npy.mp4
01a046f2-32e8-7607-abe9-39c298367e85,industrial packing,completed,yam,yam_0_61,31.2,huangrongbo,good,,,prod,2026-08-28 08:18:20.903388+00:00,2026-08-28 11:07:00.246129+00:00,/nfs/data/sz_44/20260828/episode_20260828_055753_000_c66c71dc.npy.mp4
01a046f2-bf88-7d38-b9df-6270a20992a5,industrial packing,completed,yam,yam_0_61,31.5,huangrongbo,good,,,prod,2026-08-28 06:35:25.131395+00:00,2026-08-28 11:07:00.077006+00:00,/nfs/data/sz_44/20260828/episode_20260828_055829_000_42e6408d.npy.mp4
01a046f3-5010-78fc-b472-90f7700fd856,industrial packing,completed,yam,yam_0_61,31.8,huangrongbo,good,,,prod,2026-08-28 06:35:51.493126+00:00,2026-08-28 11:06:59.501536+00:00,/nfs/data/sz_44/20260828/episode_20260828_055906_000_5868498c.npy.mp4
01a046f3-dcb0-729f-a5b7-02d60ac1dc2a,industrial packing,completed,yam,yam_0_61,30.8,huangrongbo,good,,,prod,2026-08-28 07:17:57.380755+00:00,2026-08-28 11:06:59.436907+00:00,/nfs/data/sz_44/20260828/episode_20260828_055942_000_388d8b5d.npy.mp4
01a046f4-6568-7379-91b6-cad0bd2b5b36,industrial packing,completed,yam,yam_0_61,29.6,huangrongbo,good,,,prod,2026-08-28 08:18:12.624326+00:00,2026-08-28 11:06:58.978714+00:00,/nfs/data/sz_44/20260828/episode_20260828_060017_000_d8bb0798.npy.mp4
01a046f6-da50-7df0-b705-9c34d0f44f69,industrial packing,completed,yam,yam_0_61,30.6,huangrongbo,good,,,prod,2026-08-28 07:17:35.560245+00:00,2026-08-28 11:06:58.928548+00:00,/nfs/data/sz_44/20260828/episode_20260828_060258_000_1b9b3beb.npy.mp4
01a046f7-6308-7b03-98af-4cac7d78dd2d,industrial packing,completed,yam,yam_0_61,28.4,huangrongbo,good,,,prod,2026-08-28 07:15:04.128453+00:00,2026-08-28 11:06:58.838517+00:00,/nfs/data/sz_44/20260828/episode_20260828_060333_000_a659f964.npy.mp4
01a046f7-e008-7c56-97d0-9c5ea63e38e4,industrial packing,completed,yam,yam_0_61,29.6,huangrongbo,good,,,prod,2026-08-28 07:15:25.764788+00:00,2026-08-28 11:06:58.756789+00:00,/nfs/data/sz_44/20260828/episode_20260828_060405_000_3a8e90a0.npy.mp4
01a046f8-64d8-728f-80b7-6465a361c72b,industrial packing,completed,yam,yam_0_61,27.9,huangrongbo,good,,,prod,2026-08-28 06:29:50.624543+00:00,2026-08-28 11:06:58.252220+00:00,/nfs/data/sz_44/20260828/episode_20260828_060439_000_7dc69880.npy.mp4
01a046f8-e5c0-71e1-8769-3e535423525a,industrial packing,completed,yam,yam_0_61,29.5,huangrongbo,good,,,prod,2026-08-28 06:30:58.531696+00:00,2026-08-28 11:06:58.217361+00:00,/nfs/data/sz_44/20260828/episode_20260828_060512_000_182b41fe.npy.mp4
01a046f9-66a8-7416-9435-bfd860593f18,industrial packing,completed,yam,yam_0_61,26.8,huangrongbo,good,,,prod,2026-08-28 07:23:21.034563+00:00,2026-08-28 11:06:58.152515+00:00,/nfs/data/sz_44/20260828/episode_20260828_060545_000_976ff090.npy.mp4
01a046f9-dfc0-7b0a-9568-c8dcf14d9be9,industrial packing,completed,yam,yam_0_61,29.7,huangrongbo,good,,,prod,2026-08-28 07:17:28.246834+00:00,2026-08-28 11:06:58.096404+00:00,/nfs/data/sz_44/20260828/episode_20260828_060616_000_70503dbb.npy.mp4
01a046fa-6490-7168-8cae-95ad3ffc245a,industrial packing,completed,yam,yam_0_61,26.9,huangrongbo,good,,,prod,2026-08-28 06:35:08.874493+00:00,2026-08-28 11:06:58.058680+00:00,/nfs/data/sz_44/20260828/episode_20260828_060650_000_ffcdda09.npy.mp4
01a046fa-dda8-7ac4-8f78-c19550636a64,industrial packing,completed,yam,yam_0_61,28.6,huangrongbo,good,,,prod,2026-08-28 06:29:44.345536+00:00,2026-08-28 11:06:57.435582+00:00,/nfs/data/sz_44/20260828/episode_20260828_060721_000_7beaa3e4.npy.mp4
01a046fb-5e90-73e5-83ff-02e05a2143c8,industrial packing,completed,yam,yam_0_61,28.3,huangrongbo,good,,,prod,2026-08-28 08:18:27.171658+00:00,2026-08-28 11:06:56.969693+00:00,/nfs/data/sz_44/20260828/episode_20260828_060754_000_c54ae71a.npy.mp4
01a046fd-fa88-7ec6-87ca-164a52d7de14,industrial packing,completed,yam,yam_0_61,36.2,huangrongbo,good,,,prod,2026-08-28 06:32:12.292750+00:00,2026-08-28 11:06:56.886682+00:00,/nfs/data/sz_44/20260828/episode_20260828_061045_000_30e9eb71.npy.mp4
01a046fe-96c8-7853-8293-496683f78522,industrial packing,completed,yam,yam_0_61,31.2,huangrongbo,good,,,prod,2026-08-28 06:33:48.350613+00:00,2026-08-28 11:06:56.828466+00:00,/nfs/data/sz_44/20260828/episode_20260828_061125_000_00eee0ad.npy.mp4
01a046ff-2b38-737c-aaee-62ac5a2806f3,industrial packing,completed,yam,yam_0_61,28.7,huangrongbo,good,,,prod,2026-08-28 07:17:01.308918+00:00,2026-08-28 11:06:56.813171+00:00,/nfs/data/sz_44/20260828/episode_20260828_061203_000_effdd911.npy.mp4
01a046ff-a838-7362-b715-661aff0e4fc7,industrial packing,completed,yam,yam_0_61,32.4,huangrongbo,good,,,prod,2026-08-28 06:30:19.321928+00:00,2026-08-28 11:06:56.732055+00:00,/nfs/data/sz_44/20260828/episode_20260828_061235_000_9ab53a66.npy.mp4
01a04701-8c98-7d5d-8e79-e05508318177,industrial packing,completed,yam,yam_0_61,30.6,huangrongbo,good,,,prod,2026-08-28 06:29:02.682952+00:00,2026-08-28 11:06:56.693418+00:00,/nfs/data/sz_44/20260828/episode_20260828_061439_000_03b0506a.npy.mp4
01a04702-d4b8-7d94-91a3-2c0781b47869,industrial packing,completed,yam,yam_0_61,33.3,huangrongbo,good,,,prod,2026-08-28 06:31:13.924040+00:00,2026-08-28 11:06:56.667701+00:00,/nfs/data/sz_44/20260828/episode_20260828_061603_000_a1e1d07d.npy.mp4
01a04702-1938-7bd1-9675-a06003736614,industrial packing,completed,yam,yam_0_61,26.1,huangrongbo,good,,,prod,2026-08-28 06:31:55.950031+00:00,2026-08-28 11:06:56.667259+00:00,/nfs/data/sz_44/20260828/episode_20260828_061515_000_62465b7f.npy.mp4
01a04703-6d10-77ff-9675-1c0f142b82d9,industrial packing,completed,yam,yam_0_61,27.6,huangrongbo,good,,,prod,2026-08-28 06:33:28.062077+00:00,2026-08-28 11:06:56.096827+00:00,/nfs/data/sz_44/20260828/episode_20260828_061642_000_c88fcb0f.npy.mp4
01a04703-ea10-78e3-9063-3d0f7b15e5c1,industrial packing,completed,yam,yam_0_61,31.8,huangrongbo,good,,,prod,2026-08-28 07:14:24.314238+00:00,2026-08-28 11:06:56.019868+00:00,/nfs/data/sz_44/20260828/episode_20260828_061714_000_aa50432c.npy.mp4
01a04704-76b0-77ae-87df-6aa8ff22b315,industrial packing,completed,yam,yam_0_61,30.1,huangrongbo,good,,,prod,2026-08-28 06:30:45.000755+00:00,2026-08-28 11:06:55.958217+00:00,/nfs/data/sz_44/20260828/episode_20260828_061750_000_47a7fd29.npy.mp4
01a04704-ff68-7a1e-8159-a88aacddf716,industrial packing,completed,yam,yam_0_61,30.7,huangrongbo,good,,,prod,2026-08-28 07:15:48.169461+00:00,2026-08-28 11:06:55.931488+00:00,/nfs/data/sz_44/20260828/episode_20260828_061825_000_4eb48466.npy.mp4
01a04705-8ff0-7742-96a4-3cace5262913,industrial packing,completed,yam,yam_0_61,28.9,huangrongbo,good,,,prod,2026-08-28 06:30:30.639847+00:00,2026-08-28 11:06:55.295698+00:00,/nfs/data/sz_44/20260828/episode_20260828_061902_000_27223021.npy.mp4
01a04706-10d8-7bab-b5fb-c1a0697188a5,industrial packing,completed,yam,yam_0_61,28.5,huangrongbo,good,,,prod,2026-08-28 07:18:19.021085+00:00,2026-08-28 11:06:44.325300+00:00,/nfs/data/sz_44/20260828/episode_20260828_061935_000_20426d87.npy.mp4
01a04706-91c0-73fa-85e4-816e351415bd,industrial packing,completed,yam,yam_0_61,28.9,huangrongbo,good,,,prod,2026-08-28 07:23:52.005422+00:00,2026-08-28 11:06:43.773481+00:00,/nfs/data/sz_44/20260828/episode_20260828_062008_000_07de45a1.npy.mp4
01a04707-1690-7e8a-94c3-b233d61f9349,industrial packing,completed,yam,yam_0_61,27.3,huangrongbo,good,,,prod,2026-08-28 07:23:34.346225+00:00,2026-08-28 11:06:38.848953+00:00,/nfs/data/sz_44/20260828/episode_20260828_062042_000_63b1da07.npy.mp4
01a04708-3f70-7c95-8ef9-0798f2d7d4e7,industrial packing,completed,yam,yam_0_61,28.2,huangrongbo,good,,,prod,2026-08-28 08:14:28.501762+00:00,2026-08-28 11:06:32.676783+00:00,/nfs/data/sz_44/20260828/episode_20260828_062158_000_3da156ff.npy.mp4
01a04709-4140-78c9-b321-c9e2044d4e78,industrial packing,completed,yam,yam_0_61,26.9,huangrongbo,good,,,prod,2026-08-28 06:34:35.394531+00:00,2026-08-28 11:06:21.616470+00:00,/nfs/data/sz_44/20260828/episode_20260828_062304_000_c9e83993.npy.mp4
01a04709-ba58-78bb-ac88-0209342d7ad8,industrial packing,completed,yam,yam_0_61,26.8,huangrongbo,good,,,prod,2026-08-28 07:23:39.700894+00:00,2026-08-28 11:06:21.090304+00:00,/nfs/data/sz_44/20260828/episode_20260828_062335_000_ab976fee.npy.mp4
01a0470a-3370-7b2d-97a6-f20b04c209fa,industrial packing,completed,yam,yam_0_61,26.9,huangrongbo,good,,,prod,2026-08-28 06:28:55.341462+00:00,2026-08-28 11:06:18.529110+00:00,/nfs/data/sz_44/20260828/episode_20260828_062406_000_eec88de9.npy.mp4
01a0470a-ac88-7d99-a520-5eb43edbe0da,industrial packing,completed,yam,yam_0_61,26.5,huangrongbo,good,,,prod,2026-08-28 07:17:07.605341+00:00,2026-08-28 11:06:14.056801+00:00,/nfs/data/sz_44/20260828/episode_20260828_062437_000_3a5adc9a.npy.mp4
01a0470b-25a0-7c55-aa83-f1f21c67c69e,industrial packing,completed,yam,yam_0_61,26.1,huangrongbo,good,,,prod,2026-08-28 08:17:11.075248+00:00,2026-08-28 11:06:13.550274+00:00,/nfs/data/sz_44/20260828/episode_20260828_062508_000_44890482.npy.mp4
01a0470b-9ad0-7b2b-887f-7f8d894ede7f,industrial packing,completed,yam,yam_0_61,27.9,huangrongbo,good,,,prod,2026-08-28 06:31:49.470009+00:00,2026-08-28 11:06:12.493725+00:00,/nfs/data/sz_44/20260828/episode_20260828_062538_000_275e7a49.npy.mp4
01a0470c-17d0-7f32-8bc3-ec8ba0c61050,industrial packing,completed,yam,yam_0_61,24.8,huangrongbo,good,,,prod,2026-08-28 07:19:33.637054+00:00,2026-08-28 11:06:11.477299+00:00,/nfs/data/sz_44/20260828/episode_20260828_062610_000_1de3d596.npy.mp4
01a0470c-8d00-73af-b872-0a807bea1231,industrial packing,completed,yam,yam_0_61,28.0,huangrongbo,good,,,prod,2026-08-28 07:21:15.092395+00:00,2026-08-28 11:06:10.372573+00:00,/nfs/data/sz_44/20260828/episode_20260828_062640_000_215fc75f.npy.mp4
01a0470d-0a00-7dc4-9591-1328a118b94d,industrial packing,completed,yam,yam_0_61,25.8,huangrongbo,good,,,prod,2026-08-28 08:16:18.889953+00:00,2026-08-28 11:06:09.293491+00:00,/nfs/data/sz_44/20260828/episode_20260828_062712_000_c7f7ae62.npy.mp4
01a0470d-7f30-7651-ac36-8c7f150e979b,industrial packing,completed,yam,yam_0_61,27.8,huangrongbo,good,,,prod,2026-08-28 06:51:20.791700+00:00,2026-08-28 11:06:08.227472+00:00,/nfs/data/sz_44/20260828/episode_20260828_062742_000_7ef49535.npy.mp4
01a0470d-fc30-7336-998c-462ff12ca03b,industrial packing,completed,yam,yam_0_61,27.3,huangrongbo,good,,,prod,2026-08-28 07:17:13.883866+00:00,2026-08-28 11:06:07.186052+00:00,/nfs/data/sz_44/20260828/episode_20260828_062814_000_02ef6fdd.npy.mp4
01a0470e-7930-760b-b85b-d15c58c74f89,industrial packing,completed,yam,yam_0_61,25.4,huangrongbo,good,,,prod,2026-08-28 07:16:05.887517+00:00,2026-08-28 11:06:06.129560+00:00,/nfs/data/sz_44/20260828/episode_20260828_062846_000_27e2e6bd.npy.mp4
01a0470e-ee60-7ebc-8f69-82f8ed7df9bf,industrial packing,completed,yam,yam_0_61,25.0,huangrongbo,good,,,prod,2026-08-28 06:53:42.620628+00:00,2026-08-28 11:06:05.119978+00:00,/nfs/data/sz_44/20260828/episode_20260828_062916_000_cba744ca.npy.mp4
01a0470f-6390-771e-a6ab-de1668549dae,industrial packing,completed,yam,yam_0_61,27.3,huangrongbo,good,,,prod,2026-08-28 06:53:36.393476+00:00,2026-08-28 11:06:04.048779+00:00,/nfs/data/sz_44/20260828/episode_20260828_062946_000_ad288eb5.npy.mp4
01a0470f-e090-7040-ad5a-02f877136625,industrial packing,completed,yam,yam_0_61,27.5,huangrongbo,good,,,prod,2026-08-28 07:13:57.341260+00:00,2026-08-28 11:06:03.024631+00:00,/nfs/data/sz_44/20260828/episode_20260828_063018_000_bb202671.npy.mp4
01a04710-5d90-7b29-8c46-1933367d8787,industrial packing,completed,yam,yam_0_61,26.6,huangrongbo,good,,,prod,2026-08-28 07:19:55.233889+00:00,2026-08-28 11:06:01.990420+00:00,/nfs/data/sz_44/20260828/episode_20260828_063050_000_47a33e99.npy.mp4
01a04715-5318-7768-bbb8-887f95025e15,industrial packing,completed,yam,yam_0_61,30.0,huangrongbo,good,,,prod,2026-08-28 06:54:34.889033+00:00,2026-08-28 11:06:00.958724+00:00,/nfs/data/sz_44/20260828/episode_20260828_063615_000_f949d50b.npy.mp4
01a04715-f340-77a3-9597-5cf17dfa1c7f,industrial packing,completed,yam,yam_0_61,38.7,huangrongbo,good,,,prod,2026-08-28 07:13:28.739658+00:00,2026-08-28 11:05:59.900317+00:00,/nfs/data/sz_44/20260828/episode_20260828_063656_000_f5ae6027.npy.mp4
01a04716-9b38-7f66-b674-2f0e21be022a,industrial packing,completed,yam,yam_0_61,29.7,huangrongbo,good,,,prod,2026-08-28 08:14:50.075868+00:00,2026-08-28 11:05:58.840633+00:00,/nfs/data/sz_44/20260828/episode_20260828_063739_000_7e7cbd2f.npy.mp4
01a04717-23f0-743a-994d-3340da31a559,industrial packing,completed,yam,yam_0_61,28.0,huangrongbo,good,,,prod,2026-08-28 06:51:07.434395+00:00,2026-08-28 11:05:57.869162+00:00,/nfs/data/sz_44/20260828/episode_20260828_063814_000_095380a0.npy.mp4
01a04717-a4d8-72a0-95d0-f9281ca3c54e,industrial packing,completed,yam,yam_0_61,30.7,huangrongbo,good,,,prod,2026-08-28 06:50:35.985546+00:00,2026-08-28 11:05:56.827177+00:00,/nfs/data/sz_44/20260828/episode_20260828_063847_000_c779da87.npy.mp4
01a04718-3178-7c89-bed6-9b69e04a13fb,industrial packing,completed,yam,yam_0_61,33.7,huangrongbo,good,,,prod,2026-08-28 07:18:54.819913+00:00,2026-08-28 11:05:55.802847+00:00,/nfs/data/sz_44/20260828/episode_20260828_063923_000_0dc587ac.npy.mp4
01a04718-cdb8-7c25-a04e-f4c779a5236a,industrial packing,completed,yam,yam_0_61,29.7,huangrongbo,good,,,prod,2026-08-28 07:20:19.038203+00:00,2026-08-28 11:05:54.763407+00:00,/nfs/data/sz_44/20260828/episode_20260828_064003_000_7c92f026.npy.mp4
01a04719-5288-7143-a014-1fca95523920,industrial packing,completed,yam,yam_0_61,24.7,huangrongbo,good,,,prod,2026-08-28 08:18:52.994142+00:00,2026-08-28 11:05:53.727920+00:00,/nfs/data/sz_44/20260828/episode_20260828_064037_000_6befd652.npy.mp4
01a04719-cf88-735f-a718-9c960ad4aa37,industrial packing,completed,yam,yam_0_61,26.1,huangrongbo,good,,,prod,2026-08-28 07:21:28.394722+00:00,2026-08-28 11:05:52.770519+00:00,/nfs/data/sz_44/20260828/episode_20260828_064109_000_9d520940.npy.mp4
01a0471a-48a0-7b8a-8496-315478add425,industrial packing,completed,yam,yam_0_61,25.7,huangrongbo,good,,,prod,2026-08-28 07:11:43.427017+00:00,2026-08-28 11:05:51.688752+00:00,/nfs/data/sz_44/20260828/episode_20260828_064140_000_6c023964.npy.mp4
01a04708-c058-753c-9efd-7b0efc564314,industrial packing,completed,yam,yam_0_61,29.1,huangrongbo,good,,,prod,2026-08-28 07:16:33.625990+00:00,2026-08-28 10:34:59.475812+00:00,/nfs/data/sz_44/20260828/episode_20260828_062231_000_0a921826.npy.mp4
