id,task_name,status,arm_type,station_type,duration_s,operator,overall_quality,annotation_quality,audit_result,data_purpose,created_at,updated_at,nfs_path
01a0411d-4768-76b1-9190-7257516d221c,industrial packing,completed,yam,yam_zed_0_61,41.3,huangrongbo,good,,,prod,2026-08-27 02:49:14.781932+00:00,2026-08-27 11:14:44.288926+00:00,/nfs/data/sz_50/20260827/episode_20260827_024713_000_bec95c79.npy.mp4
01a0411d-fb18-716c-a086-760f945c1950,industrial packing,completed,yam,yam_zed_0_61,42.1,huangrongbo,good,,,prod,2026-08-27 02:50:00.119101+00:00,2026-08-27 11:14:43.661975+00:00,/nfs/data/sz_50/20260827/episode_20260827_024759_000_9934b9f0.npy.mp4
01a0411e-ba80-7534-8f2b-b38716ab5d2d,industrial packing,completed,yam,yam_zed_0_61,36.8,huangrongbo,good,,,prod,2026-08-27 02:50:48.414768+00:00,2026-08-27 11:14:43.464477+00:00,/nfs/data/sz_50/20260827/episode_20260827_024848_000_81d2d8dd.npy.mp4
01a0411f-5aa8-768b-ab2e-86f0a9451b18,industrial packing,completed,yam,yam_zed_0_61,41.6,huangrongbo,good,,,prod,2026-08-27 02:51:40.691732+00:00,2026-08-27 11:14:43.317275+00:00,/nfs/data/sz_50/20260827/episode_20260827_024929_000_26dc942e.npy.mp4
01a04120-0e58-7b6a-90d6-1817b3b50d6f,industrial packing,completed,yam,yam_zed_0_61,43.3,huangrongbo,good,,,prod,2026-08-27 02:52:20.958849+00:00,2026-08-27 11:14:42.680923+00:00,/nfs/data/sz_50/20260827/episode_20260827_025015_000_73ad3468.npy.mp4
01a04120-c9d8-7dd3-a5de-323c380c40cd,industrial packing,completed,yam,yam_zed_0_61,36.8,huangrongbo,good,,,prod,2026-08-27 02:52:59.229368+00:00,2026-08-27 11:14:42.518847+00:00,/nfs/data/sz_50/20260827/episode_20260827_025103_000_a45e804a.npy.mp4
01a04122-40d8-7cd0-8e46-191b3b4caa7b,industrial packing,completed,yam,yam_zed_0_61,36.1,huangrongbo,good,,,prod,2026-08-27 02:54:32.521893+00:00,2026-08-27 11:14:42.297034+00:00,/nfs/data/sz_50/20260827/episode_20260827_025239_000_539e09ff.npy.mp4
01a04122-e100-7e85-80b2-3ca93b7793a6,industrial packing,completed,yam,yam_zed_0_61,38.2,huangrongbo,good,,,prod,2026-08-27 02:55:15.794613+00:00,2026-08-27 11:14:41.718780+00:00,/nfs/data/sz_50/20260827/episode_20260827_025320_000_ad460dbb.npy.mp4
01a04123-88f8-797f-ae4a-c470377dca19,industrial packing,completed,yam,yam_zed_0_61,35.7,huangrongbo,good,,,prod,2026-08-27 02:55:59.073470+00:00,2026-08-27 11:14:41.517438+00:00,/nfs/data/sz_50/20260827/episode_20260827_025403_000_c07ab54c.npy.mp4
01a04124-2538-7b48-b180-0277b9d23545,industrial packing,completed,yam,yam_zed_0_61,37.5,huangrongbo,good,,,prod,2026-08-27 02:56:43.367090+00:00,2026-08-27 11:14:41.318840+00:00,/nfs/data/sz_50/20260827/episode_20260827_025443_000_a75768cd.npy.mp4
01a04124-c560-70b7-9d22-67370d647f66,industrial packing,completed,yam,yam_zed_0_61,38.6,huangrongbo,good,,,prod,2026-08-27 02:57:22.638266+00:00,2026-08-27 11:14:40.676510+00:00,/nfs/data/sz_50/20260827/episode_20260827_025524_000_30a47181.npy.mp4
01a04125-6d58-7c35-a631-0ef47b50f843,industrial packing,completed,yam,yam_zed_0_61,34.5,huangrongbo,good,,,prod,2026-08-27 02:58:06.908668+00:00,2026-08-27 11:14:40.464882+00:00,/nfs/data/sz_50/20260827/episode_20260827_025607_000_2e719b0c.npy.mp4
01a04126-01c8-7dd9-a41a-d3cd7980da97,industrial packing,completed,yam,yam_zed_0_61,32.2,huangrongbo,good,,,prod,2026-08-27 02:58:33.165586+00:00,2026-08-27 11:14:40.303033+00:00,/nfs/data/sz_50/20260827/episode_20260827_025645_000_9a11bf61.npy.mp4
01a04126-8e68-75fd-bf43-282ecf1ad164,industrial packing,completed,yam,yam_zed_0_61,39.6,huangrongbo,good,,,prod,2026-08-27 02:59:22.458918+00:00,2026-08-27 11:14:39.709520+00:00,/nfs/data/sz_50/20260827/episode_20260827_025721_000_1e3c3afe.npy.mp4
01a04127-3a48-7598-a682-87de6cc4469e,industrial packing,completed,yam,yam_zed_0_61,33.5,huangrongbo,good,,,prod,2026-08-27 02:59:59.743984+00:00,2026-08-27 11:14:39.473363+00:00,/nfs/data/sz_50/20260827/episode_20260827_025805_000_d1cc810b.npy.mp4
01a04127-cad0-7d7a-9c23-2a9cce2f9f8d,industrial packing,completed,yam,yam_zed_0_61,36.6,huangrongbo,good,,,prod,2026-08-27 03:00:38.011998+00:00,2026-08-27 11:14:39.319703+00:00,/nfs/data/sz_50/20260827/episode_20260827_025842_000_699a7e38.npy.mp4
01a04128-6ee0-7061-a19d-7a271858c918,industrial packing,completed,yam,yam_zed_0_61,39.1,huangrongbo,good,,,prod,2026-08-27 03:01:22.301371+00:00,2026-08-27 11:14:38.698959+00:00,/nfs/data/sz_50/20260827/episode_20260827_025924_000_9a63fe66.npy.mp4
01a04129-16d8-74c3-ad2f-cc9adb1a1860,industrial packing,completed,yam,yam_zed_0_61,38.0,huangrongbo,good,,,prod,2026-08-27 03:02:05.586185+00:00,2026-08-27 11:14:38.508210+00:00,/nfs/data/sz_50/20260827/episode_20260827_030007_000_9396e784.npy.mp4
01a04129-bae8-70d4-b2b3-4a5a35d251e6,industrial packing,completed,yam,yam_zed_0_61,33.6,huangrongbo,good,,,prod,2026-08-27 03:02:42.913569+00:00,2026-08-27 11:14:38.323351+00:00,/nfs/data/sz_50/20260827/episode_20260827_030049_000_26ceefd8.npy.mp4
01a0412a-5728-79f3-8290-d04668540aa8,industrial packing,completed,yam,yam_zed_0_61,31.7,huangrongbo,good,,,prod,2026-08-27 03:03:25.201962+00:00,2026-08-27 11:14:37.703359+00:00,/nfs/data/sz_50/20260827/episode_20260827_030129_000_34b371ed.npy.mp4
01a0412a-e3c8-71fb-97f3-1a2ce32feea1,industrial packing,completed,yam,yam_zed_0_61,33.0,huangrongbo,good,,,prod,2026-08-27 03:03:56.592358+00:00,2026-08-27 11:14:37.510088+00:00,/nfs/data/sz_50/20260827/episode_20260827_030205_000_9fabd668.npy.mp4
01a0412b-7c20-70a2-8098-041f0359866a,industrial packing,completed,yam,yam_zed_0_61,32.5,huangrongbo,good,,,prod,2026-08-27 03:04:40.163562+00:00,2026-08-27 11:14:37.336481+00:00,/nfs/data/sz_50/20260827/episode_20260827_030244_000_ff989c2f.npy.mp4
01a0412c-1090-71a5-ad5a-0efd2b62f674,industrial packing,completed,yam,yam_zed_0_61,34.2,huangrongbo,good,,,prod,2026-08-27 03:05:18.527302+00:00,2026-08-27 11:14:36.704633+00:00,/nfs/data/sz_50/20260827/episode_20260827_030322_000_3abfbea7.npy.mp4
01a0412c-a500-7a22-a9ae-439a6bd84758,industrial packing,completed,yam,yam_zed_0_61,33.5,huangrongbo,good,,,prod,2026-08-27 03:05:56.805142+00:00,2026-08-27 11:14:36.515383+00:00,/nfs/data/sz_50/20260827/episode_20260827_030400_000_b3c098a3.npy.mp4
01a0412d-3970-7989-94a6-51317319a4f8,industrial packing,completed,yam,yam_zed_0_61,35.2,huangrongbo,good,,,prod,2026-08-27 03:06:36.108830+00:00,2026-08-27 11:14:36.326030+00:00,/nfs/data/sz_50/20260827/episode_20260827_030438_000_f0650686.npy.mp4
01a0412d-d1c8-795e-8e07-a6a189e3864a,industrial packing,completed,yam,yam_zed_0_61,33.8,huangrongbo,good,,,prod,2026-08-27 03:07:14.407965+00:00,2026-08-27 11:14:35.743330+00:00,/nfs/data/sz_50/20260827/episode_20260827_030517_000_8635542b.npy.mp4
01a0412e-6638-78aa-8d33-8fbeeefe676a,industrial packing,completed,yam,yam_zed_0_61,34.9,huangrongbo,good,,,prod,2026-08-27 03:07:52.683103+00:00,2026-08-27 11:14:35.549422+00:00,/nfs/data/sz_50/20260827/episode_20260827_030555_000_d7c370d2.npy.mp4
01a0412f-77a8-720d-91ae-b1dee934aafc,industrial packing,completed,yam,yam_zed_0_61,33.5,huangrongbo,good,,,prod,2026-08-27 03:09:01.021620+00:00,2026-08-27 11:14:35.354510+00:00,/nfs/data/sz_50/20260827/episode_20260827_030705_000_d20f7222.npy.mp4
01a04130-0c18-77e0-871f-edd235b1c388,industrial packing,completed,yam,yam_zed_0_61,35.2,huangrongbo,good,,,prod,2026-08-27 03:09:40.328322+00:00,2026-08-27 11:14:34.807664+00:00,/nfs/data/sz_50/20260827/episode_20260827_030743_000_6b24d68f.npy.mp4
01a04130-a470-7c90-98ba-338aeef9719e,industrial packing,completed,yam,yam_zed_0_61,35.7,huangrongbo,good,,,prod,2026-08-27 03:10:24.667371+00:00,2026-08-27 11:14:34.594916+00:00,/nfs/data/sz_50/20260827/episode_20260827_030822_000_ecb9aaba.npy.mp4
01a04131-40b0-7637-910a-5e9243dc0504,industrial packing,completed,yam,yam_zed_0_61,36.3,huangrongbo,good,,,prod,2026-08-27 03:11:04.962610+00:00,2026-08-27 11:14:34.413171+00:00,/nfs/data/sz_50/20260827/episode_20260827_030902_000_361f4bca.npy.mp4
01a04131-e0d8-7dda-826b-fbc35e6bf139,industrial packing,completed,yam,yam_zed_0_61,32.7,huangrongbo,good,,,prod,2026-08-27 03:11:38.243172+00:00,2026-08-27 11:14:33.823622+00:00,/nfs/data/sz_50/20260827/episode_20260827_030943_000_d2eb3b4f.npy.mp4
01a04132-7160-7f80-b789-79f97ded8cb3,industrial packing,completed,yam,yam_zed_0_61,35.0,huangrongbo,good,,,prod,2026-08-27 03:12:22.566606+00:00,2026-08-27 11:14:33.635476+00:00,/nfs/data/sz_50/20260827/episode_20260827_031020_000_56e98aa8.npy.mp4
01a04133-09b8-795f-a1e5-ad3b95513e8b,industrial packing,completed,yam,yam_zed_0_61,32.0,huangrongbo,good,,,prod,2026-08-27 03:12:54.880615+00:00,2026-08-27 11:14:33.439213+00:00,/nfs/data/sz_50/20260827/episode_20260827_031059_000_3b0f339d.npy.mp4
01a04133-9a40-7991-a2b9-db3ee723217d,industrial packing,completed,yam,yam_zed_0_61,34.6,huangrongbo,good,,,prod,2026-08-27 03:13:33.178579+00:00,2026-08-27 11:14:32.680812+00:00,/nfs/data/sz_50/20260827/episode_20260827_031136_000_c7f161fd.npy.mp4
01a04134-3680-7ea6-90b7-55347fb9218e,industrial packing,completed,yam,yam_zed_0_61,30.9,huangrongbo,good,,,prod,2026-08-27 03:14:10.464636+00:00,2026-08-27 11:14:32.482026+00:00,/nfs/data/sz_50/20260827/episode_20260827_031216_000_dc8d9b5d.npy.mp4
01a04134-bb50-7b46-beab-e85274e93c50,industrial packing,completed,yam,yam_zed_0_61,32.0,huangrongbo,good,,,prod,2026-08-27 03:14:42.742775+00:00,2026-08-27 11:14:32.321746+00:00,/nfs/data/sz_50/20260827/episode_20260827_031250_000_00121319.npy.mp4
01a04135-4fc0-762a-a60d-ec74ded1239f,industrial packing,completed,yam,yam_zed_0_61,31.6,huangrongbo,good,,,prod,2026-08-27 03:15:14.018031+00:00,2026-08-27 11:14:31.714914+00:00,/nfs/data/sz_50/20260827/episode_20260827_031328_000_d70bb56a.npy.mp4
01a04135-dc60-7a6e-b8b2-8bb726711829,industrial packing,completed,yam,yam_zed_0_61,31.0,huangrongbo,good,,,prod,2026-08-27 03:15:56.324420+00:00,2026-08-27 11:14:31.512878+00:00,/nfs/data/sz_50/20260827/episode_20260827_031404_000_f7c05465.npy.mp4
01a04136-6518-73f5-9c6e-a42eebc09479,industrial packing,completed,yam,yam_zed_0_61,28.8,huangrongbo,good,,,prod,2026-08-27 03:16:26.611255+00:00,2026-08-27 11:14:31.340020+00:00,/nfs/data/sz_50/20260827/episode_20260827_031439_000_e7802eb3.npy.mp4
01a04136-e600-7136-926d-3d011ebc6148,industrial packing,completed,yam,yam_zed_0_61,28.9,huangrongbo,good,,,prod,2026-08-27 03:17:02.925340+00:00,2026-08-27 11:14:30.740924+00:00,/nfs/data/sz_50/20260827/episode_20260827_031512_000_1c28636e.npy.mp4
01a04137-66e8-7077-8bbc-8544331ae535,industrial packing,completed,yam,yam_zed_0_61,35.1,huangrongbo,good,,,prod,2026-08-27 03:17:40.198707+00:00,2026-08-27 11:14:30.566330+00:00,/nfs/data/sz_50/20260827/episode_20260827_031545_000_1d3b9f1e.npy.mp4
01a04137-ff40-7161-92ec-8285f9582154,industrial packing,completed,yam,yam_zed_0_61,29.5,huangrongbo,good,,,prod,2026-08-27 03:18:16.514422+00:00,2026-08-27 11:14:30.378026+00:00,/nfs/data/sz_50/20260827/episode_20260827_031624_000_997e2741.npy.mp4
01a04138-8410-7cf2-853e-6d09b734455c,industrial packing,completed,yam,yam_zed_0_61,32.9,huangrongbo,good,,,prod,2026-08-27 03:18:48.780969+00:00,2026-08-27 11:14:29.805240+00:00,/nfs/data/sz_50/20260827/episode_20260827_031658_000_49fc3e17.npy.mp4
01a04139-1498-7438-b5da-95f38018547d,industrial packing,completed,yam,yam_zed_0_61,32.1,huangrongbo,good,,,prod,2026-08-27 03:19:25.038897+00:00,2026-08-27 11:14:29.618008+00:00,/nfs/data/sz_50/20260827/episode_20260827_031735_000_1a73ca04.npy.mp4
01a04139-a520-753a-b3c3-3fa4c0dc1e7f,industrial packing,completed,yam,yam_zed_0_61,33.4,huangrongbo,good,,,prod,2026-08-27 03:20:08.349038+00:00,2026-08-27 11:14:29.415274+00:00,/nfs/data/sz_50/20260827/episode_20260827_031812_000_7cc384e7.npy.mp4
01a0413a-35a8-730e-88e5-9ac066bb3dbd,industrial packing,completed,yam,yam_zed_0_61,32.7,huangrongbo,good,,,prod,2026-08-27 03:20:45.627749+00:00,2026-08-27 11:14:28.661233+00:00,/nfs/data/sz_50/20260827/episode_20260827_031849_000_2666cdaa.npy.mp4
01a0413a-fce0-7fe0-a50a-c2f2b6eb0137,industrial packing,completed,yam,yam_zed_0_61,39.4,huangrongbo,good,,,prod,2026-08-27 03:21:47.022554+00:00,2026-08-27 11:14:28.486129+00:00,/nfs/data/sz_50/20260827/episode_20260827_031940_000_d47c6a9b.npy.mp4
01a0413b-aca8-728f-a4b5-6df6391be739,industrial packing,completed,yam,yam_zed_0_61,34.4,huangrongbo,good,,,prod,2026-08-27 03:22:25.334668+00:00,2026-08-27 11:14:28.348589+00:00,/nfs/data/sz_50/20260827/episode_20260827_032025_000_03cf3b0b.npy.mp4
01a0413c-4500-7df7-a5dd-d4174c7eee3f,industrial packing,completed,yam,yam_zed_0_61,35.8,huangrongbo,good,,,prod,2026-08-27 03:23:05.696005+00:00,2026-08-27 11:14:22.665441+00:00,/nfs/data/sz_50/20260827/episode_20260827_032104_000_6c7944db.npy.mp4
01a0413c-e140-70c0-a683-375b9dac9bb2,industrial packing,completed,yam,yam_zed_0_61,33.5,huangrongbo,good,,,prod,2026-08-27 03:23:38.988973+00:00,2026-08-27 11:14:22.499356+00:00,/nfs/data/sz_50/20260827/episode_20260827_032144_000_aa7b092e.npy.mp4
01a0413d-75b0-7b47-9d31-abc27657df4b,industrial packing,completed,yam,yam_zed_0_61,37.7,huangrongbo,good,,,prod,2026-08-27 03:24:24.266397+00:00,2026-08-27 11:14:22.367524+00:00,/nfs/data/sz_50/20260827/episode_20260827_032222_000_c20c986c.npy.mp4
01a0413e-19c0-7bf6-8670-ed5974fd1ead,industrial packing,completed,yam,yam_zed_0_61,40.3,huangrongbo,good,,,prod,2026-08-27 03:25:03.513576+00:00,2026-08-27 11:14:21.724982+00:00,/nfs/data/sz_50/20260827/episode_20260827_032304_000_402a4dc8.npy.mp4
01a0413e-c988-7ac4-acb7-49cfbcada2f1,industrial packing,completed,yam,yam_zed_0_61,34.9,huangrongbo,good,,,prod,2026-08-27 03:25:40.777319+00:00,2026-08-27 11:14:21.542225+00:00,/nfs/data/sz_50/20260827/episode_20260827_032349_000_31272d46.npy.mp4
01a0413f-61e0-7389-aff3-7c98027c9914,industrial packing,completed,yam,yam_zed_0_61,37.6,huangrongbo,good,,,prod,2026-08-27 03:26:31.053131+00:00,2026-08-27 11:14:21.353144+00:00,/nfs/data/sz_50/20260827/episode_20260827_032428_000_e2f08969.npy.mp4
01a04140-05f0-7616-a79e-6c23a50582b4,industrial packing,completed,yam,yam_zed_0_61,35.8,huangrongbo,good,,,prod,2026-08-27 03:27:04.305882+00:00,2026-08-27 11:14:20.794003+00:00,/nfs/data/sz_50/20260827/episode_20260827_032510_000_cac5efe2.npy.mp4
01a04140-9e48-7a84-b215-b3584d04251c,industrial packing,completed,yam,yam_zed_0_61,35.7,huangrongbo,good,,,prod,2026-08-27 03:27:41.564396+00:00,2026-08-27 11:14:20.605917+00:00,/nfs/data/sz_50/20260827/episode_20260827_032549_000_7930946a.npy.mp4
01a04141-3e70-7a41-9982-28f0c12a3d5b,industrial packing,completed,yam,yam_zed_0_61,36.3,huangrongbo,good,,,prod,2026-08-27 03:28:24.820325+00:00,2026-08-27 11:14:20.389439+00:00,/nfs/data/sz_50/20260827/episode_20260827_032630_000_6cb100e7.npy.mp4
01a04141-dab0-7c02-b414-62091a200e6b,industrial packing,completed,yam,yam_zed_0_61,35.3,huangrongbo,good,,,prod,2026-08-27 03:29:02.104639+00:00,2026-08-27 11:14:19.657447+00:00,/nfs/data/sz_50/20260827/episode_20260827_032710_000_d018436b.npy.mp4
01a04142-76f0-7dd3-ae8e-572216337c00,industrial packing,completed,yam,yam_zed_0_61,33.6,huangrongbo,good,,,prod,2026-08-27 03:29:45.381168+00:00,2026-08-27 11:14:19.489350+00:00,/nfs/data/sz_50/20260827/episode_20260827_032750_000_0eb7f0dd.npy.mp4
01a04143-0b60-76cd-91b2-18dae8a8dca3,industrial packing,completed,yam,yam_zed_0_61,35.6,huangrongbo,good,,,prod,2026-08-27 03:30:29.659656+00:00,2026-08-27 11:14:19.304408+00:00,/nfs/data/sz_50/20260827/episode_20260827_032828_000_8b6d7766.npy.mp4
01a04143-a7a0-7dd9-8049-77908f76a96d,industrial packing,completed,yam,yam_zed_0_61,33.6,huangrongbo,good,,,prod,2026-08-27 03:31:02.933584+00:00,2026-08-27 11:14:18.703640+00:00,/nfs/data/sz_50/20260827/episode_20260827_032908_000_d2e20926.npy.mp4
01a04144-3c10-7f33-8bb6-3084f8ca6db0,industrial packing,completed,yam,yam_zed_0_61,36.8,huangrongbo,good,,,prod,2026-08-27 03:31:48.267300+00:00,2026-08-27 11:14:18.507709+00:00,/nfs/data/sz_50/20260827/episode_20260827_032946_000_fef723c2.npy.mp4
01a04144-dc38-7591-94e8-bb79c627e5d0,industrial packing,completed,yam,yam_zed_0_61,34.4,huangrongbo,good,,,prod,2026-08-27 03:32:20.560561+00:00,2026-08-27 11:14:18.329038+00:00,/nfs/data/sz_50/20260827/episode_20260827_033027_000_6750e64e.npy.mp4
01a04145-70a8-71b5-8f32-ab3b8595a3e2,industrial packing,completed,yam,yam_zed_0_61,33.8,huangrongbo,good,,,prod,2026-08-27 03:33:03.869882+00:00,2026-08-27 11:14:17.756179+00:00,/nfs/data/sz_50/20260827/episode_20260827_033105_000_856f089c.npy.mp4
01a04146-0518-7659-92ad-355c3cdfe1a4,industrial packing,completed,yam,yam_zed_0_61,31.7,huangrongbo,good,,,prod,2026-08-27 03:33:30.149801+00:00,2026-08-27 11:14:17.567062+00:00,/nfs/data/sz_50/20260827/episode_20260827_033143_000_7f130913.npy.mp4
01a04146-91b8-7531-910a-f6bf3f2b3f52,industrial packing,completed,yam,yam_zed_0_61,39.7,huangrongbo,good,,,prod,2026-08-27 03:34:26.499093+00:00,2026-08-27 11:14:17.377645+00:00,/nfs/data/sz_50/20260827/episode_20260827_033219_000_4fe3bc6d.npy.mp4
01a04147-3d98-76c4-b27f-70aaacff7ad0,industrial packing,completed,yam,yam_zed_0_61,29.3,huangrongbo,good,,,prod,2026-08-27 03:34:46.717989+00:00,2026-08-27 11:14:16.627939+00:00,/nfs/data/sz_50/20260827/episode_20260827_033303_000_fda51abf.npy.mp4
01a0414b-7b88-7421-8dd6-154901185e82,industrial packing,completed,yam,yam_zed_0_61,32.2,huangrongbo,good,,,prod,2026-08-27 03:39:33.134469+00:00,2026-08-27 11:14:16.433591+00:00,/nfs/data/sz_50/20260827/episode_20260827_033741_000_2fd5a90f.npy.mp4
01a0414c-0828-76e9-af15-ece3638ebfaa,industrial packing,completed,yam,yam_zed_0_61,32.4,huangrongbo,good,,,prod,2026-08-27 03:40:10.444146+00:00,2026-08-27 11:14:15.801321+00:00,/nfs/data/sz_50/20260827/episode_20260827_033817_000_6d2fcc79.npy.mp4
01a0414c-98b0-7f1e-a531-72695558f0e5,industrial packing,completed,yam,yam_zed_0_61,29.6,huangrongbo,good,,,prod,2026-08-27 03:40:46.739180+00:00,2026-08-27 11:14:14.376530+00:00,/nfs/data/sz_50/20260827/episode_20260827_033854_000_294f2ad3.npy.mp4
01a0414d-1d80-74b6-ab4f-2b1f72fc5479,industrial packing,completed,yam,yam_zed_0_61,37.7,huangrongbo,good,,,prod,2026-08-27 03:41:32.126030+00:00,2026-08-27 11:14:13.805174+00:00,/nfs/data/sz_50/20260827/episode_20260827_033928_000_e43bb724.npy.mp4
01a0414d-c190-7189-92f9-2272645f959f,industrial packing,completed,yam,yam_zed_0_61,38.0,huangrongbo,good,,,prod,2026-08-27 03:42:12.450671+00:00,2026-08-27 11:14:13.615548+00:00,/nfs/data/sz_50/20260827/episode_20260827_034010_000_478f1f26.npy.mp4
01a0414e-65a0-7621-b4f4-f46c2a93c924,industrial packing,completed,yam,yam_zed_0_61,36.4,huangrongbo,good,,,prod,2026-08-27 03:42:51.768299+00:00,2026-08-27 11:14:13.374100+00:00,/nfs/data/sz_50/20260827/episode_20260827_034052_000_890bdfd6.npy.mp4
01a0414f-05c8-7a6e-b703-4989902e3c11,industrial packing,completed,yam,yam_zed_0_61,38.3,huangrongbo,good,,,prod,2026-08-27 03:43:38.059936+00:00,2026-08-27 11:14:12.775789+00:00,/nfs/data/sz_50/20260827/episode_20260827_034133_000_99600412.npy.mp4
01a0414f-a9d8-7d9d-ae5d-6b972ce4784a,industrial packing,completed,yam,yam_zed_0_61,38.5,huangrongbo,good,,,prod,2026-08-27 03:44:19.373282+00:00,2026-08-27 11:14:12.606826+00:00,/nfs/data/sz_50/20260827/episode_20260827_034215_000_d1b98ef1.npy.mp4
01a04150-51d0-7676-9638-9c476cc447d5,industrial packing,completed,yam,yam_zed_0_61,38.5,huangrongbo,good,,,prod,2026-08-27 03:45:04.670448+00:00,2026-08-27 11:14:12.427100+00:00,/nfs/data/sz_50/20260827/episode_20260827_034258_000_572c1cfa.npy.mp4
01a04150-f5e0-7b63-b4a7-773c68db61c2,industrial packing,completed,yam,yam_zed_0_61,38.5,huangrongbo,good,,,prod,2026-08-27 03:45:45.977643+00:00,2026-08-27 11:14:11.611281+00:00,/nfs/data/sz_50/20260827/episode_20260827_034340_000_28c0f8bb.npy.mp4
01a04151-9dd8-72bb-abb2-347495d0bf34,industrial packing,completed,yam,yam_zed_0_61,28.4,huangrongbo,good,,,prod,2026-08-27 03:46:11.240253+00:00,2026-08-27 11:14:11.411785+00:00,/nfs/data/sz_50/20260827/episode_20260827_034423_000_6ee9deb2.npy.mp4
01a04152-1ec0-70b8-8d0a-f55856cc94f1,industrial packing,completed,yam,yam_zed_0_61,34.0,huangrongbo,good,,,prod,2026-08-27 03:46:54.534347+00:00,2026-08-27 11:14:10.647197+00:00,/nfs/data/sz_50/20260827/episode_20260827_034456_000_12fa56aa.npy.mp4
01a04152-b330-7d96-9ca7-541e3c603756,industrial packing,completed,yam,yam_zed_0_61,39.1,huangrongbo,good,,,prod,2026-08-27 03:47:40.804912+00:00,2026-08-27 11:14:10.452562+00:00,/nfs/data/sz_50/20260827/episode_20260827_034534_000_fd460c6f.npy.mp4
01a04153-5f10-724e-85df-a3e04fe3e58c,industrial packing,completed,yam,yam_zed_0_61,37.4,huangrongbo,good,,,prod,2026-08-27 03:48:14.051308+00:00,2026-08-27 11:14:10.321581+00:00,/nfs/data/sz_50/20260827/episode_20260827_034618_000_198aa79d.npy.mp4
01a04155-1878-742b-a4b5-12a56851b8c4,industrial packing,completed,yam,yam_zed_0_61,36.8,huangrongbo,good,,,prod,2026-08-27 03:50:14.378987+00:00,2026-08-27 11:14:09.700840+00:00,/nfs/data/sz_50/20260827/episode_20260827_034811_000_fcecdd86.npy.mp4
01a04155-b8a0-794d-9a51-53359f354d1b,industrial packing,completed,yam,yam_zed_0_61,32.7,huangrongbo,good,,,prod,2026-08-27 03:50:40.690200+00:00,2026-08-27 11:14:09.491446+00:00,/nfs/data/sz_50/20260827/episode_20260827_034852_000_87a2c519.npy.mp4
01a04156-4928-77dd-9a82-a604a9b11846,industrial packing,completed,yam,yam_zed_0_61,38.2,huangrongbo,good,,,prod,2026-08-27 03:51:32.065004+00:00,2026-08-27 11:14:09.316996+00:00,/nfs/data/sz_50/20260827/episode_20260827_034929_000_604673ab.npy.mp4
01a04156-ed38-7f8d-ad0e-395420a6f19d,industrial packing,completed,yam,yam_zed_0_61,35.5,huangrongbo,good,,,prod,2026-08-27 03:52:11.357149+00:00,2026-08-27 11:14:08.748607+00:00,/nfs/data/sz_50/20260827/episode_20260827_035011_000_301f8c5a.npy.mp4
01a04157-8590-7ca6-a0bc-50b9a60d4c33,industrial packing,completed,yam,yam_zed_0_61,32.6,huangrongbo,good,,,prod,2026-08-27 03:52:43.647585+00:00,2026-08-27 11:14:08.575036+00:00,/nfs/data/sz_50/20260827/episode_20260827_035050_000_10e25b75.npy.mp4
01a04158-1618-76d0-aefe-89f7d3d4a616,industrial packing,completed,yam,yam_zed_0_61,34.9,huangrongbo,good,,,prod,2026-08-27 03:53:27.917836+00:00,2026-08-27 11:14:08.387765+00:00,/nfs/data/sz_50/20260827/episode_20260827_035127_000_d7bb6035.npy.mp4
01a04158-ba28-7646-a496-3c0fca30aa88,industrial packing,completed,yam,yam_zed_0_61,37.9,huangrongbo,good,,,prod,2026-08-27 03:54:06.209343+00:00,2026-08-27 11:14:07.797734+00:00,/nfs/data/sz_50/20260827/episode_20260827_035209_000_27ce040f.npy.mp4
01a04159-5e38-73ce-98ec-3e3040574190,industrial packing,completed,yam,yam_zed_0_61,41.7,huangrongbo,good,,,prod,2026-08-27 03:54:59.489259+00:00,2026-08-27 11:14:07.587046+00:00,/nfs/data/sz_50/20260827/episode_20260827_035251_000_5bbe71a5.npy.mp4
01a0415a-11e8-78f4-b9a0-8dabc98eb607,industrial packing,completed,yam,yam_zed_0_61,31.3,huangrongbo,good,,,prod,2026-08-27 03:55:25.749775+00:00,2026-08-27 11:14:07.391625+00:00,/nfs/data/sz_50/20260827/episode_20260827_035337_000_43b1b801.npy.mp4
01a0415a-9aa0-7e39-8c6a-c7c12eb5a974,industrial packing,completed,yam,yam_zed_0_61,40.3,huangrongbo,good,,,prod,2026-08-27 03:56:23.058640+00:00,2026-08-27 11:14:06.806090+00:00,/nfs/data/sz_50/20260827/episode_20260827_035412_000_7e2a2b1b.npy.mp4
01a0415b-4a68-721d-9fd6-346e04467594,industrial packing,completed,yam,yam_zed_0_61,34.1,huangrongbo,good,,,prod,2026-08-27 03:56:56.332053+00:00,2026-08-27 11:14:06.610398+00:00,/nfs/data/sz_50/20260827/episode_20260827_035457_000_1c371058.npy.mp4
01a0415c-0200-76ed-ad75-b2ff99fc4459,industrial packing,completed,yam,yam_zed_0_61,31.4,huangrongbo,good,,,prod,2026-08-27 03:57:38.650031+00:00,2026-08-27 11:14:06.390707+00:00,/nfs/data/sz_50/20260827/episode_20260827_035544_000_0768a026.npy.mp4
01a0415c-8ea0-7c3d-9809-49f57594d2d4,industrial packing,completed,yam,yam_zed_0_61,30.6,huangrongbo,good,,,prod,2026-08-27 03:58:09.919029+00:00,2026-08-27 11:14:05.797400+00:00,/nfs/data/sz_50/20260827/episode_20260827_035620_000_653c2034.npy.mp4
01a0415d-1370-7328-a70e-0c763344af5c,industrial packing,completed,yam,yam_zed_0_61,36.6,huangrongbo,good,,,prod,2026-08-27 03:58:54.199044+00:00,2026-08-27 11:14:05.604133+00:00,/nfs/data/sz_50/20260827/episode_20260827_035654_000_9f6505ec.npy.mp4
01a0415d-b398-7aec-8302-fe615213282e,industrial packing,completed,yam,yam_zed_0_61,30.3,huangrongbo,good,,,prod,2026-08-27 03:59:25.462696+00:00,2026-08-27 11:14:05.392844+00:00,/nfs/data/sz_50/20260827/episode_20260827_035735_000_02074dff.npy.mp4
01a0415e-6f18-7317-bf81-be5329b4f5c9,industrial packing,completed,yam,yam_zed_0_61,31.9,huangrongbo,good,,,prod,2026-08-27 04:00:11.773600+00:00,2026-08-27 11:14:04.814293+00:00,/nfs/data/sz_50/20260827/episode_20260827_035823_000_6989ed52.npy.mp4
01a0415e-fbb8-775a-8b1a-1cbd94fe6458,industrial packing,completed,yam,yam_zed_0_61,26.8,huangrongbo,good,,,prod,2026-08-27 04:00:47.084125+00:00,2026-08-27 11:14:04.617645+00:00,/nfs/data/sz_50/20260827/episode_20260827_035859_000_36fe3065.npy.mp4
01a0415f-74d0-79f8-828b-7085e6003c97,industrial packing,completed,yam,yam_zed_0_61,31.6,huangrongbo,good,,,prod,2026-08-27 04:01:24.468809+00:00,2026-08-27 11:14:04.397536+00:00,/nfs/data/sz_50/20260827/episode_20260827_035930_000_69cc0c33.npy.mp4
01a0415f-fd88-7057-a158-9924b0a31ebc,industrial packing,completed,yam,yam_zed_0_61,31.8,huangrongbo,good,,,prod,2026-08-27 04:02:01.768858+00:00,2026-08-27 11:14:03.829335+00:00,/nfs/data/sz_50/20260827/episode_20260827_040005_000_225eeae6.npy.mp4
01a04160-8a28-7ff2-9dad-bc29f2b3c1b4,industrial packing,completed,yam,yam_zed_0_61,29.2,huangrongbo,good,,,prod,2026-08-27 04:02:33.073183+00:00,2026-08-27 11:14:03.628635+00:00,/nfs/data/sz_50/20260827/episode_20260827_040041_000_5c5fd04d.npy.mp4
01a04161-0b10-7212-a189-d852633a0d59,industrial packing,completed,yam,yam_zed_0_61,35.3,huangrongbo,good,,,prod,2026-08-27 04:03:12.352766+00:00,2026-08-27 11:14:03.450769+00:00,/nfs/data/sz_50/20260827/episode_20260827_040114_000_3306ff89.npy.mp4
01a04161-a368-7e02-b1ea-28a3f6888c88,industrial packing,completed,yam,yam_zed_0_61,27.9,huangrongbo,good,,,prod,2026-08-27 04:03:42.628507+00:00,2026-08-27 11:14:03.326488+00:00,/nfs/data/sz_50/20260827/episode_20260827_040153_000_1d693b97.npy.mp4
01a04162-2068-7718-88da-fdf8c0f7838e,industrial packing,completed,yam,yam_zed_0_61,33.9,huangrongbo,good,,,prod,2026-08-27 04:04:14.949948+00:00,2026-08-27 11:14:02.772613+00:00,/nfs/data/sz_50/20260827/episode_20260827_040225_000_8a1fed8d.npy.mp4
01a04162-b4d8-750b-9656-7037a4adfade,industrial packing,completed,yam,yam_zed_0_61,26.9,huangrongbo,good,,,prod,2026-08-27 04:04:49.462921+00:00,2026-08-27 11:14:02.561027+00:00,/nfs/data/sz_50/20260827/episode_20260827_040303_000_88f594b6.npy.mp4
01a04163-31d8-79d9-92e4-2bd6840d7825,industrial packing,completed,yam,yam_zed_0_61,29.2,huangrongbo,good,,,prod,2026-08-27 04:05:25.753858+00:00,2026-08-27 11:14:02.397841+00:00,/nfs/data/sz_50/20260827/episode_20260827_040335_000_fdbc77b4.npy.mp4
01a04163-b2c0-73f7-a934-783cac2a414d,industrial packing,completed,yam,yam_zed_0_61,26.5,huangrongbo,good,,,prod,2026-08-27 04:05:50.089665+00:00,2026-08-27 11:14:01.762302+00:00,/nfs/data/sz_50/20260827/episode_20260827_040408_000_e11d1ac5.npy.mp4
01a04166-6628-7793-a02b-ad5d6416c724,industrial packing,completed,yam,yam_zed_0_61,32.7,huangrongbo,good,,,prod,2026-08-27 04:08:57.471236+00:00,2026-08-27 11:14:01.524852+00:00,/nfs/data/sz_50/20260827/episode_20260827_040705_000_ff95e90d.npy.mp4
01a04166-f6b0-7d52-a507-f39f07cfaa58,industrial packing,completed,yam,yam_zed_0_61,31.6,huangrongbo,good,,,prod,2026-08-27 04:09:34.832133+00:00,2026-08-27 11:14:01.345550+00:00,/nfs/data/sz_50/20260827/episode_20260827_040742_000_e9c5a301.npy.mp4
01a04167-8350-7e84-9630-cfbc7f7a03a2,industrial packing,completed,yam,yam_zed_0_61,30.5,huangrongbo,good,,,prod,2026-08-27 04:10:06.107759+00:00,2026-08-27 11:14:00.624170+00:00,/nfs/data/sz_50/20260827/episode_20260827_040818_000_56e4fcd5.npy.mp4
01a04168-0820-73a5-803c-40011ad6cfcd,industrial packing,completed,yam,yam_zed_0_61,41.5,huangrongbo,good,,,prod,2026-08-27 04:10:55.484775+00:00,2026-08-27 11:14:00.460575+00:00,/nfs/data/sz_50/20260827/episode_20260827_040852_000_e23580e9.npy.mp4
01a04168-b7e8-7886-87d7-252c8a5ea547,industrial packing,completed,yam,yam_zed_0_61,31.4,huangrongbo,good,,,prod,2026-08-27 04:11:32.784203+00:00,2026-08-27 11:14:00.318560+00:00,/nfs/data/sz_50/20260827/episode_20260827_040937_000_8c8e8ada.npy.mp4
01a04169-4488-7154-86f3-ad5c607c9799,industrial packing,completed,yam,yam_zed_0_61,29.1,huangrongbo,good,,,prod,2026-08-27 04:11:59.045460+00:00,2026-08-27 11:13:59.760188+00:00,/nfs/data/sz_50/20260827/episode_20260827_041013_000_7fdbdd59.npy.mp4
01a04169-c570-7b5c-9be8-6c2e097af215,industrial packing,completed,yam,yam_zed_0_61,30.7,huangrongbo,good,,,prod,2026-08-27 04:12:40.338005+00:00,2026-08-27 11:13:59.533827+00:00,/nfs/data/sz_50/20260827/episode_20260827_041046_000_cdebfb76.npy.mp4
01a0416a-4e28-79e6-b5a1-e2e13b4fcc84,industrial packing,completed,yam,yam_zed_0_61,28.8,huangrongbo,good,,,prod,2026-08-27 04:13:10.614336+00:00,2026-08-27 11:13:59.339036+00:00,/nfs/data/sz_50/20260827/episode_20260827_041121_000_01e1c03a.npy.mp4
01a0416a-cf10-7e20-a876-36fbe40b88d7,industrial packing,completed,yam,yam_zed_0_61,27.8,huangrongbo,good,,,prod,2026-08-27 04:13:40.887983+00:00,2026-08-27 11:13:58.683313+00:00,/nfs/data/sz_50/20260827/episode_20260827_041154_000_294b9216.npy.mp4
01a0416b-4828-76b9-a5b0-ac89adf3f9bc,industrial packing,completed,yam,yam_zed_0_61,30.4,huangrongbo,good,,,prod,2026-08-27 04:14:12.168865+00:00,2026-08-27 11:13:58.484505+00:00,/nfs/data/sz_50/20260827/episode_20260827_041225_000_7d7bf257.npy.mp4
01a0416b-d4c8-7be7-a1b3-5098e0ab0054,industrial packing,completed,yam,yam_zed_0_61,32.7,huangrongbo,good,,,prod,2026-08-27 04:14:54.421739+00:00,2026-08-27 11:13:58.353269+00:00,/nfs/data/sz_50/20260827/episode_20260827_041301_000_d411d7c8.npy.mp4
01a0416c-6168-75b6-af36-d2eb8204726b,industrial packing,completed,yam,yam_zed_0_61,32.6,huangrongbo,good,,,prod,2026-08-27 04:15:26.688371+00:00,2026-08-27 11:13:57.627410+00:00,/nfs/data/sz_50/20260827/episode_20260827_041337_000_fa722822.npy.mp4
01a0416c-ee08-7cbf-bae5-78fc125f7559,industrial packing,completed,yam,yam_zed_0_61,35.3,huangrongbo,good,,,prod,2026-08-27 04:16:14.992759+00:00,2026-08-27 11:13:57.410113+00:00,/nfs/data/sz_50/20260827/episode_20260827_041413_000_09cb2d2c.npy.mp4
01a0416d-8660-72f8-9c7b-2b55c8511bc5,industrial packing,completed,yam,yam_zed_0_61,28.9,huangrongbo,good,,,prod,2026-08-27 04:16:41.311158+00:00,2026-08-27 11:13:56.763831+00:00,/nfs/data/sz_50/20260827/episode_20260827_041452_000_ada47d44.npy.mp4
01a0416e-0748-7a2e-805c-b47891601e19,industrial packing,completed,yam,yam_zed_0_61,31.7,huangrongbo,good,,,prod,2026-08-27 04:17:18.606015+00:00,2026-08-27 11:13:56.537823+00:00,/nfs/data/sz_50/20260827/episode_20260827_041525_000_4e23c4b2.npy.mp4
01a0416e-93e8-73c0-8f3a-ebd8584dd0f9,industrial packing,completed,yam,yam_zed_0_61,30.2,huangrongbo,good,,,prod,2026-08-27 04:17:54.914465+00:00,2026-08-27 11:13:56.338693+00:00,/nfs/data/sz_50/20260827/episode_20260827_041601_000_92bec1d3.npy.mp4
01a0416f-18b8-7bfc-86f7-6e771a556a26,industrial packing,completed,yam,yam_zed_0_61,31.2,huangrongbo,good,,,prod,2026-08-27 04:18:20.181951+00:00,2026-08-27 11:13:55.696112+00:00,/nfs/data/sz_50/20260827/episode_20260827_041635_000_5d6ff036.npy.mp4
01a0416f-a170-794a-8216-40e6c965f414,industrial packing,completed,yam,yam_zed_0_61,31.8,huangrongbo,good,,,prod,2026-08-27 04:19:02.472311+00:00,2026-08-27 11:13:55.499891+00:00,/nfs/data/sz_50/20260827/episode_20260827_041710_000_a875dc9d.npy.mp4
01a04170-2a28-72e4-a589-3c13ec4648be,industrial packing,completed,yam,yam_zed_0_61,26.6,huangrongbo,good,,,prod,2026-08-27 04:19:32.718617+00:00,2026-08-27 11:13:55.328599+00:00,/nfs/data/sz_50/20260827/episode_20260827_041745_000_f182bde8.npy.mp4
01a04170-a340-70ec-962d-576961a5755f,industrial packing,completed,yam,yam_zed_0_61,29.1,huangrongbo,good,,,prod,2026-08-27 04:20:03.003129+00:00,2026-08-27 11:13:54.664478+00:00,/nfs/data/sz_50/20260827/episode_20260827_041816_000_f550eeaf.npy.mp4
01a04171-2428-7d04-abaa-aa0d3ceb9bcd,industrial packing,completed,yam,yam_zed_0_61,32.9,huangrongbo,good,,,prod,2026-08-27 04:20:39.268897+00:00,2026-08-27 11:13:54.510960+00:00,/nfs/data/sz_50/20260827/episode_20260827_041849_000_54f8543c.npy.mp4
01a04171-b0c8-784b-8594-b21754ffbde0,industrial packing,completed,yam,yam_zed_0_61,35.7,huangrongbo,good,,,prod,2026-08-27 04:21:17.547981+00:00,2026-08-27 11:13:54.368265+00:00,/nfs/data/sz_50/20260827/episode_20260827_041925_000_656bff48.npy.mp4
01a04172-4d08-7b28-ad07-dc71b4f2df80,industrial packing,completed,yam,yam_zed_0_61,30.2,huangrongbo,good,,,prod,2026-08-27 04:21:58.845205+00:00,2026-08-27 11:13:53.623309+00:00,/nfs/data/sz_50/20260827/episode_20260827_042005_000_ee215258.npy.mp4
01a04172-d5c0-7189-a4ac-ec74ff38afe7,industrial packing,completed,yam,yam_zed_0_61,34.0,huangrongbo,good,,,prod,2026-08-27 04:22:31.251868+00:00,2026-08-27 11:13:53.413702+00:00,/nfs/data/sz_50/20260827/episode_20260827_042040_000_d10f41fa.npy.mp4
01a04173-6648-7b1b-94ef-af4f5833815a,industrial packing,completed,yam,yam_zed_0_61,32.9,huangrongbo,good,,,prod,2026-08-27 04:23:13.587873+00:00,2026-08-27 11:13:52.813218+00:00,/nfs/data/sz_50/20260827/episode_20260827_042117_000_3a11a05d.npy.mp4
01a04173-f6d0-7f38-b82d-08cb7d61f3ba,industrial packing,completed,yam,yam_zed_0_61,31.2,huangrongbo,good,,,prod,2026-08-27 04:23:40.031511+00:00,2026-08-27 11:13:52.619045+00:00,/nfs/data/sz_50/20260827/episode_20260827_042154_000_6b81997e.npy.mp4
01a04174-7f88-7e56-9c28-c6453e2669f8,industrial packing,completed,yam,yam_zed_0_61,26.3,huangrongbo,good,,,prod,2026-08-27 04:24:14.389400+00:00,2026-08-27 11:13:52.420861+00:00,/nfs/data/sz_50/20260827/episode_20260827_042229_000_4a702e3d.npy.mp4
01a04174-f4b8-7167-9d37-0d5d524ac0f8,industrial packing,completed,yam,yam_zed_0_61,25.9,huangrongbo,good,,,prod,2026-08-27 04:24:38.652671+00:00,2026-08-27 11:13:51.623281+00:00,/nfs/data/sz_50/20260827/episode_20260827_042259_000_5139fbb3.npy.mp4
01a04175-69e8-7528-b7d8-4a6816ffe5e8,industrial packing,completed,yam,yam_zed_0_61,26.7,huangrongbo,good,,,prod,2026-08-27 04:25:12.955176+00:00,2026-08-27 11:13:51.446408+00:00,/nfs/data/sz_50/20260827/episode_20260827_042329_000_eaf57ba9.npy.mp4
01a04175-e300-7d34-aa47-baa0544baac3,industrial packing,completed,yam,yam_zed_0_61,24.2,huangrongbo,good,,,prod,2026-08-27 04:25:41.313844+00:00,2026-08-27 11:13:48.693168+00:00,/nfs/data/sz_50/20260827/episode_20260827_042400_000_b04e5d28.npy.mp4
01a04176-5448-76e1-a5a2-899373dfe2e5,industrial packing,completed,yam,yam_zed_0_61,29.7,huangrongbo,good,,,prod,2026-08-27 04:26:22.628308+00:00,2026-08-27 11:13:48.369141+00:00,/nfs/data/sz_50/20260827/episode_20260827_042429_000_23bbed5f.npy.mp4
01a04176-d918-7868-b36e-1574b3c713fb,industrial packing,completed,yam,yam_zed_0_61,27.6,huangrongbo,good,,,prod,2026-08-27 04:26:51.894461+00:00,2026-08-27 11:13:47.768563+00:00,/nfs/data/sz_50/20260827/episode_20260827_042503_000_944d5172.npy.mp4
01a04177-5de8-7866-ba83-ff2d8f86be29,industrial packing,completed,yam,yam_zed_0_61,28.2,huangrongbo,good,,,prod,2026-08-27 04:27:28.182040+00:00,2026-08-27 11:13:47.484628+00:00,/nfs/data/sz_50/20260827/episode_20260827_042537_000_6a6c68e9.npy.mp4
01a04177-dae8-7dca-81c6-3175a31cfb9b,industrial packing,completed,yam,yam_zed_0_61,26.8,huangrongbo,good,,,prod,2026-08-27 04:27:52.487379+00:00,2026-08-27 11:13:47.342305+00:00,/nfs/data/sz_50/20260827/episode_20260827_042609_000_0a7b1afd.npy.mp4
01a04178-5018-7b3d-ba7e-75fd191976c4,industrial packing,completed,yam,yam_zed_0_61,24.8,huangrongbo,good,,,prod,2026-08-27 04:28:20.769203+00:00,2026-08-27 11:13:46.761169+00:00,/nfs/data/sz_50/20260827/episode_20260827_042639_000_122e7cc1.npy.mp4
01a04178-c930-7e52-a7d3-08353421dbab,industrial packing,completed,yam,yam_zed_0_61,23.8,huangrongbo,good,,,prod,2026-08-27 04:28:49.033178+00:00,2026-08-27 11:13:46.599877+00:00,/nfs/data/sz_50/20260827/episode_20260827_042710_000_2a96ed22.npy.mp4
01a04179-3a78-7aa6-9843-dc168cebe0a7,industrial packing,completed,yam,yam_zed_0_61,25.2,huangrongbo,good,,,prod,2026-08-27 04:29:23.342499+00:00,2026-08-27 11:13:46.396401+00:00,/nfs/data/sz_50/20260827/episode_20260827_042739_000_57410a4b.npy.mp4
01a04179-afa8-719d-82ba-52af901790cd,industrial packing,completed,yam,yam_zed_0_61,25.4,huangrongbo,good,,,prod,2026-08-27 04:29:51.593402+00:00,2026-08-27 11:13:46.310524+00:00,/nfs/data/sz_50/20260827/episode_20260827_042809_000_1a0d8db3.npy.mp4
01a0417a-20f0-7221-adc9-36cc747f57be,industrial packing,completed,yam,yam_zed_0_61,27.6,huangrongbo,good,,,prod,2026-08-27 04:30:26.857576+00:00,2026-08-27 11:13:45.641419+00:00,/nfs/data/sz_50/20260827/episode_20260827_042838_000_22c5a6a2.npy.mp4
01a0417a-a1d8-71bd-8622-014f616889f4,industrial packing,completed,yam,yam_zed_0_61,24.9,huangrongbo,good,,,prod,2026-08-27 04:30:50.117658+00:00,2026-08-27 11:13:45.458664+00:00,/nfs/data/sz_50/20260827/episode_20260827_042911_000_1cc38ae0.npy.mp4
01a0417b-0f38-7108-b3ce-ec503fa94b45,industrial packing,completed,yam,yam_zed_0_61,27.4,huangrongbo,good,,,prod,2026-08-27 04:31:24.888823+00:00,2026-08-27 11:13:45.328358+00:00,/nfs/data/sz_50/20260827/episode_20260827_042939_000_b27d7d38.npy.mp4
01a0419b-9b40-76bf-ab1a-79661441675a,industrial packing,completed,yam,yam_zed_0_61,35.1,huangrongbo,good,,,prod,2026-08-27 05:07:03.781035+00:00,2026-08-27 11:13:40.327524+00:00,/nfs/data/sz_50/20260827/episode_20260827_050512_000_42b97526.npy.mp4
01a0419c-3398-7bae-9e6a-e692489141c8,industrial packing,completed,yam,yam_zed_0_61,28.2,huangrongbo,good,,,prod,2026-08-27 05:07:34.073919+00:00,2026-08-27 11:13:39.731555+00:00,/nfs/data/sz_50/20260827/episode_20260827_050551_000_ce302bf5.npy.mp4
01a0419c-e748-77b3-9af1-185ed5b80c1b,industrial packing,completed,yam,yam_zed_0_61,30.2,huangrongbo,good,,,prod,2026-08-27 05:08:24.369915+00:00,2026-08-27 11:13:39.568564+00:00,/nfs/data/sz_50/20260827/episode_20260827_050637_000_d01088d4.npy.mp4
01a0419d-6c18-7a2e-9156-86f74bd14836,industrial packing,completed,yam,yam_zed_0_61,30.9,huangrongbo,good,,,prod,2026-08-27 05:09:00.670973+00:00,2026-08-27 11:13:39.350531+00:00,/nfs/data/sz_50/20260827/episode_20260827_050711_000_d19d872f.npy.mp4
01a0419d-f4d0-7be3-8254-70f463b34f82,industrial packing,completed,yam,yam_zed_0_61,32.6,huangrongbo,good,,,prod,2026-08-27 05:09:37.986357+00:00,2026-08-27 11:13:38.753115+00:00,/nfs/data/sz_50/20260827/episode_20260827_050746_000_09eac337.npy.mp4
01a0419e-8170-7977-ba00-235811e13801,industrial packing,completed,yam,yam_zed_0_61,29.9,huangrongbo,good,,,prod,2026-08-27 05:10:14.387716+00:00,2026-08-27 11:13:38.589687+00:00,/nfs/data/sz_50/20260827/episode_20260827_050822_000_fa9ca533.npy.mp4
01a0419f-0640-7fa3-8ac6-b9ece504878e,industrial packing,completed,yam,yam_zed_0_61,30.9,huangrongbo,good,,,prod,2026-08-27 05:10:44.678378+00:00,2026-08-27 11:13:38.366928+00:00,/nfs/data/sz_50/20260827/episode_20260827_050856_000_1550d009.npy.mp4
01a0419f-8ef8-7605-902a-64c3f2833b13,industrial packing,completed,yam,yam_zed_0_61,29.3,huangrongbo,good,,,prod,2026-08-27 05:11:21.056033+00:00,2026-08-27 11:13:37.804525+00:00,/nfs/data/sz_50/20260827/episode_20260827_050931_000_a955130a.npy.mp4
01a041a0-0fe0-718b-bed6-8f030333133c,industrial packing,completed,yam,yam_zed_0_61,28.4,huangrongbo,good,,,prod,2026-08-27 05:11:51.411540+00:00,2026-08-27 11:13:37.605013+00:00,/nfs/data/sz_50/20260827/episode_20260827_051004_000_72552509.npy.mp4
01a041a0-8ce0-7b04-8a44-da5e79af54a0,industrial packing,completed,yam,yam_zed_0_61,27.6,huangrongbo,good,,,prod,2026-08-27 05:12:26.719775+00:00,2026-08-27 11:13:37.404178+00:00,/nfs/data/sz_50/20260827/episode_20260827_051036_000_6e12cc14.npy.mp4
01a041a1-09e0-77a6-a93a-9f0ab9267779,industrial packing,completed,yam,yam_zed_0_61,29.5,huangrongbo,good,,,prod,2026-08-27 05:12:58.007399+00:00,2026-08-27 11:13:37.310480+00:00,/nfs/data/sz_50/20260827/episode_20260827_051108_000_19345482.npy.mp4
01a041a1-8eb0-7c81-a33f-6d9948d2c6d3,industrial packing,completed,yam,yam_zed_0_61,27.6,huangrongbo,good,,,prod,2026-08-27 05:13:28.282224+00:00,2026-08-27 11:13:36.670761+00:00,/nfs/data/sz_50/20260827/episode_20260827_051142_000_e8f27a61.npy.mp4
01a041a2-07c8-7507-9bbd-9b2bcb81b421,industrial packing,completed,yam,yam_zed_0_61,29.4,huangrongbo,good,,,prod,2026-08-27 05:14:03.574365+00:00,2026-08-27 11:13:36.472729+00:00,/nfs/data/sz_50/20260827/episode_20260827_051213_000_2effe4c2.npy.mp4
01a041a2-88b0-7c0b-8bf8-44a5aa8c6545,industrial packing,completed,yam,yam_zed_0_61,26.4,huangrongbo,good,,,prod,2026-08-27 05:14:28.840952+00:00,2026-08-27 11:13:36.336506+00:00,/nfs/data/sz_50/20260827/episode_20260827_051246_000_b9579bfd.npy.mp4
01a041a3-05b0-74c5-9fee-4851b489b6d9,industrial packing,completed,yam,yam_zed_0_61,28.4,huangrongbo,good,,,prod,2026-08-27 05:15:08.144000+00:00,2026-08-27 11:13:35.710362+00:00,/nfs/data/sz_50/20260827/episode_20260827_051318_000_dbc363fe.npy.mp4
01a041a3-ffb0-7bbf-8e96-e2d611d8ee6b,industrial packing,completed,yam,yam_zed_0_61,26.6,huangrongbo,good,,,prod,2026-08-27 05:16:07.546546+00:00,2026-08-27 11:13:35.534321+00:00,/nfs/data/sz_50/20260827/episode_20260827_051422_000_4e85b484.npy.mp4
01a041a4-78c8-73b9-b510-e80b5b51ac0a,industrial packing,completed,yam,yam_zed_0_61,25.0,huangrongbo,good,,,prod,2026-08-27 05:16:35.847355+00:00,2026-08-27 11:13:35.341897+00:00,/nfs/data/sz_50/20260827/episode_20260827_051453_000_06708537.npy.mp4
01a041a5-1508-797c-951e-1d8b7c452239,industrial packing,completed,yam,yam_zed_0_61,29.2,huangrongbo,good,,,prod,2026-08-27 05:17:21.157706+00:00,2026-08-27 11:13:34.736209+00:00,/nfs/data/sz_50/20260827/episode_20260827_051533_000_f127ed9f.npy.mp4
01a041a5-95f0-7e11-9db2-98fd91778381,industrial packing,completed,yam,yam_zed_0_61,29.7,huangrongbo,good,,,prod,2026-08-27 05:17:57.483629+00:00,2026-08-27 11:13:34.541069+00:00,/nfs/data/sz_50/20260827/episode_20260827_051606_000_b9899f83.npy.mp4
01a041a6-1ac0-75cb-adb1-8e893930e687,industrial packing,completed,yam,yam_zed_0_61,28.4,huangrongbo,good,,,prod,2026-08-27 05:18:27.761125+00:00,2026-08-27 11:13:34.384245+00:00,/nfs/data/sz_50/20260827/episode_20260827_051640_000_47bb023d.npy.mp4
01a041a6-97c0-79e1-ae24-99921d48547b,industrial packing,completed,yam,yam_zed_0_61,28.2,huangrongbo,good,,,prod,2026-08-27 05:18:58.039999+00:00,2026-08-27 11:13:33.783772+00:00,/nfs/data/sz_50/20260827/episode_20260827_051712_000_e88a2694.npy.mp4
01a041a7-18a8-74dc-b06d-d95042460cb8,industrial packing,completed,yam,yam_zed_0_61,31.4,huangrongbo,good,,,prod,2026-08-27 05:19:40.338879+00:00,2026-08-27 11:13:33.551366+00:00,/nfs/data/sz_50/20260827/episode_20260827_051745_000_68964622.npy.mp4
01a041a7-a160-7245-83b0-400fe6f68c91,industrial packing,completed,yam,yam_zed_0_61,30.5,huangrongbo,good,,,prod,2026-08-27 05:20:12.621385+00:00,2026-08-27 11:13:33.394071+00:00,/nfs/data/sz_50/20260827/episode_20260827_051820_000_5ad4f07a.npy.mp4
01a041a8-2a18-75f0-9e1d-95b5c307275d,industrial packing,completed,yam,yam_zed_0_61,30.1,huangrongbo,good,,,prod,2026-08-27 05:20:48.916279+00:00,2026-08-27 11:13:32.666204+00:00,/nfs/data/sz_50/20260827/episode_20260827_051855_000_84d9ddd3.npy.mp4
01a041a8-ab00-7c81-bce1-bbc77fefd12e,industrial packing,completed,yam,yam_zed_0_61,28.6,huangrongbo,good,,,prod,2026-08-27 05:21:19.189049+00:00,2026-08-27 11:13:32.444937+00:00,/nfs/data/sz_50/20260827/episode_20260827_051928_000_c01de45f.npy.mp4
01a041a9-3b88-7c89-9357-633e0593647b,industrial packing,completed,yam,yam_zed_0_61,30.4,huangrongbo,good,,,prod,2026-08-27 05:21:55.468699+00:00,2026-08-27 11:13:31.675278+00:00,/nfs/data/sz_50/20260827/episode_20260827_052005_000_1f1f2f37.npy.mp4
01a041a9-c440-7888-8ce9-5371c98f446f,industrial packing,completed,yam,yam_zed_0_61,29.7,huangrongbo,good,,,prod,2026-08-27 05:22:25.788535+00:00,2026-08-27 11:13:31.509752+00:00,/nfs/data/sz_50/20260827/episode_20260827_052040_000_da4b1254.npy.mp4
01a041aa-6468-732c-bd55-819af0b75632,industrial packing,completed,yam,yam_zed_0_61,22.9,huangrongbo,good,,,prod,2026-08-27 05:23:03.091459+00:00,2026-08-27 11:13:31.391825+00:00,/nfs/data/sz_50/20260827/episode_20260827_052121_000_66c537ae.npy.mp4
01a041aa-d1c8-7143-8dec-b665d9b56b15,industrial packing,completed,yam,yam_zed_0_61,26.6,huangrongbo,good,,,prod,2026-08-27 05:23:33.356738+00:00,2026-08-27 11:13:30.754656+00:00,/nfs/data/sz_50/20260827/episode_20260827_052149_000_45f8e75e.npy.mp4
01a041ab-46f8-79b8-a976-82030f467c80,industrial packing,completed,yam,yam_zed_0_61,27.6,huangrongbo,good,,,prod,2026-08-27 05:24:02.619291+00:00,2026-08-27 11:13:30.580988+00:00,/nfs/data/sz_50/20260827/episode_20260827_052219_000_98f3960c.npy.mp4
01a041ab-c010-77e3-b36b-f25c0dd7cc97,industrial packing,completed,yam,yam_zed_0_61,25.7,huangrongbo,good,,,prod,2026-08-27 05:24:31.876537+00:00,2026-08-27 11:13:30.417039+00:00,/nfs/data/sz_50/20260827/episode_20260827_052250_000_3e061f5c.npy.mp4
01a041ac-3540-7e3f-ae41-5360aaa2a7a2,industrial packing,completed,yam,yam_zed_0_61,25.7,huangrongbo,good,,,prod,2026-08-27 05:25:02.158644+00:00,2026-08-27 11:13:29.831714+00:00,/nfs/data/sz_50/20260827/episode_20260827_052320_000_a5fe8cbc.npy.mp4
01a041ac-a688-74a2-ac58-77c2428d0770,industrial packing,completed,yam,yam_zed_0_61,26.8,huangrongbo,good,,,prod,2026-08-27 05:25:31.423783+00:00,2026-08-27 11:13:29.627659+00:00,/nfs/data/sz_50/20260827/episode_20260827_052349_000_51ed2587.npy.mp4
01a041ad-1fa0-7211-a3e4-134a9a4bbd6f,industrial packing,completed,yam,yam_zed_0_61,27.4,huangrongbo,good,,,prod,2026-08-27 05:26:05.758642+00:00,2026-08-27 11:13:29.436594+00:00,/nfs/data/sz_50/20260827/episode_20260827_052420_000_730452ea.npy.mp4
01a041ad-a088-7ade-a359-e0bb5636e700,industrial packing,completed,yam,yam_zed_0_61,25.3,huangrongbo,good,,,prod,2026-08-27 05:26:30.114166+00:00,2026-08-27 11:13:29.338400+00:00,/nfs/data/sz_50/20260827/episode_20260827_052453_000_31da1588.npy.mp4
01a041ae-11d0-707b-8646-1f7c83cef893,industrial packing,completed,yam,yam_zed_0_61,25.2,huangrongbo,good,,,prod,2026-08-27 05:27:04.456402+00:00,2026-08-27 11:13:28.715472+00:00,/nfs/data/sz_50/20260827/episode_20260827_052522_000_2a09760b.npy.mp4
01a041ae-8318-72c4-b1e2-f474b886c987,industrial packing,completed,yam,yam_zed_0_61,25.7,huangrongbo,good,,,prod,2026-08-27 05:27:37.751417+00:00,2026-08-27 11:13:28.529623+00:00,/nfs/data/sz_50/20260827/episode_20260827_052551_000_5102a04d.npy.mp4
01a041ae-f848-7b93-9a2e-0d7d90c7d63a,industrial packing,completed,yam,yam_zed_0_61,27.4,huangrongbo,good,,,prod,2026-08-27 05:28:08.031783+00:00,2026-08-27 11:13:28.343154+00:00,/nfs/data/sz_50/20260827/episode_20260827_052621_000_2e44eeb9.npy.mp4
01a041af-7160-7b7f-8c20-f0d19818baa3,industrial packing,completed,yam,yam_zed_0_61,23.8,huangrongbo,good,,,prod,2026-08-27 05:28:36.312149+00:00,2026-08-27 11:13:27.764389+00:00,/nfs/data/sz_50/20260827/episode_20260827_052652_000_c57f87ce.npy.mp4
01a041af-e2a8-73a2-a7fd-4576ad599e57,industrial packing,completed,yam,yam_zed_0_61,28.1,huangrongbo,good,,,prod,2026-08-27 05:29:05.642036+00:00,2026-08-27 11:13:27.590860+00:00,/nfs/data/sz_50/20260827/episode_20260827_052721_000_1d267371.npy.mp4
01a041b0-5bc0-7ef7-9522-c31434e08902,industrial packing,completed,yam,yam_zed_0_61,24.4,huangrongbo,good,,,prod,2026-08-27 05:29:33.979809+00:00,2026-08-27 11:13:27.391469+00:00,/nfs/data/sz_50/20260827/episode_20260827_052752_000_9c74f999.npy.mp4
01a041b0-c920-7a12-9a58-d560214eb5c0,industrial packing,completed,yam,yam_zed_0_61,27.5,huangrongbo,good,,,prod,2026-08-27 05:30:06.070759+00:00,2026-08-27 11:13:26.620280+00:00,/nfs/data/sz_50/20260827/episode_20260827_052820_000_0a463606.npy.mp4
01a041b1-4238-7bd9-a00c-55271d1629ef,industrial packing,completed,yam,yam_zed_0_61,27.9,huangrongbo,good,,,prod,2026-08-27 05:30:39.519683+00:00,2026-08-27 11:13:26.451186+00:00,/nfs/data/sz_50/20260827/episode_20260827_052851_000_92709058.npy.mp4
01a041b1-c708-7f99-a6d5-37087a3d208f,industrial packing,completed,yam,yam_zed_0_61,29.4,huangrongbo,good,,,prod,2026-08-27 05:31:09.847924+00:00,2026-08-27 11:13:26.331716+00:00,/nfs/data/sz_50/20260827/episode_20260827_052925_000_5784234f.npy.mp4
01a041b2-47f0-7ab0-9c7f-c60cac2b2dc2,industrial packing,completed,yam,yam_zed_0_61,29.4,huangrongbo,good,,,prod,2026-08-27 05:31:51.189405+00:00,2026-08-27 11:13:25.740314+00:00,/nfs/data/sz_50/20260827/episode_20260827_052958_000_a9d13758.npy.mp4
01a041b2-ccc0-71b9-a9de-2735261a8db2,industrial packing,completed,yam,yam_zed_0_61,27.6,huangrongbo,good,,,prod,2026-08-27 05:32:15.478701+00:00,2026-08-27 11:13:25.563663+00:00,/nfs/data/sz_50/20260827/episode_20260827_053032_000_626dc51c.npy.mp4
01a041b3-45d8-795d-a415-8e58327a5726,industrial packing,completed,yam,yam_zed_0_61,26.3,huangrongbo,good,,,prod,2026-08-27 05:32:49.895834+00:00,2026-08-27 11:13:25.365248+00:00,/nfs/data/sz_50/20260827/episode_20260827_053103_000_8206fc12.npy.mp4
01a041b3-bb08-7ad9-8a76-17060f3e35c0,industrial packing,completed,yam,yam_zed_0_61,27.2,huangrongbo,good,,,prod,2026-08-27 05:33:20.165472+00:00,2026-08-27 11:13:24.796385+00:00,/nfs/data/sz_50/20260827/episode_20260827_053133_000_b7cfee0a.npy.mp4
01a041b4-3420-7026-a3b1-a7bd7c6e5654,industrial packing,completed,yam,yam_zed_0_61,31.3,huangrongbo,good,,,prod,2026-08-27 05:33:57.449651+00:00,2026-08-27 11:13:24.637306+00:00,/nfs/data/sz_50/20260827/episode_20260827_053204_000_46b8b632.npy.mp4
01a041b4-c0c0-7ac3-9f42-b7e0da9d2311,industrial packing,completed,yam,yam_zed_0_61,29.4,huangrongbo,good,,,prod,2026-08-27 05:34:22.696893+00:00,2026-08-27 11:13:24.398672+00:00,/nfs/data/sz_50/20260827/episode_20260827_053240_000_89ee4a99.npy.mp4
01a041b5-41a8-7327-9efd-5745b31b5fe5,industrial packing,completed,yam,yam_zed_0_61,30.6,huangrongbo,good,,,prod,2026-08-27 05:34:57.972771+00:00,2026-08-27 11:13:23.785952+00:00,/nfs/data/sz_50/20260827/episode_20260827_053313_000_bf1e1a50.npy.mp4
01a041b5-ca60-75ee-93af-b0ca84e1305a,industrial packing,completed,yam,yam_zed_0_61,29.0,huangrongbo,good,,,prod,2026-08-27 05:35:39.313776+00:00,2026-08-27 11:13:23.570659+00:00,/nfs/data/sz_50/20260827/episode_20260827_053348_000_65e09a09.npy.mp4
01a041b6-4b48-7d38-8e9a-05c5ee79cce3,industrial packing,completed,yam,yam_zed_0_61,27.9,huangrongbo,good,,,prod,2026-08-27 05:36:09.585280+00:00,2026-08-27 11:13:23.369083+00:00,/nfs/data/sz_50/20260827/episode_20260827_053421_000_4453d7f6.npy.mp4
01a041b6-c848-7f9a-95ed-483940eb027b,industrial packing,completed,yam,yam_zed_0_61,26.8,huangrongbo,good,,,prod,2026-08-27 05:36:38.847590+00:00,2026-08-27 11:13:22.768248+00:00,/nfs/data/sz_50/20260827/episode_20260827_053453_000_d218026b.npy.mp4
01a041b7-4160-7c96-b5fb-2ba2386f8310,industrial packing,completed,yam,yam_zed_0_61,29.7,huangrongbo,good,,,prod,2026-08-27 05:37:15.127556+00:00,2026-08-27 11:13:22.568791+00:00,/nfs/data/sz_50/20260827/episode_20260827_053524_000_956d2c80.npy.mp4
01a041b7-ca18-7c83-a3dd-8a623e36238f,industrial packing,completed,yam,yam_zed_0_61,28.7,huangrongbo,good,,,prod,2026-08-27 05:37:45.388734+00:00,2026-08-27 11:13:22.366205+00:00,/nfs/data/sz_50/20260827/episode_20260827_053559_000_6f2a7b0d.npy.mp4
01a041b8-4718-78aa-9272-28a26060a520,industrial packing,completed,yam,yam_zed_0_61,30.6,huangrongbo,good,,,prod,2026-08-27 05:38:21.667050+00:00,2026-08-27 11:13:21.776512+00:00,/nfs/data/sz_50/20260827/episode_20260827_053631_000_12f06d6e.npy.mp4
01a041b8-cbe8-77dd-aebe-17abc7f18b52,industrial packing,completed,yam,yam_zed_0_61,29.9,huangrongbo,good,,,prod,2026-08-27 05:38:58.941815+00:00,2026-08-27 11:13:21.590648+00:00,/nfs/data/sz_50/20260827/episode_20260827_053705_000_a9757f49.npy.mp4
01a041b9-50b8-7b20-bce3-d35ef3d5708a,industrial packing,completed,yam,yam_zed_0_61,30.2,huangrongbo,good,,,prod,2026-08-27 05:39:29.184679+00:00,2026-08-27 11:13:21.343848+00:00,/nfs/data/sz_50/20260827/episode_20260827_053739_000_99489afc.npy.mp4
01a041ba-1020-735a-8b7d-c60647f02b08,industrial packing,completed,yam,yam_zed_0_61,26.7,huangrongbo,good,,,prod,2026-08-27 05:40:13.524202+00:00,2026-08-27 11:13:20.767831+00:00,/nfs/data/sz_50/20260827/episode_20260827_053828_000_4eb9bb4e.npy.mp4
01a041ba-8938-76af-b9fd-181e3907a6cd,industrial packing,completed,yam,yam_zed_0_61,30.9,huangrongbo,good,,,prod,2026-08-27 05:40:50.826618+00:00,2026-08-27 11:13:20.559862+00:00,/nfs/data/sz_50/20260827/episode_20260827_053859_000_8931c4a1.npy.mp4
01a041bb-0e08-7c25-9303-f6265c70df38,industrial packing,completed,yam,yam_zed_0_61,30.4,huangrongbo,good,,,prod,2026-08-27 05:41:27.097855+00:00,2026-08-27 11:13:20.366369+00:00,/nfs/data/sz_50/20260827/episode_20260827_053933_000_fe08b1d5.npy.mp4
01a041bb-96c0-74ae-ad40-6a165cc64cd8,industrial packing,completed,yam,yam_zed_0_61,28.9,huangrongbo,good,,,prod,2026-08-27 05:41:57.355084+00:00,2026-08-27 11:13:19.772748+00:00,/nfs/data/sz_50/20260827/episode_20260827_054008_000_aaadce33.npy.mp4
01a041bc-17a8-7385-9c6f-bfd312bbb7ed,industrial packing,completed,yam,yam_zed_0_61,29.6,huangrongbo,good,,,prod,2026-08-27 05:42:33.662300+00:00,2026-08-27 11:13:19.565973+00:00,/nfs/data/sz_50/20260827/episode_20260827_054041_000_ae0bd764.npy.mp4
01a041bc-9c78-766b-b1fe-08a4db99e6bc,industrial packing,completed,yam,yam_zed_0_61,28.6,huangrongbo,good,,,prod,2026-08-27 05:43:03.940835+00:00,2026-08-27 11:13:19.377268+00:00,/nfs/data/sz_50/20260827/episode_20260827_054115_000_69b170a2.npy.mp4
01a041bd-1d60-76bc-8b53-73285a116d75,industrial packing,completed,yam,yam_zed_0_61,28.9,huangrongbo,good,,,prod,2026-08-27 05:43:40.199992+00:00,2026-08-27 11:13:18.796125+00:00,/nfs/data/sz_50/20260827/episode_20260827_054148_000_3f0c50f3.npy.mp4
01a041bd-9e48-7dc8-a593-3a522becdb27,industrial packing,completed,yam,yam_zed_0_61,30.0,huangrongbo,good,,,prod,2026-08-27 05:44:05.468961+00:00,2026-08-27 11:13:18.595703+00:00,/nfs/data/sz_50/20260827/episode_20260827_054221_000_f97929c7.npy.mp4
01a041be-2318-7e40-9149-29406f613c80,industrial packing,completed,yam,yam_zed_0_61,28.9,huangrongbo,good,,,prod,2026-08-27 05:44:46.745470+00:00,2026-08-27 11:13:18.421094+00:00,/nfs/data/sz_50/20260827/episode_20260827_054255_000_45f56268.npy.mp4
01a041be-a400-74d6-9f19-0d7e5cc0b9a6,industrial packing,completed,yam,yam_zed_0_61,30.1,huangrongbo,good,,,prod,2026-08-27 05:45:18.071552+00:00,2026-08-27 11:13:18.306109+00:00,/nfs/data/sz_50/20260827/episode_20260827_054328_000_d055d0eb.npy.mp4
01a041bf-28d0-70c0-ad7e-2425e372f7f1,industrial packing,completed,yam,yam_zed_0_61,32.6,huangrongbo,good,,,prod,2026-08-27 05:45:55.411104+00:00,2026-08-27 11:13:17.661098+00:00,/nfs/data/sz_50/20260827/episode_20260827_054402_000_78c69627.npy.mp4
01a041bf-b570-70d4-9289-935033ca0b23,industrial packing,completed,yam,yam_zed_0_61,31.1,huangrongbo,good,,,prod,2026-08-27 05:46:32.737005+00:00,2026-08-27 11:13:17.450735+00:00,/nfs/data/sz_50/20260827/episode_20260827_054438_000_f2990af5.npy.mp4
01a041c0-3e28-723e-94f4-e1fa3ba16259,industrial packing,completed,yam,yam_zed_0_61,28.6,huangrongbo,good,,,prod,2026-08-27 05:46:58.048869+00:00,2026-08-27 11:13:17.303596+00:00,/nfs/data/sz_50/20260827/episode_20260827_054513_000_274c77e9.npy.mp4
01a041c0-bf10-76b5-bb52-a8b4c55c9668,industrial packing,completed,yam,yam_zed_0_61,28.7,huangrongbo,good,,,prod,2026-08-27 05:47:33.350981+00:00,2026-08-27 11:13:16.692769+00:00,/nfs/data/sz_50/20260827/episode_20260827_054546_000_9430cb1f.npy.mp4
01a041c1-3c10-78f1-9d0d-09c58ed3d7ef,industrial packing,completed,yam,yam_zed_0_61,28.2,huangrongbo,good,,,prod,2026-08-27 05:48:08.679241+00:00,2026-08-27 11:13:16.474650+00:00,/nfs/data/sz_50/20260827/episode_20260827_054618_000_31535aea.npy.mp4
01a041c1-b910-72b1-9640-c2328c2fe45a,industrial packing,completed,yam,yam_zed_0_61,31.4,huangrongbo,good,,,prod,2026-08-27 05:48:45.970518+00:00,2026-08-27 11:13:16.325281+00:00,/nfs/data/sz_50/20260827/episode_20260827_054650_000_44fe8ab0.npy.mp4
01a041c2-41c8-735b-96c6-d2c364c11989,industrial packing,completed,yam,yam_zed_0_61,30.1,huangrongbo,good,,,prod,2026-08-27 05:49:17.260999+00:00,2026-08-27 11:13:15.738344+00:00,/nfs/data/sz_50/20260827/episode_20260827_054725_000_b4944603.npy.mp4
01a041c2-c698-729e-9899-139d77f41725,industrial packing,completed,yam,yam_zed_0_61,30.8,huangrongbo,good,,,prod,2026-08-27 05:49:53.551980+00:00,2026-08-27 11:13:15.539976+00:00,/nfs/data/sz_50/20260827/episode_20260827_054759_000_5ff76d17.npy.mp4
01a041c3-4f50-798c-a08c-a942700ff71e,industrial packing,completed,yam,yam_zed_0_61,30.9,huangrongbo,good,,,prod,2026-08-27 05:50:25.873746+00:00,2026-08-27 11:13:15.343781+00:00,/nfs/data/sz_50/20260827/episode_20260827_054834_000_3bfaf15a.npy.mp4
01a041c3-d808-7553-9899-57106300efb8,industrial packing,completed,yam,yam_zed_0_61,30.0,huangrongbo,good,,,prod,2026-08-27 05:51:02.201684+00:00,2026-08-27 11:13:14.748470+00:00,/nfs/data/sz_50/20260827/episode_20260827_054909_000_869b8aca.npy.mp4
01a041c4-5cd8-7705-a7ab-016f9c6c6eea,industrial packing,completed,yam,yam_zed_0_61,33.2,huangrongbo,good,,,prod,2026-08-27 05:51:39.558485+00:00,2026-08-27 11:13:14.559524+00:00,/nfs/data/sz_50/20260827/episode_20260827_054943_000_2b25c845.npy.mp4
01a041c4-ed60-7b12-ab1f-790c68783665,industrial packing,completed,yam,yam_zed_0_61,29.0,huangrongbo,good,,,prod,2026-08-27 05:52:10.833715+00:00,2026-08-27 11:13:14.396110+00:00,/nfs/data/sz_50/20260827/episode_20260827_055020_000_20bd1895.npy.mp4
01a041c5-6e48-7df7-a91c-a02b28b71e79,industrial packing,completed,yam,yam_zed_0_61,31.9,huangrongbo,good,,,prod,2026-08-27 05:52:48.149923+00:00,2026-08-27 11:13:13.815382+00:00,/nfs/data/sz_50/20260827/episode_20260827_055053_000_a9241250.npy.mp4
01a041c5-f700-779c-a0bd-3203a991438d,industrial packing,completed,yam,yam_zed_0_61,27.6,huangrongbo,good,,,prod,2026-08-27 05:53:18.437293+00:00,2026-08-27 11:13:13.614264+00:00,/nfs/data/sz_50/20260827/episode_20260827_055128_000_b70a0ab3.npy.mp4
01a041c6-77e8-73c0-a5f2-110067b86a0c,industrial packing,completed,yam,yam_zed_0_61,28.8,huangrongbo,good,,,prod,2026-08-27 05:53:48.779459+00:00,2026-08-27 11:13:13.427774+00:00,/nfs/data/sz_50/20260827/episode_20260827_055201_000_65baf386.npy.mp4
01a041c6-f4e8-7c9c-9ea5-3e9dc2a54863,industrial packing,completed,yam,yam_zed_0_61,27.4,huangrongbo,good,,,prod,2026-08-27 05:54:18.081358+00:00,2026-08-27 11:13:12.694493+00:00,/nfs/data/sz_50/20260827/episode_20260827_055233_000_b6b2a39a.npy.mp4
01a041c8-f4a0-7339-b7a1-2109c3cdf95e,industrial packing,completed,yam,yam_zed_0_61,41.2,huangrongbo,good,,,prod,2026-08-27 05:56:55.450521+00:00,2026-08-27 11:13:12.514977+00:00,/nfs/data/sz_50/20260827/episode_20260827_055444_000_c912c8b8.npy.mp4
01a041c9-a468-7e12-aeba-b410dabc0f8b,industrial packing,completed,yam,yam_zed_0_61,36.5,huangrongbo,good,,,prod,2026-08-27 05:57:29.713981+00:00,2026-08-27 11:13:12.346619+00:00,/nfs/data/sz_50/20260827/episode_20260827_055529_000_88288991.npy.mp4
01a041ca-4490-797d-ba29-d8731427197e,industrial packing,completed,yam,yam_zed_0_61,34.1,huangrongbo,good,,,prod,2026-08-27 05:58:08.053317+00:00,2026-08-27 11:13:11.783271+00:00,/nfs/data/sz_50/20260827/episode_20260827_055610_000_1ad0df91.npy.mp4
01a041ca-d518-7e2a-99de-41a8880a1bb9,industrial packing,completed,yam,yam_zed_0_61,37.5,huangrongbo,good,,,prod,2026-08-27 05:58:48.369674+00:00,2026-08-27 11:13:11.589699+00:00,/nfs/data/sz_50/20260827/episode_20260827_055647_000_46023f89.npy.mp4
01a041cc-d4d0-7928-8917-c744076dcb48,industrial packing,completed,yam,yam_zed_0_61,44.0,huangrongbo,good,,,prod,2026-08-27 06:01:07.710996+00:00,2026-08-27 11:13:11.400625+00:00,/nfs/data/sz_50/20260827/episode_20260827_055858_000_4f367374.npy.mp4
01a041ce-1138-7410-b4cc-5a4d0a56d966,industrial packing,completed,yam,yam_zed_0_61,40.7,huangrongbo,good,,,prod,2026-08-27 06:02:25.448151+00:00,2026-08-27 11:13:10.647250+00:00,/nfs/data/sz_50/20260827/episode_20260827_060019_000_cb6fb6c7.npy.mp4
01a041ce-bd18-7b16-aa33-ed70f8ebf4fb,industrial packing,completed,yam,yam_zed_0_61,38.6,huangrongbo,good,,,prod,2026-08-27 06:02:59.153321+00:00,2026-08-27 11:13:10.503051+00:00,/nfs/data/sz_50/20260827/episode_20260827_060103_000_8c77a2d5.npy.mp4
01a041cf-6128-7745-9b42-ac58f6078a37,industrial packing,completed,yam,yam_zed_0_61,38.1,huangrongbo,good,,,prod,2026-08-27 06:03:42.920239+00:00,2026-08-27 11:13:10.378629+00:00,/nfs/data/sz_50/20260827/episode_20260827_060145_000_0ff337e7.npy.mp4
01a041d0-0538-7dac-85f0-50b73836c16a,industrial packing,completed,yam,yam_zed_0_61,41.7,huangrongbo,good,,,prod,2026-08-27 06:04:35.266971+00:00,2026-08-27 11:13:09.738626+00:00,/nfs/data/sz_50/20260827/episode_20260827_060227_000_db392723.npy.mp4
01a041d0-b8e8-7fca-a0c9-42d36be744cf,industrial packing,completed,yam,yam_zed_0_61,41.6,huangrongbo,good,,,prod,2026-08-27 06:05:22.600677+00:00,2026-08-27 11:13:09.569901+00:00,/nfs/data/sz_50/20260827/episode_20260827_060313_000_621a7ff3.npy.mp4
01a041d1-68b0-7fa1-a299-d5ab7261bd31,industrial packing,completed,yam,yam_zed_0_61,37.4,huangrongbo,good,,,prod,2026-08-27 06:06:04.035919+00:00,2026-08-27 11:13:09.401504+00:00,/nfs/data/sz_50/20260827/episode_20260827_060358_000_1161c5bb.npy.mp4
01a041d2-0cc0-780d-a23c-0196c5dc972c,industrial packing,completed,yam,yam_zed_0_61,38.6,huangrongbo,good,,,prod,2026-08-27 06:06:44.407969+00:00,2026-08-27 11:13:08.333988+00:00,/nfs/data/sz_50/20260827/episode_20260827_060440_000_152b3ba9.npy.mp4
01a041d2-b4b8-794f-81db-2af52ab3bba0,industrial packing,completed,yam,yam_zed_0_61,32.9,huangrongbo,good,,,prod,2026-08-27 06:07:17.727817+00:00,2026-08-27 11:13:07.686143+00:00,/nfs/data/sz_50/20260827/episode_20260827_060523_000_2bd4191a.npy.mp4
01a041d3-4158-7af2-a83c-d1c23330af8a,industrial packing,completed,yam,yam_zed_0_61,36.0,huangrongbo,good,,,prod,2026-08-27 06:08:02.095025+00:00,2026-08-27 11:13:07.458608+00:00,/nfs/data/sz_50/20260827/episode_20260827_060559_000_6ab8a482.npy.mp4
01a041d3-dd98-7f3f-b191-979ca477bac0,industrial packing,completed,yam,yam_zed_0_61,31.7,huangrongbo,good,,,prod,2026-08-27 06:08:34.386253+00:00,2026-08-27 11:13:07.318289+00:00,/nfs/data/sz_50/20260827/episode_20260827_060639_000_10581b44.npy.mp4
01a041d4-6a38-7f40-ba0f-2ca21a1958b2,industrial packing,completed,yam,yam_zed_0_61,32.2,huangrongbo,good,,,prod,2026-08-27 06:09:00.708975+00:00,2026-08-27 11:13:00.719079+00:00,/nfs/data/sz_50/20260827/episode_20260827_060715_000_acb6add8.npy.mp4
01a041d4-f6d8-787d-9981-150085ceff4a,industrial packing,completed,yam,yam_zed_0_61,35.1,huangrongbo,good,,,prod,2026-08-27 06:09:50.054852+00:00,2026-08-27 11:12:59.393689+00:00,/nfs/data/sz_50/20260827/episode_20260827_060751_000_9c2cfe7c.npy.mp4
01a041d5-8f30-74f7-856b-f8e51102d8cc,industrial packing,completed,yam,yam_zed_0_61,33.6,huangrongbo,good,,,prod,2026-08-27 06:10:28.437713+00:00,2026-08-27 11:12:58.792848+00:00,/nfs/data/sz_50/20260827/episode_20260827_060830_000_3d87e71f.npy.mp4
01a041d6-23a0-7726-923a-92ceb10918c4,industrial packing,completed,yam,yam_zed_0_61,31.3,huangrongbo,good,,,prod,2026-08-27 06:11:00.733255+00:00,2026-08-27 11:12:58.583121+00:00,/nfs/data/sz_50/20260827/episode_20260827_060908_000_8ce9dbe9.npy.mp4
01a041d6-ac58-7c93-847e-7062d84ad2c9,industrial packing,completed,yam,yam_zed_0_61,31.8,huangrongbo,good,,,prod,2026-08-27 06:11:39.054139+00:00,2026-08-27 11:12:58.409623+00:00,/nfs/data/sz_50/20260827/episode_20260827_060943_000_28cc4735.npy.mp4
01a041d7-38f8-7ae6-bf4c-5fc82218e2ce,industrial packing,completed,yam,yam_zed_0_61,33.9,huangrongbo,good,,,prod,2026-08-27 06:12:16.512188+00:00,2026-08-27 11:12:57.813865+00:00,/nfs/data/sz_50/20260827/episode_20260827_061019_000_da2a5377.npy.mp4
01a041d7-cd68-7141-a14f-440f4c85c25f,industrial packing,completed,yam,yam_zed_0_61,32.3,huangrongbo,good,,,prod,2026-08-27 06:12:48.216038+00:00,2026-08-27 11:12:57.608916+00:00,/nfs/data/sz_50/20260827/episode_20260827_061057_000_e5e02683.npy.mp4
01a041d8-5a08-7885-8245-77dd2d7f556d,industrial packing,completed,yam,yam_zed_0_61,35.8,huangrongbo,good,,,prod,2026-08-27 06:13:32.550894+00:00,2026-08-27 11:12:57.417968+00:00,/nfs/data/sz_50/20260827/episode_20260827_061133_000_922bbff4.npy.mp4
01a041d8-f648-7331-ae8b-71e7184a9954,industrial packing,completed,yam,yam_zed_0_61,32.1,huangrongbo,good,,,prod,2026-08-27 06:14:03.838050+00:00,2026-08-27 11:12:56.669466+00:00,/nfs/data/sz_50/20260827/episode_20260827_061213_000_40b0b553.npy.mp4
01a041d9-82e8-7d93-a9c2-3f3c10633431,industrial packing,completed,yam,yam_zed_0_61,33.1,huangrongbo,good,,,prod,2026-08-27 06:14:47.139498+00:00,2026-08-27 11:12:56.480459+00:00,/nfs/data/sz_50/20260827/episode_20260827_061249_000_5ce0e464.npy.mp4
01a041da-1370-778b-868a-25d13444d901,industrial packing,completed,yam,yam_zed_0_61,30.6,huangrongbo,good,,,prod,2026-08-27 06:15:17.396011+00:00,2026-08-27 11:12:56.336439+00:00,/nfs/data/sz_50/20260827/episode_20260827_061326_000_b3d56ba5.npy.mp4
01a041dd-dc30-79ce-8f4d-7431f81140e9,industrial packing,completed,yam,yam_0_61,41.6,huangrongbo,good,,,prod,2026-08-27 06:19:35.420480+00:00,2026-08-27 11:12:55.702066+00:00,/nfs/data/sz_44/20260827/episode_20260827_061734_000_0a814253.npy.mp4
01a041df-2c20-7b10-8871-ddd09727767d,industrial packing,completed,yam,yam_0_61,40.5,huangrongbo,good,,,prod,2026-08-27 06:20:55.704726+00:00,2026-08-27 11:12:55.509100+00:00,/nfs/data/sz_44/20260827/episode_20260827_061900_000_af8aadf2.npy.mp4
01a041df-ef70-7ecd-8fc0-f195c94170dd,industrial packing,completed,yam,yam_0_61,36.5,huangrongbo,good,,,prod,2026-08-27 06:21:40.976465+00:00,2026-08-27 11:12:55.344133+00:00,/nfs/data/sz_44/20260827/episode_20260827_061950_000_63563779.npy.mp4
01a041e0-9f38-7b74-8f1c-b0c2cb3a2103,industrial packing,completed,yam,yam_0_61,37.2,huangrongbo,good,,,prod,2026-08-27 06:22:26.244477+00:00,2026-08-27 11:12:54.752179+00:00,/nfs/data/sz_44/20260827/episode_20260827_062035_000_c65025da.npy.mp4
01a041e1-56d0-70f6-93c4-06fab7565595,industrial packing,completed,yam,yam_0_61,35.7,huangrongbo,good,,,prod,2026-08-27 06:23:11.516518+00:00,2026-08-27 11:12:54.577617+00:00,/nfs/data/sz_44/20260827/episode_20260827_062122_000_f7f518a9.npy.mp4
01a041e2-02b0-7ed7-9093-b847a1af6243,industrial packing,completed,yam,yam_0_61,36.6,huangrongbo,good,,,prod,2026-08-27 06:23:55.795984+00:00,2026-08-27 11:12:54.358605+00:00,/nfs/data/sz_44/20260827/episode_20260827_062206_000_4104c83f.npy.mp4
01a041e2-be30-704d-8ec0-396e1dacb95b,industrial packing,completed,yam,yam_0_61,37.1,huangrongbo,good,,,prod,2026-08-27 06:24:46.076186+00:00,2026-08-27 11:12:53.768413+00:00,/nfs/data/sz_44/20260827/episode_20260827_062254_000_3c1a0113.npy.mp4
01a041e3-7d98-759f-9607-8acf67110bbf,industrial packing,completed,yam,yam_0_61,41.7,huangrongbo,good,,,prod,2026-08-27 06:25:42.357205+00:00,2026-08-27 11:12:53.547715+00:00,/nfs/data/sz_44/20260827/episode_20260827_062343_000_946d55b0.npy.mp4
01a041e4-44d0-7a04-8a71-ab99f73443c9,industrial packing,completed,yam,yam_0_61,37.5,huangrongbo,good,,,prod,2026-08-27 06:26:27.642473+00:00,2026-08-27 11:12:53.361809+00:00,/nfs/data/sz_44/20260827/episode_20260827_062434_000_1c8ecda5.npy.mp4
01a041e4-fc68-7b99-bcfd-d15f80a0edc3,industrial packing,completed,yam,yam_0_61,41.7,huangrongbo,good,,,prod,2026-08-27 06:27:18.941618+00:00,2026-08-27 11:12:52.699221+00:00,/nfs/data/sz_44/20260827/episode_20260827_062521_000_21c5e0cf.npy.mp4
01a041e5-bfb8-7bb4-af1d-4a806569c8dd,industrial packing,completed,yam,yam_0_61,37.1,huangrongbo,good,,,prod,2026-08-27 06:28:04.212488+00:00,2026-08-27 11:12:52.502602+00:00,/nfs/data/sz_44/20260827/episode_20260827_062611_000_e7750570.npy.mp4
01a041e7-36b8-7660-b55f-bfa069a7a05d,industrial packing,completed,yam,yam_0_61,34.9,huangrongbo,good,,,prod,2026-08-27 06:29:38.523234+00:00,2026-08-27 11:12:52.345685+00:00,/nfs/data/sz_44/20260827/episode_20260827_062747_000_80fff6ef.npy.mp4
01a041e7-e298-7617-82f5-dff9bfafa87f,industrial packing,completed,yam,yam_0_61,34.0,huangrongbo,good,,,prod,2026-08-27 06:30:17.826606+00:00,2026-08-27 11:12:51.769525+00:00,/nfs/data/sz_44/20260827/episode_20260827_062831_000_69ac3e68.npy.mp4
01a041e8-86a8-719c-b90f-eeeea1faa6e6,industrial packing,completed,yam,yam_0_61,34.3,huangrongbo,good,,,prod,2026-08-27 06:31:02.057784+00:00,2026-08-27 11:12:51.595179+00:00,/nfs/data/sz_44/20260827/episode_20260827_062913_000_80604e2e.npy.mp4
01a041ea-0960-79c0-88ce-f7b4d3d4b4f5,industrial packing,completed,yam,yam_0_61,33.9,huangrongbo,good,,,prod,2026-08-27 06:32:43.354628+00:00,2026-08-27 11:12:51.419746+00:00,/nfs/data/sz_44/20260827/episode_20260827_063052_000_de81d8f9.npy.mp4
01a041ea-bd10-72fe-90a0-3d607130195c,industrial packing,completed,yam,yam_0_61,40.1,huangrongbo,good,,,prod,2026-08-27 06:33:32.628719+00:00,2026-08-27 11:12:51.358878+00:00,/nfs/data/sz_44/20260827/episode_20260827_063138_000_ca8f7c8c.npy.mp4
01a041eb-8c18-780f-a458-10887caafe02,industrial packing,completed,yam,yam_0_61,34.0,huangrongbo,good,,,prod,2026-08-27 06:34:17.905670+00:00,2026-08-27 11:12:50.718269+00:00,/nfs/data/sz_44/20260827/episode_20260827_063231_000_a9c01e2a.npy.mp4
01a041ec-3fc8-71e6-95a5-c37a78c935e4,industrial packing,completed,yam,yam_0_61,35.7,huangrongbo,good,,,prod,2026-08-27 06:35:08.282060+00:00,2026-08-27 11:12:50.566315+00:00,/nfs/data/sz_44/20260827/episode_20260827_063317_000_a7aa61fc.npy.mp4
01a041ec-eba8-7ac8-b8a9-0e966cfe1c54,industrial packing,completed,yam,yam_0_61,34.1,huangrongbo,good,,,prod,2026-08-27 06:35:52.549492+00:00,2026-08-27 11:12:50.381834+00:00,/nfs/data/sz_44/20260827/episode_20260827_063401_000_a5d7d544.npy.mp4
01a041ed-93a0-7c0e-9bf7-0ef5007486dd,industrial packing,completed,yam,yam_0_61,37.7,huangrongbo,good,,,prod,2026-08-27 06:36:38.812376+00:00,2026-08-27 11:12:48.491263+00:00,/nfs/data/sz_44/20260827/episode_20260827_063444_000_521f5458.npy.mp4
01a041ee-4b38-712c-aead-0a419fa1a886,industrial packing,completed,yam,yam_0_61,37.6,huangrongbo,good,,,prod,2026-08-27 06:37:24.144321+00:00,2026-08-27 11:12:47.558380+00:00,/nfs/data/sz_44/20260827/episode_20260827_063531_000_c0f17126.npy.mp4
01a041ef-02d0-7afa-bfba-bdea9e048950,industrial packing,completed,yam,yam_0_61,40.6,huangrongbo,good,,,prod,2026-08-27 06:38:14.468016+00:00,2026-08-27 11:12:47.345055+00:00,/nfs/data/sz_44/20260827/episode_20260827_063618_000_a8345558.npy.mp4
01a041f4-2350-75cd-8d2b-67038dd11415,industrial packing,completed,yam,yam_0_61,33.7,huangrongbo,good,,,prod,2026-08-27 06:43:43.896113+00:00,2026-08-27 11:12:46.792660+00:00,/nfs/data/sz_44/20260827/episode_20260827_064154_000_9e8b0802.npy.mp4
01a041f4-ded0-785d-97ba-60d38d782ee1,industrial packing,completed,yam,yam_0_61,35.1,huangrongbo,good,,,prod,2026-08-27 06:44:33.181187+00:00,2026-08-27 11:12:46.513349+00:00,/nfs/data/sz_44/20260827/episode_20260827_064242_000_98c86bb1.npy.mp4
01a041f5-8ab0-72a8-976d-ac65ea0375ce,industrial packing,completed,yam,yam_0_61,35.4,huangrongbo,good,,,prod,2026-08-27 06:45:18.446781+00:00,2026-08-27 11:12:46.343624+00:00,/nfs/data/sz_44/20260827/episode_20260827_064326_000_d5f5c15e.npy.mp4
01a041f6-3a78-7231-8dfe-cea119fd6ec7,industrial packing,completed,yam,yam_0_61,36.9,huangrongbo,good,,,prod,2026-08-27 06:46:03.694952+00:00,2026-08-27 11:12:45.796008+00:00,/nfs/data/sz_44/20260827/episode_20260827_064411_000_93e1fa48.npy.mp4
01a041f6-ee28-7250-9082-60a23ffb1933,industrial packing,completed,yam,yam_0_61,36.1,huangrongbo,good,,,prod,2026-08-27 06:46:46.949690+00:00,2026-08-27 11:12:45.536452+00:00,/nfs/data/sz_44/20260827/episode_20260827_064457_000_91d7f48f.npy.mp4
01a041f7-e058-7014-a4b8-26856d395e11,industrial packing,completed,yam,yam_0_61,37.6,huangrongbo,good,,,prod,2026-08-27 06:47:51.245573+00:00,2026-08-27 11:12:45.340933+00:00,/nfs/data/sz_44/20260827/episode_20260827_064559_000_9cc1a6cd.npy.mp4
01a041fc-1e48-7df7-b812-458df664c8fa,industrial packing,completed,yam,yam_0_61,44.9,huangrongbo,good,,,prod,2026-08-27 06:52:37.608240+00:00,2026-08-27 11:12:44.781294+00:00,/nfs/data/sz_44/20260827/episode_20260827_065037_000_8c81af0f.npy.mp4
01a041fc-f520-75c0-ad98-45cd33106a61,industrial packing,completed,yam,yam_0_61,38.5,huangrongbo,good,,,prod,2026-08-27 06:53:28.911003+00:00,2026-08-27 11:12:44.533102+00:00,/nfs/data/sz_44/20260827/episode_20260827_065132_000_14c240c8.npy.mp4
01a041fd-b0a0-72f6-8e7a-81653c472f94,industrial packing,completed,yam,yam_0_61,39.7,huangrongbo,good,,,prod,2026-08-27 06:54:14.189215+00:00,2026-08-27 11:12:44.382193+00:00,/nfs/data/sz_44/20260827/episode_20260827_065220_000_f7f726c6.npy.mp4
01a041fe-73f0-7677-b8ff-8a92c60de563,industrial packing,completed,yam,yam_0_61,35.3,huangrongbo,good,,,prod,2026-08-27 06:54:58.440326+00:00,2026-08-27 11:12:43.676105+00:00,/nfs/data/sz_44/20260827/episode_20260827_065310_000_fd4e4cd8.npy.mp4
01a04200-6fc0-7e96-bdf7-dad5c03fcdbb,industrial packing,completed,yam,yam_0_61,42.5,huangrongbo,good,,,prod,2026-08-27 06:57:19.798825+00:00,2026-08-27 11:12:43.410893+00:00,/nfs/data/sz_44/20260827/episode_20260827_065520_000_f58599a0.npy.mp4
01a04201-3ae0-70be-b2e0-c2cadfed1b4d,industrial packing,completed,yam,yam_0_61,41.2,huangrongbo,good,,,prod,2026-08-27 06:58:11.082349+00:00,2026-08-27 11:12:42.608329+00:00,/nfs/data/sz_44/20260827/episode_20260827_065612_000_6feb0491.npy.mp4
01a04201-fe30-7c8b-9012-af4c9240f396,industrial packing,completed,yam,yam_0_61,40.7,huangrongbo,good,,,prod,2026-08-27 06:59:00.409582+00:00,2026-08-27 11:12:42.350301+00:00,/nfs/data/sz_44/20260827/episode_20260827_065702_000_0549e3ab.npy.mp4
01a04217-91a0-7d63-bd98-1741251195c5,industrial packing,completed,yam,yam_0_61,38.2,huangrongbo,good,,,prod,2026-08-27 07:22:30.046662+00:00,2026-08-27 11:12:41.601272+00:00,/nfs/data/sz_44/20260827/episode_20260827_072036_000_701feda4.npy.mp4
01a04218-4938-7e73-9599-7547f944ff5b,industrial packing,completed,yam,yam_0_61,41.0,huangrongbo,good,,,prod,2026-08-27 07:23:21.341210+00:00,2026-08-27 11:12:41.360398+00:00,/nfs/data/sz_44/20260827/episode_20260827_072123_000_99e0a34e.npy.mp4
01a04219-0c88-7718-b35f-8e29af390e8c,industrial packing,completed,yam,yam_0_61,40.9,huangrongbo,good,,,prod,2026-08-27 07:24:11.687656+00:00,2026-08-27 11:12:40.653551+00:00,/nfs/data/sz_44/20260827/episode_20260827_072213_000_a7f64095.npy.mp4
01a04219-d3c0-7523-ad4a-413ad7e3bb26,industrial packing,completed,yam,yam_0_61,36.3,huangrongbo,good,,,prod,2026-08-27 07:24:55.965720+00:00,2026-08-27 11:12:40.392491+00:00,/nfs/data/sz_44/20260827/episode_20260827_072304_000_28975f11.npy.mp4
01a0421b-4ac0-715a-b903-047604a03bc5,industrial packing,completed,yam,yam_0_61,41.4,huangrongbo,good,,,prod,2026-08-27 07:26:37.524006+00:00,2026-08-27 11:12:40.251646+00:00,/nfs/data/sz_44/20260827/episode_20260827_072440_000_8876cbd8.npy.mp4
01a0421c-11f8-7a93-9c8d-28d500cfbceb,industrial packing,completed,yam,yam_0_61,38.8,huangrongbo,good,,,prod,2026-08-27 07:27:28.800709+00:00,2026-08-27 11:12:40.119751+00:00,/nfs/data/sz_44/20260827/episode_20260827_072531_000_3ffb5275.npy.mp4
01a0421a-8388-7d5b-a590-8c065215d300,industrial packing,completed,yam,yam_0_61,41.6,huangrongbo,good,,,prod,2026-08-27 07:25:47.241098+00:00,2026-08-27 11:12:39.725280+00:00,/nfs/data/sz_44/20260827/episode_20260827_072349_000_8df10455.npy.mp4
01a0421c-cd78-79aa-af6f-460902bd4e2f,industrial packing,completed,yam,yam_0_61,37.5,huangrongbo,good,,,prod,2026-08-27 07:28:14.086083+00:00,2026-08-27 11:12:38.773129+00:00,/nfs/data/sz_44/20260827/episode_20260827_072619_000_91883c00.npy.mp4
01a0421d-8128-7732-a06e-43f7e90fc4d5,industrial packing,completed,yam,yam_0_61,39.9,huangrongbo,good,,,prod,2026-08-27 07:29:04.432512+00:00,2026-08-27 11:12:38.673118+00:00,/nfs/data/sz_44/20260827/episode_20260827_072705_000_a5237437.npy.mp4
01a0421e-4478-72b7-8d56-31dbeda00d1e,industrial packing,completed,yam,yam_0_61,40.3,huangrongbo,good,,,prod,2026-08-27 07:29:49.721058+00:00,2026-08-27 11:12:37.999919+00:00,/nfs/data/sz_44/20260827/episode_20260827_072755_000_a8a453f2.npy.mp4
01a0421f-03e0-7c8c-a39e-05a56fe5b8a0,industrial packing,completed,yam,yam_0_61,38.3,huangrongbo,good,,,prod,2026-08-27 07:30:40.044821+00:00,2026-08-27 11:12:37.709584+00:00,/nfs/data/sz_44/20260827/episode_20260827_072844_000_2cc6d115.npy.mp4
01a0421f-c730-7ad1-b848-7bcfb695866d,industrial packing,completed,yam,yam_0_61,33.2,huangrongbo,good,,,prod,2026-08-27 07:31:24.328230+00:00,2026-08-27 11:12:37.403621+00:00,/nfs/data/sz_44/20260827/episode_20260827_072934_000_8bf52a17.npy.mp4
01a04220-7ae0-7a95-ab3b-a89a72632150,industrial packing,completed,yam,yam_0_61,38.0,huangrongbo,good,,,prod,2026-08-27 07:32:14.611488+00:00,2026-08-27 11:12:36.636215+00:00,/nfs/data/sz_44/20260827/episode_20260827_073020_000_9b096e48.npy.mp4
01a04221-3278-7623-8735-c75c9784582f,industrial packing,completed,yam,yam_0_61,33.7,huangrongbo,good,,,prod,2026-08-27 07:32:53.884646+00:00,2026-08-27 11:12:36.426544+00:00,/nfs/data/sz_44/20260827/episode_20260827_073107_000_470d9412.npy.mp4
01a04221-d688-7fbc-9b8b-a69b842987f4,industrial packing,completed,yam,yam_0_61,33.7,huangrongbo,good,,,prod,2026-08-27 07:33:37.125030+00:00,2026-08-27 11:12:35.762939+00:00,/nfs/data/sz_44/20260827/episode_20260827_073149_000_d880491b.npy.mp4
01a04224-1c90-71fa-ba52-d8df4f787549,industrial packing,completed,yam,yam_0_61,35.2,huangrongbo,good,,,prod,2026-08-27 07:36:06.448313+00:00,2026-08-27 11:12:35.536997+00:00,/nfs/data/sz_44/20260827/episode_20260827_073418_000_f6a9e915.npy.mp4
01a04224-c870-752a-b033-330ea0eee567,industrial packing,completed,yam,yam_0_61,33.2,huangrongbo,good,,,prod,2026-08-27 07:36:51.733557+00:00,2026-08-27 11:12:35.391484+00:00,/nfs/data/sz_44/20260827/episode_20260827_073502_000_a3c3eada.npy.mp4
01a04225-6898-7112-80a0-d42ba741fdde,industrial packing,completed,yam,yam_0_61,35.1,huangrongbo,good,,,prod,2026-08-27 07:37:37.098945+00:00,2026-08-27 11:12:34.745489+00:00,/nfs/data/sz_44/20260827/episode_20260827_073543_000_4d94ce0d.npy.mp4
01a04226-1478-7920-a1aa-18e444aef857,industrial packing,completed,yam,yam_0_61,36.1,huangrongbo,good,,,prod,2026-08-27 07:38:21.410807+00:00,2026-08-27 11:12:34.570657+00:00,/nfs/data/sz_44/20260827/episode_20260827_073627_000_b9e30f9d.npy.mp4
01a04226-c440-7f96-ade1-8868d39b5db8,industrial packing,completed,yam,yam_0_61,31.3,huangrongbo,good,,,prod,2026-08-27 07:38:56.674096+00:00,2026-08-27 11:12:33.965137+00:00,/nfs/data/sz_44/20260827/episode_20260827_073712_000_d9981a4e.npy.mp4
01a04227-6080-77d7-b06a-e9719e4d6f90,industrial packing,completed,yam,yam_0_61,36.9,huangrongbo,good,,,prod,2026-08-27 07:39:46.988322+00:00,2026-08-27 11:12:33.754921+00:00,/nfs/data/sz_44/20260827/episode_20260827_073752_000_f01b1b9c.npy.mp4
01a04228-1430-761b-a3ed-10e44ae64217,industrial packing,completed,yam,yam_0_61,35.8,huangrongbo,good,,,prod,2026-08-27 07:40:31.242395+00:00,2026-08-27 11:12:33.430958+00:00,/nfs/data/sz_44/20260827/episode_20260827_073838_000_8c6470c2.npy.mp4
01a04229-d568-7737-83bc-567af9f90e22,industrial packing,completed,yam,yam_0_61,32.1,huangrongbo,good,,,prod,2026-08-27 07:42:20.544852+00:00,2026-08-27 11:12:32.805138+00:00,/nfs/data/sz_44/20260827/episode_20260827_074033_000_eceb69ed.npy.mp4
01a0422a-7590-778e-b02b-5bba66e6d0f7,industrial packing,completed,yam,yam_0_61,35.0,huangrongbo,good,,,prod,2026-08-27 07:43:05.810589+00:00,2026-08-27 11:12:32.564756+00:00,/nfs/data/sz_44/20260827/episode_20260827_074114_000_d9c8e142.npy.mp4
01a0422b-2170-744d-8e36-30b7f1e9939e,industrial packing,completed,yam,yam_0_61,35.0,huangrongbo,good,,,prod,2026-08-27 07:43:45.074653+00:00,2026-08-27 11:12:32.397118+00:00,/nfs/data/sz_44/20260827/episode_20260827_074158_000_a40c215d.npy.mp4
01a0422b-cd50-7304-b335-2453b488432d,industrial packing,completed,yam,yam_0_61,33.8,huangrongbo,good,,,prod,2026-08-27 07:44:30.355256+00:00,2026-08-27 11:12:31.674863+00:00,/nfs/data/sz_44/20260827/episode_20260827_074242_000_239d5b00.npy.mp4
01a0422c-7160-7231-8551-005cf7d886f4,industrial packing,completed,yam,yam_0_61,33.1,huangrongbo,good,,,prod,2026-08-27 07:45:14.597541+00:00,2026-08-27 11:12:31.415797+00:00,/nfs/data/sz_44/20260827/episode_20260827_074324_000_511f0830.npy.mp4
01a0422d-1570-76c5-9cb2-8ec447294c04,industrial packing,completed,yam,yam_0_61,33.5,huangrongbo,good,,,prod,2026-08-27 07:45:53.890592+00:00,2026-08-27 11:12:30.778408+00:00,/nfs/data/sz_44/20260827/episode_20260827_074406_000_b817f7bc.npy.mp4
01a0422d-b980-77a7-bfdf-59b24e3f5410,industrial packing,completed,yam,yam_0_61,32.5,huangrongbo,good,,,prod,2026-08-27 07:46:37.152376+00:00,2026-08-27 11:12:30.571468+00:00,/nfs/data/sz_44/20260827/episode_20260827_074448_000_fa302aff.npy.mp4
01a0422e-59a8-7760-8a55-a91b924bb12e,industrial packing,completed,yam,yam_0_61,32.4,huangrongbo,good,,,prod,2026-08-27 07:47:16.412349+00:00,2026-08-27 11:12:30.382365+00:00,/nfs/data/sz_44/20260827/episode_20260827_074529_000_bd943ad9.npy.mp4
01a04232-35f0-7262-9697-9c5cfa5edfb0,industrial packing,completed,yam,yam_0_61,42.9,huangrongbo,good,,,prod,2026-08-27 07:51:42.824486+00:00,2026-08-27 11:12:29.732566+00:00,/nfs/data/sz_44/20260827/episode_20260827_074942_000_e0e4a725.npy.mp4
01a04233-04f8-797f-b2d9-ee16b9c25600,industrial packing,completed,yam,yam_0_61,34.6,huangrongbo,good,,,prod,2026-08-27 07:52:22.151940+00:00,2026-08-27 11:12:29.548334+00:00,/nfs/data/sz_44/20260827/episode_20260827_075035_000_88bd829d.npy.mp4
01a04233-dfb8-7835-8e9e-fa45983573e7,industrial packing,completed,yam,yam_0_61,43.8,huangrongbo,good,,,prod,2026-08-27 07:53:33.435887+00:00,2026-08-27 11:12:29.417207+00:00,/nfs/data/sz_44/20260827/episode_20260827_075131_000_0ea0376d.npy.mp4
01a04234-b2a8-7a44-8190-4dc6e11bbb1b,industrial packing,completed,yam,yam_0_61,41.9,huangrongbo,good,,,prod,2026-08-27 07:54:24.762979+00:00,2026-08-27 11:12:28.695822+00:00,/nfs/data/sz_44/20260827/episode_20260827_075225_000_13473a69.npy.mp4
01a04235-79e0-77b2-b874-4c8ed8d982bc,industrial packing,completed,yam,yam_0_61,37.8,huangrongbo,good,,,prod,2026-08-27 07:55:10.032487+00:00,2026-08-27 11:12:28.484367+00:00,/nfs/data/sz_44/20260827/episode_20260827_075316_000_cce7ec2a.npy.mp4
01a04236-3948-7bdb-9b69-8201936c691c,industrial packing,completed,yam,yam_0_61,33.9,huangrongbo,good,,,prod,2026-08-27 07:55:54.385005+00:00,2026-08-27 11:12:28.336370+00:00,/nfs/data/sz_44/20260827/episode_20260827_075405_000_7789ffd6.npy.mp4
01a04236-dd58-702f-b994-ff57f807abd5,industrial packing,completed,yam,yam_0_61,38.8,huangrongbo,good,,,prod,2026-08-27 07:56:39.730489+00:00,2026-08-27 11:12:27.798305+00:00,/nfs/data/sz_44/20260827/episode_20260827_075447_000_46e83918.npy.mp4
01a04237-98d8-7295-9eec-e483655dae5f,industrial packing,completed,yam,yam_0_61,38.9,huangrongbo,good,,,prod,2026-08-27 07:57:31.023959+00:00,2026-08-27 11:12:27.560093+00:00,/nfs/data/sz_44/20260827/episode_20260827_075535_000_a675cca6.npy.mp4
01a04238-5458-7217-b17d-677ad51b6f3c,industrial packing,completed,yam,yam_0_61,38.2,huangrongbo,good,,,prod,2026-08-27 07:58:15.301362+00:00,2026-08-27 11:12:27.350284+00:00,/nfs/data/sz_44/20260827/episode_20260827_075623_000_e526bf9b.npy.mp4
01a0423a-b9a0-789f-bbeb-32a5ade8729f,industrial packing,completed,yam,yam_0_61,44.8,huangrongbo,good,,,prod,2026-08-27 08:01:02.156399+00:00,2026-08-27 11:12:26.768398+00:00,/nfs/data/sz_44/20260827/episode_20260827_075900_000_dbf4a5fb.npy.mp4
01a0423d-2aa0-7018-8a9f-c537893bb763,industrial packing,completed,yam,yam_0_61,39.1,huangrongbo,good,,,prod,2026-08-27 08:03:33.972714+00:00,2026-08-27 11:12:26.526317+00:00,/nfs/data/sz_44/20260827/episode_20260827_080140_000_84d04d1f.npy.mp4
01a0423d-e620-7496-ac36-94e7e387a86e,industrial packing,completed,yam,yam_0_61,40.1,huangrongbo,good,,,prod,2026-08-27 08:04:24.698861+00:00,2026-08-27 11:12:26.362549+00:00,/nfs/data/sz_44/20260827/episode_20260827_080228_000_803b8edb.npy.mp4
01a0423e-ad58-751d-9ec6-0708b96e407f,industrial packing,completed,yam,yam_0_61,36.3,huangrongbo,good,,,prod,2026-08-27 08:05:09.451216+00:00,2026-08-27 11:12:25.636996+00:00,/nfs/data/sz_44/20260827/episode_20260827_080319_000_7ad2b212.npy.mp4
01a0423f-6108-798a-80b5-37a68da9ec6c,industrial packing,completed,yam,yam_0_61,37.1,huangrongbo,good,,,prod,2026-08-27 08:05:59.777054+00:00,2026-08-27 11:12:25.399916+00:00,/nfs/data/sz_44/20260827/episode_20260827_080405_000_142b6776.npy.mp4
01a04240-14b8-7ce5-a007-a5544ecbff6f,industrial packing,completed,yam,yam_0_61,35.4,huangrongbo,good,,,prod,2026-08-27 08:06:44.099675+00:00,2026-08-27 11:12:24.793769+00:00,/nfs/data/sz_44/20260827/episode_20260827_080451_000_8169b8f6.npy.mp4
01a04240-c098-7e9a-8e05-75d17a56c52d,industrial packing,completed,yam,yam_0_61,35.6,huangrongbo,good,,,prod,2026-08-27 08:07:24.397335+00:00,2026-08-27 11:12:24.591216+00:00,/nfs/data/sz_44/20260827/episode_20260827_080535_000_af61ebd3.npy.mp4
01a04241-7c18-7946-9423-d186bc05b5b5,industrial packing,completed,yam,yam_0_61,35.8,huangrongbo,good,,,prod,2026-08-27 08:08:13.812553+00:00,2026-08-27 11:12:24.529735+00:00,/nfs/data/sz_44/20260827/episode_20260827_080623_000_5a863ebf.npy.mp4
01a04242-27f8-71a0-bd9b-64aec9595e9d,industrial packing,completed,yam,yam_0_61,36.2,huangrongbo,good,,,prod,2026-08-27 08:08:59.077692+00:00,2026-08-27 11:12:23.782988+00:00,/nfs/data/sz_44/20260827/episode_20260827_080707_000_d04b198e.npy.mp4
01a04242-d7c0-74a2-a15f-21241ba77cc6,industrial packing,completed,yam,yam_0_61,35.8,huangrongbo,good,,,prod,2026-08-27 08:09:43.333551+00:00,2026-08-27 11:12:23.581960+00:00,/nfs/data/sz_44/20260827/episode_20260827_080752_000_b67caec9.npy.mp4
01a04244-0870-7f8a-8d0a-0eaece17cf4b,industrial packing,completed,yam,yam_0_61,37.4,huangrongbo,good,,,prod,2026-08-27 08:11:03.667028+00:00,2026-08-27 11:12:23.400550+00:00,/nfs/data/sz_44/20260827/episode_20260827_080910_000_028161ec.npy.mp4
01a04244-bc20-750c-af65-0dc765b4fdf8,industrial packing,completed,yam,yam_0_61,36.2,huangrongbo,good,,,prod,2026-08-27 08:11:48.957895+00:00,2026-08-27 11:12:22.749941+00:00,/nfs/data/sz_44/20260827/episode_20260827_080956_000_d3fec54a.npy.mp4
01a04245-6be8-73ac-8f94-24cb6f7b40d9,industrial packing,completed,yam,yam_0_61,35.0,huangrongbo,good,,,prod,2026-08-27 08:12:33.224322+00:00,2026-08-27 11:12:22.508199+00:00,/nfs/data/sz_44/20260827/episode_20260827_081041_000_c2e1012c.npy.mp4
01a04246-17c8-70bd-a7bb-da871d9bc952,industrial packing,completed,yam,yam_0_61,37.4,huangrongbo,good,,,prod,2026-08-27 08:13:18.569779+00:00,2026-08-27 11:12:22.326894+00:00,/nfs/data/sz_44/20260827/episode_20260827_081125_000_421ce239.npy.mp4
01a04246-cf60-7e15-b0ca-406ee485748e,industrial packing,completed,yam,yam_0_61,35.1,huangrongbo,good,,,prod,2026-08-27 08:14:02.840541+00:00,2026-08-27 11:12:19.808810+00:00,/nfs/data/sz_44/20260827/episode_20260827_081212_000_d37e8e47.npy.mp4
01a03bd7-7c88-7218-83ed-57699f08e3b5,industrial packing,completed,yam,yam_zed_0_61,41.6,huangrongbo,good,,,prod,2026-08-26 02:15:00.063969+00:00,2026-08-26 10:55:36.906901+00:00,/nfs/data/sz_48/20260826/episode_20260826_021253_000_c5b65e75.npy.mp4
01a03bd8-3420-7206-97fa-3a11e69af695,industrial packing,completed,yam,yam_zed_0_61,37.6,huangrongbo,good,,,prod,2026-08-26 02:15:46.383101+00:00,2026-08-26 10:55:36.382583+00:00,/nfs/data/sz_48/20260826/episode_20260826_021340_000_2528218b.npy.mp4
01a03bd8-dc18-7cfe-ab5d-60b911e78a8d,industrial packing,completed,yam,yam_zed_0_61,32.9,huangrongbo,good,,,prod,2026-08-26 02:16:19.678085+00:00,2026-08-26 10:55:36.175236+00:00,/nfs/data/sz_48/20260826/episode_20260826_021423_000_55893b70.npy.mp4
01a03bd9-87f8-79a5-a0b1-6ee8f49c066f,industrial packing,completed,yam,yam_zed_0_61,38.7,huangrongbo,good,,,prod,2026-08-26 02:17:10.924534+00:00,2026-08-26 10:55:35.937574+00:00,/nfs/data/sz_48/20260826/episode_20260826_021507_000_aa6e2ef7.npy.mp4
01a03bdb-fce0-71f4-ab3f-b63b62c3beec,industrial packing,completed,yam,yam_zed_0_61,43.9,huangrongbo,good,,,prod,2026-08-26 02:20:01.338905+00:00,2026-08-26 10:55:27.913185+00:00,/nfs/data/sz_48/20260826/episode_20260826_021748_000_7d4572de.npy.mp4
01a03bdc-bc48-7646-ad09-a602f21cfc80,industrial packing,completed,yam,yam_zed_0_61,38.9,huangrongbo,good,,,prod,2026-08-26 02:20:35.581046+00:00,2026-08-26 10:55:27.405163+00:00,/nfs/data/sz_48/20260826/episode_20260826_021837_000_151bd843.npy.mp4
01a03bde-bfe8-736e-9f52-0736fc508a5c,industrial packing,completed,yam,yam_zed_0_61,39.6,huangrongbo,good,,,prod,2026-08-26 02:22:50.971923+00:00,2026-08-26 10:55:27.193069+00:00,/nfs/data/sz_48/20260826/episode_20260826_022049_000_e1735760.npy.mp4
01a03bdf-6fb0-730c-bd11-eabf7bbded21,industrial packing,completed,yam,yam_zed_0_61,36.0,huangrongbo,good,,,prod,2026-08-26 02:23:36.298262+00:00,2026-08-26 10:55:26.946435+00:00,/nfs/data/sz_48/20260826/episode_20260826_022134_000_24fbf0eb.npy.mp4
01a03be0-0fd8-76f1-a740-e423fd57c346,industrial packing,completed,yam,yam_zed_0_61,41.6,huangrongbo,good,,,prod,2026-08-26 02:24:16.592246+00:00,2026-08-26 10:55:26.370011+00:00,/nfs/data/sz_48/20260826/episode_20260826_022215_000_e2bb7827.npy.mp4
01a03be0-cb58-75cb-a050-d626588159c0,industrial packing,completed,yam,yam_zed_0_61,41.4,huangrongbo,good,,,prod,2026-08-26 02:25:13.845348+00:00,2026-08-26 10:55:26.183491+00:00,/nfs/data/sz_48/20260826/episode_20260826_022303_000_9b949614.npy.mp4
01a03be4-7ca8-7900-822b-0ae87cef79c9,industrial packing,completed,yam,yam_zed_0_61,36.6,huangrongbo,good,,,prod,2026-08-26 02:29:07.343325+00:00,2026-08-26 10:55:25.975929+00:00,/nfs/data/sz_48/20260826/episode_20260826_022705_000_a2d259ea.npy.mp4
01a03be5-20b8-789c-a533-c4d3eee596ae,industrial packing,completed,yam,yam_zed_0_61,35.8,huangrongbo,good,,,prod,2026-08-26 02:29:43.713819+00:00,2026-08-26 10:55:25.403897+00:00,/nfs/data/sz_48/20260826/episode_20260826_022747_000_08eca0b1.npy.mp4
01a03be5-c4c8-7e47-923b-61dd2478f0e3,industrial packing,completed,yam,yam_zed_0_61,37.7,huangrongbo,good,,,prod,2026-08-26 02:30:28.004381+00:00,2026-08-26 10:55:25.175449+00:00,/nfs/data/sz_48/20260826/episode_20260826_022829_000_95af7368.npy.mp4
01a03be6-6cc0-74ae-b53c-db6a0e871251,industrial packing,completed,yam,yam_zed_0_61,35.4,huangrongbo,good,,,prod,2026-08-26 02:31:13.337139+00:00,2026-08-26 10:55:24.961831+00:00,/nfs/data/sz_48/20260826/episode_20260826_022912_000_51d03cb1.npy.mp4
01a03be7-0900-7074-89b5-a60fc086fffa,industrial packing,completed,yam,yam_zed_0_61,42.2,huangrongbo,good,,,prod,2026-08-26 02:31:55.639523+00:00,2026-08-26 10:55:24.353383+00:00,/nfs/data/sz_48/20260826/episode_20260826_022952_000_fcfffccd.npy.mp4
01a03be7-c480-7f79-9773-b2a3998ba5b2,industrial packing,completed,yam,yam_zed_0_61,37.3,huangrongbo,good,,,prod,2026-08-26 02:32:34.960911+00:00,2026-08-26 10:55:24.157726+00:00,/nfs/data/sz_48/20260826/episode_20260826_023040_000_712b2d41.npy.mp4
01a03be8-7c18-7f0e-9e22-7860d429d950,industrial packing,completed,yam,yam_zed_0_61,37.6,huangrongbo,good,,,prod,2026-08-26 02:33:24.274706+00:00,2026-08-26 10:55:23.971490+00:00,/nfs/data/sz_48/20260826/episode_20260826_023127_000_9658387c.npy.mp4
01a03be9-2028-7549-bb2f-76b7177bd721,industrial packing,completed,yam,yam_zed_0_61,37.8,huangrongbo,good,,,prod,2026-08-26 02:34:08.561934+00:00,2026-08-26 10:55:23.358156+00:00,/nfs/data/sz_48/20260826/episode_20260826_023209_000_c7f012c2.npy.mp4
01a03be9-cc08-7d70-83db-3e5ecbb26622,industrial packing,completed,yam,yam_zed_0_61,38.0,huangrongbo,good,,,prod,2026-08-26 02:34:52.853924+00:00,2026-08-26 10:55:23.149137+00:00,/nfs/data/sz_48/20260826/episode_20260826_023253_000_76df0260.npy.mp4
01a03bea-7400-7cca-8ccd-fe1294c8ca28,industrial packing,completed,yam,yam_zed_0_61,36.0,huangrongbo,good,,,prod,2026-08-26 02:35:38.243809+00:00,2026-08-26 10:55:22.948913+00:00,/nfs/data/sz_48/20260826/episode_20260826_023336_000_dc1783a6.npy.mp4
01a03beb-1810-733a-abb7-886884792ad0,industrial packing,completed,yam,yam_zed_0_61,35.0,huangrongbo,good,,,prod,2026-08-26 02:36:18.572687+00:00,2026-08-26 10:55:22.388282+00:00,/nfs/data/sz_48/20260826/episode_20260826_023418_000_470832c3.npy.mp4
01a03beb-b838-7897-9800-df5725c95fbd,industrial packing,completed,yam,yam_zed_0_61,36.5,huangrongbo,good,,,prod,2026-08-26 02:37:03.877465+00:00,2026-08-26 10:55:22.185205+00:00,/nfs/data/sz_48/20260826/episode_20260826_023459_000_4ad912e7.npy.mp4
01a03bec-5c48-79db-9317-57f5e5dd2a9b,industrial packing,completed,yam,yam_zed_0_61,29.3,huangrongbo,good,,,prod,2026-08-26 02:37:30.120544+00:00,2026-08-26 10:55:21.994896+00:00,/nfs/data/sz_48/20260826/episode_20260826_023541_000_40e938f2.npy.mp4
01a03bed-0440-7941-abf1-1ff3d5629eae,industrial packing,completed,yam,yam_zed_0_61,33.3,huangrongbo,good,,,prod,2026-08-26 02:38:17.443744+00:00,2026-08-26 10:55:21.432187+00:00,/nfs/data/sz_48/20260826/episode_20260826_023624_000_1295cd59.npy.mp4
01a03bed-c3a8-7d7a-af94-bbc9b088221c,industrial packing,completed,yam,yam_zed_0_61,37.1,huangrongbo,good,,,prod,2026-08-26 02:39:17.765044+00:00,2026-08-26 10:55:21.225329+00:00,/nfs/data/sz_48/20260826/episode_20260826_023713_000_6b4c6e86.npy.mp4
01a03bee-6ba0-7603-b016-91472b7e0fc9,industrial packing,completed,yam,yam_zed_0_61,35.3,huangrongbo,good,,,prod,2026-08-26 02:39:58.065999+00:00,2026-08-26 10:55:20.981234+00:00,/nfs/data/sz_48/20260826/episode_20260826_023756_000_1ce0fd0d.npy.mp4
01a03bef-0bc8-75ce-97be-6ad3ab4401bf,industrial packing,completed,yam,yam_zed_0_61,38.1,huangrongbo,good,,,prod,2026-08-26 02:40:44.381597+00:00,2026-08-26 10:55:20.487562+00:00,/nfs/data/sz_48/20260826/episode_20260826_023837_000_e8958204.npy.mp4
01a03bef-b7a8-79e0-930e-138345be13ca,industrial packing,completed,yam,yam_zed_0_61,36.7,huangrongbo,good,,,prod,2026-08-26 02:41:24.682945+00:00,2026-08-26 10:55:20.313081+00:00,/nfs/data/sz_48/20260826/episode_20260826_023921_000_08de10e5.npy.mp4
01a03bf0-5fa0-73a3-94ed-9fd09ba43cbd,industrial packing,completed,yam,yam_zed_0_61,34.0,huangrongbo,good,,,prod,2026-08-26 02:42:03.992170+00:00,2026-08-26 10:55:20.146929+00:00,/nfs/data/sz_48/20260826/episode_20260826_024004_000_448138e5.npy.mp4
01a03bf0-ffc8-7bd4-be3b-335846c9b059,industrial packing,completed,yam,yam_zed_0_61,32.6,huangrongbo,good,,,prod,2026-08-26 02:42:42.282465+00:00,2026-08-26 10:55:20.001197+00:00,/nfs/data/sz_48/20260826/episode_20260826_024045_000_24bd748c.npy.mp4
01a03bf1-af90-7248-a825-1e06892e3339,industrial packing,completed,yam,yam_zed_0_61,36.2,huangrongbo,good,,,prod,2026-08-26 02:43:25.560896+00:00,2026-08-26 10:55:19.381875+00:00,/nfs/data/sz_48/20260826/episode_20260826_024130_000_8aa23e40.npy.mp4
01a03bf2-5788-7844-8a4b-9f80cfdc3d29,industrial packing,completed,yam,yam_zed_0_61,34.2,huangrongbo,good,,,prod,2026-08-26 02:44:09.861014+00:00,2026-08-26 10:55:19.147346+00:00,/nfs/data/sz_48/20260826/episode_20260826_024213_000_96fd241b.npy.mp4
01a03bf2-f3c8-702f-bab4-6d328a08e342,industrial packing,completed,yam,yam_zed_0_61,36.8,huangrongbo,good,,,prod,2026-08-26 02:44:49.154578+00:00,2026-08-26 10:55:18.970579+00:00,/nfs/data/sz_48/20260826/episode_20260826_024253_000_1562c4a0.npy.mp4
01a03bf3-9bc0-759f-991d-425d4e5c15be,industrial packing,completed,yam,yam_zed_0_61,36.0,huangrongbo,good,,,prod,2026-08-26 02:45:39.458528+00:00,2026-08-26 10:55:18.342469+00:00,/nfs/data/sz_48/20260826/episode_20260826_024336_000_56220a5c.npy.mp4
01a03bf4-3fd0-7113-9df7-8b60d43e218c,industrial packing,completed,yam,yam_zed_0_61,37.9,huangrongbo,good,,,prod,2026-08-26 02:46:20.752354+00:00,2026-08-26 10:55:18.152506+00:00,/nfs/data/sz_48/20260826/episode_20260826_024418_000_1ff46c7a.npy.mp4
01a03bf4-e7c8-784d-bc59-94ad2753f339,industrial packing,completed,yam,yam_zed_0_61,35.2,huangrongbo,good,,,prod,2026-08-26 02:47:01.020082+00:00,2026-08-26 10:55:17.949945+00:00,/nfs/data/sz_48/20260826/episode_20260826_024501_000_d2aaa9b4.npy.mp4
01a03bf5-8bd8-7233-93d0-527e0fd8b635,industrial packing,completed,yam,yam_zed_0_61,36.5,huangrongbo,good,,,prod,2026-08-26 02:47:46.327932+00:00,2026-08-26 10:55:17.408930+00:00,/nfs/data/sz_48/20260826/episode_20260826_024543_000_5adff2c3.npy.mp4
01a03bf6-2fe8-7810-871a-7274f29c46f0,industrial packing,completed,yam,yam_zed_0_61,33.1,huangrongbo,good,,,prod,2026-08-26 02:48:20.594169+00:00,2026-08-26 10:55:17.232646+00:00,/nfs/data/sz_48/20260826/episode_20260826_024625_000_808b320c.npy.mp4
01a03bf6-c458-7f3e-8309-0ff3ba4a811d,industrial packing,completed,yam,yam_zed_0_61,34.5,huangrongbo,good,,,prod,2026-08-26 02:48:57.901161+00:00,2026-08-26 10:55:17.055255+00:00,/nfs/data/sz_48/20260826/episode_20260826_024703_000_ca308bdc.npy.mp4
01a03bf7-6098-75d1-aa34-d1f5cb7ad629,industrial packing,completed,yam,yam_zed_0_61,33.9,huangrongbo,good,,,prod,2026-08-26 02:49:42.177108+00:00,2026-08-26 10:55:16.924040+00:00,/nfs/data/sz_48/20260826/episode_20260826_024743_000_5a01e2d4.npy.mp4
01a03bf7-f8f0-79a0-8730-13a0a5ad52af,industrial packing,completed,yam,yam_zed_0_61,33.6,huangrongbo,good,,,prod,2026-08-26 02:50:15.443651+00:00,2026-08-26 10:55:16.346179+00:00,/nfs/data/sz_48/20260826/episode_20260826_024822_000_25906ac1.npy.mp4
01a03bf8-9148-79ac-8ba9-a738ccf3fcc6,industrial packing,completed,yam,yam_zed_0_61,37.8,huangrongbo,good,,,prod,2026-08-26 02:50:59.738833+00:00,2026-08-26 10:55:16.168486+00:00,/nfs/data/sz_48/20260826/episode_20260826_024901_000_9a227840.npy.mp4
01a03bf9-3940-7603-b120-ac745c4d6e99,industrial packing,completed,yam,yam_zed_0_61,30.3,huangrongbo,good,,,prod,2026-08-26 02:51:36.020236+00:00,2026-08-26 10:55:15.983514+00:00,/nfs/data/sz_48/20260826/episode_20260826_024944_000_a798f07b.npy.mp4
01a03bfa-1018-7b04-a39f-36837051183c,industrial packing,completed,yam,yam_zed_0_61,32.1,huangrongbo,good,,,prod,2026-08-26 02:52:33.334587+00:00,2026-08-26 10:55:15.407850+00:00,/nfs/data/sz_48/20260826/episode_20260826_025039_000_eaf89b0c.npy.mp4
01a03bfa-bfe0-791a-ab1e-4d7396041113,industrial packing,completed,yam,yam_zed_0_61,36.5,huangrongbo,good,,,prod,2026-08-26 02:53:28.669773+00:00,2026-08-26 10:55:15.215269+00:00,/nfs/data/sz_48/20260826/episode_20260826_025124_000_dc822655.npy.mp4
01a03bfb-63f0-7aa5-83db-607ea43332f0,industrial packing,completed,yam,yam_zed_0_61,37.3,huangrongbo,good,,,prod,2026-08-26 02:54:09.907945+00:00,2026-08-26 10:55:14.979198+00:00,/nfs/data/sz_48/20260826/episode_20260826_025206_000_1c3c3e97.npy.mp4
01a03bfc-0be8-7a73-b52d-6a61b74cd65f,industrial packing,completed,yam,yam_zed_0_61,37.4,huangrongbo,good,,,prod,2026-08-26 02:54:54.139899+00:00,2026-08-26 10:55:14.415343+00:00,/nfs/data/sz_48/20260826/episode_20260826_025249_000_f203b051.npy.mp4
01a03bff-9a10-7cf0-ba9a-c5026a0f0458,industrial packing,completed,yam,yam_zed_0_61,34.8,huangrongbo,good,,,prod,2026-08-26 02:58:41.405204+00:00,2026-08-26 10:55:14.277510+00:00,/nfs/data/sz_48/20260826/episode_20260826_025642_000_45d94c14.npy.mp4
01a03bfd-a9f8-7a25-b450-0372814a6c14,industrial packing,completed,yam,yam_zed_0_61,39.8,huangrongbo,good,,,prod,2026-08-26 02:56:41.545421+00:00,2026-08-26 10:55:14.216304+00:00,/nfs/data/sz_48/20260826/episode_20260826_025435_000_7833783e.npy.mp4
01a03bfe-59c0-74f6-a1a2-d65362b0d1f5,industrial packing,completed,yam,yam_zed_0_61,33.4,huangrongbo,good,,,prod,2026-08-26 02:57:15.866081+00:00,2026-08-26 10:55:13.986386+00:00,/nfs/data/sz_48/20260826/episode_20260826_025520_000_a2e446ac.npy.mp4
01a03bfe-f218-73b1-adae-37530b1e1564,industrial packing,completed,yam,yam_zed_0_61,37.4,huangrongbo,good,,,prod,2026-08-26 02:58:01.166995+00:00,2026-08-26 10:55:13.421494+00:00,/nfs/data/sz_48/20260826/episode_20260826_025559_000_7c1b6de1.npy.mp4
01a03c00-45f0-7742-ac1e-739734d1c52e,industrial packing,completed,yam,yam_zed_0_61,29.5,huangrongbo,good,,,prod,2026-08-26 02:59:11.612591+00:00,2026-08-26 10:55:13.019559+00:00,/nfs/data/sz_48/20260826/episode_20260826_025726_000_83c2e0e4.npy.mp4
01a037da-d760-77a4-a721-1896a0a2bb83,industrial packing,completed,yam,yam_zed_0_61,32.1,huangrongbo,good,,,prod,2026-08-25 07:39:52.279629+00:00,2026-08-25 11:02:15.233724+00:00,/nfs/data/sz_48/20260825/episode_20260825_073804_000_83167df1.npy.mp4
01a037db-73a0-7c38-897a-df1e9bad7b2c,industrial packing,completed,yam,yam_zed_0_61,32.4,huangrongbo,good,,,prod,2026-08-25 07:40:39.596709+00:00,2026-08-25 11:02:15.034120+00:00,/nfs/data/sz_48/20260825/episode_20260825_073844_000_c79fc488.npy.mp4
01a037dc-1b98-700a-8349-f416f57d1781,industrial packing,completed,yam,yam_zed_0_61,38.0,huangrongbo,good,,,prod,2026-08-25 07:41:29.936333+00:00,2026-08-25 11:02:14.866891+00:00,/nfs/data/sz_48/20260825/episode_20260825_073927_000_8db295f7.npy.mp4
01a037dc-d718-733d-9329-f910d7d33aca,industrial packing,completed,yam,yam_zed_0_61,26.0,huangrongbo,good,,,prod,2026-08-25 07:41:59.303154+00:00,2026-08-25 11:02:14.363878+00:00,/nfs/data/sz_48/20260825/episode_20260825_074015_000_2fc45a64.npy.mp4
01a037dd-5418-7d9a-818e-daad283396e2,industrial packing,completed,yam,yam_zed_0_61,28.8,huangrongbo,good,,,prod,2026-08-25 07:42:34.689453+00:00,2026-08-25 11:02:14.143448+00:00,/nfs/data/sz_48/20260825/episode_20260825_074047_000_0bfb629b.npy.mp4
01a037dd-dcd0-74ba-a4cd-3187624712b7,industrial packing,completed,yam,yam_zed_0_61,32.9,huangrongbo,good,,,prod,2026-08-25 07:43:18.055321+00:00,2026-08-25 11:02:13.917309+00:00,/nfs/data/sz_48/20260825/episode_20260825_074122_000_a3607042.npy.mp4
01a037de-7910-7781-9f93-7c77683249df,industrial packing,completed,yam,yam_zed_0_61,30.4,huangrongbo,good,,,prod,2026-08-25 07:43:54.334746+00:00,2026-08-25 11:02:13.237012+00:00,/nfs/data/sz_48/20260825/episode_20260825_074202_000_6e92860a.npy.mp4
01a037df-05b0-7a48-893a-0f922d05119b,industrial packing,completed,yam,yam_zed_0_61,30.8,huangrongbo,good,,,prod,2026-08-25 07:44:31.585500+00:00,2026-08-25 11:02:13.043257+00:00,/nfs/data/sz_48/20260825/episode_20260825_074238_000_866ee320.npy.mp4
01a037df-9e08-7541-8d94-f9f071187466,industrial packing,completed,yam,yam_zed_0_61,21.5,huangrongbo,good,,,prod,2026-08-25 07:44:52.834780+00:00,2026-08-25 11:02:12.854607+00:00,/nfs/data/sz_48/20260825/episode_20260825_074317_000_2387d0e0.npy.mp4
01a037e0-6928-7dc3-bc6d-0c42585cf372,industrial packing,completed,yam,yam_zed_0_61,42.0,huangrongbo,good,,,prod,2026-08-25 07:46:20.148497+00:00,2026-08-25 11:02:12.199402+00:00,/nfs/data/sz_48/20260825/episode_20260825_074409_000_c66bbb51.npy.mp4
01a037e1-2c78-7605-832f-c6a405b059d4,industrial packing,completed,yam,yam_zed_0_61,42.8,huangrongbo,good,,,prod,2026-08-25 07:47:08.420812+00:00,2026-08-25 11:02:11.999419+00:00,/nfs/data/sz_48/20260825/episode_20260825_074459_000_b5e70a77.npy.mp4
01a037e1-ebe0-7832-a6a5-2d4aa1956fef,industrial packing,completed,yam,yam_zed_0_61,44.6,huangrongbo,good,,,prod,2026-08-25 07:47:54.774827+00:00,2026-08-25 11:02:11.833670+00:00,/nfs/data/sz_48/20260825/episode_20260825_074548_000_2166caa3.npy.mp4
01a037e2-af30-74da-8d46-efed317336e2,industrial packing,completed,yam,yam_zed_0_61,40.1,huangrongbo,good,,,prod,2026-08-25 07:48:46.127167+00:00,2026-08-25 11:02:11.173820+00:00,/nfs/data/sz_48/20260825/episode_20260825_074638_000_c572789b.npy.mp4
01a037e3-7668-77c2-ac3d-af29df4ae831,industrial packing,completed,yam,yam_zed_0_61,32.7,huangrongbo,good,,,prod,2026-08-25 07:49:23.419200+00:00,2026-08-25 11:02:10.978167+00:00,/nfs/data/sz_48/20260825/episode_20260825_074729_000_0e3ecd65.npy.mp4
01a037e4-58f8-7fe3-8362-abe80f34ca49,industrial packing,completed,yam,yam_zed_0_61,41.3,huangrongbo,good,,,prod,2026-08-25 07:50:35.743296+00:00,2026-08-25 11:02:10.848591+00:00,/nfs/data/sz_48/20260825/episode_20260825_074827_000_3251e46d.npy.mp4
01a037e5-1090-74b4-855c-29bc3afbd09f,industrial packing,completed,yam,yam_zed_0_61,38.3,huangrongbo,good,,,prod,2026-08-25 07:51:16.044544+00:00,2026-08-25 11:02:10.306515+00:00,/nfs/data/sz_48/20260825/episode_20260825_074914_000_417d4e6b.npy.mp4
01a037e5-cc10-7d47-8995-2a4cdc85226c,industrial packing,completed,yam,yam_zed_0_61,41.1,huangrongbo,good,,,prod,2026-08-25 07:52:13.352174+00:00,2026-08-25 11:02:10.070904+00:00,/nfs/data/sz_48/20260825/episode_20260825_075002_000_f96514ea.npy.mp4
01a037e6-7fc0-7c8e-a502-6cf720e3f37e,industrial packing,completed,yam,yam_zed_0_61,38.7,huangrongbo,good,,,prod,2026-08-25 07:52:53.634700+00:00,2026-08-25 11:02:09.846607+00:00,/nfs/data/sz_48/20260825/episode_20260825_075048_000_cea7e911.npy.mp4
01a037e7-4ec8-726d-88e9-fb12e5a009cc,industrial packing,completed,yam,yam_zed_0_61,35.6,huangrongbo,good,,,prod,2026-08-25 07:53:41.916510+00:00,2026-08-25 11:02:09.172464+00:00,/nfs/data/sz_48/20260825/episode_20260825_075141_000_e7ff5669.npy.mp4
01a037e8-6bf0-76da-85e8-c4fd4e3db2d0,industrial packing,completed,yam,yam_zed_0_61,43.4,huangrongbo,good,,,prod,2026-08-25 07:55:05.293170+00:00,2026-08-25 11:02:08.961403+00:00,/nfs/data/sz_48/20260825/episode_20260825_075254_000_ec0237fc.npy.mp4
01a037e9-2b58-7b96-88cd-4d8765b0e336,industrial packing,completed,yam,yam_zed_0_61,39.6,huangrongbo,good,,,prod,2026-08-25 07:55:51.587149+00:00,2026-08-25 11:02:08.265066+00:00,/nfs/data/sz_48/20260825/episode_20260825_075343_000_215bb4de.npy.mp4
01a037e9-e6d8-7524-abce-056cfdea64a8,industrial packing,completed,yam,yam_zed_0_61,35.6,huangrongbo,good,,,prod,2026-08-25 07:56:29.865312+00:00,2026-08-25 11:02:08.045645+00:00,/nfs/data/sz_48/20260825/episode_20260825_075431_000_c795d55c.npy.mp4
01a037ea-d138-709c-88f6-dfb22a13f7e0,industrial packing,completed,yam,yam_zed_0_61,43.8,huangrongbo,good,,,prod,2026-08-25 07:57:44.185209+00:00,2026-08-25 11:02:07.885798+00:00,/nfs/data/sz_48/20260825/episode_20260825_075531_000_0bdb1572.npy.mp4
01a037eb-90a0-7118-8938-a5c1fa1c6fb3,industrial packing,completed,yam,yam_zed_0_61,50.5,huangrongbo,good,,,prod,2026-08-25 07:58:41.539923+00:00,2026-08-25 11:02:07.385578+00:00,/nfs/data/sz_48/20260825/episode_20260825_075620_000_62b23dc6.npy.mp4
01a037ec-6f48-7b90-a68c-45b7fd990bf9,industrial packing,completed,yam,yam_zed_0_61,43.5,huangrongbo,good,,,prod,2026-08-25 07:59:29.835314+00:00,2026-08-25 11:02:07.143442+00:00,/nfs/data/sz_48/20260825/episode_20260825_075717_000_34ae415f.npy.mp4
01a037ef-d660-7ba2-ba76-24a5885b775b,industrial packing,completed,yam,yam_zed_0_61,42.2,huangrongbo,good,,,prod,2026-08-25 08:03:09.184460+00:00,2026-08-25 11:02:06.916237+00:00,/nfs/data/sz_48/20260825/episode_20260825_080100_000_abf421fc.npy.mp4
01a037f0-8df8-7063-bb2c-7de76d9d1bc4,industrial packing,completed,yam,yam_zed_0_61,42.9,huangrongbo,good,,,prod,2026-08-25 08:03:49.485528+00:00,2026-08-25 11:02:06.271437+00:00,/nfs/data/sz_48/20260825/episode_20260825_080147_000_5b8722dd.npy.mp4
01a037f1-4978-7874-88c2-d5bb2f28272e,industrial packing,completed,yam,yam_zed_0_61,41.9,huangrongbo,good,,,prod,2026-08-25 08:04:45.757893+00:00,2026-08-25 11:02:06.053871+00:00,/nfs/data/sz_48/20260825/episode_20260825_080235_000_538f3d7a.npy.mp4
01a037f2-33d8-74bc-ba1a-742aa3e90c31,industrial packing,completed,yam,yam_zed_0_61,43.2,huangrongbo,good,,,prod,2026-08-25 08:05:42.038276+00:00,2026-08-25 11:02:05.852358+00:00,/nfs/data/sz_48/20260825/episode_20260825_080335_000_9e687965.npy.mp4
01a037f2-ef58-7759-b27e-6d184c5d2c17,industrial packing,completed,yam,yam_zed_0_61,37.2,huangrongbo,good,,,prod,2026-08-25 08:06:20.325205+00:00,2026-08-25 11:02:05.179489+00:00,/nfs/data/sz_48/20260825/episode_20260825_080423_000_703667cc.npy.mp4
01a037f3-9750-7437-826f-c25c9c3164b8,industrial packing,completed,yam,yam_zed_0_61,40.2,huangrongbo,good,,,prod,2026-08-25 08:07:10.607808+00:00,2026-08-25 11:02:04.987072+00:00,/nfs/data/sz_48/20260825/episode_20260825_080506_000_9973810f.npy.mp4
01a037f4-4b00-79cc-88fe-2bef5a0c4e8d,industrial packing,completed,yam,yam_zed_0_61,50.4,huangrongbo,good,,,prod,2026-08-25 08:08:16.888027+00:00,2026-08-25 11:02:04.860726+00:00,/nfs/data/sz_48/20260825/episode_20260825_080552_000_c8660d06.npy.mp4
01a037f6-4ab8-7c90-b10b-b287450660ff,industrial packing,completed,yam,yam_zed_0_61,43.6,huangrongbo,good,,,prod,2026-08-25 08:10:13.195224+00:00,2026-08-25 11:02:04.314570+00:00,/nfs/data/sz_48/20260825/episode_20260825_080803_000_f805ba89.npy.mp4
01a037f7-0a20-7de1-85e1-5771c02aa8b9,industrial packing,completed,yam,yam_zed_0_61,37.2,huangrongbo,good,,,prod,2026-08-25 08:10:46.485401+00:00,2026-08-25 11:02:04.101856+00:00,/nfs/data/sz_48/20260825/episode_20260825_080852_000_66041907.npy.mp4
01a037f7-b9e8-7061-9ffa-cf5b6a783b16,industrial packing,completed,yam,yam_zed_0_61,36.4,huangrongbo,good,,,prod,2026-08-25 08:11:36.845407+00:00,2026-08-25 11:02:03.884688+00:00,/nfs/data/sz_48/20260825/episode_20260825_080937_000_63a8451e.npy.mp4
01a037f8-5df8-7b3f-b35a-d47774ca366a,industrial packing,completed,yam,yam_zed_0_61,38.7,huangrongbo,good,,,prod,2026-08-25 08:12:16.115179+00:00,2026-08-25 11:02:03.253978+00:00,/nfs/data/sz_48/20260825/episode_20260825_081019_000_f1636dbb.npy.mp4
01a037f9-05f0-733f-afa9-5f59a4e747d2,industrial packing,completed,yam,yam_zed_0_61,47.3,huangrongbo,good,,,prod,2026-08-25 08:13:13.506271+00:00,2026-08-25 11:02:03.055760+00:00,/nfs/data/sz_48/20260825/episode_20260825_081102_000_cfd71e52.npy.mp4
01a037f9-d110-75b2-b896-0619900a46b8,industrial packing,completed,yam,yam_zed_0_61,44.2,huangrongbo,good,,,prod,2026-08-25 08:14:06.813589+00:00,2026-08-25 11:02:02.857125+00:00,/nfs/data/sz_48/20260825/episode_20260825_081154_000_2fe158ed.npy.mp4
01a037fa-9078-78aa-91c3-fe0adbe491ee,industrial packing,completed,yam,yam_zed_0_61,43.1,huangrongbo,good,,,prod,2026-08-25 08:14:56.120336+00:00,2026-08-25 11:02:02.218264+00:00,/nfs/data/sz_48/20260825/episode_20260825_081243_000_fb13c8c3.npy.mp4
01a037fb-4bf8-7234-a292-24a16f007386,industrial packing,completed,yam,yam_zed_0_61,41.6,huangrongbo,good,,,prod,2026-08-25 08:15:35.414308+00:00,2026-08-25 11:02:02.004438+00:00,/nfs/data/sz_48/20260825/episode_20260825_081331_000_6bb7d931.npy.mp4
01a037fb-ffa8-74ac-94c8-098216428981,industrial packing,completed,yam,yam_zed_0_61,49.1,huangrongbo,good,,,prod,2026-08-25 08:16:27.697279+00:00,2026-08-25 11:02:01.876541+00:00,/nfs/data/sz_48/20260825/episode_20260825_081417_000_ddce4649.npy.mp4
01a037fe-da20-7b08-910e-f59efa40047b,industrial packing,completed,yam,yam_zed_0_61,41.5,huangrongbo,good,,,prod,2026-08-25 08:19:35.098589+00:00,2026-08-25 11:02:01.358267+00:00,/nfs/data/sz_48/20260825/episode_20260825_081724_000_2b1d057b.npy.mp4
01a037ff-b4e0-70b3-9e8a-2312d68c2af3,industrial packing,completed,yam,yam_zed_0_61,40.9,huangrongbo,good,,,prod,2026-08-25 08:20:27.404709+00:00,2026-08-25 11:02:01.149754+00:00,/nfs/data/sz_48/20260825/episode_20260825_081820_000_0f040de0.npy.mp4
01a03800-7448-7f75-960b-8eb282a9e78d,industrial packing,completed,yam,yam_zed_0_61,42.0,huangrongbo,good,,,prod,2026-08-25 08:21:11.737295+00:00,2026-08-25 11:02:00.913076+00:00,/nfs/data/sz_48/20260825/episode_20260825_081909_000_2b766bcf.npy.mp4
01a03801-2be0-7064-97c2-39b2e3c16a7f,industrial packing,completed,yam,yam_zed_0_61,46.7,huangrongbo,good,,,prod,2026-08-25 08:22:04.108136+00:00,2026-08-25 11:02:00.329507+00:00,/nfs/data/sz_48/20260825/episode_20260825_081956_000_322d808f.npy.mp4
01a03801-f700-78ba-a781-92785982616b,industrial packing,completed,yam,yam_zed_0_61,45.4,huangrongbo,good,,,prod,2026-08-25 08:23:03.451194+00:00,2026-08-25 11:02:00.122093+00:00,/nfs/data/sz_48/20260825/episode_20260825_082048_000_d7b308a2.npy.mp4
01a03802-ba50-7586-9191-54185a2ffe04,industrial packing,completed,yam,yam_zed_0_61,43.9,huangrongbo,good,,,prod,2026-08-25 08:23:52.732217+00:00,2026-08-25 11:01:59.929511+00:00,/nfs/data/sz_48/20260825/episode_20260825_082138_000_00717a18.npy.mp4
01a03803-7da0-7b89-a821-4b883d4a971d,industrial packing,completed,yam,yam_zed_0_61,37.1,huangrongbo,good,,,prod,2026-08-25 08:24:33.036386+00:00,2026-08-25 11:01:59.294766+00:00,/nfs/data/sz_48/20260825/episode_20260825_082228_000_f704de0d.npy.mp4
01a03804-21b0-7c52-b39e-3352e2e01ec3,industrial packing,completed,yam,yam_zed_0_61,40.9,huangrongbo,good,,,prod,2026-08-25 08:25:20.341415+00:00,2026-08-25 11:01:59.079127+00:00,/nfs/data/sz_48/20260825/episode_20260825_082310_000_94bf87d9.npy.mp4
01a03804-dd30-7986-8e48-ef0eca7ae3f5,industrial packing,completed,yam,yam_zed_0_61,40.3,huangrongbo,good,,,prod,2026-08-25 08:26:07.619766+00:00,2026-08-25 11:01:58.872700+00:00,/nfs/data/sz_48/20260825/episode_20260825_082358_000_e0d2e3f7.npy.mp4
01a03805-8cf8-791d-8d6f-ef56d38b216f,industrial packing,completed,yam,yam_zed_0_61,39.1,huangrongbo,good,,,prod,2026-08-25 08:26:47.937290+00:00,2026-08-25 11:01:58.191521+00:00,/nfs/data/sz_48/20260825/episode_20260825_082443_000_b091d7a2.npy.mp4
01a03806-4c60-720b-9f23-a4bb84c9ec36,industrial packing,completed,yam,yam_zed_0_61,43.6,huangrongbo,good,,,prod,2026-08-25 08:27:47.269967+00:00,2026-08-25 11:01:58.010492+00:00,/nfs/data/sz_48/20260825/episode_20260825_082532_000_0f6447ed.npy.mp4
01a03807-0bc8-7f1d-acc4-437e96b52345,industrial packing,completed,yam,yam_zed_0_61,40.4,huangrongbo,good,,,prod,2026-08-25 08:28:29.562438+00:00,2026-08-25 11:01:57.870015+00:00,/nfs/data/sz_48/20260825/episode_20260825_082621_000_d0cdd61d.npy.mp4
01a03807-bf78-768d-88fd-c9cb6e1b295b,industrial packing,completed,yam,yam_zed_0_61,39.4,huangrongbo,good,,,prod,2026-08-25 08:29:07.892343+00:00,2026-08-25 11:01:57.303349+00:00,/nfs/data/sz_48/20260825/episode_20260825_082707_000_050ecc39.npy.mp4
01a03808-6f40-7a92-94c7-8a6b61176c9d,industrial packing,completed,yam,yam_zed_0_61,38.0,huangrongbo,good,,,prod,2026-08-25 08:29:59.193612+00:00,2026-08-25 11:01:57.100324+00:00,/nfs/data/sz_48/20260825/episode_20260825_082752_000_e26e8c9e.npy.mp4
01a03809-3678-7ab6-93e5-a7787566f677,industrial packing,completed,yam,yam_zed_0_61,43.6,huangrongbo,good,,,prod,2026-08-25 08:30:57.503543+00:00,2026-08-25 11:01:56.887735+00:00,/nfs/data/sz_48/20260825/episode_20260825_082843_000_57276504.npy.mp4
01a03809-f5e0-704a-8414-8213a348ebc2,industrial packing,completed,yam,yam_zed_0_61,43.1,huangrongbo,good,,,prod,2026-08-25 08:31:37.825695+00:00,2026-08-25 11:01:56.266780+00:00,/nfs/data/sz_48/20260825/episode_20260825_082932_000_3ebec56f.npy.mp4
01a0380a-b160-794c-884d-58bad6ae3fbe,industrial packing,completed,yam,yam_zed_0_61,47.3,huangrongbo,good,,,prod,2026-08-25 08:32:39.175349+00:00,2026-08-25 11:01:56.073718+00:00,/nfs/data/sz_48/20260825/episode_20260825_083020_000_306ae6af.npy.mp4
01a0380b-7c80-7caa-8f39-a3a9d7761a23,industrial packing,completed,yam,yam_zed_0_61,39.6,huangrongbo,good,,,prod,2026-08-25 08:33:20.464222+00:00,2026-08-25 11:01:55.854763+00:00,/nfs/data/sz_48/20260825/episode_20260825_083112_000_e165a88e.npy.mp4
01a0380c-2c48-7b9c-9a95-d2dffbc9d92d,industrial packing,completed,yam,yam_zed_0_61,40.2,huangrongbo,good,,,prod,2026-08-25 08:34:07.782271+00:00,2026-08-25 11:01:55.227344+00:00,/nfs/data/sz_48/20260825/episode_20260825_083157_000_84cad880.npy.mp4
01a0380c-dc10-7a83-924f-0d628c13055f,industrial packing,completed,yam,yam_zed_0_61,35.9,huangrongbo,good,,,prod,2026-08-25 08:34:36.035983+00:00,2026-08-25 11:01:55.014683+00:00,/nfs/data/sz_48/20260825/episode_20260825_083242_000_682d599a.npy.mp4
01a0380d-7c38-7a7c-b32e-e8e476c312b1,industrial packing,completed,yam,yam_zed_0_61,43.3,huangrongbo,good,,,prod,2026-08-25 08:35:26.349729+00:00,2026-08-25 11:01:54.846956+00:00,/nfs/data/sz_48/20260825/episode_20260825_083323_000_aaee1bc3.npy.mp4
01a0380e-3ba0-7d15-b31f-ae33dc1dd593,industrial packing,completed,yam,yam_zed_0_61,37.7,huangrongbo,good,,,prod,2026-08-25 08:36:16.743944+00:00,2026-08-25 11:01:54.168151+00:00,/nfs/data/sz_48/20260825/episode_20260825_083412_000_2f2662a5.npy.mp4
01a0380e-eb68-7021-bf31-cad742466f6b,industrial packing,completed,yam,yam_zed_0_61,38.1,huangrongbo,good,,,prod,2026-08-25 08:37:02.058403+00:00,2026-08-25 11:01:53.947467+00:00,/nfs/data/sz_48/20260825/episode_20260825_083457_000_b4599605.npy.mp4
01a0380f-9748-7eca-8193-980868786995,industrial packing,completed,yam,yam_zed_0_61,34.1,huangrongbo,good,,,prod,2026-08-25 08:37:41.378006+00:00,2026-08-25 11:01:53.348842+00:00,/nfs/data/sz_48/20260825/episode_20260825_083541_000_f6bc67d6.npy.mp4
01a03810-2bb8-7669-80c6-b6048a444323,industrial packing,completed,yam,yam_zed_0_61,39.4,huangrongbo,good,,,prod,2026-08-25 08:38:27.780927+00:00,2026-08-25 11:01:53.131087+00:00,/nfs/data/sz_48/20260825/episode_20260825_083619_000_ed8082d9.npy.mp4
01a03810-db80-7e22-b0da-4b2701c7b519,industrial packing,completed,yam,yam_zed_0_61,35.9,huangrongbo,good,,,prod,2026-08-25 08:39:02.081793+00:00,2026-08-25 11:01:52.899986+00:00,/nfs/data/sz_48/20260825/episode_20260825_083704_000_dc9d9032.npy.mp4
01a03811-77c0-788a-aff5-052a929ce680,industrial packing,completed,yam,yam_zed_0_61,39.1,huangrongbo,good,,,prod,2026-08-25 08:39:48.359142+00:00,2026-08-25 11:01:52.339906+00:00,/nfs/data/sz_48/20260825/episode_20260825_083744_000_477ba991.npy.mp4
01a03812-a870-7582-8805-4c3711e78e01,industrial packing,completed,yam,yam_zed_0_61,40.4,huangrongbo,good,,,prod,2026-08-25 08:41:09.702153+00:00,2026-08-25 11:01:52.099261+00:00,/nfs/data/sz_48/20260825/episode_20260825_083902_000_313ee893.npy.mp4
01a03813-6008-7c0c-8e78-6a3eecefd993,industrial packing,completed,yam,yam_zed_0_61,36.7,huangrongbo,good,,,prod,2026-08-25 08:41:48.972009+00:00,2026-08-25 11:01:51.903557+00:00,/nfs/data/sz_48/20260825/episode_20260825_083949_000_1e56cb4d.npy.mp4
01a0381a-1ab0-7186-b3bb-78e6c9da4393,industrial packing,completed,yam,yam_zed_0_61,42.1,huangrongbo,good,,,prod,2026-08-25 08:49:21.612384+00:00,2026-08-25 11:01:51.316696+00:00,/nfs/data/sz_48/20260825/episode_20260825_084710_000_844b416e.npy.mp4
01a0381a-d248-760a-998b-654920fcc823,industrial packing,completed,yam,yam_zed_0_61,50.7,huangrongbo,good,,,prod,2026-08-25 08:50:18.885697+00:00,2026-08-25 11:01:51.139029+00:00,/nfs/data/sz_48/20260825/episode_20260825_084757_000_e8266cc2.npy.mp4
01a0381c-f910-72fa-9f83-a29dcb7a2c7c,industrial packing,completed,yam,yam_zed_0_61,44.2,huangrongbo,good,,,prod,2026-08-25 08:52:24.209124+00:00,2026-08-25 11:01:50.894370+00:00,/nfs/data/sz_48/20260825/episode_20260825_085018_000_7a29528b.npy.mp4
01a0381d-b878-7373-bda1-7707c358c082,industrial packing,completed,yam,yam_zed_0_61,44.8,huangrongbo,good,,,prod,2026-08-25 08:53:14.468467+00:00,2026-08-25 11:01:50.260731+00:00,/nfs/data/sz_48/20260825/episode_20260825_085107_000_2dbc8797.npy.mp4
01a0381f-98f0-73ca-80f2-29137139ef49,industrial packing,completed,yam,yam_zed_0_61,43.7,huangrongbo,good,,,prod,2026-08-25 08:55:20.769502+00:00,2026-08-25 11:01:50.060110+00:00,/nfs/data/sz_48/20260825/episode_20260825_085310_000_23972c13.npy.mp4
01a03820-5858-7f63-9ccc-ec6288bf744f,industrial packing,completed,yam,yam_zed_0_61,44.7,huangrongbo,good,,,prod,2026-08-25 08:56:07.061102+00:00,2026-08-25 11:01:49.853152+00:00,/nfs/data/sz_48/20260825/episode_20260825_085359_000_c55a590f.npy.mp4
01a03821-1f90-7cff-ad49-811309ab3dbb,industrial packing,completed,yam,yam_zed_0_61,37.9,huangrongbo,good,,,prod,2026-08-25 08:56:45.371717+00:00,2026-08-25 11:01:49.184826+00:00,/nfs/data/sz_48/20260825/episode_20260825_085450_000_f94f7ad5.npy.mp4
01a03821-c3a0-7262-8943-5ae7ee3a9f70,industrial packing,completed,yam,yam_zed_0_61,46.1,huangrongbo,good,,,prod,2026-08-25 08:57:41.693224+00:00,2026-08-25 11:01:48.954693+00:00,/nfs/data/sz_48/20260825/episode_20260825_085532_000_aceec938.npy.mp4
01a03822-8ec0-7aed-99be-c2d55b999869,industrial packing,completed,yam,yam_zed_0_61,37.2,huangrongbo,good,,,prod,2026-08-25 08:58:20.995963+00:00,2026-08-25 11:01:48.360154+00:00,/nfs/data/sz_48/20260825/episode_20260825_085624_000_d868fd62.npy.mp4
01a03823-32d0-7196-ae84-777e274c08e3,industrial packing,completed,yam,yam_zed_0_61,37.1,huangrongbo,good,,,prod,2026-08-25 08:59:11.375346+00:00,2026-08-25 11:01:48.164718+00:00,/nfs/data/sz_48/20260825/episode_20260825_085706_000_36d8adb8.npy.mp4
01a03823-d6e0-72f3-beaa-7fd9bc78218b,industrial packing,completed,yam,yam_zed_0_61,39.3,huangrongbo,good,,,prod,2026-08-25 08:59:52.705586+00:00,2026-08-25 11:01:47.984975+00:00,/nfs/data/sz_48/20260825/episode_20260825_085748_000_37df0391.npy.mp4
01a03824-8a90-7ad4-ad95-12bf743beb5b,industrial packing,completed,yam,yam_zed_0_61,38.0,huangrongbo,good,,,prod,2026-08-25 09:00:38.051846+00:00,2026-08-25 11:01:47.866751+00:00,/nfs/data/sz_48/20260825/episode_20260825_085834_000_ef2758af.npy.mp4
01a03825-3a58-7111-aa11-a26f87fdf76b,industrial packing,completed,yam,yam_zed_0_61,38.7,huangrongbo,good,,,prod,2026-08-25 09:01:23.354477+00:00,2026-08-25 11:01:47.338332+00:00,/nfs/data/sz_48/20260825/episode_20260825_085919_000_609d4e82.npy.mp4
01a03825-ee08-7b45-ba10-f9f30fdbf69a,industrial packing,completed,yam,yam_zed_0_61,42.0,huangrongbo,good,,,prod,2026-08-25 09:02:08.657715+00:00,2026-08-25 11:01:47.122365+00:00,/nfs/data/sz_48/20260825/episode_20260825_090005_000_36fad793.npy.mp4
01a03826-a988-7767-8c36-e5204ef31f55,industrial packing,completed,yam,yam_zed_0_61,43.4,huangrongbo,good,,,prod,2026-08-25 09:03:06.950217+00:00,2026-08-25 11:01:46.939387+00:00,/nfs/data/sz_48/20260825/episode_20260825_090053_000_0daa1eec.npy.mp4
01a03827-68f0-72a6-91a1-ef1edd6fe36c,industrial packing,completed,yam,yam_zed_0_61,38.5,huangrongbo,good,,,prod,2026-08-25 09:03:48.287393+00:00,2026-08-25 11:01:46.342454+00:00,/nfs/data/sz_48/20260825/episode_20260825_090142_000_4899c865.npy.mp4
01a03828-14d0-747e-82eb-d36033025b17,industrial packing,completed,yam,yam_zed_0_61,39.9,huangrongbo,good,,,prod,2026-08-25 09:04:35.666665+00:00,2026-08-25 11:01:46.154397+00:00,/nfs/data/sz_48/20260825/episode_20260825_090226_000_06fe9ed1.npy.mp4
01a03828-c498-762a-8586-4f4995344f64,industrial packing,completed,yam,yam_zed_0_61,43.1,huangrongbo,good,,,prod,2026-08-25 09:05:23.963715+00:00,2026-08-25 11:01:45.953616+00:00,/nfs/data/sz_48/20260825/episode_20260825_090311_000_15e4686e.npy.mp4
01a0382b-a6e0-72e6-9415-5c9ac7f43b57,industrial packing,completed,yam,yam_zed_0_61,41.9,huangrongbo,good,,,prod,2026-08-25 09:08:26.300763+00:00,2026-08-25 11:01:45.348518+00:00,/nfs/data/sz_48/20260825/episode_20260825_090620_000_2340e33f.npy.mp4
01a0382d-d190-7258-b7d5-8aae68eb9f8e,industrial packing,completed,yam,yam_zed_0_61,35.3,huangrongbo,good,,,prod,2026-08-25 09:10:34.638630+00:00,2026-08-25 11:01:45.143224+00:00,/nfs/data/sz_48/20260825/episode_20260825_090842_000_10f64346.npy.mp4
01a0382e-71b8-7d80-b500-fbd5de6bab43,industrial packing,completed,yam,yam_zed_0_61,38.1,huangrongbo,good,,,prod,2026-08-25 09:11:17.931856+00:00,2026-08-25 11:01:44.960284+00:00,/nfs/data/sz_48/20260825/episode_20260825_090923_000_7cd0e93c.npy.mp4
01a0382f-19b0-748f-8c56-a199f6a343e8,industrial packing,completed,yam,yam_zed_0_61,41.8,huangrongbo,good,,,prod,2026-08-25 09:12:08.268705+00:00,2026-08-25 11:01:44.344259+00:00,/nfs/data/sz_48/20260825/episode_20260825_091006_000_25ff351e.npy.mp4
01a0382f-e0e8-7f5c-a7b7-de0312e04caa,industrial packing,completed,yam,yam_zed_0_61,40.7,huangrongbo,good,,,prod,2026-08-25 09:12:57.580913+00:00,2026-08-25 11:01:44.151569+00:00,/nfs/data/sz_48/20260825/episode_20260825_091057_000_2809d146.npy.mp4
01a03830-9498-700b-9178-cde75b8a6b33,industrial packing,completed,yam,yam_zed_0_61,32.2,huangrongbo,good,,,prod,2026-08-25 09:13:39.859940+00:00,2026-08-25 11:01:43.984801+00:00,/nfs/data/sz_48/20260825/episode_20260825_091143_000_cb0c9eb4.npy.mp4
01a03831-2cf0-7297-94b9-aaf7a60bceea,industrial packing,completed,yam,yam_zed_0_61,38.8,huangrongbo,good,,,prod,2026-08-25 09:14:18.152733+00:00,2026-08-25 11:01:43.849175+00:00,/nfs/data/sz_48/20260825/episode_20260825_091222_000_cf071b55.npy.mp4
01a03831-d8d0-7e9d-b134-0b4cc5402fde,industrial packing,completed,yam,yam_zed_0_61,37.5,huangrongbo,good,,,prod,2026-08-25 09:15:08.495819+00:00,2026-08-25 11:01:43.226462+00:00,/nfs/data/sz_48/20260825/episode_20260825_091306_000_3c1a02f9.npy.mp4
01a03832-80c8-7752-aeb5-eaffed607a4e,industrial packing,completed,yam,yam_zed_0_61,35.0,huangrongbo,good,,,prod,2026-08-25 09:15:47.791411+00:00,2026-08-25 11:01:43.013899+00:00,/nfs/data/sz_48/20260825/episode_20260825_091349_000_411cb488.npy.mp4
01a03833-1d08-769f-a271-0d5e854cefb2,industrial packing,completed,yam,yam_zed_0_61,35.8,huangrongbo,good,,,prod,2026-08-25 09:16:27.124947+00:00,2026-08-25 11:01:39.739964+00:00,/nfs/data/sz_48/20260825/episode_20260825_091429_000_0eda0ab7.npy.mp4
01a03833-b948-7277-9f74-1e9972fb3231,industrial packing,completed,yam,yam_zed_0_61,42.0,huangrongbo,good,,,prod,2026-08-25 09:17:20.391985+00:00,2026-08-25 11:00:56.838621+00:00,/nfs/data/sz_48/20260825/episode_20260825_091509_000_b43aba6b.npy.mp4
01a03834-70e0-79b0-9d5e-d6ae93774f93,industrial packing,completed,yam,yam_zed_0_61,33.8,huangrongbo,good,,,prod,2026-08-25 09:17:50.659686+00:00,2026-08-25 11:00:56.205671+00:00,/nfs/data/sz_48/20260825/episode_20260825_091556_000_345ba509.npy.mp4
01a03835-e010-7cdb-95e1-32ddcdca01a5,industrial packing,completed,yam,yam_zed_0_61,37.8,huangrongbo,good,,,prod,2026-08-25 09:19:27.001769+00:00,2026-08-25 11:00:55.990449+00:00,/nfs/data/sz_48/20260825/episode_20260825_091730_000_9cec8931.npy.mp4
01a03836-8808-73db-8ee4-f3ce24260048,industrial packing,completed,yam,yam_zed_0_61,44.5,huangrongbo,good,,,prod,2026-08-25 09:20:18.315436+00:00,2026-08-25 11:00:55.848673+00:00,/nfs/data/sz_48/20260825/episode_20260825_091813_000_e214a88f.npy.mp4
01a03837-4770-7040-8ac0-c9fa4cbd0739,industrial packing,completed,yam,yam_zed_0_61,39.8,huangrongbo,good,,,prod,2026-08-25 09:21:02.631780+00:00,2026-08-25 11:00:55.164397+00:00,/nfs/data/sz_48/20260825/episode_20260825_091902_000_f4b58046.npy.mp4
01a03837-f350-7929-a84b-25bebaec0b91,industrial packing,completed,yam,yam_zed_0_61,40.7,huangrongbo,good,,,prod,2026-08-25 09:21:47.913116+00:00,2026-08-25 11:00:54.946596+00:00,/nfs/data/sz_48/20260825/episode_20260825_091946_000_67a7967a.npy.mp4
01a0383a-3d40-7f9b-8354-17dfb7be7d2c,industrial packing,completed,yam,yam_zed_0_61,39.0,huangrongbo,good,,,prod,2026-08-25 09:24:22.304647+00:00,2026-08-25 11:00:54.290772+00:00,/nfs/data/sz_48/20260825/episode_20260825_092216_000_550d212c.npy.mp4
01a0383a-f8c0-7a68-a515-ab81186da27b,industrial packing,completed,yam,yam_zed_0_61,40.4,huangrongbo,good,,,prod,2026-08-25 09:25:06.631281+00:00,2026-08-25 11:00:54.077054+00:00,/nfs/data/sz_48/20260825/episode_20260825_092304_000_d5319d80.npy.mp4
01a0383b-a888-7659-bc59-15961bd04c42,industrial packing,completed,yam,yam_zed_0_61,39.8,huangrongbo,good,,,prod,2026-08-25 09:25:57.945708+00:00,2026-08-25 11:00:53.868636+00:00,/nfs/data/sz_48/20260825/episode_20260825_092349_000_d04fb0e6.npy.mp4
01a0383c-5850-7d78-aefb-d8ec8e2461fa,industrial packing,completed,yam,yam_zed_0_61,37.1,huangrongbo,good,,,prod,2026-08-25 09:26:38.275010+00:00,2026-08-25 11:00:53.226505+00:00,/nfs/data/sz_48/20260825/episode_20260825_092434_000_539adaa8.npy.mp4
01a0383d-3310-721f-ad6b-5f8071595263,industrial packing,completed,yam,yam_zed_0_61,36.7,huangrongbo,good,,,prod,2026-08-25 09:27:26.606691+00:00,2026-08-25 11:00:53.074679+00:00,/nfs/data/sz_48/20260825/episode_20260825_092530_000_9f415c52.npy.mp4
01a0383d-d720-75d2-a194-449e91978540,industrial packing,completed,yam,yam_zed_0_61,33.4,huangrongbo,good,,,prod,2026-08-25 09:28:02.904622+00:00,2026-08-25 11:00:52.870740+00:00,/nfs/data/sz_48/20260825/episode_20260825_092612_000_5217b83a.npy.mp4
01a0383e-6f78-7317-a62c-e40360b9686b,industrial packing,completed,yam,yam_zed_0_61,37.1,huangrongbo,good,,,prod,2026-08-25 09:28:46.255183+00:00,2026-08-25 11:00:52.360015+00:00,/nfs/data/sz_48/20260825/episode_20260825_092651_000_f697ba52.npy.mp4
01a0383f-1388-795d-8a66-b89c7ed01aa3,industrial packing,completed,yam,yam_zed_0_61,35.3,huangrongbo,good,,,prod,2026-08-25 09:29:35.593965+00:00,2026-08-25 11:00:52.160582+00:00,/nfs/data/sz_48/20260825/episode_20260825_092733_000_d7e4047f.npy.mp4
01a0383f-afc8-7ee6-9dc9-9aa535ccf9c0,industrial packing,completed,yam,yam_zed_0_61,31.1,huangrongbo,good,,,prod,2026-08-25 09:30:07.891635+00:00,2026-08-25 11:00:51.919096+00:00,/nfs/data/sz_48/20260825/episode_20260825_092813_000_19abf418.npy.mp4
01a03840-3c68-7454-ae0d-2f94941ac8d3,industrial packing,completed,yam,yam_zed_0_61,36.6,huangrongbo,good,,,prod,2026-08-25 09:30:53.220757+00:00,2026-08-25 11:00:51.316190+00:00,/nfs/data/sz_48/20260825/episode_20260825_092849_000_d7782d69.npy.mp4
01a03840-e460-75f3-8c1c-b038223908bf,industrial packing,completed,yam,yam_zed_0_61,35.8,huangrongbo,good,,,prod,2026-08-25 09:31:33.554079+00:00,2026-08-25 11:00:51.128157+00:00,/nfs/data/sz_48/20260825/episode_20260825_092932_000_8bbe7aaf.npy.mp4
01a03841-8488-7303-9e3f-887c729de17d,industrial packing,completed,yam,yam_zed_0_61,31.8,huangrongbo,good,,,prod,2026-08-25 09:32:05.867815+00:00,2026-08-25 11:00:50.928958+00:00,/nfs/data/sz_48/20260825/episode_20260825_093013_000_41be1b68.npy.mp4
01a03842-1ce0-7b3a-9856-fd03ab1b67f0,industrial packing,completed,yam,yam_zed_0_61,34.9,huangrongbo,good,,,prod,2026-08-25 09:32:49.201799+00:00,2026-08-25 11:00:50.308011+00:00,/nfs/data/sz_48/20260825/episode_20260825_093052_000_f10e90c7.npy.mp4
01a03842-b920-7f39-9e2e-010e744d0b3f,industrial packing,completed,yam,yam_zed_0_61,30.8,huangrongbo,good,,,prod,2026-08-25 09:33:26.569967+00:00,2026-08-25 11:00:50.069057+00:00,/nfs/data/sz_48/20260825/episode_20260825_093132_000_a7c919ca.npy.mp4
01a03843-49a8-71e1-b998-4579e2346950,industrial packing,completed,yam,yam_zed_0_61,30.1,huangrongbo,good,,,prod,2026-08-25 09:34:02.872853+00:00,2026-08-25 11:00:49.875617+00:00,/nfs/data/sz_48/20260825/episode_20260825_093209_000_84f9d26a.npy.mp4
01a03843-ce78-72f0-9811-e4c7a1ce7c0c,industrial packing,completed,yam,yam_zed_0_61,31.4,huangrongbo,good,,,prod,2026-08-25 09:34:29.178564+00:00,2026-08-25 11:00:49.202496+00:00,/nfs/data/sz_48/20260825/episode_20260825_093243_000_6835730c.npy.mp4
01a03844-5f00-7e7a-9d67-436e1f82f596,industrial packing,completed,yam,yam_zed_0_61,27.2,huangrongbo,good,,,prod,2026-08-25 09:35:09.474049+00:00,2026-08-25 11:00:49.023988+00:00,/nfs/data/sz_48/20260825/episode_20260825_093320_000_62cc1218.npy.mp4
01a03844-dc00-7454-8d24-b0c7e6fe0ac9,industrial packing,completed,yam,yam_zed_0_61,34.4,huangrongbo,good,,,prod,2026-08-25 09:35:52.824813+00:00,2026-08-25 11:00:48.853973+00:00,/nfs/data/sz_48/20260825/episode_20260825_093352_000_30833d2d.npy.mp4
01a03845-7458-7d08-931e-bcddec338f84,industrial packing,completed,yam,yam_zed_0_61,30.5,huangrongbo,good,,,prod,2026-08-25 09:36:25.108951+00:00,2026-08-25 11:00:48.298551+00:00,/nfs/data/sz_48/20260825/episode_20260825_093431_000_0f149ef0.npy.mp4
01a03846-00f8-723c-ae79-d10ac2abf369,industrial packing,completed,yam,yam_zed_0_61,29.7,huangrongbo,good,,,prod,2026-08-25 09:36:56.414482+00:00,2026-08-25 11:00:48.104219+00:00,/nfs/data/sz_48/20260825/episode_20260825_093507_000_edc6a3d4.npy.mp4
01a03846-89b0-7320-af7c-e0492b79a7bf,industrial packing,completed,yam,yam_zed_0_61,33.4,huangrongbo,good,,,prod,2026-08-25 09:37:38.698695+00:00,2026-08-25 11:00:47.924820+00:00,/nfs/data/sz_48/20260825/episode_20260825_093542_000_2bf51520.npy.mp4
01a03847-ed28-7419-b376-23d84946078e,industrial packing,completed,yam,yam_zed_0_61,32.5,huangrongbo,good,,,prod,2026-08-25 09:39:11.061088+00:00,2026-08-25 11:00:47.273177+00:00,/nfs/data/sz_48/20260825/episode_20260825_093713_000_fe22df1f.npy.mp4
01a03848-8968-7f3d-a645-3872c95a68df,industrial packing,completed,yam,yam_zed_0_61,32.9,huangrongbo,good,,,prod,2026-08-25 09:39:43.418869+00:00,2026-08-25 11:00:47.054641+00:00,/nfs/data/sz_48/20260825/episode_20260825_093753_000_37026828.npy.mp4
01a03849-25a8-788a-b76b-df2fdc39c09a,industrial packing,completed,yam,yam_zed_0_61,37.9,huangrongbo,good,,,prod,2026-08-25 09:40:38.674848+00:00,2026-08-25 11:00:46.875804+00:00,/nfs/data/sz_48/20260825/episode_20260825_093833_000_86d25096.npy.mp4
01a0384a-f680-79cb-ae73-57f806163403,industrial packing,completed,yam,yam_zed_0_61,35.7,huangrongbo,good,,,prod,2026-08-25 09:42:32.083528+00:00,2026-08-25 11:00:46.213385+00:00,/nfs/data/sz_48/20260825/episode_20260825_094032_000_f4457ef6.npy.mp4
01a0384b-aa30-7744-a39c-7cc4d2989a9c,industrial packing,completed,yam,yam_zed_0_61,33.0,huangrongbo,good,,,prod,2026-08-25 09:43:14.456175+00:00,2026-08-25 11:00:46.009384+00:00,/nfs/data/sz_48/20260825/episode_20260825_094118_000_0cec7a5a.npy.mp4
01a0384c-5610-768e-9ba1-b03801713d08,industrial packing,completed,yam,yam_zed_0_61,33.3,huangrongbo,good,,,prod,2026-08-25 09:43:56.759988+00:00,2026-08-25 11:00:45.867058+00:00,/nfs/data/sz_48/20260825/episode_20260825_094202_000_930eec51.npy.mp4
01a0384c-fe08-798b-8e6e-8a4798705e57,industrial packing,completed,yam,yam_zed_0_61,33.8,huangrongbo,good,,,prod,2026-08-25 09:44:39.041822+00:00,2026-08-25 11:00:45.172883+00:00,/nfs/data/sz_48/20260825/episode_20260825_094245_000_c0203246.npy.mp4
01a0384d-9660-7e8d-ab7e-b5c8056b0ce4,industrial packing,completed,yam,yam_zed_0_61,32.9,huangrongbo,good,,,prod,2026-08-25 09:45:20.313974+00:00,2026-08-25 11:00:44.955048+00:00,/nfs/data/sz_48/20260825/episode_20260825_094324_000_5a29c747.npy.mp4
01a0384f-5f68-7bd9-9bed-91672a9477b7,industrial packing,completed,yam,yam_zed_0_61,42.1,huangrongbo,good,,,prod,2026-08-25 09:47:32.700851+00:00,2026-08-25 11:00:44.355535+00:00,/nfs/data/sz_48/20260825/episode_20260825_094521_000_9c390ffa.npy.mp4
01a03850-1ed0-7e0d-8c06-348338ff5343,industrial packing,completed,yam,yam_zed_0_61,36.2,huangrongbo,good,,,prod,2026-08-25 09:48:06.079823+00:00,2026-08-25 11:00:44.159108+00:00,/nfs/data/sz_48/20260825/episode_20260825_094610_000_ef3da99a.npy.mp4
01a03850-c2e0-7a85-b10f-9acbcd932292,industrial packing,completed,yam,yam_zed_0_61,40.1,huangrongbo,good,,,prod,2026-08-25 09:48:57.389534+00:00,2026-08-25 11:00:43.921905+00:00,/nfs/data/sz_48/20260825/episode_20260825_094652_000_2e7c778f.npy.mp4
01a03851-72a8-7dd4-adab-91a310d817c1,industrial packing,completed,yam,yam_zed_0_61,39.4,huangrongbo,good,,,prod,2026-08-25 09:49:42.744358+00:00,2026-08-25 11:00:43.332084+00:00,/nfs/data/sz_48/20260825/episode_20260825_094737_000_c15089b4.npy.mp4
01a03856-4cd8-7af6-aa7a-5c5ee230838e,industrial packing,completed,yam,yam_zed_0_61,37.6,huangrongbo,good,,,prod,2026-08-25 09:55:03.034679+00:00,2026-08-25 11:00:43.140809+00:00,/nfs/data/sz_48/20260825/episode_20260825_095255_000_cc985dd7.npy.mp4
01a03858-7788-7d37-a9e4-0263faf01b93,industrial packing,completed,yam,yam_zed_0_61,33.7,huangrongbo,good,,,prod,2026-08-25 09:57:10.428339+00:00,2026-08-25 11:00:42.935603+00:00,/nfs/data/sz_48/20260825/episode_20260825_095517_000_d7f99583.npy.mp4
01a03859-0fe0-7dfa-97c0-28d16b002a00,industrial packing,completed,yam,yam_zed_0_61,35.9,huangrongbo,good,,,prod,2026-08-25 09:57:54.735575+00:00,2026-08-25 11:00:42.328527+00:00,/nfs/data/sz_48/20260825/episode_20260825_095556_000_cfb2a49f.npy.mp4
01a03859-bfa8-7a16-af6d-e592a9115d21,industrial packing,completed,yam,yam_zed_0_61,38.1,huangrongbo,good,,,prod,2026-08-25 09:58:44.012374+00:00,2026-08-25 11:00:42.127795+00:00,/nfs/data/sz_48/20260825/episode_20260825_095641_000_ad84e795.npy.mp4
01a0385b-d6d0-74c1-9f4d-4c1bd95eab9a,industrial packing,completed,yam,yam_zed_0_61,36.1,huangrongbo,good,,,prod,2026-08-25 10:00:57.433325+00:00,2026-08-25 11:00:41.896269+00:00,/nfs/data/sz_48/20260825/episode_20260825_095858_000_3398fdcb.npy.mp4
01a0385c-7ae0-7333-a759-9742282231f0,industrial packing,completed,yam,yam_zed_0_61,34.0,huangrongbo,good,,,prod,2026-08-25 10:01:39.795644+00:00,2026-08-25 11:00:41.298060+00:00,/nfs/data/sz_48/20260825/episode_20260825_095940_000_7045ba33.npy.mp4
01a0385d-1720-7acf-a755-75314ff30179,industrial packing,completed,yam,yam_zed_0_61,35.5,huangrongbo,good,,,prod,2026-08-25 10:02:19.088358+00:00,2026-08-25 11:00:41.094950+00:00,/nfs/data/sz_48/20260825/episode_20260825_100020_000_57bcc7ec.npy.mp4
01a0385d-c300-7097-a185-2ee9de08f078,industrial packing,completed,yam,yam_zed_0_61,37.1,huangrongbo,good,,,prod,2026-08-25 10:02:57.395729+00:00,2026-08-25 11:00:40.889222+00:00,/nfs/data/sz_48/20260825/episode_20260825_100104_000_a25ae9f5.npy.mp4
01a0385e-6af8-7811-ac10-66e6d73e2134,industrial packing,completed,yam,yam_zed_0_61,33.4,huangrongbo,good,,,prod,2026-08-25 10:03:39.641720+00:00,2026-08-25 11:00:40.289184+00:00,/nfs/data/sz_48/20260825/episode_20260825_100147_000_c819db64.npy.mp4
01a03860-b8d0-76c1-a653-5ddbc21cacb2,industrial packing,completed,yam,yam_zed_0_61,36.1,huangrongbo,good,,,prod,2026-08-25 10:06:18.018120+00:00,2026-08-25 11:00:40.072653+00:00,/nfs/data/sz_48/20260825/episode_20260825_100418_000_efcc9be4.npy.mp4
01a03861-60c8-70bf-ba5d-6706f5ec8fcb,industrial packing,completed,yam,yam_zed_0_61,33.5,huangrongbo,good,,,prod,2026-08-25 10:06:50.278926+00:00,2026-08-25 11:00:39.894463+00:00,/nfs/data/sz_48/20260825/episode_20260825_100501_000_9284ba02.npy.mp4
01a03862-0ca8-7cfc-bc3d-5006e2c8adcc,industrial packing,completed,yam,yam_zed_0_61,31.4,huangrongbo,good,,,prod,2026-08-25 10:07:30.540050+00:00,2026-08-25 11:00:39.312571+00:00,/nfs/data/sz_48/20260825/episode_20260825_100545_000_3835357e.npy.mp4
01a03864-eef0-7101-9ba3-ff7287eb2d61,industrial packing,completed,yam,yam_zed_0_61,30.4,huangrongbo,good,,,prod,2026-08-25 10:10:46.983171+00:00,2026-08-25 11:00:39.161944+00:00,/nfs/data/sz_48/20260825/episode_20260825_100854_000_abc1dae2.npy.mp4
01a03865-7b90-7074-8997-2ccd6dc4d864,industrial packing,completed,yam,yam_zed_0_61,32.3,huangrongbo,good,,,prod,2026-08-25 10:11:23.358958+00:00,2026-08-25 11:00:38.930313+00:00,/nfs/data/sz_48/20260825/episode_20260825_100930_000_09e163dc.npy.mp4
01a03866-0c18-75ea-8f81-9e3ae07f355f,industrial packing,completed,yam,yam_zed_0_61,35.0,huangrongbo,good,,,prod,2026-08-25 10:12:06.691205+00:00,2026-08-25 11:00:38.355283+00:00,/nfs/data/sz_48/20260825/episode_20260825_101007_000_8758aa4c.npy.mp4
01a03866-ac40-790b-9560-878e697c6f80,industrial packing,completed,yam,yam_zed_0_61,32.4,huangrongbo,good,,,prod,2026-08-25 10:12:43.969618+00:00,2026-08-25 11:00:38.147600+00:00,/nfs/data/sz_48/20260825/episode_20260825_101048_000_e8369c3b.npy.mp4
01a03867-4498-7e5e-a009-32732d45cd38,industrial packing,completed,yam,yam_zed_0_61,34.7,huangrongbo,good,,,prod,2026-08-25 10:13:21.275547+00:00,2026-08-25 11:00:37.950060+00:00,/nfs/data/sz_48/20260825/episode_20260825_101127_000_32a5abec.npy.mp4
01a03867-e0d8-7db8-8379-38854ed10bef,industrial packing,completed,yam,yam_zed_0_61,33.4,huangrongbo,good,,,prod,2026-08-25 10:14:03.573384+00:00,2026-08-25 11:00:37.372776+00:00,/nfs/data/sz_48/20260825/episode_20260825_101207_000_f9f6fc21.npy.mp4
01a03868-7930-729d-b6cb-1a6dc114e149,industrial packing,completed,yam,yam_zed_0_61,27.2,huangrongbo,good,,,prod,2026-08-25 10:14:32.818776+00:00,2026-08-25 11:00:37.156571+00:00,/nfs/data/sz_48/20260825/episode_20260825_101246_000_d78025b8.npy.mp4
01a03872-b260-74bd-bc7e-d49d1eead68e,industrial packing,completed,yam,yam_zed_0_61,39.1,huangrongbo,good,,,prod,2026-08-25 10:26:02.578144+00:00,2026-08-25 11:00:36.959020+00:00,/nfs/data/sz_48/20260825/episode_20260825_102356_000_d8050929.npy.mp4
01a03873-6610-771b-8c9a-d2ef3978874c,industrial packing,completed,yam,yam_zed_0_61,36.7,huangrongbo,good,,,prod,2026-08-25 10:26:41.937171+00:00,2026-08-25 11:00:36.217379+00:00,/nfs/data/sz_48/20260825/episode_20260825_102442_000_ce81bb5e.npy.mp4
01a03874-0e08-70eb-99a6-5520aa8c305d,industrial packing,completed,yam,yam_zed_0_61,36.0,huangrongbo,good,,,prod,2026-08-25 10:27:20.246699+00:00,2026-08-25 11:00:35.989599+00:00,/nfs/data/sz_48/20260825/episode_20260825_102525_000_1275b85a.npy.mp4
01a03874-ae30-7b9b-93df-7a0bb2236e2e,industrial packing,completed,yam,yam_zed_0_61,38.4,huangrongbo,good,,,prod,2026-08-25 10:28:10.603467+00:00,2026-08-25 11:00:35.852433+00:00,/nfs/data/sz_48/20260825/episode_20260825_102606_000_a4616573.npy.mp4
01a03875-5a10-7640-9ff4-c2bfac15705b,industrial packing,completed,yam,yam_zed_0_61,34.9,huangrongbo,good,,,prod,2026-08-25 10:28:48.913272+00:00,2026-08-25 11:00:33.089580+00:00,/nfs/data/sz_48/20260825/episode_20260825_102650_000_13a72837.npy.mp4
01a03875-fa38-76cc-86a1-0fcd451c11c9,industrial packing,completed,yam,yam_zed_0_61,35.2,huangrongbo,good,,,prod,2026-08-25 10:29:32.219445+00:00,2026-08-25 11:00:32.889628+00:00,/nfs/data/sz_48/20260825/episode_20260825_102731_000_6d097e1d.npy.mp4
01a03876-9a60-7a6e-ae7f-fe521149c23b,industrial packing,completed,yam,yam_zed_0_61,32.3,huangrongbo,good,,,prod,2026-08-25 10:30:08.505050+00:00,2026-08-25 11:00:32.303544+00:00,/nfs/data/sz_48/20260825/episode_20260825_102812_000_639b3666.npy.mp4
01a03877-2ae8-73be-86b3-6f560d997905,industrial packing,completed,yam,yam_zed_0_61,37.1,huangrongbo,good,,,prod,2026-08-25 10:30:53.799181+00:00,2026-08-25 11:00:32.070892+00:00,/nfs/data/sz_48/20260825/episode_20260825_102849_000_0f5dcf5a.npy.mp4
01a03877-d2e0-7c63-b010-cc310d5347c8,industrial packing,completed,yam,yam_zed_0_61,30.3,huangrongbo,good,,,prod,2026-08-25 10:31:25.102103+00:00,2026-08-25 11:00:30.864286+00:00,/nfs/data/sz_48/20260825/episode_20260825_102932_000_733e983c.npy.mp4
01a03878-5b98-71ad-8a58-e436b90b4130,industrial packing,completed,yam,yam_zed_0_61,38.4,huangrongbo,good,,,prod,2026-08-25 10:32:09.422848+00:00,2026-08-25 11:00:30.248837+00:00,/nfs/data/sz_48/20260825/episode_20260825_103007_000_3b0795b5.npy.mp4
01a03879-0778-764b-b846-cf79abd9fc01,industrial packing,completed,yam,yam_zed_0_61,29.7,huangrongbo,good,,,prod,2026-08-25 10:32:40.698067+00:00,2026-08-25 11:00:29.936211+00:00,/nfs/data/sz_48/20260825/episode_20260825_103051_000_6a041fc3.npy.mp4
01a03879-9030-731d-9462-49f4873d4468,industrial packing,completed,yam,yam_zed_0_61,29.7,huangrongbo,good,,,prod,2026-08-25 10:33:10.979540+00:00,2026-08-25 11:00:29.278254+00:00,/nfs/data/sz_48/20260825/episode_20260825_103126_000_42f516bf.npy.mp4
01a0387a-18e8-7edb-8f06-c516aaa32e26,industrial packing,completed,yam,yam_zed_0_61,30.9,huangrongbo,good,,,prod,2026-08-25 10:33:52.297955+00:00,2026-08-25 11:00:28.963913+00:00,/nfs/data/sz_48/20260825/episode_20260825_103201_000_9c5ad939.npy.mp4
01a0387a-a588-7d44-9e96-2b96d3bf7f59,industrial packing,completed,yam,yam_zed_0_61,33.4,huangrongbo,good,,,prod,2026-08-25 10:34:34.616393+00:00,2026-08-25 11:00:28.362873+00:00,/nfs/data/sz_48/20260825/episode_20260825_103237_000_7f168535.npy.mp4
01a0387b-3de0-7e80-b189-85cd04cbf8b1,industrial packing,completed,yam,yam_zed_0_61,29.4,huangrongbo,good,,,prod,2026-08-25 10:35:04.916179+00:00,2026-08-25 11:00:28.082141+00:00,/nfs/data/sz_48/20260825/episode_20260825_103316_000_b423e942.npy.mp4
01a0387b-c2b0-7baa-a0d8-5920359dd5a3,industrial packing,completed,yam,yam_zed_0_61,27.7,huangrongbo,good,,,prod,2026-08-25 10:35:40.202530+00:00,2026-08-25 11:00:27.863945+00:00,/nfs/data/sz_48/20260825/episode_20260825_103350_000_6d43ad0c.npy.mp4
01a0387c-4780-76dc-9abd-bf823234150b,industrial packing,completed,yam,yam_zed_0_61,27.2,huangrongbo,good,,,prod,2026-08-25 10:36:09.461632+00:00,2026-08-25 11:00:27.244740+00:00,/nfs/data/sz_48/20260825/episode_20260825_103424_000_2d62b373.npy.mp4
01a0387c-c480-7e16-b460-13fd9123d5b2,industrial packing,completed,yam,yam_zed_0_61,29.8,huangrongbo,good,,,prod,2026-08-25 10:36:44.754969+00:00,2026-08-25 11:00:26.938120+00:00,/nfs/data/sz_48/20260825/episode_20260825_103456_000_fcde35b1.npy.mp4
01a0387d-58f0-770a-a60e-41b20a0fd7b2,industrial packing,completed,yam,yam_zed_0_61,28.6,huangrongbo,good,,,prod,2026-08-25 10:37:25.085938+00:00,2026-08-25 11:00:26.324386+00:00,/nfs/data/sz_48/20260825/episode_20260825_103534_000_da9d853c.npy.mp4
01a0387d-e590-7366-be6f-42136f687e5e,industrial packing,completed,yam,yam_zed_0_61,29.0,huangrongbo,good,,,prod,2026-08-25 10:38:00.397996+00:00,2026-08-25 11:00:26.004092+00:00,/nfs/data/sz_48/20260825/episode_20260825_103610_000_fca7c5c0.npy.mp4
01a0387e-6e48-7dd6-b768-e944660e30c6,industrial packing,completed,yam,yam_zed_0_61,28.5,huangrongbo,good,,,prod,2026-08-25 10:38:35.668545+00:00,2026-08-25 11:00:25.847179+00:00,/nfs/data/sz_48/20260825/episode_20260825_103645_000_764f124d.npy.mp4
01a0387e-f318-7fd3-9111-6e38e9092e4a,industrial packing,completed,yam,yam_zed_0_61,28.6,huangrongbo,good,,,prod,2026-08-25 10:39:09.970716+00:00,2026-08-25 11:00:25.087143+00:00,/nfs/data/sz_48/20260825/episode_20260825_103719_000_8fb7c72b.npy.mp4
01a0387f-7fb8-790c-a81e-44f0084ae39c,industrial packing,completed,yam,yam_zed_0_61,33.7,huangrongbo,good,,,prod,2026-08-25 10:39:53.280486+00:00,2026-08-25 11:00:24.859375+00:00,/nfs/data/sz_48/20260825/episode_20260825_103755_000_dd2cb7dc.npy.mp4
01a03880-1810-73cc-b8c8-7d9430a4014f,industrial packing,completed,yam,yam_zed_0_61,28.9,huangrongbo,good,,,prod,2026-08-25 10:40:23.561957+00:00,2026-08-25 11:00:23.894443+00:00,/nfs/data/sz_48/20260825/episode_20260825_103834_000_9adad28e.npy.mp4
01a03880-9ce0-7268-96e9-882c7638e227,industrial packing,completed,yam,yam_zed_0_61,31.5,huangrongbo,good,,,prod,2026-08-25 10:40:59.871161+00:00,2026-08-25 11:00:23.090831+00:00,/nfs/data/sz_48/20260825/episode_20260825_103908_000_a26d3b4c.npy.mp4
01a03881-2d68-705f-801f-d0673a33d04b,industrial packing,completed,yam,yam_zed_0_61,31.3,huangrongbo,good,,,prod,2026-08-25 10:41:36.169240+00:00,2026-08-25 11:00:22.858103+00:00,/nfs/data/sz_48/20260825/episode_20260825_103945_000_559e2713.npy.mp4
01a03881-bdf0-7515-8a03-274964461ba4,industrial packing,completed,yam,yam_zed_0_61,28.9,huangrongbo,good,,,prod,2026-08-25 10:42:11.434533+00:00,2026-08-25 11:00:22.190630+00:00,/nfs/data/sz_48/20260825/episode_20260825_104022_000_e4b35f37.npy.mp4
01a03882-42c0-7499-9855-8fc5ae2c8722,industrial packing,completed,yam,yam_zed_0_61,32.4,huangrongbo,good,,,prod,2026-08-25 10:42:53.754888+00:00,2026-08-25 11:00:21.839152+00:00,/nfs/data/sz_48/20260825/episode_20260825_104056_000_10489942.npy.mp4
01a03882-d730-741a-a048-fca950ce4a91,industrial packing,completed,yam,yam_zed_0_61,34.0,huangrongbo,good,,,prod,2026-08-25 10:43:31.074175+00:00,2026-08-25 11:00:21.209103+00:00,/nfs/data/sz_48/20260825/episode_20260825_104134_000_2e408345.npy.mp4
01a03883-7370-708d-8033-37ae8d34827b,industrial packing,completed,yam,yam_zed_0_61,28.5,huangrongbo,good,,,prod,2026-08-25 10:44:01.352750+00:00,2026-08-25 11:00:20.839552+00:00,/nfs/data/sz_48/20260825/episode_20260825_104214_000_7dd46d92.npy.mp4
01a03883-f840-7c2e-b704-9c3f7be0d186,industrial packing,completed,yam,yam_zed_0_61,26.3,huangrongbo,good,,,prod,2026-08-25 10:44:34.667397+00:00,2026-08-25 11:00:20.185016+00:00,/nfs/data/sz_48/20260825/episode_20260825_104248_000_14f6ab9d.npy.mp4
01a03884-a420-7ffc-be27-7f054c731564,industrial packing,completed,yam,yam_zed_0_61,40.9,huangrongbo,good,,,prod,2026-08-25 10:45:41.125522+00:00,2026-08-25 11:00:19.860813+00:00,/nfs/data/sz_48/20260825/episode_20260825_104332_000_7dad2b14.npy.mp4
01a03885-5bb8-7026-8592-229ff6c843d9,industrial packing,completed,yam,yam_zed_0_61,38.8,huangrongbo,good,,,prod,2026-08-25 10:46:26.426973+00:00,2026-08-25 11:00:19.089819+00:00,/nfs/data/sz_48/20260825/episode_20260825_104419_000_f50f27bf.npy.mp4
01a03886-0b80-745f-a554-90fb484cc6d8,industrial packing,completed,yam,yam_zed_0_61,32.4,huangrongbo,good,,,prod,2026-08-25 10:46:58.701442+00:00,2026-08-25 11:00:18.373138+00:00,/nfs/data/sz_48/20260825/episode_20260825_104504_000_72afb9d2.npy.mp4
01a03886-a3d8-7173-b102-83cf02198253,industrial packing,completed,yam,yam_zed_0_61,29.8,huangrongbo,good,,,prod,2026-08-25 10:47:33.984403+00:00,2026-08-25 11:00:17.925839+00:00,/nfs/data/sz_48/20260825/episode_20260825_104543_000_f8b93870.npy.mp4
01a03887-2c90-768b-a817-515e379b7d90,industrial packing,completed,yam,yam_zed_0_61,31.6,huangrongbo,good,,,prod,2026-08-25 10:48:11.300497+00:00,2026-08-25 11:00:15.237300+00:00,/nfs/data/sz_48/20260825/episode_20260825_104618_000_3745c9eb.npy.mp4
01a03887-c100-7321-b87f-b8c24e377bc5,industrial packing,completed,yam,yam_zed_0_61,29.2,huangrongbo,good,,,prod,2026-08-25 10:48:45.758449+00:00,2026-08-25 11:00:14.860565+00:00,/nfs/data/sz_48/20260825/episode_20260825_104656_000_ce126f2d.npy.mp4
01a03888-5958-781d-af07-de2b29c328f3,industrial packing,completed,yam,yam_zed_0_61,29.0,huangrongbo,good,,,prod,2026-08-25 10:49:26.056270+00:00,2026-08-25 11:00:14.063522+00:00,/nfs/data/sz_48/20260825/episode_20260825_104735_000_e514cdd5.npy.mp4
01a03888-e210-7442-bc86-c11c13c9f155,industrial packing,completed,yam,yam_zed_0_61,25.7,huangrongbo,good,,,prod,2026-08-25 10:49:55.343002+00:00,2026-08-25 11:00:13.861709+00:00,/nfs/data/sz_48/20260825/episode_20260825_104810_000_48dd7e4d.npy.mp4
01a03889-5f10-7081-92ab-d9d6ef724112,industrial packing,completed,yam,yam_zed_0_61,29.4,huangrongbo,good,,,prod,2026-08-25 10:50:25.623552+00:00,2026-08-25 11:00:13.220916+00:00,/nfs/data/sz_48/20260825/episode_20260825_104842_000_6e91d67d.npy.mp4
01a03889-e7c8-7903-8542-9c2667f7048f,industrial packing,completed,yam,yam_zed_0_61,27.2,huangrongbo,good,,,prod,2026-08-25 10:50:59.889727+00:00,2026-08-25 11:00:08.877755+00:00,/nfs/data/sz_48/20260825/episode_20260825_104917_000_24c20517.npy.mp4
01a0388a-68b0-752d-a4a3-a560778aeca1,industrial packing,completed,yam,yam_zed_0_61,27.2,huangrongbo,good,,,prod,2026-08-25 10:51:34.136983+00:00,2026-08-25 11:00:04.270408+00:00,/nfs/data/sz_48/20260825/episode_20260825_104950_000_30b19341.npy.mp4
01a036b4-4538-77e4-8259-afdc840ec2c0,industrial packing,completed,yam,yam_zed_0_61,58.5,wudashan,good,,,prod,2026-08-25 02:18:52.702952+00:00,2026-08-25 10:54:02.062688+00:00,/nfs/data/sz_48/20260825/episode_20260825_021619_000_43f3e96d.npy.mp4
01a036b5-8588-7547-8f26-1d34bb25cb6a,industrial packing,completed,yam,yam_zed_0_61,62.6,wudashan,good,,,prod,2026-08-25 02:20:10.087486+00:00,2026-08-25 10:54:02.049944+00:00,/nfs/data/sz_48/20260825/episode_20260825_021741_000_99fc9c31.npy.mp4
01a036b6-9310-75b3-b05f-e976bfbe40f6,industrial packing,completed,yam,yam_zed_0_61,59.0,wudashan,good,,,prod,2026-08-25 02:21:16.874632+00:00,2026-08-25 10:54:01.605911+00:00,/nfs/data/sz_48/20260825/episode_20260825_021850_000_95e2f81c.npy.mp4
01a036b7-98c8-7af6-ba88-babb56a60db6,industrial packing,completed,yam,yam_zed_0_61,53.9,wudashan,good,,,prod,2026-08-25 02:22:25.260295+00:00,2026-08-25 10:54:01.382319+00:00,/nfs/data/sz_48/20260825/episode_20260825_021957_000_2bafaf51.npy.mp4
01a036b8-8af8-7c83-b4c0-9e3fc5930cba,industrial packing,completed,yam,yam_zed_0_61,53.1,wudashan,good,,,prod,2026-08-25 02:23:28.641750+00:00,2026-08-25 10:54:01.162819+00:00,/nfs/data/sz_48/20260825/episode_20260825_022059_000_88685b14.npy.mp4
01a036b9-9880-7fab-9dc2-decc01952d6c,industrial packing,completed,yam,yam_zed_0_61,50.7,wudashan,good,,,prod,2026-08-25 02:24:32.003782+00:00,2026-08-25 10:54:01.045147+00:00,/nfs/data/sz_48/20260825/episode_20260825_022208_000_d25dc7ee.npy.mp4
01a036ba-7ef8-7568-9c12-78008361eeab,industrial packing,completed,yam,yam_zed_0_61,54.5,wudashan,good,,,prod,2026-08-25 02:25:36.368493+00:00,2026-08-25 10:54:01.025343+00:00,/nfs/data/sz_48/20260825/episode_20260825_022307_000_721429b9.npy.mp4
01a036bb-78f8-75ba-9af9-91ac197cc7bb,industrial packing,completed,yam,yam_zed_0_61,22.8,wudashan,good,,,prod,2026-08-25 02:25:48.607487+00:00,2026-08-25 10:54:00.439206+00:00,/nfs/data/sz_48/20260825/episode_20260825_022411_000_b3d2bc90.npy.mp4
01a036bc-0d68-79e0-9aaa-fbe53c242b84,industrial packing,completed,yam,yam_zed_0_61,51.2,wudashan,good,,,prod,2026-08-25 02:27:16.951355+00:00,2026-08-25 10:54:00.201362+00:00,/nfs/data/sz_48/20260825/episode_20260825_022449_000_d1e7eb77.npy.mp4
01a036be-0550-7040-b78b-56da1755dbe3,industrial packing,completed,yam,yam_zed_0_61,55.5,wudashan,good,,,prod,2026-08-25 02:29:29.504584+00:00,2026-08-25 10:54:00.060229+00:00,/nfs/data/sz_48/20260825/episode_20260825_022658_000_7fd60cf7.npy.mp4
01a036bc-f7c8-7327-b2db-3f4f81cb0023,industrial packing,completed,yam,yam_zed_0_61,62.6,wudashan,good,,,prod,2026-08-25 02:28:31.233402+00:00,2026-08-25 10:54:00.052564+00:00,/nfs/data/sz_48/20260825/episode_20260825_022549_000_60dbcb17.npy.mp4
01a036c9-5f90-794d-ab99-e089a90c7a4d,industrial packing,completed,yam,yam_zed_0_61,54.1,wudashan,good,,,prod,2026-08-25 02:41:54.066890+00:00,2026-08-25 10:53:59.502450+00:00,/nfs/data/sz_48/20260825/episode_20260825_023922_000_67f8f0f3.npy.mp4
01a036ca-51c0-7c8a-b597-d54412f73b40,industrial packing,completed,yam,yam_zed_0_61,60.3,wudashan,good,,,prod,2026-08-25 02:42:50.332730+00:00,2026-08-25 10:53:59.300651+00:00,/nfs/data/sz_48/20260825/episode_20260825_024024_000_2b82f509.npy.mp4
01a036cb-5b60-76aa-9c3c-6fefbb80e48a,industrial packing,completed,yam,yam_zed_0_61,53.9,wudashan,good,,,prod,2026-08-25 02:43:59.658162+00:00,2026-08-25 10:53:59.055883+00:00,/nfs/data/sz_48/20260825/episode_20260825_024132_000_d6736e60.npy.mp4
01a036cc-4d90-77e3-b16e-a143538a2951,industrial packing,completed,yam,yam_zed_0_61,58.8,wudashan,good,,,prod,2026-08-25 02:45:11.985737+00:00,2026-08-25 10:53:59.035088+00:00,/nfs/data/sz_48/20260825/episode_20260825_024234_000_89ea0506.npy.mp4
01a036cd-5b18-72b9-8980-20d2a4920307,industrial packing,completed,yam,yam_zed_0_61,59.0,wudashan,good,,,prod,2026-08-25 02:46:19.248183+00:00,2026-08-25 10:53:58.177253+00:00,/nfs/data/sz_48/20260825/episode_20260825_024343_000_ff28f34b.npy.mp4
01a036ce-60d0-7e56-b163-03c00ebafb41,industrial packing,completed,yam,yam_zed_0_61,52.7,wudashan,good,,,prod,2026-08-25 02:47:17.536776+00:00,2026-08-25 10:53:58.027754+00:00,/nfs/data/sz_48/20260825/episode_20260825_024450_000_d207e9bf.npy.mp4
01a036cf-4b30-78ea-aa25-7972621d9a52,industrial packing,completed,yam,yam_zed_0_61,55.1,wudashan,good,,,prod,2026-08-25 02:48:22.828377+00:00,2026-08-25 10:53:57.491455+00:00,/nfs/data/sz_48/20260825/episode_20260825_024550_000_ae401fcc.npy.mp4
01a036d0-3978-73e7-9f59-4334d5477e77,industrial packing,completed,yam,yam_zed_0_61,54.2,wudashan,good,,,prod,2026-08-25 02:49:22.120391+00:00,2026-08-25 10:53:57.276047+00:00,/nfs/data/sz_48/20260825/episode_20260825_024651_000_87c0d29a.npy.mp4
01a036d1-27c0-7de9-b7ae-bbf4d5fbe5d4,industrial packing,completed,yam,yam_zed_0_61,53.6,wudashan,good,,,prod,2026-08-25 02:50:21.408180+00:00,2026-08-25 10:53:53.003944+00:00,/nfs/data/sz_48/20260825/episode_20260825_024752_000_99479096.npy.mp4
01a036d2-1220-7795-a340-518decb4132b,industrial packing,completed,yam,yam_zed_0_61,53.2,wudashan,good,,,prod,2026-08-25 02:51:18.712729+00:00,2026-08-25 10:53:52.596608+00:00,/nfs/data/sz_48/20260825/episode_20260825_024852_000_238bc656.npy.mp4
01a036d3-3b00-7876-b06e-4f1699504b1f,industrial packing,completed,yam,yam_zed_0_61,51.6,wudashan,good,,,prod,2026-08-25 02:52:31.153863+00:00,2026-08-25 10:53:52.383609+00:00,/nfs/data/sz_48/20260825/episode_20260825_025008_000_99f1cd75.npy.mp4
01a036d4-4c70-7d51-a00e-ee10c9dfd497,industrial packing,completed,yam,yam_zed_0_61,47.6,wudashan,good,,,prod,2026-08-25 02:53:37.481062+00:00,2026-08-25 10:53:52.112167+00:00,/nfs/data/sz_48/20260825/episode_20260825_025118_000_36977fa7.npy.mp4
01a036d6-1190-7b46-bde5-b93bc0417e51,industrial packing,completed,yam,yam_zed_0_61,52.3,wudashan,good,,,prod,2026-08-25 02:55:40.140571+00:00,2026-08-25 10:53:52.109478+00:00,/nfs/data/sz_48/20260825/episode_20260825_025314_000_785fce2a.npy.mp4
01a036d5-2348-7968-b6eb-9fc53c00a038,industrial packing,completed,yam,yam_zed_0_61,54.2,wudashan,good,,,prod,2026-08-25 02:54:31.815972+00:00,2026-08-25 10:53:52.065172+00:00,/nfs/data/sz_48/20260825/episode_20260825_025213_000_ec23968a.npy.mp4
01a036d7-03c0-7beb-a64d-266894f91e08,industrial packing,completed,yam,yam_zed_0_61,46.4,wudashan,good,,,prod,2026-08-25 02:56:34.417196+00:00,2026-08-25 10:53:51.441474+00:00,/nfs/data/sz_48/20260825/episode_20260825_025416_000_e32cd7fc.npy.mp4
01a036dc-b4c8-79a4-a71a-c8a807407bac,industrial packing,completed,yam,yam_zed_0_61,55.9,wudashan,good,,,prod,2026-08-25 03:02:59.845045+00:00,2026-08-25 10:53:51.184029+00:00,/nfs/data/sz_48/20260825/episode_20260825_030029_000_2372459a.npy.mp4
01a036ed-6a20-765b-9f5e-4428b0c4ae5c,industrial packing,completed,yam,yam_zed_0_61,50.2,wudashan,good,,,prod,2026-08-25 03:21:02.437066+00:00,2026-08-25 10:53:51.047195+00:00,/nfs/data/sz_48/20260825/episode_20260825_031844_000_f32dbd35.npy.mp4
01a036ee-4cb0-78ef-acb7-fe08bae51912,industrial packing,completed,yam,yam_zed_0_61,49.4,wudashan,good,,,prod,2026-08-25 03:21:55.787237+00:00,2026-08-25 10:53:51.012974+00:00,/nfs/data/sz_48/20260825/episode_20260825_031942_000_b7791a24.npy.mp4
01a036ef-2770-7547-a386-e7e3af765e1a,industrial packing,completed,yam,yam_zed_0_61,50.6,wudashan,good,,,prod,2026-08-25 03:23:02.131064+00:00,2026-08-25 10:53:50.488416+00:00,/nfs/data/sz_48/20260825/episode_20260825_032038_000_e1ddb686.npy.mp4
01a036f0-0a00-72bc-900e-2f1c52ca359b,industrial packing,completed,yam,yam_zed_0_61,51.3,wudashan,good,,,prod,2026-08-25 03:24:00.411071+00:00,2026-08-25 10:53:50.345387+00:00,/nfs/data/sz_48/20260825/episode_20260825_032136_000_a07a0958.npy.mp4
01a036f0-f078-7c69-87a8-c0ac309291ea,industrial packing,completed,yam,yam_zed_0_61,52.4,wudashan,good,,,prod,2026-08-25 03:24:53.700085+00:00,2026-08-25 10:53:50.054338+00:00,/nfs/data/sz_48/20260825/episode_20260825_032235_000_282dade1.npy.mp4
01a036f1-d6f0-7b9b-8e60-d27aea52a751,industrial packing,completed,yam,yam_zed_0_61,58.8,wudashan,good,,,prod,2026-08-25 03:26:11.005132+00:00,2026-08-25 10:53:50.045855+00:00,/nfs/data/sz_48/20260825/episode_20260825_032334_000_dc0e6c6a.npy.mp4
01a036f2-d4d8-77f5-bc70-b4749bbd76f6,industrial packing,completed,yam,yam_zed_0_61,57.7,wudashan,good,,,prod,2026-08-25 03:27:17.308803+00:00,2026-08-25 10:53:49.569007+00:00,/nfs/data/sz_48/20260825/episode_20260825_032439_000_8c8fe95e.npy.mp4
01a036f3-ced8-76ea-ae64-adfa195ffb13,industrial packing,completed,yam,yam_zed_0_61,57.0,wudashan,good,,,prod,2026-08-25 03:28:18.598654+00:00,2026-08-25 10:53:49.306040+00:00,/nfs/data/sz_48/20260825/episode_20260825_032543_000_432659dc.npy.mp4
01a036f4-d0a8-7c42-a42b-b2aeb46e33ba,industrial packing,completed,yam,yam_zed_0_61,56.5,wudashan,good,,,prod,2026-08-25 03:29:23.922665+00:00,2026-08-25 10:53:49.106730+00:00,/nfs/data/sz_48/20260825/episode_20260825_032649_000_abd6a588.npy.mp4
01a036f5-c6c0-7758-b757-fb05c84884de,industrial packing,completed,yam,yam_zed_0_61,45.9,wudashan,good,,,prod,2026-08-25 03:30:09.227773+00:00,2026-08-25 10:53:49.055375+00:00,/nfs/data/sz_48/20260825/episode_20260825_032752_000_4b54a2f5.npy.mp4
01a036f6-95c8-716f-9dca-1faa9bcf5655,industrial packing,completed,yam,yam_zed_0_61,49.8,wudashan,good,,,prod,2026-08-25 03:31:05.604237+00:00,2026-08-25 10:53:48.610821+00:00,/nfs/data/sz_48/20260825/episode_20260825_032845_000_0c316229.npy.mp4
01a036f7-a738-77f3-873b-f8306a9c0bee,industrial packing,completed,yam,yam_zed_0_61,50.0,wudashan,good,,,prod,2026-08-25 03:32:16.873906+00:00,2026-08-25 10:53:48.353557+00:00,/nfs/data/sz_48/20260825/episode_20260825_032955_000_f4bce170.npy.mp4
01a03700-d2e0-74a6-8155-a615b84bb5d4,industrial packing,completed,yam,yam_zed_0_61,55.0,wudashan,good,,,prod,2026-08-25 03:42:25.348197+00:00,2026-08-25 10:53:48.143522+00:00,/nfs/data/sz_48/20260825/episode_20260825_033956_000_b420e805.npy.mp4
01a03701-dc80-7288-a7fc-06bd07977c97,industrial packing,completed,yam,yam_zed_0_61,60.1,wudashan,good,,,prod,2026-08-25 03:43:31.643122+00:00,2026-08-25 10:53:48.050817+00:00,/nfs/data/sz_48/20260825/episode_20260825_034104_000_d630e72e.npy.mp4
01a03702-e238-7c9a-87dd-893db8c15fec,industrial packing,completed,yam,yam_zed_0_61,52.9,wudashan,good,,,prod,2026-08-25 03:44:29.875084+00:00,2026-08-25 10:53:48.035991+00:00,/nfs/data/sz_48/20260825/episode_20260825_034211_000_350342ac.npy.mp4
01a03704-e1f0-70c7-bc32-fe20e330a2c5,industrial packing,completed,yam,yam_zed_0_61,57.4,wudashan,good,,,prod,2026-08-25 03:46:55.193219+00:00,2026-08-25 10:53:47.444013+00:00,/nfs/data/sz_48/20260825/episode_20260825_034422_000_4bfe31ad.npy.mp4
01a03705-f360-74b1-a1fd-eda3ab89f53d,industrial packing,completed,yam,yam_zed_0_61,49.8,wudashan,good,,,prod,2026-08-25 03:47:47.531353+00:00,2026-08-25 10:53:47.199546+00:00,/nfs/data/sz_48/20260825/episode_20260825_034532_000_b6d3e195.npy.mp4
01a03706-d9d8-7a54-a48d-d9afec8f580f,industrial packing,completed,yam,yam_zed_0_61,52.3,wudashan,good,,,prod,2026-08-25 03:48:54.830032+00:00,2026-08-25 10:53:47.065685+00:00,/nfs/data/sz_48/20260825/episode_20260825_034631_000_82523fc9.npy.mp4
01a03707-cc08-7f8a-b52f-2635b6c49a9e,industrial packing,completed,yam,yam_zed_0_61,52.8,wudashan,good,,,prod,2026-08-25 03:49:57.708502+00:00,2026-08-25 10:53:47.038458+00:00,/nfs/data/sz_48/20260825/episode_20260825_034733_000_87a722fb.npy.mp4
01a03708-be38-786a-ba08-bb369fad91c0,industrial packing,completed,yam,yam_zed_0_61,54.0,wudashan,good,,,prod,2026-08-25 03:51:07.014245+00:00,2026-08-25 10:53:46.495041+00:00,/nfs/data/sz_48/20260825/episode_20260825_034835_000_041865dd.npy.mp4
01a03709-c008-7dd0-8582-4faec026760e,industrial packing,completed,yam,yam_zed_0_61,46.9,wudashan,good,,,prod,2026-08-25 03:51:57.276383+00:00,2026-08-25 10:53:46.216248+00:00,/nfs/data/sz_48/20260825/episode_20260825_034941_000_19dadcd6.npy.mp4
01a0370a-ae50-730d-b842-aa5d100ded20,industrial packing,completed,yam,yam_zed_0_61,60.4,wudashan,good,,,prod,2026-08-25 03:53:07.555398+00:00,2026-08-25 10:53:46.049958+00:00,/nfs/data/sz_48/20260825/episode_20260825_035042_000_5a72aed6.npy.mp4
01a0370f-03b0-739b-a05d-a76985fe13fb,industrial packing,completed,yam,yam_zed_0_61,57.2,wudashan,good,,,prod,2026-08-25 03:57:47.948173+00:00,2026-08-25 10:53:46.037977+00:00,/nfs/data/sz_48/20260825/episode_20260825_035526_000_4f7bd7ca.npy.mp4
01a03710-0968-7da4-8f2f-d0ea0ae3a931,industrial packing,completed,yam,yam_zed_0_61,55.0,wudashan,good,,,prod,2026-08-25 03:58:52.228724+00:00,2026-08-25 10:53:45.524259+00:00,/nfs/data/sz_48/20260825/episode_20260825_035633_000_12193fcf.npy.mp4
01a03711-3248-7ae7-a76d-a255df668991,industrial packing,completed,yam,yam_zed_0_61,55.8,wudashan,good,,,prod,2026-08-25 04:00:11.500945+00:00,2026-08-25 10:53:45.301935+00:00,/nfs/data/sz_48/20260825/episode_20260825_035749_000_3f9ea10f.npy.mp4
01a03718-6220-7960-baa7-65eb42a0870a,industrial packing,completed,yam,yam_zed_0_61,59.9,wudashan,good,,,prod,2026-08-25 04:08:13.903010+00:00,2026-08-25 10:53:44.598975+00:00,/nfs/data/sz_48/20260825/episode_20260825_040540_000_801bc049.npy.mp4
01a03719-d538-7284-8b3a-bfb3928213c8,industrial packing,completed,yam,yam_zed_0_61,54.0,wudashan,good,,,prod,2026-08-25 04:09:32.250172+00:00,2026-08-25 10:53:44.364856+00:00,/nfs/data/sz_48/20260825/episode_20260825_040715_000_b2667633.npy.mp4
01a0371b-1970-7483-8267-fbbb050c1f6e,industrial packing,completed,yam,yam_zed_0_61,55.5,wudashan,good,,,prod,2026-08-25 04:11:10.545774+00:00,2026-08-25 10:53:44.140153+00:00,/nfs/data/sz_48/20260825/episode_20260825_040838_000_671af295.npy.mp4
01a0371d-f000-7327-8b88-36544caad783,industrial packing,completed,yam,yam_zed_0_61,53.2,wudashan,good,,,prod,2026-08-25 04:14:12.872288+00:00,2026-08-25 10:53:44.077229+00:00,/nfs/data/sz_48/20260825/episode_20260825_041144_000_5b64a5e7.npy.mp4
01a03721-3008-7f86-9bdc-5d830dee6c74,industrial packing,completed,yam,yam_zed_0_61,50.6,wudashan,good,,,prod,2026-08-25 04:17:39.288053+00:00,2026-08-25 10:53:44.049578+00:00,/nfs/data/sz_48/20260825/episode_20260825_041517_000_ae448985.npy.mp4
01a03723-c818-769c-b666-e42f1aa1994f,industrial packing,completed,yam,yam_zed_0_61,50.4,wudashan,good,,,prod,2026-08-25 04:20:30.186180+00:00,2026-08-25 10:53:43.435221+00:00,/nfs/data/sz_48/20260825/episode_20260825_041807_000_af6c07ea.npy.mp4
01a0376d-7f30-7af8-83e3-8bc815df7fd9,industrial packing,completed,yam,yam_zed_0_61,62.3,wudashan,good,,,prod,2026-08-25 05:41:10.835798+00:00,2026-08-25 10:53:43.179789+00:00,/nfs/data/sz_48/20260825/episode_20260825_053838_000_a83581d3.npy.mp4
01a0376e-9488-773f-86a8-9e28c0f072a9,industrial packing,completed,yam,yam_zed_0_61,51.4,wudashan,good,,,prod,2026-08-25 05:42:03.149607+00:00,2026-08-25 10:53:43.081694+00:00,/nfs/data/sz_48/20260825/episode_20260825_053949_000_0c3068c7.npy.mp4
01a0376f-8e88-76b7-b3fd-83944662f69f,industrial packing,completed,yam,yam_zed_0_61,51.0,wudashan,good,,,prod,2026-08-25 05:43:06.536681+00:00,2026-08-25 10:53:43.051975+00:00,/nfs/data/sz_48/20260825/episode_20260825_054053_000_d9955f50.npy.mp4
01a03770-7118-7e4a-a1b1-b70a762723a8,industrial packing,completed,yam,yam_zed_0_61,48.2,wudashan,good,,,prod,2026-08-25 05:44:03.811521+00:00,2026-08-25 10:53:42.502940+00:00,/nfs/data/sz_48/20260825/episode_20260825_054151_000_323ea518.npy.mp4
01a03771-4bd8-744f-a5c1-f52ff6a07f2a,industrial packing,completed,yam,yam_zed_0_61,57.5,wudashan,good,,,prod,2026-08-25 05:45:10.174179+00:00,2026-08-25 10:53:42.284323+00:00,/nfs/data/sz_48/20260825/episode_20260825_054247_000_3bf227cd.npy.mp4
01a03772-45d8-74ff-a9d1-ff1d979e05dc,industrial packing,completed,yam,yam_zed_0_61,49.3,wudashan,good,,,prod,2026-08-25 05:46:02.552890+00:00,2026-08-25 10:53:42.074971+00:00,/nfs/data/sz_48/20260825/episode_20260825_054351_000_505df25f.npy.mp4
01a03773-2098-7d4c-bd3e-907bc0d2d3c6,industrial packing,completed,yam,yam_zed_0_61,49.8,wudashan,good,,,prod,2026-08-25 05:47:07.923694+00:00,2026-08-25 10:53:42.021334+00:00,/nfs/data/sz_48/20260825/episode_20260825_054447_000_06e38eb6.npy.mp4
01a03774-0328-7b71-8eb6-80059dfa298c,industrial packing,completed,yam,yam_zed_0_61,59.6,wudashan,good,,,prod,2026-08-25 05:48:14.216518+00:00,2026-08-25 10:53:41.583283+00:00,/nfs/data/sz_48/20260825/episode_20260825_054545_000_27e55a2b.npy.mp4
01a03775-1498-7892-85c4-c30621eb921b,industrial packing,completed,yam,yam_zed_0_61,51.9,wudashan,good,,,prod,2026-08-25 05:49:12.514391+00:00,2026-08-25 10:53:41.336509+00:00,/nfs/data/sz_48/20260825/episode_20260825_054655_000_b0f47791.npy.mp4
01a03776-02e0-7e33-8e50-c33b2b6461ad,industrial packing,completed,yam,yam_zed_0_61,50.3,wudashan,good,,,prod,2026-08-25 05:50:19.829605+00:00,2026-08-25 10:53:41.143098+00:00,/nfs/data/sz_48/20260825/episode_20260825_054756_000_841fbd44.npy.mp4
01a03776-e188-75bc-a40c-386183417644,industrial packing,completed,yam,yam_zed_0_61,59.9,wudashan,good,,,prod,2026-08-25 05:51:31.204588+00:00,2026-08-25 10:53:41.059965+00:00,/nfs/data/sz_48/20260825/episode_20260825_054853_000_f8454a5f.npy.mp4
01a03777-f2f8-766b-b518-211148cfee83,industrial packing,completed,yam,yam_zed_0_61,50.0,wudashan,good,,,prod,2026-08-25 05:52:19.481036+00:00,2026-08-25 10:53:41.039308+00:00,/nfs/data/sz_48/20260825/episode_20260825_055003_000_48cd32be.npy.mp4
01a03778-dd58-7d08-b9ec-8d9d889de4e8,industrial packing,completed,yam,yam_zed_0_61,57.6,wudashan,good,,,prod,2026-08-25 05:53:29.806358+00:00,2026-08-25 10:53:40.432571+00:00,/nfs/data/sz_48/20260825/episode_20260825_055103_000_6ad78ff4.npy.mp4
01a03779-df28-755d-87f3-0b909427d2d5,industrial packing,completed,yam,yam_zed_0_61,56.4,wudashan,good,,,prod,2026-08-25 05:54:40.103330+00:00,2026-08-25 10:53:40.220123+00:00,/nfs/data/sz_48/20260825/episode_20260825_055209_000_11d9f2a4.npy.mp4
01a0377a-dd10-7294-a4fc-617c49219014,industrial packing,completed,yam,yam_zed_0_61,57.0,wudashan,good,,,prod,2026-08-25 05:55:40.410021+00:00,2026-08-25 10:53:40.054749+00:00,/nfs/data/sz_48/20260825/episode_20260825_055314_000_6569e1af.npy.mp4
01a0377b-e6b0-7f48-a843-e2a8a7db0072,industrial packing,completed,yam,yam_zed_0_61,57.0,wudashan,good,,,prod,2026-08-25 05:56:45.678435+00:00,2026-08-25 10:53:40.044879+00:00,/nfs/data/sz_48/20260825/episode_20260825_055422_000_ba2458cc.npy.mp4
01a0377c-e498-71f6-8e75-4798f9bc10f1,industrial packing,completed,yam,yam_zed_0_61,50.5,wudashan,good,,,prod,2026-08-25 05:57:42.936085+00:00,2026-08-25 10:53:39.523750+00:00,/nfs/data/sz_48/20260825/episode_20260825_055527_000_f60e9513.npy.mp4
01a0377d-d6c8-7c68-b238-729966ef84a9,industrial packing,completed,yam,yam_zed_0_61,51.9,wudashan,good,,,prod,2026-08-25 05:58:46.232481+00:00,2026-08-25 10:53:39.316958+00:00,/nfs/data/sz_48/20260825/episode_20260825_055629_000_4a3238c6.npy.mp4
01a0377e-bd40-7baf-b92f-9d0bff4606fe,industrial packing,completed,yam,yam_zed_0_61,46.3,wudashan,good,,,prod,2026-08-25 05:59:46.525247+00:00,2026-08-25 10:53:39.089665+00:00,/nfs/data/sz_48/20260825/episode_20260825_055728_000_2f94d1a7.npy.mp4
01a0377f-9fd0-77dc-9a65-06a9179703bc,industrial packing,completed,yam,yam_zed_0_61,53.8,wudashan,good,,,prod,2026-08-25 06:00:44.783251+00:00,2026-08-25 10:53:39.068260+00:00,/nfs/data/sz_48/20260825/episode_20260825_055826_000_2501e8b7.npy.mp4
01a0378c-8c68-7e19-8638-44e9ecf58e6a,industrial packing,completed,yam,yam_zed_0_61,48.7,wudashan,good,,,prod,2026-08-25 06:14:49.365520+00:00,2026-08-25 10:53:38.624288+00:00,/nfs/data/sz_48/20260825/episode_20260825_061233_000_239eca4c.npy.mp4
01a0378d-6ef8-7f8d-a260-b631cb23b02f,industrial packing,completed,yam,yam_zed_0_61,46.3,wudashan,good,,,prod,2026-08-25 06:15:40.683834+00:00,2026-08-25 10:53:38.385479+00:00,/nfs/data/sz_48/20260825/episode_20260825_061331_000_dc9c5bbd.npy.mp4
01a0378e-3e00-765c-933d-a9a0f822b278,industrial packing,completed,yam,yam_zed_0_61,49.5,wudashan,good,,,prod,2026-08-25 06:16:38.952291+00:00,2026-08-25 10:53:38.142709+00:00,/nfs/data/sz_48/20260825/episode_20260825_061424_000_caadaca3.npy.mp4
01a0378f-1ca8-7c5f-8d2f-fd3b22a841ef,industrial packing,completed,yam,yam_zed_0_61,53.6,wudashan,good,,,prod,2026-08-25 06:17:42.258248+00:00,2026-08-25 10:53:38.049363+00:00,/nfs/data/sz_48/20260825/episode_20260825_061521_000_fd9b8491.npy.mp4
01a03790-0ed8-7646-ba83-e8fa6aca39c2,industrial packing,completed,yam,yam_zed_0_61,52.6,wudashan,good,,,prod,2026-08-25 06:18:50.557100+00:00,2026-08-25 10:53:38.038865+00:00,/nfs/data/sz_48/20260825/episode_20260825_061623_000_9b3d9e7b.npy.mp4
01a03790-f938-75be-8cf4-489f33a28f83,industrial packing,completed,yam,yam_zed_0_61,50.9,wudashan,good,,,prod,2026-08-25 06:19:46.857087+00:00,2026-08-25 10:53:37.468942+00:00,/nfs/data/sz_48/20260825/episode_20260825_061723_000_1bf19afd.npy.mp4
01a03791-e780-71df-94ff-7899971ae9cc,industrial packing,completed,yam,yam_zed_0_61,52.7,wudashan,good,,,prod,2026-08-25 06:20:49.179719+00:00,2026-08-25 10:53:37.231851+00:00,/nfs/data/sz_48/20260825/episode_20260825_061824_000_1562ef38.npy.mp4
01a03792-d9b0-7c4d-8231-6775c7ff9064,industrial packing,completed,yam,yam_zed_0_61,49.6,wudashan,good,,,prod,2026-08-25 06:21:36.564565+00:00,2026-08-25 10:53:37.063241+00:00,/nfs/data/sz_48/20260825/episode_20260825_061926_000_ef1b5018.npy.mp4
01a03793-b858-71e5-a575-6269b4bd3331,industrial packing,completed,yam,yam_zed_0_61,48.3,wudashan,good,,,prod,2026-08-25 06:22:41.876041+00:00,2026-08-25 10:53:37.044233+00:00,/nfs/data/sz_48/20260825/episode_20260825_062023_000_16aa4877.npy.mp4
01a03794-a2b8-7390-a4da-b8f1ffc228e7,industrial packing,completed,yam,yam_zed_0_61,44.3,wudashan,good,,,prod,2026-08-25 06:23:34.160285+00:00,2026-08-25 10:53:36.525880+00:00,/nfs/data/sz_48/20260825/episode_20260825_062123_000_68d56904.npy.mp4
01a03798-ffe8-7060-a4c0-bff172191c97,industrial packing,completed,yam,yam_zed_0_61,48.2,wudashan,good,,,prod,2026-08-25 06:28:28.705631+00:00,2026-08-25 10:53:36.112264+00:00,/nfs/data/sz_48/20260825/episode_20260825_062609_000_151bc6c4.npy.mp4
01a03799-e278-719f-9df5-77728405c768,industrial packing,completed,yam,yam_zed_0_61,51.2,wudashan,good,,,prod,2026-08-25 06:29:31.036738+00:00,2026-08-25 10:53:36.096678+00:00,/nfs/data/sz_48/20260825/episode_20260825_062707_000_7aa04e95.npy.mp4
01a0379a-ccd8-727b-b748-969f1494a3f7,industrial packing,completed,yam,yam_zed_0_61,51.9,wudashan,good,,,prod,2026-08-25 06:30:33.335498+00:00,2026-08-25 10:53:35.668736+00:00,/nfs/data/sz_48/20260825/episode_20260825_062807_000_1fbabfcf.npy.mp4
01a0379b-bf08-7886-8777-a635c0190f5e,industrial packing,completed,yam,yam_zed_0_61,50.7,wudashan,good,,,prod,2026-08-25 06:31:34.661067+00:00,2026-08-25 10:53:35.404797+00:00,/nfs/data/sz_48/20260825/episode_20260825_062909_000_fbd6983e.npy.mp4
01a0379c-a968-7301-af94-a3552445f947,industrial packing,completed,yam,yam_zed_0_61,49.9,wudashan,good,,,prod,2026-08-25 06:32:30.974847+00:00,2026-08-25 10:53:35.193718+00:00,/nfs/data/sz_48/20260825/episode_20260825_063009_000_d49a2f73.npy.mp4
01a0379e-7e28-7e11-8bfc-8288ebd0dbd9,industrial packing,completed,yam,yam_zed_0_61,54.0,wudashan,good,,,prod,2026-08-25 06:34:36.670541+00:00,2026-08-25 10:53:35.074011+00:00,/nfs/data/sz_48/20260825/episode_20260825_063209_000_96b70686.npy.mp4
01a0379d-8810-7b99-8a2d-2e2c613b7048,industrial packing,completed,yam,yam_zed_0_61,53.3,wudashan,good,,,prod,2026-08-25 06:33:34.294579+00:00,2026-08-25 10:53:35.057269+00:00,/nfs/data/sz_48/20260825/episode_20260825_063106_000_ad8c54b4.npy.mp4
01a0379f-7440-7dbb-be88-1ab735268642,industrial packing,completed,yam,yam_zed_0_61,53.1,wudashan,good,,,prod,2026-08-25 06:35:39.999461+00:00,2026-08-25 10:53:34.526813+00:00,/nfs/data/sz_48/20260825/episode_20260825_063312_000_83dc7913.npy.mp4
01a037a0-6288-780b-bea4-7e6f25f1d754,industrial packing,completed,yam,yam_zed_0_61,53.2,wudashan,good,,,prod,2026-08-25 06:36:42.305734+00:00,2026-08-25 10:53:34.304847+00:00,/nfs/data/sz_48/20260825/episode_20260825_063413_000_00dd3c33.npy.mp4
01a037a1-77e0-7863-92dd-6aff79e920bb,industrial packing,completed,yam,yam_zed_0_61,56.6,wudashan,good,,,prod,2026-08-25 06:37:56.616575+00:00,2026-08-25 10:53:34.085823+00:00,/nfs/data/sz_48/20260825/episode_20260825_063524_000_37da0166.npy.mp4
01a037a2-8d38-7e50-aa61-d7e7fdcc4028,industrial packing,completed,yam,yam_zed_0_61,56.6,wudashan,good,,,prod,2026-08-25 06:39:04.906017+00:00,2026-08-25 10:53:34.056334+00:00,/nfs/data/sz_48/20260825/episode_20260825_063635_000_6f766d15.npy.mp4
01a037a6-84d8-7b6e-ad10-8d7a29f8ab65,industrial packing,completed,yam,yam_zed_0_61,52.2,wudashan,good,,,prod,2026-08-25 06:43:16.245683+00:00,2026-08-25 10:53:34.030963+00:00,/nfs/data/sz_48/20260825/episode_20260825_064055_000_b42e52a6.npy.mp4
01a037a7-8a90-75aa-9fe1-ddf452f7037d,industrial packing,completed,yam,yam_zed_0_61,53.9,wudashan,good,,,prod,2026-08-25 06:44:20.534962+00:00,2026-08-25 10:53:33.435739+00:00,/nfs/data/sz_48/20260825/episode_20260825_064202_000_e8f3974d.npy.mp4
01a037a8-80a8-7f8f-8cae-c2c7e24e6811,industrial packing,completed,yam,yam_zed_0_61,56.5,wudashan,good,,,prod,2026-08-25 06:45:40.841802+00:00,2026-08-25 10:53:33.213519+00:00,/nfs/data/sz_48/20260825/episode_20260825_064305_000_4b0e447d.npy.mp4
01a037a9-8e30-74c9-8fb8-b1c3ef4947d9,industrial packing,completed,yam,yam_zed_0_61,51.0,wudashan,good,,,prod,2026-08-25 06:46:29.123770+00:00,2026-08-25 10:53:33.075223+00:00,/nfs/data/sz_48/20260825/episode_20260825_064414_000_fa55c26f.npy.mp4
01a037aa-7890-766c-bd07-24c4c9d6566b,industrial packing,completed,yam,yam_zed_0_61,53.2,wudashan,good,,,prod,2026-08-25 06:47:33.409539+00:00,2026-08-25 10:53:33.050882+00:00,/nfs/data/sz_48/20260825/episode_20260825_064514_000_614c2d40.npy.mp4
01a037ab-66d8-7c6c-b8a8-567b42b71844,industrial packing,completed,yam,yam_zed_0_61,48.7,wudashan,good,,,prod,2026-08-25 06:48:24.722076+00:00,2026-08-25 10:53:32.559157+00:00,/nfs/data/sz_48/20260825/episode_20260825_064615_000_534c581d.npy.mp4
01a037ac-5138-7502-95d4-bf56f9e0dded,industrial packing,completed,yam,yam_zed_0_61,52.1,wudashan,good,,,prod,2026-08-25 06:49:42.028483+00:00,2026-08-25 10:53:32.359270+00:00,/nfs/data/sz_48/20260825/episode_20260825_064715_000_616a95ef.npy.mp4
01a037ae-6478-7570-9f7d-f1dc618b0064,industrial packing,completed,yam,yam_zed_0_61,49.8,wudashan,good,,,prod,2026-08-25 06:51:44.369471+00:00,2026-08-25 10:53:32.070379+00:00,/nfs/data/sz_48/20260825/episode_20260825_064931_000_04d18a77.npy.mp4
01a037af-4ed8-711a-bac7-d3ffff085696,industrial packing,completed,yam,yam_zed_0_61,47.5,wudashan,good,,,prod,2026-08-25 06:52:40.648453+00:00,2026-08-25 10:53:32.034241+00:00,/nfs/data/sz_48/20260825/episode_20260825_065031_000_8ee002ed.npy.mp4
01a037b0-8b40-7347-91c8-df39f8e49375,industrial packing,completed,yam,yam_zed_0_61,51.8,wudashan,good,,,prod,2026-08-25 06:54:19.076294+00:00,2026-08-25 10:53:31.281553+00:00,/nfs/data/sz_48/20260825/episode_20260825_065152_000_8d9596a6.npy.mp4
01a037b1-75a0-7b44-8bfa-7dc5e0c25548,industrial packing,completed,yam,yam_zed_0_61,53.9,wudashan,good,,,prod,2026-08-25 06:55:23.384895+00:00,2026-08-25 10:53:31.143793+00:00,/nfs/data/sz_48/20260825/episode_20260825_065252_000_6bae6955.npy.mp4
01a037b3-7940-7108-8da3-816f421c8ebd,industrial packing,completed,yam,yam_zed_0_61,57.1,wudashan,good,,,prod,2026-08-25 06:57:41.985645+00:00,2026-08-25 10:53:31.070717+00:00,/nfs/data/sz_48/20260825/episode_20260825_065504_000_239d4976.npy.mp4
01a037b2-7388-741e-9a81-8598d0a70b3d,industrial packing,completed,yam,yam_zed_0_61,51.5,wudashan,good,,,prod,2026-08-25 06:56:20.658605+00:00,2026-08-25 10:53:31.068698+00:00,/nfs/data/sz_48/20260825/episode_20260825_065357_000_3d74e98b.npy.mp4
01a037b4-7728-74a6-92fc-639b5e9d86c8,industrial packing,completed,yam,yam_zed_0_61,49.0,wudashan,good,,,prod,2026-08-25 06:58:31.310042+00:00,2026-08-25 10:53:30.444677+00:00,/nfs/data/sz_48/20260825/episode_20260825_065609_000_de7f66b1.npy.mp4
01a037b9-9b90-773f-92e2-b792b82faa83,industrial packing,completed,yam,yam_zed_0_61,50.4,wudashan,good,,,prod,2026-08-25 07:04:08.739524+00:00,2026-08-25 10:53:30.293336+00:00,/nfs/data/sz_48/20260825/episode_20260825_070146_000_916e993d.npy.mp4
01a037ba-89d8-7397-aa04-e2cf91522596,industrial packing,completed,yam,yam_zed_0_61,47.3,wudashan,good,,,prod,2026-08-25 07:05:03.010363+00:00,2026-08-25 10:53:30.061992+00:00,/nfs/data/sz_48/20260825/episode_20260825_070247_000_cc63890c.npy.mp4
01a037c4-ee00-792e-a6a7-71ace6181051,industrial packing,completed,yam,yam_zed_0_61,49.6,wudashan,good,,,prod,2026-08-25 07:16:29.601603+00:00,2026-08-25 10:53:30.047323+00:00,/nfs/data/sz_48/20260825/episode_20260825_071408_000_846669fa.npy.mp4
01a037c5-cca8-726b-b76c-1171aab87f29,industrial packing,completed,yam,yam_zed_0_61,49.2,wudashan,good,,,prod,2026-08-25 07:17:25.896116+00:00,2026-08-25 10:53:29.483882+00:00,/nfs/data/sz_48/20260825/episode_20260825_071505_000_2e1652c0.npy.mp4
01a037c6-b320-75cc-86b3-7696c3ec978d,industrial packing,completed,yam,yam_zed_0_61,48.2,wudashan,good,,,prod,2026-08-25 07:18:12.240025+00:00,2026-08-25 10:53:29.269146+00:00,/nfs/data/sz_48/20260825/episode_20260825_071604_000_1b8bcdbf.npy.mp4
01a037c7-95b0-7110-91c0-faa64a8f93dd,industrial packing,completed,yam,yam_zed_0_61,45.1,wudashan,good,,,prod,2026-08-25 07:19:17.479731+00:00,2026-08-25 10:53:29.075843+00:00,/nfs/data/sz_48/20260825/episode_20260825_071702_000_31ad8922.npy.mp4
01a037c8-64b8-7c87-851e-67b3836d779e,industrial packing,completed,yam,yam_zed_0_61,42.3,wudashan,good,,,prod,2026-08-25 07:20:03.677600+00:00,2026-08-25 10:53:22.585265+00:00,/nfs/data/sz_48/20260825/episode_20260825_071755_000_4829fa37.npy.mp4
01a0318e-1c00-7270-b818-95a4e7c6fe79,industrial packing,completed,yam,yam_zed_0_61,52.5,wudashan,good,,,prod,2026-08-24 02:18:53.765815+00:00,2026-08-24 10:49:13.221889+00:00,/nfs/data/sz_48/20260824/episode_20260824_021632_000_7cc4652f.npy.mp4
01a0318f-6420-729f-9a6f-c3d495cee20a,industrial packing,completed,yam,yam_zed_0_61,56.1,wudashan,good,,,prod,2026-08-24 02:20:19.195012+00:00,2026-08-24 10:49:12.804912+00:00,/nfs/data/sz_48/20260824/episode_20260824_021756_000_bbef0685.npy.mp4
01a03190-6dc0-7455-8035-ec55187af119,industrial packing,completed,yam,yam_zed_0_61,51.1,wudashan,good,,,prod,2026-08-24 02:21:16.600821+00:00,2026-08-24 10:49:12.581051+00:00,/nfs/data/sz_48/20260824/episode_20260824_021904_000_0951f2fa.npy.mp4
01a03192-1f58-7bf4-b310-c952664140a0,industrial packing,completed,yam,yam_zed_0_61,53.6,wudashan,good,,,prod,2026-08-24 02:23:25.960322+00:00,2026-08-24 10:49:12.251795+00:00,/nfs/data/sz_48/20260824/episode_20260824_022055_000_45c6af59.npy.mp4
01a03193-1958-7db8-9a7d-6715f6cda258,industrial packing,completed,yam,yam_zed_0_61,57.2,wudashan,good,,,prod,2026-08-24 02:24:25.258399+00:00,2026-08-24 10:49:12.233784+00:00,/nfs/data/sz_48/20260824/episode_20260824_022159_000_f5c31e8a.npy.mp4
01a03194-78e8-75f1-8cdf-3d6821ea1552,industrial packing,completed,yam,yam_zed_0_61,57.0,wudashan,good,,,prod,2026-08-24 02:25:55.556860+00:00,2026-08-24 10:49:11.723251+00:00,/nfs/data/sz_48/20260824/episode_20260824_022329_000_48f8cc7e.npy.mp4
01a03195-7ea0-76c9-96d4-84b638330771,industrial packing,completed,yam,yam_zed_0_61,54.9,wudashan,good,,,prod,2026-08-24 02:26:54.940218+00:00,2026-08-24 10:49:11.493912+00:00,/nfs/data/sz_48/20260824/episode_20260824_022436_000_f1226148.npy.mp4
01a03197-14e0-760b-a2a0-061d65936423,industrial packing,completed,yam,yam_zed_0_61,43.9,wudashan,good,,,prod,2026-08-24 02:28:31.294028+00:00,2026-08-24 10:49:11.270982+00:00,/nfs/data/sz_48/20260824/episode_20260824_022620_000_9accf7cb.npy.mp4
01a03198-39d8-7038-952d-208c1c44fbd6,industrial packing,completed,yam,yam_zed_0_61,46.8,wudashan,good,,,prod,2026-08-24 02:29:50.717996+00:00,2026-08-24 10:49:11.226029+00:00,/nfs/data/sz_48/20260824/episode_20260824_022735_000_9bfa5673.npy.mp4
01a03199-4f30-7624-a668-159124fe2768,industrial packing,completed,yam,yam_zed_0_61,47.0,wudashan,good,,,prod,2026-08-24 02:31:06.026131+00:00,2026-08-24 10:49:10.803465+00:00,/nfs/data/sz_48/20260824/episode_20260824_022846_000_c7135fd9.npy.mp4
01a0319a-4d18-7302-aee3-b3cd709ef238,industrial packing,completed,yam,yam_zed_0_61,52.0,wudashan,good,,,prod,2026-08-24 02:32:09.349138+00:00,2026-08-24 10:49:10.564895+00:00,/nfs/data/sz_48/20260824/episode_20260824_022951_000_b0092986.npy.mp4
01a0319f-0038-7e45-9260-1be6d8ebff31,industrial packing,completed,yam,yam_zed_0_61,46.0,wudashan,good,,,prod,2026-08-24 02:37:12.675649+00:00,2026-08-24 10:49:10.320298+00:00,/nfs/data/sz_48/20260824/episode_20260824_023459_000_d0e240e7.npy.mp4
01a031a2-30a0-7a44-b618-21d51e04fb69,industrial packing,completed,yam,yam_zed_0_61,43.8,wudashan,good,,,prod,2026-08-24 02:40:31.979290+00:00,2026-08-24 10:49:10.250690+00:00,/nfs/data/sz_48/20260824/episode_20260824_023828_000_6118ad8f.npy.mp4
01a031a2-f3f0-7670-8116-1f7fb99a5287,industrial packing,completed,yam,yam_zed_0_61,51.8,wudashan,good,,,prod,2026-08-24 02:41:44.294181+00:00,2026-08-24 10:49:10.229308+00:00,/nfs/data/sz_48/20260824/episode_20260824_023918_000_0b0cd985.npy.mp4
01a031a7-12a0-7b53-b700-97fa864a0986,industrial packing,completed,yam,yam_zed_0_61,49.2,wudashan,good,,,prod,2026-08-24 02:46:06.613323+00:00,2026-08-24 10:49:09.679064+00:00,/nfs/data/sz_48/20260824/episode_20260824_024348_000_07638904.npy.mp4
01a031a8-5ea8-7819-8e0b-5e7035eb5ba3,industrial packing,completed,yam,yam_zed_0_61,49.9,wudashan,good,,,prod,2026-08-24 02:47:38.019968+00:00,2026-08-24 10:49:09.463148+00:00,/nfs/data/sz_48/20260824/episode_20260824_024513_000_3314b39f.npy.mp4
01a031a9-50d8-7077-a3c5-811504f6bba1,industrial packing,completed,yam,yam_zed_0_61,46.4,wudashan,good,,,prod,2026-08-24 02:48:32.301644+00:00,2026-08-24 10:49:09.267776+00:00,/nfs/data/sz_48/20260824/episode_20260824_024615_000_69041edf.npy.mp4
01a031aa-23c8-7b43-b61b-3f5a894ade96,industrial packing,completed,yam,yam_zed_0_61,54.9,wudashan,good,,,prod,2026-08-24 02:49:40.647117+00:00,2026-08-24 10:49:09.240845+00:00,/nfs/data/sz_48/20260824/episode_20260824_024709_000_9f7ca3fb.npy.mp4
01a031ab-19e0-7c51-94a0-d59d9a976647,industrial packing,completed,yam,yam_zed_0_61,40.1,wudashan,good,,,prod,2026-08-24 02:50:15.982709+00:00,2026-08-24 10:49:08.788634+00:00,/nfs/data/sz_48/20260824/episode_20260824_024812_000_9f7ad9d8.npy.mp4
01a031ab-e118-7890-87d6-039616b0a403,industrial packing,completed,yam,yam_zed_0_61,48.6,wudashan,good,,,prod,2026-08-24 02:51:21.309795+00:00,2026-08-24 10:49:08.575450+00:00,/nfs/data/sz_48/20260824/episode_20260824_024903_000_39cfd7e6.npy.mp4
01a031ac-bfc0-7f06-8880-8d1d8dd03605,industrial packing,completed,yam,yam_zed_0_61,56.1,wudashan,good,,,prod,2026-08-24 02:52:30.601972+00:00,2026-08-24 10:49:08.347220+00:00,/nfs/data/sz_48/20260824/episode_20260824_025000_000_cba1446b.npy.mp4
01a031ad-c190-7eb8-b693-e48a73f17b8f,industrial packing,completed,yam,yam_zed_0_61,53.3,wudashan,good,,,prod,2026-08-24 02:53:32.902742+00:00,2026-08-24 10:49:03.808016+00:00,/nfs/data/sz_48/20260824/episode_20260824_025106_000_cea6749f.npy.mp4
01a031ae-afd8-76c1-a555-3782e494389f,industrial packing,completed,yam,yam_zed_0_61,56.3,wudashan,good,,,prod,2026-08-24 02:54:37.229779+00:00,2026-08-24 10:49:03.574952+00:00,/nfs/data/sz_48/20260824/episode_20260824_025207_000_579d8a75.npy.mp4
01a031af-bd60-7ae0-81c7-a4214ee1f8ac,industrial packing,completed,yam,yam_zed_0_61,55.0,wudashan,good,,,prod,2026-08-24 02:55:44.499697+00:00,2026-08-24 10:49:03.339052+00:00,/nfs/data/sz_48/20260824/episode_20260824_025316_000_bf5f46c7.npy.mp4
01a031b1-9220-75fa-88e8-2315ff679c08,industrial packing,completed,yam,yam_zed_0_61,52.5,wudashan,good,,,prod,2026-08-24 02:57:41.816881+00:00,2026-08-24 10:49:03.253871+00:00,/nfs/data/sz_48/20260824/episode_20260824_025516_000_21044d12.npy.mp4
01a031b2-7c80-7763-8069-1868fc1fb49c,industrial packing,completed,yam,yam_zed_0_61,58.1,wudashan,good,,,prod,2026-08-24 02:58:52.149340+00:00,2026-08-24 10:49:03.252756+00:00,/nfs/data/sz_48/20260824/episode_20260824_025616_000_0ba6dfae.npy.mp4
01a031b3-8620-7750-a095-5c6be28fb2de,industrial packing,completed,yam,yam_zed_0_61,59.5,wudashan,good,,,prod,2026-08-24 03:00:01.431715+00:00,2026-08-24 10:49:02.675811+00:00,/nfs/data/sz_48/20260824/episode_20260824_025724_000_3520fe06.npy.mp4
01a031b4-e5b0-7864-820d-093d8daed9fd,industrial packing,completed,yam,yam_zed_0_61,57.6,wudashan,good,,,prod,2026-08-24 03:01:26.816705+00:00,2026-08-24 10:49:02.458878+00:00,/nfs/data/sz_48/20260824/episode_20260824_025854_000_2185fee6.npy.mp4
01a031b5-e780-7b45-b34f-c2123c93ae57,industrial packing,completed,yam,yam_zed_0_61,57.3,wudashan,good,,,prod,2026-08-24 03:02:32.068201+00:00,2026-08-24 10:49:02.267949+00:00,/nfs/data/sz_48/20260824/episode_20260824_030000_000_a7608e0e.npy.mp4
01a031b8-6050-7bc4-9b7c-ca3d3727be22,industrial packing,completed,yam,yam_zed_0_61,54.0,wudashan,good,,,prod,2026-08-24 03:05:05.370497+00:00,2026-08-24 10:49:02.255569+00:00,/nfs/data/sz_48/20260824/episode_20260824_030242_000_249ff419.npy.mp4
01a031b9-4ab0-7a84-ac60-375ea725e1b4,industrial packing,completed,yam,yam_zed_0_61,54.4,wudashan,good,,,prod,2026-08-24 03:06:03.708058+00:00,2026-08-24 10:49:01.764283+00:00,/nfs/data/sz_48/20260824/episode_20260824_030342_000_25065cbf.npy.mp4
01a031ca-4a40-71f6-9b1a-58752aa6997c,industrial packing,completed,yam,yam_zed_0_61,52.7,wudashan,good,,,prod,2026-08-24 03:24:39.310996+00:00,2026-08-24 10:49:01.524684+00:00,/nfs/data/sz_48/20260824/episode_20260824_032216_000_99e51fe3.npy.mp4
01a031cb-30b8-7340-bf27-6f8ff21f0d4b,industrial packing,completed,yam,yam_zed_0_61,51.9,wudashan,good,,,prod,2026-08-24 03:25:33.597768+00:00,2026-08-24 10:49:01.315228+00:00,/nfs/data/sz_48/20260824/episode_20260824_032315_000_f2638700.npy.mp4
01a031cc-1730-7a88-9b15-217acbe164ae,industrial packing,completed,yam,yam_zed_0_61,60.4,wudashan,good,,,prod,2026-08-24 03:26:44.886748+00:00,2026-08-24 10:49:01.293400+00:00,/nfs/data/sz_48/20260824/episode_20260824_032414_000_6ad0e364.npy.mp4
01a031cd-1900-7cab-9842-a9e683e2a5b9,industrial packing,completed,yam,yam_zed_0_61,59.4,wudashan,good,,,prod,2026-08-24 03:27:57.212358+00:00,2026-08-24 10:49:00.854343+00:00,/nfs/data/sz_48/20260824/episode_20260824_032520_000_0a298053.npy.mp4
01a031ce-16e8-7056-a98b-71d77b798765,industrial packing,completed,yam,yam_zed_0_61,54.9,wudashan,good,,,prod,2026-08-24 03:28:56.500252+00:00,2026-08-24 10:49:00.645518+00:00,/nfs/data/sz_48/20260824/episode_20260824_032625_000_ecc733fe.npy.mp4
01a031cf-0148-730e-9379-fc7f32f64752,industrial packing,completed,yam,yam_zed_0_61,56.5,wudashan,good,,,prod,2026-08-24 03:29:56.758521+00:00,2026-08-24 10:49:00.270220+00:00,/nfs/data/sz_48/20260824/episode_20260824_032725_000_9cd150f9.npy.mp4
01a031d0-8400-780e-97f9-28f4f0a2da14,industrial packing,completed,yam,yam_zed_0_61,57.2,wudashan,good,,,prod,2026-08-24 03:31:38.105984+00:00,2026-08-24 10:49:00.245743+00:00,/nfs/data/sz_48/20260824/episode_20260824_032904_000_2f267ef4.npy.mp4
01a031d1-7630-7722-9e1f-d7e648437170,industrial packing,completed,yam,yam_zed_0_61,61.5,wudashan,good,,,prod,2026-08-24 03:32:46.455079+00:00,2026-08-24 10:48:59.750836+00:00,/nfs/data/sz_48/20260824/episode_20260824_033006_000_fb304fb2.npy.mp4
01a031d2-87a0-7ccc-ad64-cbedc0c7bd72,industrial packing,completed,yam,yam_zed_0_61,58.4,wudashan,good,,,prod,2026-08-24 03:33:52.803361+00:00,2026-08-24 10:48:59.529752+00:00,/nfs/data/sz_48/20260824/episode_20260824_033116_000_80d70f86.npy.mp4
01a031d3-81a0-74b8-8c0d-23af8618550a,industrial packing,completed,yam,yam_zed_0_61,55.9,wudashan,good,,,prod,2026-08-24 03:34:52.146621+00:00,2026-08-24 10:48:59.297323+00:00,/nfs/data/sz_48/20260824/episode_20260824_033220_000_5a0d7797.npy.mp4
01a031d4-73d0-739a-9cea-f15865dd6e3e,industrial packing,completed,yam,yam_zed_0_61,55.8,wudashan,good,,,prod,2026-08-24 03:35:51.485849+00:00,2026-08-24 10:48:59.266810+00:00,/nfs/data/sz_48/20260824/episode_20260824_033322_000_71b0ca2a.npy.mp4
01a031d5-cf78-74b4-a458-bf9d4272f0e8,industrial packing,completed,yam,yam_zed_0_61,54.9,wudashan,good,,,prod,2026-08-24 03:37:19.897731+00:00,2026-08-24 10:48:58.841758+00:00,/nfs/data/sz_48/20260824/episode_20260824_033451_000_0dad2b43.npy.mp4
01a031d6-c978-7ec2-8d43-b50283f208f1,industrial packing,completed,yam,yam_zed_0_61,52.1,wudashan,good,,,prod,2026-08-24 03:38:23.254637+00:00,2026-08-24 10:48:58.613193+00:00,/nfs/data/sz_48/20260824/episode_20260824_033555_000_afb8fa84.npy.mp4
01a031d7-ac08-781b-8f86-725a57c63ddb,industrial packing,completed,yam,yam_zed_0_61,59.2,wudashan,good,,,prod,2026-08-24 03:39:30.612852+00:00,2026-08-24 10:48:58.353593+00:00,/nfs/data/sz_48/20260824/episode_20260824_033653_000_e467408c.npy.mp4
01a031d8-a9f0-7cb2-a156-6350bb4e0eb9,industrial packing,completed,yam,yam_zed_0_61,63.0,wudashan,good,,,prod,2026-08-24 03:40:43.983516+00:00,2026-08-24 10:48:58.230983+00:00,/nfs/data/sz_48/20260824/episode_20260824_033758_000_71002eb2.npy.mp4
01a031d9-bf48-7f8b-a3f4-bc24c49422c7,industrial packing,completed,yam,yam_zed_0_61,59.1,wudashan,good,,,prod,2026-08-24 03:41:45.288385+00:00,2026-08-24 10:48:57.712757+00:00,/nfs/data/sz_48/20260824/episode_20260824_033909_000_21a6bfad.npy.mp4
01a031da-c118-7521-b2b6-69f3e2ead132,industrial packing,completed,yam,yam_zed_0_61,62.2,wudashan,good,,,prod,2026-08-24 03:42:58.658641+00:00,2026-08-24 10:48:57.475228+00:00,/nfs/data/sz_48/20260824/episode_20260824_034015_000_d2ce702b.npy.mp4
01a031db-cea0-7d6d-8b89-1dbc2e4a7998,industrial packing,completed,yam,yam_zed_0_61,67.1,wudashan,good,,,prod,2026-08-24 03:44:14.010873+00:00,2026-08-24 10:48:57.307487+00:00,/nfs/data/sz_48/20260824/episode_20260824_034124_000_6340d04c.npy.mp4
01a031dc-f398-74c9-95c9-4536d3f1d965,industrial packing,completed,yam,yam_zed_0_61,62.8,wudashan,good,,,prod,2026-08-24 03:45:21.331717+00:00,2026-08-24 10:48:57.274664+00:00,/nfs/data/sz_48/20260824/episode_20260824_034239_000_9a46f120.npy.mp4
01a031de-2c18-709c-802c-f19c23ebafd5,industrial packing,completed,yam,yam_zed_0_61,63.3,wudashan,good,,,prod,2026-08-24 03:46:44.676412+00:00,2026-08-24 10:48:56.783545+00:00,/nfs/data/sz_48/20260824/episode_20260824_034359_000_184e2571.npy.mp4
01a031df-4170-782e-8a9d-811489757cb0,industrial packing,completed,yam,yam_zed_0_61,68.5,wudashan,good,,,prod,2026-08-24 03:48:00.967193+00:00,2026-08-24 10:48:56.560374+00:00,/nfs/data/sz_48/20260824/episode_20260824_034510_000_39d0475c.npy.mp4
01a031e0-8990-7c14-9b08-83fe3a740562,industrial packing,completed,yam,yam_zed_0_61,61.1,wudashan,good,,,prod,2026-08-24 03:49:13.289462+00:00,2026-08-24 10:48:56.319759+00:00,/nfs/data/sz_48/20260824/episode_20260824_034634_000_d02a5206.npy.mp4
01a031e1-9ee8-7c83-8ed5-04b384cbc091,industrial packing,completed,yam,yam_zed_0_61,59.3,wudashan,good,,,prod,2026-08-24 03:50:23.588466+00:00,2026-08-24 10:48:56.279328+00:00,/nfs/data/sz_48/20260824/episode_20260824_034745_000_1a41cc9c.npy.mp4
01a031e2-db50-7928-8c4d-fcd9b1cf7175,industrial packing,completed,yam,yam_zed_0_61,62.5,wudashan,good,,,prod,2026-08-24 03:51:46.879887+00:00,2026-08-24 10:48:56.266175+00:00,/nfs/data/sz_48/20260824/episode_20260824_034906_000_d29bbc7b.npy.mp4
01a031e3-f0a8-7439-912f-45a4c827e1f9,industrial packing,completed,yam,yam_zed_0_61,62.2,wudashan,good,,,prod,2026-08-24 03:52:49.163364+00:00,2026-08-24 10:48:55.682413+00:00,/nfs/data/sz_48/20260824/episode_20260824_035017_000_ab8625f7.npy.mp4
01a031e5-0218-7b4d-9ae9-2b34744b4708,industrial packing,completed,yam,yam_zed_0_61,62.7,wudashan,good,,,prod,2026-08-24 03:54:06.523519+00:00,2026-08-24 10:48:55.443383+00:00,/nfs/data/sz_48/20260824/episode_20260824_035127_000_8aa0de2b.npy.mp4
01a031e6-32c8-7d12-8b5c-36c2170cf4df,industrial packing,completed,yam,yam_zed_0_61,62.4,wudashan,good,,,prod,2026-08-24 03:55:29.834285+00:00,2026-08-24 10:48:55.269338+00:00,/nfs/data/sz_48/20260824/episode_20260824_035245_000_b4ab1301.npy.mp4
01a031e7-5f90-7e6a-bbb7-a338c86a7b13,industrial packing,completed,yam,yam_zed_0_61,67.1,wudashan,good,,,prod,2026-08-24 03:56:50.112569+00:00,2026-08-24 10:48:55.239764+00:00,/nfs/data/sz_48/20260824/episode_20260824_035402_000_bfef9262.npy.mp4
01a031e8-80a0-7387-bcdb-2ccba0d53bb9,industrial packing,completed,yam,yam_zed_0_61,63.9,wudashan,good,,,prod,2026-08-24 03:57:47.412706+00:00,2026-08-24 10:48:54.757314+00:00,/nfs/data/sz_48/20260824/episode_20260824_035516_000_1778cb9b.npy.mp4
01a031e9-95f8-71c0-9b43-9f50697eea7d,industrial packing,completed,yam,yam_zed_0_61,58.1,wudashan,good,,,prod,2026-08-24 03:59:03.701542+00:00,2026-08-24 10:48:54.549333+00:00,/nfs/data/sz_48/20260824/episode_20260824_035627_000_f6220556.npy.mp4
01a031ea-8ff8-7864-b73c-c4ac6c2a4350,industrial packing,completed,yam,yam_zed_0_61,61.2,wudashan,good,,,prod,2026-08-24 04:00:12.002480+00:00,2026-08-24 10:48:54.347149+00:00,/nfs/data/sz_48/20260824/episode_20260824_035731_000_0be07615.npy.mp4
01a031eb-9998-7c25-b4d1-bee53ba519d0,industrial packing,completed,yam,yam_zed_0_61,60.7,wudashan,good,,,prod,2026-08-24 04:01:19.353050+00:00,2026-08-24 10:48:54.299912+00:00,/nfs/data/sz_48/20260824/episode_20260824_035839_000_453a9b75.npy.mp4
01a031ec-9f50-7e4a-ae67-fe7ac7143465,industrial packing,completed,yam,yam_zed_0_61,59.8,wudashan,good,,,prod,2026-08-24 04:02:23.602731+00:00,2026-08-24 10:48:53.852404+00:00,/nfs/data/sz_48/20260824/episode_20260824_035946_000_4c12307b.npy.mp4
01a031f2-f850-7539-afcc-8991e54058a6,industrial packing,completed,yam,yam_zed_0_61,64.4,wudashan,good,,,prod,2026-08-24 04:09:24.027912+00:00,2026-08-24 10:48:53.644832+00:00,/nfs/data/sz_48/20260824/episode_20260824_040642_000_d2628f93.npy.mp4
01a031f4-2900-74fd-9263-f90d11954cae,industrial packing,completed,yam,yam_zed_0_61,60.4,wudashan,good,,,prod,2026-08-24 04:10:30.304523+00:00,2026-08-24 10:48:53.437242+00:00,/nfs/data/sz_48/20260824/episode_20260824_040800_000_56cfa46c.npy.mp4
01a031f5-2eb8-7ea8-85a9-19569108e4f1,industrial packing,completed,yam,yam_zed_0_61,57.1,wudashan,good,,,prod,2026-08-24 04:11:41.602846+00:00,2026-08-24 10:48:53.274547+00:00,/nfs/data/sz_48/20260824/episode_20260824_040907_000_12bdaa2a.npy.mp4
01a031f6-24d0-7955-8570-197ae11a9293,industrial packing,completed,yam,yam_zed_0_61,57.6,wudashan,good,,,prod,2026-08-24 04:12:36.874121+00:00,2026-08-24 10:48:53.270361+00:00,/nfs/data/sz_48/20260824/episode_20260824_041010_000_c60464f2.npy.mp4
01a031f7-22b8-7bb2-af9e-78d3d507c20e,industrial packing,completed,yam,yam_zed_0_61,53.3,wudashan,good,,,prod,2026-08-24 04:13:36.179183+00:00,2026-08-24 10:48:52.755967+00:00,/nfs/data/sz_48/20260824/episode_20260824_041115_000_850e8c73.npy.mp4
01a031f8-0930-78e8-a596-45d9fc90bf87,industrial packing,completed,yam,yam_zed_0_61,52.1,wudashan,good,,,prod,2026-08-24 04:14:39.428052+00:00,2026-08-24 10:48:52.547830+00:00,/nfs/data/sz_48/20260824/episode_20260824_041214_000_fd7f0885.npy.mp4
01a031f9-0718-7304-b2c3-605f851c073f,industrial packing,completed,yam,yam_zed_0_61,50.7,wudashan,good,,,prod,2026-08-24 04:15:32.792487+00:00,2026-08-24 10:48:52.315214+00:00,/nfs/data/sz_48/20260824/episode_20260824_041319_000_d721d881.npy.mp4
01a031f9-f560-7758-a4cb-1ebb8f4e1a2e,industrial packing,completed,yam,yam_zed_0_61,51.9,wudashan,good,,,prod,2026-08-24 04:16:36.113962+00:00,2026-08-24 10:48:52.288478+00:00,/nfs/data/sz_48/20260824/episode_20260824_041420_000_ea908ef9.npy.mp4
01a031fa-e3a8-71c0-895b-7be7c9c02453,industrial packing,completed,yam,yam_zed_0_61,47.5,wudashan,good,,,prod,2026-08-24 04:17:40.412368+00:00,2026-08-24 10:48:51.860073+00:00,/nfs/data/sz_48/20260824/episode_20260824_041521_000_42b1ccd8.npy.mp4
01a031fc-3b68-7d34-b326-9da3ef78f7cb,industrial packing,completed,yam,yam_zed_0_61,51.0,wudashan,good,,,prod,2026-08-24 04:19:03.715051+00:00,2026-08-24 10:48:51.636809+00:00,/nfs/data/sz_48/20260824/episode_20260824_041649_000_280c50ec.npy.mp4
01a031fd-29b0-7618-8848-2553b4921a66,industrial packing,completed,yam,yam_zed_0_61,55.1,wudashan,good,,,prod,2026-08-24 04:20:23.988770+00:00,2026-08-24 10:48:51.421718+00:00,/nfs/data/sz_48/20260824/episode_20260824_041750_000_3e985657.npy.mp4
01a031fe-1fc8-7bf0-9dc6-cbe3204d8b00,industrial packing,completed,yam,yam_zed_0_61,59.1,wudashan,good,,,prod,2026-08-24 04:21:20.253323+00:00,2026-08-24 10:48:51.273621+00:00,/nfs/data/sz_48/20260824/episode_20260824_041853_000_c2b7a1ca.npy.mp4
01a031ff-2d50-7dc6-b61e-e7dcd855b514,industrial packing,completed,yam,yam_zed_0_61,43.6,wudashan,good,,,prod,2026-08-24 04:22:12.527597+00:00,2026-08-24 10:48:51.229135+00:00,/nfs/data/sz_48/20260824/episode_20260824_042002_000_f3b47a2f.npy.mp4
01a0324c-7678-72c7-8e89-3b74586b7cda,industrial packing,completed,yam,yam_zed_0_61,49.9,wudashan,good,,,prod,2026-08-24 05:46:46.083547+00:00,2026-08-24 10:48:50.543071+00:00,/nfs/data/sz_48/20260824/episode_20260824_054427_000_a9cd5f7d.npy.mp4
01a0324d-68a8-72c6-a4a6-8858940dda3b,industrial packing,completed,yam,yam_zed_0_61,51.0,wudashan,good,,,prod,2026-08-24 05:47:44.406442+00:00,2026-08-24 10:48:50.341828+00:00,/nfs/data/sz_48/20260824/episode_20260824_054529_000_8145a469.npy.mp4
01a0324e-4f20-7008-bd55-33da2648227d,industrial packing,completed,yam,yam_zed_0_61,50.2,wudashan,good,,,prod,2026-08-24 05:48:41.724083+00:00,2026-08-24 10:48:50.266141+00:00,/nfs/data/sz_48/20260824/episode_20260824_054628_000_2fe142a2.npy.mp4
01a0324f-3980-7b86-b500-a80e00a10ecd,industrial packing,completed,yam,yam_zed_0_61,51.6,wudashan,good,,,prod,2026-08-24 05:49:55.001044+00:00,2026-08-24 10:48:50.248831+00:00,/nfs/data/sz_48/20260824/episode_20260824_054728_000_f1a0eb6f.npy.mp4
01a03250-27c8-752c-b127-11e37aa2c26e,industrial packing,completed,yam,yam_zed_0_61,58.6,wudashan,good,,,prod,2026-08-24 05:50:54.313638+00:00,2026-08-24 10:48:49.664117+00:00,/nfs/data/sz_48/20260824/episode_20260824_054829_000_ec6f3093.npy.mp4
01a0325b-6e80-7be6-8b75-a01fcbfe1fb7,industrial packing,completed,yam,yam_zed_0_61,50.8,wudashan,good,,,prod,2026-08-24 06:03:11.884799+00:00,2026-08-24 10:48:49.427394+00:00,/nfs/data/sz_48/20260824/episode_20260824_060048_000_8469b9db.npy.mp4
01a0325c-4d28-73f2-aa1b-40189bf3504a,industrial packing,completed,yam,yam_zed_0_61,53.7,wudashan,good,,,prod,2026-08-24 06:04:06.219663+00:00,2026-08-24 10:48:49.283216+00:00,/nfs/data/sz_48/20260824/episode_20260824_060145_000_47365b12.npy.mp4
01a0325d-3b70-7484-8ba9-82cadaa82fef,industrial packing,completed,yam,yam_zed_0_61,52.8,wudashan,good,,,prod,2026-08-24 06:05:04.527403+00:00,2026-08-24 10:48:49.249500+00:00,/nfs/data/sz_48/20260824/episode_20260824_060246_000_3c5f886b.npy.mp4
01a0325e-29b8-742e-8100-f21178a484bf,industrial packing,completed,yam,yam_zed_0_61,55.8,wudashan,good,,,prod,2026-08-24 06:06:09.812457+00:00,2026-08-24 10:48:48.762693+00:00,/nfs/data/sz_48/20260824/episode_20260824_060347_000_1d7d6b8f.npy.mp4
01a0325f-3358-7ca2-b933-f50690877a89,industrial packing,completed,yam,yam_zed_0_61,52.7,wudashan,good,,,prod,2026-08-24 06:07:13.138826+00:00,2026-08-24 10:48:48.523194+00:00,/nfs/data/sz_48/20260824/episode_20260824_060455_000_082cb24b.npy.mp4
01a03260-2d58-7206-96d4-6cb66244b018,industrial packing,completed,yam,yam_zed_0_61,54.2,wudashan,good,,,prod,2026-08-24 06:08:27.445972+00:00,2026-08-24 10:48:48.320548+00:00,/nfs/data/sz_48/20260824/episode_20260824_060559_000_b225303d.npy.mp4
01a03261-2f28-7f05-89c3-0c6a9f2ab9bc,industrial packing,completed,yam,yam_zed_0_61,50.9,wudashan,good,,,prod,2026-08-24 06:09:28.746534+00:00,2026-08-24 10:48:48.271155+00:00,/nfs/data/sz_48/20260824/episode_20260824_060705_000_6ef58397.npy.mp4
01a03269-2638-718d-a078-4f00f9f7450f,industrial packing,completed,yam,yam_zed_0_61,52.1,wudashan,good,,,prod,2026-08-24 06:18:02.173754+00:00,2026-08-24 10:48:48.265002+00:00,/nfs/data/sz_48/20260824/episode_20260824_061547_000_48bca651.npy.mp4
01a0326a-2420-7c44-8eb8-ace14c51a1e1,industrial packing,completed,yam,yam_zed_0_61,55.8,wudashan,good,,,prod,2026-08-24 06:19:16.475733+00:00,2026-08-24 10:48:47.674551+00:00,/nfs/data/sz_48/20260824/episode_20260824_061652_000_28ce8665.npy.mp4
01a0326b-31a8-7242-9eb0-c8fdbdf2e7fc,industrial packing,completed,yam,yam_zed_0_61,50.4,wudashan,good,,,prod,2026-08-24 06:20:14.766749+00:00,2026-08-24 10:48:47.444665+00:00,/nfs/data/sz_48/20260824/episode_20260824_061801_000_c2fde315.npy.mp4
01a0326c-3378-74c3-aa38-e629b49fa717,industrial packing,completed,yam,yam_zed_0_61,44.9,wudashan,good,,,prod,2026-08-24 06:21:15.066241+00:00,2026-08-24 10:48:47.285747+00:00,/nfs/data/sz_48/20260824/episode_20260824_061907_000_d1eb8d8f.npy.mp4
01a0326d-1608-7494-b3cc-47a191623c9d,industrial packing,completed,yam,yam_zed_0_61,45.4,wudashan,good,,,prod,2026-08-24 06:22:10.346483+00:00,2026-08-24 10:48:47.254761+00:00,/nfs/data/sz_48/20260824/episode_20260824_062005_000_d8ba95d5.npy.mp4
01a03272-7cd8-70c2-93f0-13051fb3fd38,industrial packing,completed,yam,yam_zed_0_61,53.5,wudashan,good,,,prod,2026-08-24 06:28:29.658618+00:00,2026-08-24 10:48:46.802899+00:00,/nfs/data/sz_48/20260824/episode_20260824_062559_000_b07090b8.npy.mp4
01a0326f-c970-70a0-bb14-0f4adab8496d,industrial packing,completed,yam,yam_zed_0_61,47.1,wudashan,good,,,prod,2026-08-24 06:25:18.708305+00:00,2026-08-24 10:48:46.801502+00:00,/nfs/data/sz_48/20260824/episode_20260824_062302_000_6740af8e.npy.mp4
01a03270-a430-7667-9561-730561543739,industrial packing,completed,yam,yam_zed_0_61,51.1,wudashan,good,,,prod,2026-08-24 06:26:11.996656+00:00,2026-08-24 10:48:46.345579+00:00,/nfs/data/sz_48/20260824/episode_20260824_062358_000_e72acb8a.npy.mp4
01a03271-8aa8-71a4-b1c7-ddf1f34e1122,industrial packing,completed,yam,yam_zed_0_61,54.0,wudashan,good,,,prod,2026-08-24 06:27:25.352026+00:00,2026-08-24 10:48:46.271254+00:00,/nfs/data/sz_48/20260824/episode_20260824_062457_000_27ae0f2d.npy.mp4
01a03273-6b20-7718-87fb-d747663f7e1b,industrial packing,completed,yam,yam_zed_0_61,37.4,wudashan,good,,,prod,2026-08-24 06:29:03.920168+00:00,2026-08-24 10:48:45.688447+00:00,/nfs/data/sz_48/20260824/episode_20260824_062700_000_fd148036.npy.mp4
01a03274-8078-74e3-bf6b-7a4dda6b5480,industrial packing,completed,yam,yam_zed_0_61,47.2,wudashan,good,,,prod,2026-08-24 06:30:30.264801+00:00,2026-08-24 10:48:45.459063+00:00,/nfs/data/sz_48/20260824/episode_20260824_062811_000_c0c8b3fa.npy.mp4
01a03275-6308-7873-aaa3-d6e8aaca3ecb,industrial packing,completed,yam,yam_zed_0_61,48.4,wudashan,good,,,prod,2026-08-24 06:31:29.523663+00:00,2026-08-24 10:48:45.290996+00:00,/nfs/data/sz_48/20260824/episode_20260824_062909_000_790d047f.npy.mp4
01a0327e-05f8-79c7-b4b5-39657bfa128e,industrial packing,completed,yam,yam_zed_0_61,56.4,wudashan,good,,,prod,2026-08-24 06:41:10.107549+00:00,2026-08-24 10:48:45.267296+00:00,/nfs/data/sz_48/20260824/episode_20260824_063835_000_f31ccc82.npy.mp4
01a0327e-fff8-73b2-8758-18eaece34e89,industrial packing,completed,yam,yam_zed_0_61,48.4,wudashan,good,,,prod,2026-08-24 06:42:01.421316+00:00,2026-08-24 10:48:44.844909+00:00,/nfs/data/sz_48/20260824/episode_20260824_063939_000_96e5f251.npy.mp4
01a0327f-dea0-767f-a2e8-68b768ccd356,industrial packing,completed,yam,yam_zed_0_61,46.4,wudashan,good,,,prod,2026-08-24 06:42:51.715621+00:00,2026-08-24 10:48:44.635640+00:00,/nfs/data/sz_48/20260824/episode_20260824_064036_000_71a18090.npy.mp4
01a03280-b578-73a6-8eac-03780ee0cd5e,industrial packing,completed,yam,yam_zed_0_61,45.8,wudashan,good,,,prod,2026-08-24 06:43:46.023995+00:00,2026-08-24 10:48:44.401051+00:00,/nfs/data/sz_48/20260824/episode_20260824_064131_000_e0b497e2.npy.mp4
01a03281-9038-7f03-949a-1ee5879cb76b,industrial packing,completed,yam,yam_zed_0_61,48.7,wudashan,good,,,prod,2026-08-24 06:44:48.355304+00:00,2026-08-24 10:48:44.281547+00:00,/nfs/data/sz_48/20260824/episode_20260824_064227_000_6a29d5f0.npy.mp4
01a03282-6ee0-7b0b-b21f-5601cf502880,industrial packing,completed,yam,yam_zed_0_61,42.4,wudashan,good,,,prod,2026-08-24 06:45:35.696606+00:00,2026-08-24 10:48:44.265858+00:00,/nfs/data/sz_48/20260824/episode_20260824_064324_000_ee75e384.npy.mp4
01a03283-3de8-711a-b824-37f727fed3e1,industrial packing,completed,yam,yam_zed_0_61,44.8,wudashan,good,,,prod,2026-08-24 06:46:29.965157+00:00,2026-08-24 10:48:43.772151+00:00,/nfs/data/sz_48/20260824/episode_20260824_064417_000_a5e97583.npy.mp4
01a03284-10d8-7051-a16c-7ab606f07b0c,industrial packing,completed,yam,yam_zed_0_61,53.0,wudashan,good,,,prod,2026-08-24 06:47:37.269548+00:00,2026-08-24 10:48:43.581303+00:00,/nfs/data/sz_48/20260824/episode_20260824_064511_000_973f5b5b.npy.mp4
01a03286-1860-707c-afd5-5eb7b0479535,industrial packing,completed,yam,yam_zed_0_61,48.5,wudashan,good,,,prod,2026-08-24 06:49:43.648105+00:00,2026-08-24 10:48:43.359390+00:00,/nfs/data/sz_48/20260824/episode_20260824_064724_000_870f3e6c.npy.mp4
01a03286-fed8-70c7-8048-ab866be2c65a,industrial packing,completed,yam,yam_zed_0_61,49.4,wudashan,good,,,prod,2026-08-24 06:50:44.978477+00:00,2026-08-24 10:48:43.291619+00:00,/nfs/data/sz_48/20260824/episode_20260824_064823_000_e3bffee5.npy.mp4
01a03287-e938-75a4-8d05-bdd9460a0991,industrial packing,completed,yam,yam_zed_0_61,55.6,wudashan,good,,,prod,2026-08-24 06:51:55.360277+00:00,2026-08-24 10:48:43.276921+00:00,/nfs/data/sz_48/20260824/episode_20260824_064923_000_09074c3a.npy.mp4
01a03288-eef0-7dc9-8d07-3184e27b7d32,industrial packing,completed,yam,yam_zed_0_61,45.5,wudashan,good,,,prod,2026-08-24 06:52:35.630228+00:00,2026-08-24 10:48:42.714228+00:00,/nfs/data/sz_48/20260824/episode_20260824_065030_000_da0a582d.npy.mp4
01a0328a-3ee0-701f-aba6-ef94b3f29094,industrial packing,completed,yam,yam_zed_0_61,55.2,wudashan,good,,,prod,2026-08-24 06:54:23.919114+00:00,2026-08-24 10:48:42.523509+00:00,/nfs/data/sz_48/20260824/episode_20260824_065156_000_4e3c53d2.npy.mp4
01a03291-1cb0-7c69-8b0c-98bb194d9311,industrial packing,completed,yam,yam_zed_0_61,49.5,wudashan,good,,,prod,2026-08-24 07:01:50.321610+00:00,2026-08-24 10:48:42.326122+00:00,/nfs/data/sz_48/20260824/episode_20260824_065926_000_4c50ccf8.npy.mp4
01a03292-0ee0-70df-a06f-8c3b3a747ba0,industrial packing,completed,yam,yam_zed_0_61,39.0,wudashan,good,,,prod,2026-08-24 07:02:30.594472+00:00,2026-08-24 10:48:42.250182+00:00,/nfs/data/sz_48/20260824/episode_20260824_070028_000_37227908.npy.mp4
01a0329b-7520-7f30-a774-d5237d185011,industrial packing,completed,yam,yam_zed_0_61,53.7,wudashan,good,,,prod,2026-08-24 07:13:11.030735+00:00,2026-08-24 10:48:41.695235+00:00,/nfs/data/sz_48/20260824/episode_20260824_071044_000_7db0a22c.npy.mp4
01a0329c-6368-773f-a81c-7d0148e1944c,industrial packing,completed,yam,yam_zed_0_61,63.8,wudashan,good,,,prod,2026-08-24 07:14:18.350995+00:00,2026-08-24 10:48:41.477350+00:00,/nfs/data/sz_48/20260824/episode_20260824_071145_000_fd9ba680.npy.mp4
01a0329d-9418-742c-92d6-be09d76abf54,industrial packing,completed,yam,yam_zed_0_61,50.0,wudashan,good,,,prod,2026-08-24 07:15:25.657661+00:00,2026-08-24 10:48:41.306608+00:00,/nfs/data/sz_48/20260824/episode_20260824_071303_000_b58fdbeb.npy.mp4
01a0329e-76a8-7545-97d5-05884c7fcf75,industrial packing,completed,yam,yam_zed_0_61,50.5,wudashan,good,,,prod,2026-08-24 07:16:22.991656+00:00,2026-08-24 10:48:41.282347+00:00,/nfs/data/sz_48/20260824/episode_20260824_071401_000_c738396a.npy.mp4
01a0329f-5d20-7a80-b2ca-3daf88018f1b,industrial packing,completed,yam,yam_zed_0_61,56.2,wudashan,good,,,prod,2026-08-24 07:17:33.341054+00:00,2026-08-24 10:48:41.258359+00:00,/nfs/data/sz_48/20260824/episode_20260824_071500_000_9ca2130c.npy.mp4
01a032a0-7660-7327-ab3f-f6d38f8368c8,industrial packing,completed,yam,yam_zed_0_61,54.7,wudashan,good,,,prod,2026-08-24 07:18:41.628040+00:00,2026-08-24 10:48:34.825263+00:00,/nfs/data/sz_48/20260824/episode_20260824_071612_000_4bc38cb8.npy.mp4
01a032a5-8358-7ee3-b40d-6d5d688dd009,industrial packing,completed,yam,yam_zed_0_61,44.2,wudashan,good,,,prod,2026-08-24 07:23:54.059153+00:00,2026-08-24 10:48:34.595376+00:00,/nfs/data/sz_48/20260824/episode_20260824_072143_000_2abde9a2.npy.mp4
01a032a7-3108-71b5-88e6-7637cea135ec,industrial packing,completed,yam,yam_zed_0_61,51.3,wudashan,good,,,prod,2026-08-24 07:25:56.455671+00:00,2026-08-24 10:48:34.395374+00:00,/nfs/data/sz_48/20260824/episode_20260824_072333_000_6e35a7fe.npy.mp4
01a032a8-1b68-708a-af06-5d4570c9a765,industrial packing,completed,yam,yam_zed_0_61,51.9,wudashan,good,,,prod,2026-08-24 07:26:59.770506+00:00,2026-08-24 10:48:34.255137+00:00,/nfs/data/sz_48/20260824/episode_20260824_072433_000_ed3bbbdf.npy.mp4
01a032a9-09b0-7b8d-8a8a-375384129929,industrial packing,completed,yam,yam_zed_0_61,42.2,wudashan,good,,,prod,2026-08-24 07:27:42.052279+00:00,2026-08-24 10:48:34.250758+00:00,/nfs/data/sz_48/20260824/episode_20260824_072534_000_f32485d8.npy.mp4
01a032b0-87a8-7640-9037-6a41f15e9605,industrial packing,completed,yam,yam_zed_0_61,53.5,wudashan,good,,,prod,2026-08-24 07:36:16.579734+00:00,2026-08-24 10:48:33.726472+00:00,/nfs/data/sz_48/20260824/episode_20260824_073345_000_2fc08a74.npy.mp4
01a032b1-75f0-7ae4-a15a-4025e3a2bd16,industrial packing,completed,yam,yam_zed_0_61,50.1,wudashan,good,,,prod,2026-08-24 07:37:08.937873+00:00,2026-08-24 10:48:33.488956+00:00,/nfs/data/sz_48/20260824/episode_20260824_073446_000_4b589a75.npy.mp4
01a032b2-5880-769b-bf27-01b5e8c88d1f,industrial packing,completed,yam,yam_zed_0_61,49.7,wudashan,good,,,prod,2026-08-24 07:38:05.230491+00:00,2026-08-24 10:48:33.263584+00:00,/nfs/data/sz_48/20260824/episode_20260824_073544_000_79536c57.npy.mp4
01a032b3-3ef8-7628-a794-1aadbd1796cc,industrial packing,completed,yam,yam_zed_0_61,51.5,wudashan,good,,,prod,2026-08-24 07:39:08.536868+00:00,2026-08-24 10:48:33.253723+00:00,/nfs/data/sz_48/20260824/episode_20260824_073643_000_5ab0a46e.npy.mp4
01a032b4-3510-798d-a3b6-acd8050570a8,industrial packing,completed,yam,yam_zed_0_61,52.8,wudashan,good,,,prod,2026-08-24 07:40:08.792479+00:00,2026-08-24 10:48:32.821833+00:00,/nfs/data/sz_48/20260824/episode_20260824_073746_000_297a7b47.npy.mp4
01a032b6-4080-7c7e-9272-0ed728daf4bc,industrial packing,completed,yam,yam_zed_0_61,47.5,wudashan,good,,,prod,2026-08-24 07:42:16.113060+00:00,2026-08-24 10:48:32.559286+00:00,/nfs/data/sz_48/20260824/episode_20260824_074000_000_6e75e906.npy.mp4
01a032b7-1758-727c-9735-ffd4873e4e4f,industrial packing,completed,yam,yam_zed_0_61,54.2,wudashan,good,,,prod,2026-08-24 07:43:15.433895+00:00,2026-08-24 10:48:32.381035+00:00,/nfs/data/sz_48/20260824/episode_20260824_074055_000_c2eb57c2.npy.mp4
01a032b8-0988-7d80-b2cf-9d34c1f612bd,industrial packing,completed,yam,yam_zed_0_61,53.9,wudashan,good,,,prod,2026-08-24 07:44:24.790130+00:00,2026-08-24 10:48:32.267879+00:00,/nfs/data/sz_48/20260824/episode_20260824_074157_000_5451ed2d.npy.mp4
01a032b8-ffa0-7b19-a29e-401b2afa9403,industrial packing,completed,yam,yam_zed_0_61,46.0,wudashan,good,,,prod,2026-08-24 07:45:14.078909+00:00,2026-08-24 10:48:32.250750+00:00,/nfs/data/sz_48/20260824/episode_20260824_074300_000_90732c31.npy.mp4
01a032b9-e618-7211-9a13-1fe6ff47c1c6,industrial packing,completed,yam,yam_zed_0_61,51.6,wudashan,good,,,prod,2026-08-24 07:46:27.441591+00:00,2026-08-24 10:48:31.683586+00:00,/nfs/data/sz_48/20260824/episode_20260824_074359_000_07171569.npy.mp4
01a032ba-d078-782b-a0fd-afc87eec3260,industrial packing,completed,yam,yam_zed_0_61,48.9,wudashan,good,,,prod,2026-08-24 07:47:08.738454+00:00,2026-08-24 10:48:31.469386+00:00,/nfs/data/sz_48/20260824/episode_20260824_074459_000_d674f8ec.npy.mp4
01a032bb-bad8-7c4b-9209-338d194aa470,industrial packing,completed,yam,yam_zed_0_61,46.2,wudashan,good,,,prod,2026-08-24 07:48:14.035211+00:00,2026-08-24 10:48:31.252060+00:00,/nfs/data/sz_48/20260824/episode_20260824_074559_000_e982932b.npy.mp4
01a032bc-91b0-7793-a339-ed4c93bf7753,industrial packing,completed,yam,yam_zed_0_61,44.8,wudashan,good,,,prod,2026-08-24 07:49:08.382672+00:00,2026-08-24 10:48:31.227699+00:00,/nfs/data/sz_48/20260824/episode_20260824_074654_000_6de03061.npy.mp4
01a032bd-7c10-7326-b11c-0f56e05cee85,industrial packing,completed,yam,yam_zed_0_61,48.7,wudashan,good,,,prod,2026-08-24 07:50:12.653097+00:00,2026-08-24 10:48:30.822727+00:00,/nfs/data/sz_48/20260824/episode_20260824_074754_000_f225478e.npy.mp4
01a032c0-0098-7bb6-a2cc-5ec806c529ed,industrial packing,completed,yam,yam_zed_0_61,51.6,wudashan,good,,,prod,2026-08-24 07:53:06.004032+00:00,2026-08-24 10:48:30.589479+00:00,/nfs/data/sz_48/20260824/episode_20260824_075039_000_46149b2f.npy.mp4
01a032c0-e710-78bc-84f5-b03210834cbc,industrial packing,completed,yam,yam_zed_0_61,53.4,wudashan,good,,,prod,2026-08-24 07:54:05.329547+00:00,2026-08-24 10:48:30.373899+00:00,/nfs/data/sz_48/20260824/episode_20260824_075138_000_03dacfac.npy.mp4
01a032c1-d940-7b73-bb8a-749734d066ef,industrial packing,completed,yam,yam_zed_0_61,56.5,wudashan,good,,,prod,2026-08-24 07:55:16.635029+00:00,2026-08-24 10:48:30.268519+00:00,/nfs/data/sz_48/20260824/episode_20260824_075240_000_85f32bfb.npy.mp4
01a032c2-d340-76ce-820d-e591381d814e,industrial packing,completed,yam,yam_zed_0_61,54.0,wudashan,good,,,prod,2026-08-24 07:56:15.931166+00:00,2026-08-24 10:48:30.242630+00:00,/nfs/data/sz_48/20260824/episode_20260824_075344_000_a3aa1929.npy.mp4
01a032c3-d128-71a9-8da6-1f20756b2099,industrial packing,completed,yam,yam_zed_0_61,52.6,wudashan,good,,,prod,2026-08-24 07:57:12.189638+00:00,2026-08-24 10:48:29.683549+00:00,/nfs/data/sz_48/20260824/episode_20260824_075449_000_89f47ce4.npy.mp4
01a032c5-1d30-7e14-bc86-e685ef4d7a33,industrial packing,completed,yam,yam_zed_0_61,49.7,wudashan,good,,,prod,2026-08-24 07:58:24.471193+00:00,2026-08-24 10:48:29.452182+00:00,/nfs/data/sz_48/20260824/episode_20260824_075614_000_36af1ede.npy.mp4
01a032cb-10a0-7eec-8268-fc5dac827f66,industrial packing,completed,yam,yam_zed_0_61,51.3,wudashan,good,,,prod,2026-08-24 08:05:09.180182+00:00,2026-08-24 10:48:29.252990+00:00,/nfs/data/sz_48/20260824/episode_20260824_080244_000_58d99529.npy.mp4
01a032ca-2e10-783a-88c9-bb476e6ebcc6,industrial packing,completed,yam,yam_zed_0_61,49.3,wudashan,good,,,prod,2026-08-24 08:04:05.870279+00:00,2026-08-24 10:48:29.247376+00:00,/nfs/data/sz_48/20260824/episode_20260824_080146_000_d29b3838.npy.mp4
01a032cb-f718-7937-b8d6-4b4038659c0e,industrial packing,completed,yam,yam_zed_0_61,51.9,wudashan,good,,,prod,2026-08-24 08:06:07.470287+00:00,2026-08-24 10:48:28.788918+00:00,/nfs/data/sz_48/20260824/episode_20260824_080343_000_2e69f82c.npy.mp4
01a032cc-e948-72b0-a2a3-7dfa0ab39121,industrial packing,completed,yam,yam_zed_0_61,52.9,wudashan,good,,,prod,2026-08-24 08:07:13.814528+00:00,2026-08-24 10:48:28.573278+00:00,/nfs/data/sz_48/20260824/episode_20260824_080445_000_1194a751.npy.mp4
01a032cd-df60-7ca6-82eb-0050e2d4ecd7,industrial packing,completed,yam,yam_zed_0_61,51.2,wudashan,good,,,prod,2026-08-24 08:08:02.149374+00:00,2026-08-24 10:48:28.372301+00:00,/nfs/data/sz_48/20260824/episode_20260824_080548_000_ac491ef7.npy.mp4
01a032ce-c5d8-79ee-a921-554d9c79eb46,industrial packing,completed,yam,yam_zed_0_61,50.3,wudashan,good,,,prod,2026-08-24 08:09:08.448056+00:00,2026-08-24 10:48:28.283787+00:00,/nfs/data/sz_48/20260824/episode_20260824_080647_000_31dc256e.npy.mp4
01a032d7-6cb0-763b-8409-f7c1162da9b1,industrial packing,completed,yam,yam_zed_0_61,49.0,wudashan,good,,,prod,2026-08-24 08:18:34.977620+00:00,2026-08-24 10:48:28.241466+00:00,/nfs/data/sz_48/20260824/episode_20260824_081614_000_ff63eeeb.npy.mp4
01a032d8-4770-7d3b-94cb-e3d6644a8a81,industrial packing,completed,yam,yam_zed_0_61,55.2,wudashan,good,,,prod,2026-08-24 08:19:39.343160+00:00,2026-08-24 10:48:27.673993+00:00,/nfs/data/sz_48/20260824/episode_20260824_081710_000_3d869af2.npy.mp4
01a032d9-4558-7e0c-9768-8d7a4357718d,industrial packing,completed,yam,yam_zed_0_61,53.0,wudashan,good,,,prod,2026-08-24 08:20:42.642326+00:00,2026-08-24 10:48:27.428595+00:00,/nfs/data/sz_48/20260824/episode_20260824_081815_000_38b2d3f9.npy.mp4
01a032da-3f58-76f7-b3c6-9499fd503e96,industrial packing,completed,yam,yam_zed_0_61,52.6,wudashan,good,,,prod,2026-08-24 08:21:45.951194+00:00,2026-08-24 10:48:27.260175+00:00,/nfs/data/sz_48/20260824/episode_20260824_081919_000_ce64d73f.npy.mp4
01a032db-2da0-7b6d-a19d-beee490d2869,industrial packing,completed,yam,yam_zed_0_61,54.0,wudashan,good,,,prod,2026-08-24 08:22:40.255720+00:00,2026-08-24 10:48:27.236766+00:00,/nfs/data/sz_48/20260824/episode_20260824_082020_000_fd64ac63.npy.mp4
01a032dc-23b8-7be9-8d1a-563abedd9839,industrial packing,completed,yam,yam_zed_0_61,50.7,wudashan,good,,,prod,2026-08-24 08:23:47.565597+00:00,2026-08-24 10:48:26.799052+00:00,/nfs/data/sz_48/20260824/episode_20260824_082123_000_a5dae90d.npy.mp4
01a032dd-19d0-783c-9a68-c7d5c904a6fc,industrial packing,completed,yam,yam_zed_0_61,50.9,wudashan,good,,,prod,2026-08-24 08:24:48.872415+00:00,2026-08-24 10:48:26.600189+00:00,/nfs/data/sz_48/20260824/episode_20260824_082226_000_acde9708.npy.mp4
01a032e1-d8a8-72c6-8ddf-d571a7f91d28,industrial packing,completed,yam,yam_zed_0_61,43.1,wudashan,good,,,prod,2026-08-24 08:29:52.323615+00:00,2026-08-24 10:48:26.360860+00:00,/nfs/data/sz_48/20260824/episode_20260824_082737_000_d527aa4b.npy.mp4
01a032e2-a7b0-7cff-be46-c2acab313482,industrial packing,completed,yam,yam_zed_0_61,46.5,wudashan,good,,,prod,2026-08-24 08:30:45.609439+00:00,2026-08-24 10:48:26.274732+00:00,/nfs/data/sz_48/20260824/episode_20260824_082830_000_652477ac.npy.mp4
01a032e8-6088-7ecf-8020-af883e6458a8,industrial packing,completed,yam,yam_zed_0_61,50.5,wudashan,good,,,prod,2026-08-24 08:37:08.056795+00:00,2026-08-24 10:48:26.244036+00:00,/nfs/data/sz_48/20260824/episode_20260824_083445_000_5c65b2f6.npy.mp4
01a032e9-4700-7061-bbfe-1fd485321101,industrial packing,completed,yam,yam_zed_0_61,51.0,wudashan,good,,,prod,2026-08-24 08:38:10.406052+00:00,2026-08-24 10:48:25.712066+00:00,/nfs/data/sz_48/20260824/episode_20260824_083544_000_422aac1f.npy.mp4
01a032ea-2990-7ef7-8712-07e3c01b92c4,industrial packing,completed,yam,yam_zed_0_61,57.2,wudashan,good,,,prod,2026-08-24 08:39:16.734912+00:00,2026-08-24 10:48:25.489674+00:00,/nfs/data/sz_48/20260824/episode_20260824_083642_000_58305502.npy.mp4
01a032eb-2778-731e-bf40-20c29944c835,industrial packing,completed,yam,yam_zed_0_61,56.3,wudashan,good,,,prod,2026-08-24 08:40:21.064349+00:00,2026-08-24 10:48:25.265347+00:00,/nfs/data/sz_48/20260824/episode_20260824_083747_000_a18292bf.npy.mp4
01a032fc-1f38-7026-842f-620416c85226,industrial packing,completed,yam,yam_zed_0_61,51.4,wudashan,good,,,prod,2026-08-24 08:58:40.193289+00:00,2026-08-24 10:48:25.230313+00:00,/nfs/data/sz_48/20260824/episode_20260824_085619_000_04f7d11d.npy.mp4
01a032fd-2108-7940-aa11-1e17f159e0d0,industrial packing,completed,yam,yam_zed_0_61,57.1,wudashan,good,,,prod,2026-08-24 08:59:49.576137+00:00,2026-08-24 10:48:24.828346+00:00,/nfs/data/sz_48/20260824/episode_20260824_085725_000_7eef8cb4.npy.mp4
01a032fe-5988-7a9b-9984-7fa7ed538d9d,industrial packing,completed,yam,yam_zed_0_61,50.0,wudashan,good,,,prod,2026-08-24 09:01:06.936665+00:00,2026-08-24 10:48:24.600172+00:00,/nfs/data/sz_48/20260824/episode_20260824_085845_000_270d73f6.npy.mp4
01a032ff-47d0-77f8-bb11-e2454c3be59a,industrial packing,completed,yam,yam_zed_0_61,55.2,wudashan,good,,,prod,2026-08-24 09:02:16.283320+00:00,2026-08-24 10:48:24.426630+00:00,/nfs/data/sz_48/20260824/episode_20260824_085946_000_48454ea0.npy.mp4
01a03300-41d0-7fac-b8b8-a7f73c0d64f7,industrial packing,completed,yam,yam_zed_0_61,56.3,wudashan,good,,,prod,2026-08-24 09:03:19.587748+00:00,2026-08-24 10:48:24.258594+00:00,/nfs/data/sz_48/20260824/episode_20260824_090050_000_ea570ed4.npy.mp4
01a03302-c270-771f-83bc-eb034b2df761,industrial packing,completed,yam,yam_zed_0_61,48.7,wudashan,good,,,prod,2026-08-24 09:05:56.342373+00:00,2026-08-24 10:48:24.245879+00:00,/nfs/data/sz_48/20260824/episode_20260824_090334_000_2b755c76.npy.mp4
01a03303-b888-7771-a65c-f87f8982c759,industrial packing,completed,yam,yam_zed_0_61,50.6,wudashan,good,,,prod,2026-08-24 09:07:02.671352+00:00,2026-08-24 10:48:23.736252+00:00,/nfs/data/sz_48/20260824/episode_20260824_090437_000_eb244839.npy.mp4
01a03304-9730-7e1e-ab37-771554ad12dd,industrial packing,completed,yam,yam_zed_0_61,49.9,wudashan,good,,,prod,2026-08-24 09:07:59.037006+00:00,2026-08-24 10:48:23.524973+00:00,/nfs/data/sz_48/20260824/episode_20260824_090534_000_22b071f0.npy.mp4
01a03305-7da8-7686-98a7-6fb5afc943b8,industrial packing,completed,yam,yam_zed_0_61,53.3,wudashan,good,,,prod,2026-08-24 09:09:03.385744+00:00,2026-08-24 10:48:23.336009+00:00,/nfs/data/sz_48/20260824/episode_20260824_090633_000_7c68e3b4.npy.mp4
01a03306-73c0-7a43-98ce-32d4cee7d5b5,industrial packing,completed,yam,yam_zed_0_61,47.9,wudashan,good,,,prod,2026-08-24 09:09:54.697323+00:00,2026-08-24 10:48:23.250155+00:00,/nfs/data/sz_48/20260824/episode_20260824_090736_000_5caddf0b.npy.mp4
01a03307-5650-7273-99b7-92100422d299,industrial packing,completed,yam,yam_zed_0_61,55.5,wudashan,good,,,prod,2026-08-24 09:11:04.025580+00:00,2026-08-24 10:48:23.238792+00:00,/nfs/data/sz_48/20260824/episode_20260824_090834_000_6f4693c9.npy.mp4
01a03308-5050-7c7f-9bb3-b1382fc2374b,industrial packing,completed,yam,yam_zed_0_61,49.3,wudashan,good,,,prod,2026-08-24 09:11:51.312905+00:00,2026-08-24 10:48:22.649781+00:00,/nfs/data/sz_48/20260824/episode_20260824_090938_000_2417920f.npy.mp4
01a03309-36c8-70aa-9304-6929e35f76f3,industrial packing,completed,yam,yam_zed_0_61,44.4,wudashan,good,,,prod,2026-08-24 09:12:49.627289+00:00,2026-08-24 10:48:22.418922+00:00,/nfs/data/sz_48/20260824/episode_20260824_091037_000_dbfd6ef5.npy.mp4
01a0330a-05d0-7bef-bcd6-86d2e049e20e,industrial packing,completed,yam,yam_zed_0_61,51.7,wudashan,good,,,prod,2026-08-24 09:13:47.968309+00:00,2026-08-24 10:48:22.260315+00:00,/nfs/data/sz_48/20260824/episode_20260824_091130_000_800ae73c.npy.mp4
01a0330b-0f70-7b23-be28-a20c540de91b,industrial packing,completed,yam,yam_zed_0_61,45.8,wudashan,good,,,prod,2026-08-24 09:14:52.235003+00:00,2026-08-24 10:48:22.236230+00:00,/nfs/data/sz_48/20260824/episode_20260824_091238_000_26f73abd.npy.mp4
01a03318-36a0-77d0-9d39-a1155071f035,industrial packing,completed,yam,yam_zed_0_61,53.5,wudashan,good,,,prod,2026-08-24 09:29:26.765725+00:00,2026-08-24 10:48:21.810484+00:00,/nfs/data/sz_48/20260824/episode_20260824_092700_000_d66c2285.npy.mp4
01a03319-30a0-769c-a615-493e0652b90e,industrial packing,completed,yam,yam_zed_0_61,56.3,wudashan,good,,,prod,2026-08-24 09:30:27.051213+00:00,2026-08-24 10:48:21.609225+00:00,/nfs/data/sz_48/20260824/episode_20260824_092804_000_00ad0d88.npy.mp4
01a0331a-26b8-7f0c-aae4-0f3157656685,industrial packing,completed,yam,yam_zed_0_61,50.7,wudashan,good,,,prod,2026-08-24 09:31:24.343868+00:00,2026-08-24 10:48:21.402762+00:00,/nfs/data/sz_48/20260824/episode_20260824_092907_000_eca7a4a8.npy.mp4
01a0331b-cc98-7fd4-9d6d-4d5489f54260,industrial packing,completed,yam,yam_zed_0_61,48.4,wudashan,good,,,prod,2026-08-24 09:33:15.758353+00:00,2026-08-24 10:48:21.266790+00:00,/nfs/data/sz_48/20260824/episode_20260824_093055_000_d3dc31e5.npy.mp4
01a0331c-a370-71cb-ab3d-1b636e2e7532,industrial packing,completed,yam,yam_zed_0_61,53.4,wudashan,good,,,prod,2026-08-24 09:34:19.067393+00:00,2026-08-24 10:48:21.251710+00:00,/nfs/data/sz_48/20260824/episode_20260824_093150_000_94e6bb42.npy.mp4
01a0335f-de60-71e6-b3da-de78daf778b6,industrial packing,completed,yam,yam_zed_0_61,45.8,wudashan,good,,,prod,2026-08-24 10:47:32.183991+00:00,2026-08-24 10:48:20.950235+00:00,/nfs/data/sz_48/20260824/episode_20260824_104516_000_f1d1d92d.npy.mp4
01a0331d-91b8-72b9-84ed-36ee9898e368,industrial packing,completed,yam,yam_zed_0_61,59.5,wudashan,good,,,prod,2026-08-24 09:35:32.412053+00:00,2026-08-24 10:48:20.787014+00:00,/nfs/data/sz_48/20260824/episode_20260824_093251_000_b68fbfb1.npy.mp4
01a0331e-9388-7ac5-ba9d-77976802639c,industrial packing,completed,yam,yam_zed_0_61,57.6,wudashan,good,,,prod,2026-08-24 09:36:32.750000+00:00,2026-08-24 10:48:20.567052+00:00,/nfs/data/sz_48/20260824/episode_20260824_093357_000_52c22468.npy.mp4
01a0331f-9170-77d9-b2c8-b6943c255bb5,industrial packing,completed,yam,yam_zed_0_61,53.8,wudashan,good,,,prod,2026-08-24 09:37:32.054349+00:00,2026-08-24 10:48:20.365157+00:00,/nfs/data/sz_48/20260824/episode_20260824_093502_000_a69d541f.npy.mp4
01a03320-83a0-7b37-846e-6e97634d8a68,industrial packing,completed,yam,yam_zed_0_61,56.1,wudashan,good,,,prod,2026-08-24 09:38:27.336825+00:00,2026-08-24 10:48:20.261762+00:00,/nfs/data/sz_48/20260824/episode_20260824_093604_000_1b975282.npy.mp4
01a03321-8188-7775-a97e-40064ddb8cc9,industrial packing,completed,yam,yam_zed_0_61,52.4,wudashan,good,,,prod,2026-08-24 09:39:25.631125+00:00,2026-08-24 10:48:20.244986+00:00,/nfs/data/sz_48/20260824/episode_20260824_093709_000_e3b7fb56.npy.mp4
01a03322-6800-7ef8-92a9-97d3221d0d50,industrial packing,completed,yam,yam_zed_0_61,55.4,wudashan,good,,,prod,2026-08-24 09:40:29.989418+00:00,2026-08-24 10:48:19.527130+00:00,/nfs/data/sz_48/20260824/episode_20260824_093808_000_95db8802.npy.mp4
01a03323-5e18-7e62-8ca1-d8771b81a655,industrial packing,completed,yam,yam_zed_0_61,55.0,wudashan,good,,,prod,2026-08-24 09:41:29.328897+00:00,2026-08-24 10:48:19.331174+00:00,/nfs/data/sz_48/20260824/episode_20260824_093911_000_f16dda6d.npy.mp4
01a03324-8ec8-7108-9513-ff0c6d1e37ee,industrial packing,completed,yam,yam_zed_0_61,48.6,wudashan,good,,,prod,2026-08-24 09:42:50.664318+00:00,2026-08-24 10:48:19.271143+00:00,/nfs/data/sz_48/20260824/episode_20260824_094029_000_5ee4baa7.npy.mp4
01a03325-6988-76e9-81a2-6b1d59af2bbc,industrial packing,completed,yam,yam_zed_0_61,51.9,wudashan,good,,,prod,2026-08-24 09:43:43.988513+00:00,2026-08-24 10:48:19.236931+00:00,/nfs/data/sz_48/20260824/episode_20260824_094125_000_1708e6d3.npy.mp4
01a03326-5bb8-77b4-b06e-1490bc8139db,industrial packing,completed,yam,yam_zed_0_61,48.8,wudashan,good,,,prod,2026-08-24 09:44:50.319473+00:00,2026-08-24 10:48:18.686850+00:00,/nfs/data/sz_48/20260824/episode_20260824_094227_000_458e6578.npy.mp4
01a03327-4230-7e64-afd2-e3a7b8159bcf,industrial packing,completed,yam,yam_zed_0_61,51.9,wudashan,good,,,prod,2026-08-24 09:45:51.602171+00:00,2026-08-24 10:48:18.495141+00:00,/nfs/data/sz_48/20260824/episode_20260824_094326_000_e02a7608.npy.mp4
01a0332e-3f40-7954-8351-49c379307ac9,industrial packing,completed,yam,yam_zed_0_61,50.4,wudashan,good,,,prod,2026-08-24 09:53:20.065343+00:00,2026-08-24 10:48:18.292735+00:00,/nfs/data/sz_48/20260824/episode_20260824_095104_000_155f44eb.npy.mp4
01a0332f-25b8-73d4-a9cf-1c99e9d26453,industrial packing,completed,yam,yam_zed_0_61,54.1,wudashan,good,,,prod,2026-08-24 09:54:24.381262+00:00,2026-08-24 10:48:18.274752+00:00,/nfs/data/sz_48/20260824/episode_20260824_095203_000_f5ae001b.npy.mp4
01a03330-17e8-78a9-9098-60e27d17a41e,industrial packing,completed,yam,yam_zed_0_61,49.4,wudashan,good,,,prod,2026-08-24 09:55:16.658418+00:00,2026-08-24 10:48:17.844828+00:00,/nfs/data/sz_48/20260824/episode_20260824_095305_000_a9c8d6cc.npy.mp4
01a03330-fe60-7a52-8975-98b6e354f732,industrial packing,completed,yam,yam_zed_0_61,51.3,wudashan,good,,,prod,2026-08-24 09:56:19.941280+00:00,2026-08-24 10:48:17.627061+00:00,/nfs/data/sz_48/20260824/episode_20260824_095404_000_80fd3d64.npy.mp4
01a03331-f860-75c6-86b3-527e8d32cf15,industrial packing,completed,yam,yam_zed_0_61,52.6,wudashan,good,,,prod,2026-08-24 09:57:24.228104+00:00,2026-08-24 10:48:17.436182+00:00,/nfs/data/sz_48/20260824/episode_20260824_095508_000_862b6769.npy.mp4
01a03332-f260-7348-871f-fbf65f878de3,industrial packing,completed,yam,yam_zed_0_61,50.9,wudashan,good,,,prod,2026-08-24 09:58:34.554352+00:00,2026-08-24 10:48:17.278459+00:00,/nfs/data/sz_48/20260824/episode_20260824_095612_000_8cd0a15f.npy.mp4
01a03334-9840-781a-b476-4529bf2c2610,industrial packing,completed,yam,yam_zed_0_61,40.9,wudashan,good,,,prod,2026-08-24 10:00:06.967441+00:00,2026-08-24 10:48:17.243406+00:00,/nfs/data/sz_48/20260824/episode_20260824_095800_000_4011c1b2.npy.mp4
01a03335-7300-7e59-bad9-68ca384a13c9,industrial packing,completed,yam,yam_zed_0_61,50.5,wudashan,good,,,prod,2026-08-24 10:01:17.459287+00:00,2026-08-24 10:48:16.792200+00:00,/nfs/data/sz_48/20260824/episode_20260824_095856_000_182cacfb.npy.mp4
01a03336-f1d0-745b-adf8-9b7754d81f60,industrial packing,completed,yam,yam_zed_0_61,47.4,wudashan,good,,,prod,2026-08-24 10:02:52.958725+00:00,2026-08-24 10:48:16.573088+00:00,/nfs/data/sz_48/20260824/episode_20260824_100034_000_946cc601.npy.mp4
01a03337-c4c0-7613-bb7a-3165840a5c75,industrial packing,completed,yam,yam_zed_0_61,53.7,wudashan,good,,,prod,2026-08-24 10:03:46.257165+00:00,2026-08-24 10:48:16.352584+00:00,/nfs/data/sz_48/20260824/episode_20260824_100128_000_89a069a3.npy.mp4
01a03343-0f60-7d9b-82c3-3092c50804b4,industrial packing,completed,yam,yam_zed_0_61,53.1,wudashan,good,,,prod,2026-08-24 10:16:09.745898+00:00,2026-08-24 10:48:16.299567+00:00,/nfs/data/sz_48/20260824/episode_20260824_101348_000_cab5e678.npy.mp4
01a03344-1518-71f2-9f16-bf03d1ced280,industrial packing,completed,yam,yam_zed_0_61,53.4,wudashan,good,,,prod,2026-08-24 10:17:13.019904+00:00,2026-08-24 10:48:16.234123+00:00,/nfs/data/sz_48/20260824/episode_20260824_101455_000_d0aa9e34.npy.mp4
01a03345-0748-748b-9473-3fd49e7641c4,industrial packing,completed,yam,yam_zed_0_61,49.7,wudashan,good,,,prod,2026-08-24 10:18:11.323876+00:00,2026-08-24 10:48:15.712800+00:00,/nfs/data/sz_48/20260824/episode_20260824_101557_000_ef9abe81.npy.mp4
01a03345-edc0-7090-8a9b-c4cb0c0cfef9,industrial packing,completed,yam,yam_zed_0_61,51.8,wudashan,good,,,prod,2026-08-24 10:19:24.755229+00:00,2026-08-24 10:48:15.511302+00:00,/nfs/data/sz_48/20260824/episode_20260824_101656_000_64a6b2bd.npy.mp4
01a03346-dc08-7d23-babf-2bd5387adb29,industrial packing,completed,yam,yam_zed_0_61,53.9,wudashan,good,,,prod,2026-08-24 10:20:27.020398+00:00,2026-08-24 10:48:15.306889+00:00,/nfs/data/sz_48/20260824/episode_20260824_101757_000_faf94b7a.npy.mp4
01a0334c-6600-7fa6-bcb5-b8ae2ce48b35,industrial packing,completed,yam,yam_zed_0_61,53.2,wudashan,good,,,prod,2026-08-24 10:26:31.448111+00:00,2026-08-24 10:48:15.281327+00:00,/nfs/data/sz_48/20260824/episode_20260824_102400_000_f2e2ca33.npy.mp4
01a0334d-5830-7c6e-873f-69e520793fef,industrial packing,completed,yam,yam_zed_0_61,55.4,wudashan,good,,,prod,2026-08-24 10:27:31.835034+00:00,2026-08-24 10:48:15.242758+00:00,/nfs/data/sz_48/20260824/episode_20260824_102502_000_20a60dc0.npy.mp4
01a0334e-4a60-7476-bf25-eed8d810cc8e,industrial packing,completed,yam,yam_zed_0_61,55.6,wudashan,good,,,prod,2026-08-24 10:28:26.209494+00:00,2026-08-24 10:48:14.709943+00:00,/nfs/data/sz_48/20260824/episode_20260824_102604_000_8f27124a.npy.mp4
01a0334f-4078-7a41-ac01-318b9ff4da67,industrial packing,completed,yam,yam_zed_0_61,55.5,wudashan,good,,,prod,2026-08-24 10:29:41.555094+00:00,2026-08-24 10:48:14.511300+00:00,/nfs/data/sz_48/20260824/episode_20260824_102707_000_cf5c2e59.npy.mp4
01a03350-4248-73cf-aa6d-68af21817b10,industrial packing,completed,yam,yam_zed_0_61,49.4,wudashan,good,,,prod,2026-08-24 10:30:32.030975+00:00,2026-08-24 10:48:14.338288+00:00,/nfs/data/sz_48/20260824/episode_20260824_102813_000_f0e90477.npy.mp4
01a03356-9f30-743f-a812-5c4c7845c379,industrial packing,completed,yam,yam_zed_0_61,48.4,wudashan,good,,,prod,2026-08-24 10:37:33.577541+00:00,2026-08-24 10:48:14.265303+00:00,/nfs/data/sz_48/20260824/episode_20260824_103510_000_2afcd1c2.npy.mp4
01a03357-7dd8-7de0-bbdf-64fb87713fa5,industrial packing,completed,yam,yam_zed_0_61,50.2,wudashan,good,,,prod,2026-08-24 10:38:29.064218+00:00,2026-08-24 10:48:14.247878+00:00,/nfs/data/sz_48/20260824/episode_20260824_103607_000_6740467a.npy.mp4
01a0335b-d338-7784-a5d7-784513fb3706,industrial packing,completed,yam,yam_zed_0_61,48.2,wudashan,good,,,prod,2026-08-24 10:43:10.551418+00:00,2026-08-24 10:48:13.746461+00:00,/nfs/data/sz_48/20260824/episode_20260824_104051_000_4062acb8.npy.mp4
01a0335c-aa10-7742-811e-af3fded54231,industrial packing,completed,yam,yam_zed_0_61,53.7,wudashan,good,,,prod,2026-08-24 10:44:12.827893+00:00,2026-08-24 10:48:13.575492+00:00,/nfs/data/sz_48/20260824/episode_20260824_104146_000_81a8b1ed.npy.mp4
01a02919-c1c8-785b-a8ad-7532b0b83019,industrial packing,completed,yam,yam_zed_0_61,32.3,liuliangji,good,,,prod,2026-08-22 10:54:20.826878+00:00,2026-08-22 10:55:03.724079+00:00,/nfs/data/sz_48/20260822/episode_20260822_105229_000_7799f9dc.npy.mp4
01a02919-0260-78eb-9126-162893c2f040,industrial packing,completed,yam,yam_zed_0_61,38.5,liuliangji,good,,,prod,2026-08-22 10:53:44.470403+00:00,2026-08-22 10:54:40.513268+00:00,/nfs/data/sz_48/20260822/episode_20260822_105140_000_af030c76.npy.mp4
01a02918-5a68-7dac-98a1-7dd9c6912c8d,industrial packing,completed,yam,yam_zed_0_61,35.5,liuliangji,good,,,prod,2026-08-22 10:52:49.147298+00:00,2026-08-22 10:54:13.078617+00:00,/nfs/data/sz_48/20260822/episode_20260822_105057_000_bb3943f8.npy.mp4
01a02892-fdc8-7e47-9870-06dd329d85f7,industrial packing,completed,yam,yam_zed_0_61,39.4,liuliangji,good,,,prod,2026-08-22 08:27:14.545007+00:00,2026-08-22 10:54:09.301462+00:00,/nfs/data/sz_48/20260822/episode_20260822_082517_000_90ef7079.npy.mp4
01a02894-c2e8-79bf-a04e-03c3b7106452,industrial packing,completed,yam,yam_zed_0_61,44.0,liuliangji,good,,,prod,2026-08-22 08:29:19.940279+00:00,2026-08-22 10:54:09.049760+00:00,/nfs/data/sz_48/20260822/episode_20260822_082713_000_dc10d6bc.npy.mp4
01a02895-b130-7f95-9ab3-c71ffc4adc5a,industrial packing,completed,yam,yam_zed_0_61,35.3,liuliangji,good,,,prod,2026-08-22 08:30:06.239003+00:00,2026-08-22 10:54:08.998655+00:00,/nfs/data/sz_48/20260822/episode_20260822_082814_000_4a18881a.npy.mp4
01a02896-8038-70d0-9339-7e8f37447ef4,industrial packing,completed,yam,yam_zed_0_61,34.3,liuliangji,good,,,prod,2026-08-22 08:31:35.555459+00:00,2026-08-22 10:54:08.764845+00:00,/nfs/data/sz_48/20260822/episode_20260822_082907_000_f3b21fdf.npy.mp4
01a02897-c858-7c0f-aefb-e7aa343d36e6,industrial packing,completed,yam,yam_zed_0_61,33.1,liuliangji,good,,,prod,2026-08-22 08:32:24.830276+00:00,2026-08-22 10:54:08.675257+00:00,/nfs/data/sz_48/20260822/episode_20260822_083031_000_1869ec27.npy.mp4
01a02898-7438-7e32-a5cc-dce312a48a23,industrial packing,completed,yam,yam_zed_0_61,39.2,liuliangji,good,,,prod,2026-08-22 08:33:14.111205+00:00,2026-08-22 10:54:08.669397+00:00,/nfs/data/sz_48/20260822/episode_20260822_083115_000_3db29c4e.npy.mp4
01a02899-3b70-75c9-a272-2a4239f7935d,industrial packing,completed,yam,yam_zed_0_61,41.6,liuliangji,good,,,prod,2026-08-22 08:34:08.400271+00:00,2026-08-22 10:54:08.163032+00:00,/nfs/data/sz_48/20260822/episode_20260822_083206_000_2b599924.npy.mp4
01a0289a-54b0-7756-8a32-634221a19fb6,industrial packing,completed,yam,yam_zed_0_61,36.9,liuliangji,good,,,prod,2026-08-22 08:35:17.695690+00:00,2026-08-22 10:54:07.985649+00:00,/nfs/data/sz_48/20260822/episode_20260822_083318_000_98e5137f.npy.mp4
01a0289b-9cd0-7076-8a9b-1b78f7b69b06,industrial packing,completed,yam,yam_zed_0_61,44.4,liuliangji,good,,,prod,2026-08-22 08:36:54.991227+00:00,2026-08-22 10:54:07.919219+00:00,/nfs/data/sz_48/20260822/episode_20260822_083442_000_06f962ee.npy.mp4
01a0289e-2158-715d-9144-3220b17871f5,industrial packing,completed,yam,yam_zed_0_61,42.5,liuliangji,good,,,prod,2026-08-22 08:39:27.822290+00:00,2026-08-22 10:54:07.743875+00:00,/nfs/data/sz_48/20260822/episode_20260822_083727_000_dfa2cb36.npy.mp4
01a0289c-8730-7c91-97e9-9e141f2ecda7,industrial packing,completed,yam,yam_zed_0_61,41.6,liuliangji,good,,,prod,2026-08-22 08:37:44.283799+00:00,2026-08-22 10:54:07.732083+00:00,/nfs/data/sz_48/20260822/episode_20260822_083542_000_4f98e61f.npy.mp4
01a0289d-61f0-7952-9ab4-617703a61b09,industrial packing,completed,yam,yam_zed_0_61,40.0,liuliangji,good,,,prod,2026-08-22 08:38:38.559797+00:00,2026-08-22 10:54:07.694736+00:00,/nfs/data/sz_48/20260822/episode_20260822_083638_000_90fb0736.npy.mp4
01a0289f-03e8-7175-a51d-368a9f9ae25d,industrial packing,completed,yam,yam_zed_0_61,41.0,liuliangji,good,,,prod,2026-08-22 08:40:27.102589+00:00,2026-08-22 10:54:07.111200+00:00,/nfs/data/sz_48/20260822/episode_20260822_083825_000_11c874c9.npy.mp4
01a028a0-bd50-7455-8316-d1b03076a74d,industrial packing,completed,yam,yam_zed_0_61,39.6,liuliangji,good,,,prod,2026-08-22 08:42:21.422603+00:00,2026-08-22 10:54:07.054260+00:00,/nfs/data/sz_48/20260822/episode_20260822_084018_000_a70fc8f6.npy.mp4
01a028a1-bb38-720e-adb2-95b569885c76,industrial packing,completed,yam,yam_zed_0_61,43.9,liuliangji,good,,,prod,2026-08-22 08:43:33.724606+00:00,2026-08-22 10:54:06.798276+00:00,/nfs/data/sz_48/20260822/episode_20260822_084123_000_6b98bcf3.npy.mp4
01a028a2-d090-7fe8-97fb-e44bbb28c35f,industrial packing,completed,yam,yam_zed_0_61,37.0,liuliangji,good,,,prod,2026-08-22 08:44:33.028191+00:00,2026-08-22 10:54:06.688283+00:00,/nfs/data/sz_48/20260822/episode_20260822_084234_000_3eb85ee6.npy.mp4
01a028a3-b320-7e87-b7ab-7f5932b51724,industrial packing,completed,yam,yam_zed_0_61,39.3,liuliangji,good,,,prod,2026-08-22 08:45:38.317968+00:00,2026-08-22 10:54:06.653866+00:00,/nfs/data/sz_48/20260822/episode_20260822_084332_000_a7fdb5b0.npy.mp4
01a028a4-7670-728c-b533-7d15ecf9b038,industrial packing,completed,yam,yam_zed_0_61,47.8,liuliangji,good,,,prod,2026-08-22 08:46:38.633868+00:00,2026-08-22 10:54:06.228766+00:00,/nfs/data/sz_48/20260822/episode_20260822_084422_000_ebd690a8.npy.mp4
01a028a5-8010-756a-a290-c39ef6bdd06b,industrial packing,completed,yam,yam_zed_0_61,45.3,liuliangji,good,,,prod,2026-08-22 08:47:46.005618+00:00,2026-08-22 10:54:06.044564+00:00,/nfs/data/sz_48/20260822/episode_20260822_084530_000_a71b075f.npy.mp4
01a028a6-9950-7b7d-a31d-12e4830403d8,industrial packing,completed,yam,yam_zed_0_61,43.9,liuliangji,good,,,prod,2026-08-22 08:48:46.278310+00:00,2026-08-22 10:54:05.890499+00:00,/nfs/data/sz_48/20260822/episode_20260822_084642_000_5158cd19.npy.mp4
01a028a7-c230-75af-9b48-a797173bc23b,industrial packing,completed,yam,yam_zed_0_61,46.6,liuliangji,good,,,prod,2026-08-22 08:50:15.602517+00:00,2026-08-22 10:54:05.709078+00:00,/nfs/data/sz_48/20260822/episode_20260822_084758_000_d2213f4b.npy.mp4
01a028a8-b848-7b46-88e7-811742f291d9,industrial packing,completed,yam,yam_zed_0_61,40.9,liuliangji,good,,,prod,2026-08-22 08:51:11.884488+00:00,2026-08-22 10:54:05.654556+00:00,/nfs/data/sz_48/20260822/episode_20260822_084901_000_a7d4331a.npy.mp4
01a028a9-d958-7a35-8007-c50e3c588f76,industrial packing,completed,yam,yam_zed_0_61,36.1,liuliangji,good,,,prod,2026-08-22 08:52:09.147674+00:00,2026-08-22 10:54:05.632712+00:00,/nfs/data/sz_48/20260822/episode_20260822_085015_000_6e51044f.npy.mp4
01a028ab-b5e8-76f0-a3f9-e53e6973427a,industrial packing,completed,yam,yam_zed_0_61,47.7,liuliangji,good,,,prod,2026-08-22 08:54:25.486260+00:00,2026-08-22 10:54:05.204133+00:00,/nfs/data/sz_48/20260822/episode_20260822_085217_000_83fb5bf9.npy.mp4
01a028ad-1190-7ceb-b293-3c3e1d44f1f5,industrial packing,completed,yam,yam_zed_0_61,36.2,liuliangji,good,,,prod,2026-08-22 08:55:37.761561+00:00,2026-08-22 10:54:04.985717+00:00,/nfs/data/sz_48/20260822/episode_20260822_085346_000_16f32ed6.npy.mp4
01a028ae-26e8-7b85-9835-12417cd14f2c,industrial packing,completed,yam,yam_zed_0_61,46.4,liuliangji,good,,,prod,2026-08-22 08:57:13.072417+00:00,2026-08-22 10:54:04.823241+00:00,/nfs/data/sz_48/20260822/episode_20260822_085457_000_85619e05.npy.mp4
01a028af-01a8-7d2b-bf7a-5f982cce1dbf,industrial packing,completed,yam,yam_zed_0_61,47.2,liuliangji,good,,,prod,2026-08-22 08:58:04.343275+00:00,2026-08-22 10:54:04.670534+00:00,/nfs/data/sz_48/20260822/episode_20260822_085553_000_1b17996f.npy.mp4
01a028b0-0f30-7b9e-b512-37397f4cd626,industrial packing,completed,yam,yam_zed_0_61,47.3,liuliangji,good,,,prod,2026-08-22 08:59:10.619124+00:00,2026-08-22 10:54:04.651777+00:00,/nfs/data/sz_48/20260822/episode_20260822_085702_000_c2327280.npy.mp4
01a028b1-3428-77db-be46-3c0898c5e92c,industrial packing,completed,yam,yam_zed_0_61,44.5,liuliangji,good,,,prod,2026-08-22 09:01:03.978799+00:00,2026-08-22 10:54:04.615489+00:00,/nfs/data/sz_48/20260822/episode_20260822_085817_000_04e296fa.npy.mp4
01a028b2-64d8-7c4c-baa7-153b6d25bb25,industrial packing,completed,yam,yam_zed_0_61,42.4,liuliangji,good,,,prod,2026-08-22 09:01:44.276861+00:00,2026-08-22 10:54:04.111153+00:00,/nfs/data/sz_48/20260822/episode_20260822_085935_000_f30b4c51.npy.mp4
01a028b3-37c8-7566-86a1-cd965ae09ad8,industrial packing,completed,yam,yam_zed_0_61,44.2,liuliangji,good,,,prod,2026-08-22 09:02:41.579378+00:00,2026-08-22 10:54:03.945023+00:00,/nfs/data/sz_48/20260822/episode_20260822_090029_000_3f8a4a4e.npy.mp4
01a028b4-4938-71c0-b868-63a91524adf2,industrial packing,completed,yam,yam_zed_0_61,42.4,liuliangji,good,,,prod,2026-08-22 09:03:47.875773+00:00,2026-08-22 10:54:03.819589+00:00,/nfs/data/sz_48/20260822/episode_20260822_090139_000_0306fd9a.npy.mp4
01a028b5-2010-7e22-94b3-d14b28fe2684,industrial packing,completed,yam,yam_zed_0_61,46.4,liuliangji,good,,,prod,2026-08-22 09:04:52.177022+00:00,2026-08-22 10:54:03.695578+00:00,/nfs/data/sz_48/20260822/episode_20260822_090234_000_fffac9da.npy.mp4
01a028b5-feb8-7834-8885-fc1632ffeafb,industrial packing,completed,yam,yam_zed_0_61,43.6,liuliangji,good,,,prod,2026-08-22 09:05:44.462174+00:00,2026-08-22 10:54:03.642642+00:00,/nfs/data/sz_48/20260822/episode_20260822_090331_000_d26ad0b3.npy.mp4
01a028b7-0858-75d2-b78c-90bd575dd6b1,industrial packing,completed,yam,yam_zed_0_61,46.2,liuliangji,good,,,prod,2026-08-22 09:06:52.798893+00:00,2026-08-22 10:54:03.627701+00:00,/nfs/data/sz_48/20260822/episode_20260822_090439_000_4fc34dff.npy.mp4
01a028b8-0258-75a1-84aa-3d2ee3e5bdc5,industrial packing,completed,yam,yam_zed_0_61,47.2,liuliangji,good,,,prod,2026-08-22 09:08:01.092587+00:00,2026-08-22 10:54:03.100011+00:00,/nfs/data/sz_48/20260822/episode_20260822_090543_000_60906c65.npy.mp4
01a028ba-b9a8-7ed2-9bc5-be5e2c0602a5,industrial packing,completed,yam,yam_zed_0_61,39.8,liuliangji,good,,,prod,2026-08-22 09:10:46.401179+00:00,2026-08-22 10:54:02.938876+00:00,/nfs/data/sz_48/20260822/episode_20260822_090841_000_60abe4e6.npy.mp4
01a028bc-a9c0-73c4-8267-c973986237d5,industrial packing,completed,yam,yam_zed_0_61,43.9,liuliangji,good,,,prod,2026-08-22 09:13:01.991414+00:00,2026-08-22 10:54:02.873096+00:00,/nfs/data/sz_48/20260822/episode_20260822_091048_000_fb3440b0.npy.mp4
01a028bd-bb30-7a72-917e-3382cff991f2,industrial packing,completed,yam,yam_zed_0_61,36.1,liuliangji,good,,,prod,2026-08-22 09:13:59.274440+00:00,2026-08-22 10:54:02.743147+00:00,/nfs/data/sz_48/20260822/episode_20260822_091158_000_7670ccf8.npy.mp4
01a028be-ff68-7cfa-96fd-968aa3dc2fe4,industrial packing,completed,yam,yam_zed_0_61,42.6,liuliangji,good,,,prod,2026-08-22 09:15:30.579339+00:00,2026-08-22 10:54:02.705390+00:00,/nfs/data/sz_48/20260822/episode_20260822_091321_000_29b36e9b.npy.mp4
01a028c0-62e0-7e16-819b-3373ac43ca10,industrial packing,completed,yam,yam_zed_0_61,38.0,liuliangji,good,,,prod,2026-08-22 09:16:54.884287+00:00,2026-08-22 10:54:02.670460+00:00,/nfs/data/sz_48/20260822/episode_20260822_091452_000_b95f4aed.npy.mp4
01a028c1-ab00-7e92-a3a7-b0f2a813754e,industrial packing,completed,yam,yam_zed_0_61,27.2,liuliangji,good,,,prod,2026-08-22 09:18:03.234090+00:00,2026-08-22 10:54:02.190968+00:00,/nfs/data/sz_48/20260822/episode_20260822_091616_000_fcfc472f.npy.mp4
01a028c2-7238-71d3-8462-715463e0aacd,industrial packing,completed,yam,yam_zed_0_61,39.9,liuliangji,good,,,prod,2026-08-22 09:19:14.545386+00:00,2026-08-22 10:54:02.010197+00:00,/nfs/data/sz_48/20260822/episode_20260822_091707_000_768d9d3d.npy.mp4
01a028c3-6080-7c7c-bad4-5cde969383e3,industrial packing,completed,yam,yam_zed_0_61,40.1,liuliangji,good,,,prod,2026-08-22 09:20:14.879930+00:00,2026-08-22 10:54:01.853259+00:00,/nfs/data/sz_48/20260822/episode_20260822_091808_000_05a8b526.npy.mp4
01a028c4-23d0-75d3-b26f-034b7a99df47,industrial packing,completed,yam,yam_zed_0_61,31.3,liuliangji,good,,,prod,2026-08-22 09:20:51.196501+00:00,2026-08-22 10:54:01.674323+00:00,/nfs/data/sz_48/20260822/episode_20260822_091858_000_8a74a1e8.npy.mp4
01a028c4-db68-7965-9a3f-e01fd3590b22,industrial packing,completed,yam,yam_zed_0_61,43.2,liuliangji,good,,,prod,2026-08-22 09:21:53.723541+00:00,2026-08-22 10:54:01.633971+00:00,/nfs/data/sz_48/20260822/episode_20260822_091945_000_68b425aa.npy.mp4
01a028cc-c6c0-7cb3-b56f-0f4c8ef75a9b,industrial packing,completed,yam,yam_zed_0_61,43.9,liuliangji,good,,,prod,2026-08-22 09:30:33.144768+00:00,2026-08-22 10:54:01.156068+00:00,/nfs/data/sz_48/20260822/episode_20260822_092824_000_8fefdfce.npy.mp4
01a028cd-b120-72e4-bb5a-cddeff6165ab,industrial packing,completed,yam,yam_zed_0_61,48.0,liuliangji,good,,,prod,2026-08-22 09:31:34.428865+00:00,2026-08-22 10:54:00.987919+00:00,/nfs/data/sz_48/20260822/episode_20260822_092924_000_2b5326fc.npy.mp4
01a028ce-a350-7f67-8eea-c945aba1b15a,industrial packing,completed,yam,yam_zed_0_61,51.2,liuliangji,good,,,prod,2026-08-22 09:32:51.727635+00:00,2026-08-22 10:54:00.818216+00:00,/nfs/data/sz_48/20260822/episode_20260822_093026_000_de759526.npy.mp4
01a028cf-acf0-700d-8d1f-eefbeb216b13,industrial packing,completed,yam,yam_zed_0_61,43.0,liuliangji,good,,,prod,2026-08-22 09:33:44.011489+00:00,2026-08-22 10:54:00.676648+00:00,/nfs/data/sz_48/20260822/episode_20260822_093134_000_f0572da5.npy.mp4
01a028d0-b2a8-7b7e-893c-68b03a960c3a,industrial packing,completed,yam,yam_zed_0_61,44.2,liuliangji,good,,,prod,2026-08-22 09:34:44.292690+00:00,2026-08-22 10:54:00.644561+00:00,/nfs/data/sz_48/20260822/episode_20260822_093241_000_b2e6014b.npy.mp4
01a028d1-b090-744d-a6a6-fc0dab9e0873,industrial packing,completed,yam,yam_zed_0_61,39.8,liuliangji,good,,,prod,2026-08-22 09:35:47.609489+00:00,2026-08-22 10:54:00.619838+00:00,/nfs/data/sz_48/20260822/episode_20260822_093346_000_1b3521c5.npy.mp4
01a028d2-9320-7609-93b0-f2b6494fb48d,industrial packing,completed,yam,yam_zed_0_61,51.7,liuliangji,good,,,prod,2026-08-22 09:37:00.898736+00:00,2026-08-22 10:54:00.023766+00:00,/nfs/data/sz_48/20260822/episode_20260822_093444_000_734e8ca8.npy.mp4
01a028d4-3518-7528-b8f7-2ccac9df1f6c,industrial packing,completed,yam,yam_zed_0_61,43.1,liuliangji,good,,,prod,2026-08-22 09:38:42.199569+00:00,2026-08-22 10:53:59.860300+00:00,/nfs/data/sz_48/20260822/episode_20260822_093631_000_966d523a.npy.mp4
01a028d5-4688-7f3c-9812-b916b8280903,industrial packing,completed,yam,yam_zed_0_61,43.2,liuliangji,good,,,prod,2026-08-22 09:39:54.486622+00:00,2026-08-22 10:53:59.731739+00:00,/nfs/data/sz_48/20260822/episode_20260822_093741_000_1b3a82bb.npy.mp4
01a028d6-4470-75a8-8b31-de979627fb3e,industrial packing,completed,yam,yam_zed_0_61,43.9,liuliangji,good,,,prod,2026-08-22 09:40:49.825419+00:00,2026-08-22 10:53:59.641698+00:00,/nfs/data/sz_48/20260822/episode_20260822_093846_000_4fc09801.npy.mp4
01a028d7-6968-7cc8-bdc1-742356cc4dd4,industrial packing,completed,yam,yam_zed_0_61,44.2,liuliangji,good,,,prod,2026-08-22 09:42:13.157053+00:00,2026-08-22 10:53:59.602711+00:00,/nfs/data/sz_48/20260822/episode_20260822_094001_000_16d497db.npy.mp4
01a028d8-4fe0-78e9-9cf2-bdb4ccc7c75e,industrial packing,completed,yam,yam_zed_0_61,46.1,liuliangji,good,,,prod,2026-08-22 09:43:17.441663+00:00,2026-08-22 10:53:59.172928+00:00,/nfs/data/sz_48/20260822/episode_20260822_094100_000_b2008bc9.npy.mp4
01a028d9-5d68-7974-a808-22139b666dff,industrial packing,completed,yam,yam_zed_0_61,41.4,liuliangji,good,,,prod,2026-08-22 09:44:11.771926+00:00,2026-08-22 10:53:58.904565+00:00,/nfs/data/sz_48/20260822/episode_20260822_094209_000_254dc2cb.npy.mp4
01a028da-3828-7813-989b-96ea82dcc8e2,industrial packing,completed,yam,yam_zed_0_61,43.5,liuliangji,good,,,prod,2026-08-22 09:45:19.110665+00:00,2026-08-22 10:53:58.798729+00:00,/nfs/data/sz_48/20260822/episode_20260822_094305_000_3f7cce85.npy.mp4
01a028db-41c8-7f1a-ba53-8750f82617f5,industrial packing,completed,yam,yam_zed_0_61,42.5,liuliangji,good,,,prod,2026-08-22 09:46:18.359719+00:00,2026-08-22 10:53:58.683870+00:00,/nfs/data/sz_48/20260822/episode_20260822_094413_000_330228fc.npy.mp4
01a028dc-6e90-72a3-9ae4-ffcebf400bfe,industrial packing,completed,yam,yam_zed_0_61,41.3,liuliangji,good,,,prod,2026-08-22 09:47:39.684541+00:00,2026-08-22 10:53:58.645228+00:00,/nfs/data/sz_48/20260822/episode_20260822_094530_000_077a47d0.npy.mp4
01a028dd-58f0-7677-a282-c8ffd1ea58d3,industrial packing,completed,yam,yam_zed_0_61,51.4,liuliangji,good,,,prod,2026-08-22 09:48:55.950448+00:00,2026-08-22 10:53:58.612708+00:00,/nfs/data/sz_48/20260822/episode_20260822_094630_000_d860d0fc.npy.mp4
01a028de-d3d8-729f-83ca-0d3f0ea1504e,industrial packing,completed,yam,yam_zed_0_61,45.0,liuliangji,good,,,prod,2026-08-22 09:50:11.235127+00:00,2026-08-22 10:53:58.090952+00:00,/nfs/data/sz_48/20260822/episode_20260822_094807_000_a89e7089.npy.mp4
01a028e0-1fe0-73db-a782-a36c8917aa2b,industrial packing,completed,yam,yam_zed_0_61,49.1,liuliangji,good,,,prod,2026-08-22 09:51:43.536839+00:00,2026-08-22 10:53:57.902839+00:00,/nfs/data/sz_48/20260822/episode_20260822_094932_000_7b5d1b84.npy.mp4
01a028e1-19e0-7176-8a5f-f4897df771aa,industrial packing,completed,yam,yam_zed_0_61,46.2,liuliangji,good,,,prod,2026-08-22 09:52:44.830085+00:00,2026-08-22 10:53:57.805300+00:00,/nfs/data/sz_48/20260822/episode_20260822_095036_000_f988e13d.npy.mp4
01a028e2-46a8-7da8-9b82-5b66402d47eb,industrial packing,completed,yam,yam_zed_0_61,50.3,liuliangji,good,,,prod,2026-08-22 09:54:47.227773+00:00,2026-08-22 10:53:57.737020+00:00,/nfs/data/sz_48/20260822/episode_20260822_095153_000_0a5dfee2.npy.mp4
01a028e4-d300-79b2-92b1-5169a735b660,industrial packing,completed,yam,yam_zed_0_61,44.1,liuliangji,good,,,prod,2026-08-22 09:56:42.828721+00:00,2026-08-22 10:53:57.652993+00:00,/nfs/data/sz_48/20260822/episode_20260822_095440_000_c49e3098.npy.mp4
01a028e3-c190-7b93-bd43-e325e1e9a638,industrial packing,completed,yam,yam_zed_0_61,45.3,liuliangji,good,,,prod,2026-08-22 09:55:43.493091+00:00,2026-08-22 10:53:57.649539+00:00,/nfs/data/sz_48/20260822/episode_20260822_095330_000_885050a7.npy.mp4
01a028e5-e088-7cf6-a01d-0c80d7eda0e0,industrial packing,completed,yam,yam_zed_0_61,44.0,liuliangji,good,,,prod,2026-08-22 09:58:01.127361+00:00,2026-08-22 10:53:57.156333+00:00,/nfs/data/sz_48/20260822/episode_20260822_095549_000_5ad2b9e0.npy.mp4
01a028f3-fdd0-7427-9a22-4a785ebd1c4b,industrial packing,completed,yam,yam_zed_0_61,50.5,liuliangji,good,,,prod,2026-08-22 10:13:28.720078+00:00,2026-08-22 10:53:57.045068+00:00,/nfs/data/sz_48/20260822/episode_20260822_101114_000_4d79fdcf.npy.mp4
01a028f7-41c0-70d0-991a-0db7a418ed1b,industrial packing,completed,yam,yam_zed_0_61,38.5,liuliangji,good,,,prod,2026-08-22 10:16:45.138049+00:00,2026-08-22 10:53:56.846047+00:00,/nfs/data/sz_48/20260822/episode_20260822_101448_000_223a357b.npy.mp4
01a028f8-6e88-7e4a-a069-ab5ea70d1085,industrial packing,completed,yam,yam_zed_0_61,37.1,liuliangji,good,,,prod,2026-08-22 10:18:02.487291+00:00,2026-08-22 10:53:56.714456+00:00,/nfs/data/sz_48/20260822/episode_20260822_101605_000_25042fdd.npy.mp4
01a028f9-83e0-7a17-adce-a867a56934d3,industrial packing,completed,yam,yam_zed_0_61,38.4,liuliangji,good,,,prod,2026-08-22 10:19:17.790307+00:00,2026-08-22 10:53:56.659289+00:00,/nfs/data/sz_48/20260822/episode_20260822_101716_000_185bc8d5.npy.mp4
01a028fa-e370-7ce6-9495-6275afe330b5,industrial packing,completed,yam,yam_zed_0_61,38.0,liuliangji,good,,,prod,2026-08-22 10:20:41.129121+00:00,2026-08-22 10:53:56.206785+00:00,/nfs/data/sz_48/20260822/episode_20260822_101846_000_bf619acc.npy.mp4
01a028fc-0c50-78d8-9cd7-45b0b29d5da9,industrial packing,completed,yam,yam_zed_0_61,32.6,liuliangji,good,,,prod,2026-08-22 10:21:51.429737+00:00,2026-08-22 10:53:56.037660+00:00,/nfs/data/sz_48/20260822/episode_20260822_102002_000_eaca8ef3.npy.mp4
01a028fd-1dc0-76ee-8991-837842b2808f,industrial packing,completed,yam,yam_zed_0_61,38.6,liuliangji,good,,,prod,2026-08-22 10:23:09.725060+00:00,2026-08-22 10:53:55.742049+00:00,/nfs/data/sz_48/20260822/episode_20260822_102112_000_6478f0b4.npy.mp4
01a028fe-65e0-7ac0-a61f-6c804a6ef2f9,industrial packing,completed,yam,yam_zed_0_61,39.0,liuliangji,good,,,prod,2026-08-22 10:24:34.008859+00:00,2026-08-22 10:53:55.663456+00:00,/nfs/data/sz_48/20260822/episode_20260822_102236_000_f552cf41.npy.mp4
01a028ff-2930-72f8-a887-5d7f9bd99692,industrial packing,completed,yam,yam_zed_0_61,35.9,liuliangji,good,,,prod,2026-08-22 10:25:21.274054+00:00,2026-08-22 10:53:54.172854+00:00,/nfs/data/sz_48/20260822/episode_20260822_102326_000_ad1f24a5.npy.mp4
01a028ff-e898-71df-a1c1-4d58dfd37aae,industrial packing,completed,yam,yam_zed_0_61,40.7,liuliangji,good,,,prod,2026-08-22 10:26:15.572453+00:00,2026-08-22 10:53:54.038147+00:00,/nfs/data/sz_48/20260822/episode_20260822_102415_000_86e3e1a3.npy.mp4
01a02900-bf70-7b82-9aad-3d821b509d9d,industrial packing,completed,yam,yam_zed_0_61,41.4,liuliangji,good,,,prod,2026-08-22 10:27:09.872229+00:00,2026-08-22 10:53:53.879771+00:00,/nfs/data/sz_48/20260822/episode_20260822_102510_000_6128cd0e.npy.mp4
01a02902-2ea0-70da-82fe-a27f59f40c2e,industrial packing,completed,yam,yam_zed_0_61,37.3,liuliangji,good,,,prod,2026-08-22 10:28:42.160300+00:00,2026-08-22 10:53:53.721906+00:00,/nfs/data/sz_48/20260822/episode_20260822_102644_000_cd35a00e.npy.mp4
01a02905-e7c0-7096-bc2b-13a7053dfd53,industrial packing,completed,yam,yam_zed_0_61,44.5,liuliangji,good,,,prod,2026-08-22 10:32:59.848960+00:00,2026-08-22 10:53:53.169946+00:00,/nfs/data/sz_48/20260822/episode_20260822_103048_000_ea11714d.npy.mp4
01a02906-ed78-70b4-97a1-caf5f6974aff,industrial packing,completed,yam,yam_zed_0_61,45.8,liuliangji,good,,,prod,2026-08-22 10:34:08.158655+00:00,2026-08-22 10:53:52.990126+00:00,/nfs/data/sz_48/20260822/episode_20260822_103155_000_4d5b8040.npy.mp4
01a02908-58c0-7228-915b-6b20eff1ce7e,industrial packing,completed,yam,yam_zed_0_61,41.3,liuliangji,good,,,prod,2026-08-22 10:35:34.542766+00:00,2026-08-22 10:53:52.803507+00:00,/nfs/data/sz_48/20260822/episode_20260822_103328_000_29c00c1f.npy.mp4
01a02909-4320-7da3-bf55-7d250508e8e3,industrial packing,completed,yam,yam_zed_0_61,42.1,liuliangji,good,,,prod,2026-08-22 10:36:35.900120+00:00,2026-08-22 10:53:52.208937+00:00,/nfs/data/sz_48/20260822/episode_20260822_103428_000_8c2348a2.npy.mp4
01a0290a-7ba0-7abf-ba45-0009ae858d3c,industrial packing,completed,yam,yam_zed_0_61,38.7,liuliangji,good,,,prod,2026-08-22 10:38:23.217878+00:00,2026-08-22 10:53:52.070941+00:00,/nfs/data/sz_48/20260822/episode_20260822_103548_000_2fd65b4f.npy.mp4
01a0290b-bfd8-7e05-9bad-5dbbea8cc0d9,industrial packing,completed,yam,yam_zed_0_61,39.2,liuliangji,good,,,prod,2026-08-22 10:39:15.495413+00:00,2026-08-22 10:53:51.911124+00:00,/nfs/data/sz_48/20260822/episode_20260822_103711_000_f924e525.npy.mp4
01a0290d-88e0-71ab-96fd-26e4a1c5902b,industrial packing,completed,yam,yam_zed_0_61,48.3,liuliangji,good,,,prod,2026-08-22 10:41:17.782628+00:00,2026-08-22 10:53:51.723394+00:00,/nfs/data/sz_48/20260822/episode_20260822_103908_000_d1a48068.npy.mp4
01a0290f-2ec0-7b22-8691-bf88def6e576,industrial packing,completed,yam,yam_zed_0_61,38.4,liuliangji,good,,,prod,2026-08-22 10:43:01.098388+00:00,2026-08-22 10:53:51.087882+00:00,/nfs/data/sz_48/20260822/episode_20260822_104056_000_8bf0bd43.npy.mp4
01a02912-2490-7834-8715-1a265e3ca04f,industrial packing,completed,yam,yam_zed_0_61,33.2,liuliangji,good,,,prod,2026-08-22 10:46:00.698159+00:00,2026-08-22 10:53:50.937955+00:00,/nfs/data/sz_48/20260822/episode_20260822_104410_000_44e63399.npy.mp4
01a02912-ebc8-72a4-922e-44e4d43c8474,industrial packing,completed,yam,yam_zed_0_61,43.6,liuliangji,good,,,prod,2026-08-22 10:47:12.983300+00:00,2026-08-22 10:53:50.738671+00:00,/nfs/data/sz_48/20260822/episode_20260822_104501_000_aab47f2b.npy.mp4
01a02914-dbe0-70be-b691-7b145329798e,industrial packing,completed,yam,yam_zed_0_61,35.1,liuliangji,good,,,prod,2026-08-22 10:49:05.287621+00:00,2026-08-22 10:53:50.179252+00:00,/nfs/data/sz_48/20260822/episode_20260822_104708_000_2db428f9.npy.mp4
01a02916-7608-797f-b0e6-fd80895d5179,industrial packing,completed,yam,yam_zed_0_61,35.8,liuliangji,good,,,prod,2026-08-22 10:50:54.607806+00:00,2026-08-22 10:53:50.053334+00:00,/nfs/data/sz_48/20260822/episode_20260822_104853_000_074b0c6a.npy.mp4
01a02917-3188-7d53-9c63-83fc5c985313,industrial packing,completed,yam,yam_zed_0_61,35.6,liuliangji,good,,,prod,2026-08-22 10:51:31.857628+00:00,2026-08-22 10:53:49.937615+00:00,/nfs/data/sz_48/20260822/episode_20260822_104941_000_c27a588f.npy.mp4
01a02911-a3a8-726e-b57f-0662bfd98956,industrial packing,completed,yam,yam_zed_0_61,5.9,liuliangji,poor,,,prod,2026-08-22 10:44:49.394775+00:00,2026-08-22 10:45:41.541568+00:00,/nfs/data/sz_48/20260822/episode_20260822_104337_000_9771f4a4.npy.mp4
01a02905-91d0-7e68-9ce8-17c36704dc3f,industrial packing,completed,yam,yam_zed_0_61,9.2,liuliangji,poor,,,prod,2026-08-22 10:31:42.514672+00:00,2026-08-22 10:32:05.992492+00:00,/nfs/data/sz_48/20260822/episode_20260822_103026_000_c209edb5.npy.mp4
01a028c4-b070-73c6-8ca2-07fd01212688,industrial packing,completed,yam,yam_zed_0_61,1.5,liuliangji,poor,,,prod,2026-08-22 09:20:57.468232+00:00,2026-08-22 09:21:23.989596+00:00,/nfs/data/sz_48/20260822/episode_20260822_091934_000_2cc04c72.npy.mp4
01a028bc-4c00-7684-86e9-f1da1a47a4e8,industrial packing,completed,yam,yam_zed_0_61,5.6,liuliangji,poor,,,prod,2026-08-22 09:11:34.657272+00:00,2026-08-22 09:11:52.698276+00:00,/nfs/data/sz_48/20260822/episode_20260822_091024_000_6a0785c0.npy.mp4
01a0273b-5538-7a32-bb48-bc9b4520c2c4,industrial packing,completed,yam,yam_zed_0_61,56.1,liuliangji,good,,,prod,2026-08-22 02:12:24.427085+00:00,2026-08-22 08:07:30.503818+00:00,/nfs/data/sz_43/20260822/episode_20260822_020955_000_8ff77e1f.npy.mp4
01a0273e-4338-797d-a699-1130bd5e1172,industrial packing,completed,yam,yam_zed_0_61,62.6,liuliangji,good,,,prod,2026-08-22 02:15:50.906334+00:00,2026-08-22 08:07:30.217066+00:00,/nfs/data/sz_43/20260822/episode_20260822_021307_000_d2ceb5a0.npy.mp4
01a02743-7358-73fa-baec-3f09966b8560,industrial packing,completed,yam,yam_zed_0_61,47.9,liuliangji,good,,,prod,2026-08-22 02:20:56.655828+00:00,2026-08-22 08:07:29.599777+00:00,/nfs/data/sz_48/20260822/episode_20260822_021847_000_2e1ef4ca.npy.mp4
01a02744-b790-7f76-9e7e-5b92abe84a97,industrial packing,completed,yam,yam_zed_0_61,38.9,liuliangji,good,,,prod,2026-08-22 02:22:04.961210+00:00,2026-08-22 08:07:29.429975+00:00,/nfs/data/sz_48/20260822/episode_20260822_022010_000_89416990.npy.mp4
01a02745-b960-74c8-a3a0-ad1bfe1e9224,industrial packing,completed,yam,yam_zed_0_61,49.2,liuliangji,good,,,prod,2026-08-22 02:23:38.307414+00:00,2026-08-22 08:07:29.277040+00:00,/nfs/data/sz_48/20260822/episode_20260822_022116_000_a585fbbc.npy.mp4
01a02746-ceb8-7bd0-876d-cedd17d1a835,industrial packing,completed,yam,yam_zed_0_61,37.8,liuliangji,good,,,prod,2026-08-22 02:24:30.543034+00:00,2026-08-22 08:07:29.201519+00:00,/nfs/data/sz_48/20260822/episode_20260822_022227_000_a6d70429.npy.mp4
01a02749-66c8-7770-82dd-329b4bd9e4a1,industrial packing,completed,yam,yam_zed_0_61,47.8,liuliangji,good,,,prod,2026-08-22 02:27:38.816948+00:00,2026-08-22 08:07:28.581323+00:00,/nfs/data/sz_43/20260822/episode_20260822_022517_000_c95abe73.npy.mp4
01a0274a-4570-7d84-a8d8-cc27fb33b739,industrial packing,completed,yam,yam_zed_0_61,45.5,liuliangji,good,,,prod,2026-08-22 02:28:27.103195+00:00,2026-08-22 08:07:28.398273+00:00,/nfs/data/sz_43/20260822/episode_20260822_022614_000_a4a250a7.npy.mp4
01a0274b-9178-78fa-b6b5-21511d8474e3,industrial packing,completed,yam,yam_zed_0_61,34.8,liuliangji,good,,,prod,2026-08-22 02:29:30.652626+00:00,2026-08-22 08:07:28.250170+00:00,/nfs/data/sz_43/20260822/episode_20260822_022739_000_af272f54.npy.mp4
01a0274c-9b18-7b49-8e1f-b917b30f0d1f,industrial packing,completed,yam,yam_zed_0_61,36.7,liuliangji,good,,,prod,2026-08-22 02:30:48.980383+00:00,2026-08-22 08:07:27.721660+00:00,/nfs/data/sz_43/20260822/episode_20260822_022847_000_ecac8b16.npy.mp4
01a0274d-8190-740d-b16f-639802e07f44,industrial packing,completed,yam,yam_zed_0_61,48.0,liuliangji,good,,,prod,2026-08-22 02:31:55.324412+00:00,2026-08-22 08:07:27.539260+00:00,/nfs/data/sz_43/20260822/episode_20260822_022946_000_fb2432d2.npy.mp4
01a0274e-5480-7b47-95ca-a24b443aa55f,industrial packing,completed,yam,yam_zed_0_61,41.2,liuliangji,good,,,prod,2026-08-22 02:32:47.623840+00:00,2026-08-22 08:07:27.358744+00:00,/nfs/data/sz_43/20260822/episode_20260822_023040_000_b2fe470d.npy.mp4
01a0274f-13e8-7fb6-8cf9-9d00bb8002a3,industrial packing,completed,yam,yam_zed_0_61,42.9,liuliangji,good,,,prod,2026-08-22 02:33:31.907744+00:00,2026-08-22 08:07:27.220165+00:00,/nfs/data/sz_43/20260822/episode_20260822_023129_000_9970961e.npy.mp4
01a02750-0230-7fe9-a7bb-1a2b02305e15,industrial packing,completed,yam,yam_zed_0_61,43.7,liuliangji,good,,,prod,2026-08-22 02:34:36.224570+00:00,2026-08-22 08:07:26.693568+00:00,/nfs/data/sz_43/20260822/episode_20260822_023230_000_04133369.npy.mp4
01a02751-0fb8-78dc-a9fd-a0df8ea86296,industrial packing,completed,yam,yam_zed_0_61,39.2,liuliangji,good,,,prod,2026-08-22 02:35:38.532257+00:00,2026-08-22 08:07:26.527667+00:00,/nfs/data/sz_43/20260822/episode_20260822_023339_000_10d7e88d.npy.mp4
01a02751-ee60-73c6-88b0-559beda29479,industrial packing,completed,yam,yam_zed_0_61,46.9,liuliangji,good,,,prod,2026-08-22 02:36:43.841863+00:00,2026-08-22 08:07:26.357529+00:00,/nfs/data/sz_43/20260822/episode_20260822_023436_000_ff1ee13b.npy.mp4
01a02752-f418-7655-bdfa-69b9b39fa772,industrial packing,completed,yam,yam_zed_0_61,43.3,liuliangji,good,,,prod,2026-08-22 02:37:48.161560+00:00,2026-08-22 08:07:26.253715+00:00,/nfs/data/sz_43/20260822/episode_20260822_023543_000_5b7f4cb6.npy.mp4
01a02753-caf0-7f9c-83e2-428c99a0daa6,industrial packing,completed,yam,yam_zed_0_61,39.0,liuliangji,good,,,prod,2026-08-22 02:38:36.416965+00:00,2026-08-22 08:07:25.713144+00:00,/nfs/data/sz_43/20260822/episode_20260822_023638_000_b0cfc7cb.npy.mp4
01a02754-d490-7280-80f1-643ca1adcb78,industrial packing,completed,yam,yam_zed_0_61,36.9,liuliangji,good,,,prod,2026-08-22 02:39:38.705406+00:00,2026-08-22 08:07:25.566030+00:00,/nfs/data/sz_43/20260822/episode_20260822_023746_000_5e362ee6.npy.mp4
01a02755-ab68-7557-8f98-832d135d49f1,industrial packing,completed,yam,yam_zed_0_61,38.6,liuliangji,good,,,prod,2026-08-22 02:40:35.987261+00:00,2026-08-22 08:07:25.379129+00:00,/nfs/data/sz_43/20260822/episode_20260822_023841_000_a52e8198.npy.mp4
01a02756-9d98-7cda-afaa-ebeff5ec590f,industrial packing,completed,yam,yam_zed_0_61,45.0,liuliangji,good,,,prod,2026-08-22 02:41:51.287803+00:00,2026-08-22 08:07:25.235355+00:00,/nfs/data/sz_43/20260822/episode_20260822_023943_000_15968ca8.npy.mp4
01a02757-8fc8-7b19-be04-64673d9da63b,industrial packing,completed,yam,yam_zed_0_61,40.2,liuliangji,good,,,prod,2026-08-22 02:42:51.552716+00:00,2026-08-22 08:07:24.704918+00:00,/nfs/data/sz_43/20260822/episode_20260822_024045_000_b4894c5b.npy.mp4
01a02758-e3a0-7afa-9f67-d4f53f9711ea,industrial packing,completed,yam,yam_zed_0_61,38.7,liuliangji,good,,,prod,2026-08-22 02:44:16.892619+00:00,2026-08-22 08:07:24.537724+00:00,/nfs/data/sz_43/20260822/episode_20260822_024212_000_95c2fc4f.npy.mp4
01a02759-aad8-7a86-9f41-fa9d70a418a2,industrial packing,completed,yam,yam_zed_0_61,37.3,liuliangji,good,,,prod,2026-08-22 02:44:59.233019+00:00,2026-08-22 08:07:24.394196+00:00,/nfs/data/sz_43/20260822/episode_20260822_024303_000_c14b62d1.npy.mp4
01a0275a-79e0-78a8-a61d-5dd6608f61c5,industrial packing,completed,yam,yam_zed_0_61,37.2,liuliangji,good,,,prod,2026-08-22 02:45:57.532720+00:00,2026-08-22 08:07:24.239102+00:00,/nfs/data/sz_43/20260822/episode_20260822_024356_000_ecbadf82.npy.mp4
01a0275b-7f98-7cd0-bf3e-6247870e64ee,industrial packing,completed,yam,yam_zed_0_61,45.5,liuliangji,good,,,prod,2026-08-22 02:47:49.072977+00:00,2026-08-22 08:07:23.710916+00:00,/nfs/data/sz_43/20260822/episode_20260822_024503_000_43b54ecd.npy.mp4
01a0275c-5670-77a0-bc4f-a9b3a9c224ae,industrial packing,completed,yam,yam_zed_0_61,37.5,liuliangji,good,,,prod,2026-08-22 02:47:54.328226+00:00,2026-08-22 08:07:23.531858+00:00,/nfs/data/sz_43/20260822/episode_20260822_024558_000_f21a47d4.npy.mp4
01a0275d-6bc8-7470-acbc-31a83b8fec32,industrial packing,completed,yam,yam_zed_0_61,34.8,liuliangji,good,,,prod,2026-08-22 02:49:00.653156+00:00,2026-08-22 08:07:23.385924+00:00,/nfs/data/sz_43/20260822/episode_20260822_024709_000_8b6a8577.npy.mp4
01a0275e-36e8-70ac-88cd-d545c4116053,industrial packing,completed,yam,yam_zed_0_61,41.0,liuliangji,good,,,prod,2026-08-22 02:50:06.955382+00:00,2026-08-22 08:07:23.237094+00:00,/nfs/data/sz_43/20260822/episode_20260822_024801_000_edeb77d6.npy.mp4
01a0275f-34d0-73bb-9e57-6f215cf20753,industrial packing,completed,yam,yam_zed_0_61,40.6,liuliangji,good,,,prod,2026-08-22 02:51:36.302279+00:00,2026-08-22 08:07:22.722999+00:00,/nfs/data/sz_43/20260822/episode_20260822_024906_000_ea1c3735.npy.mp4
01a02760-1378-7bf6-9415-267b55328dbb,industrial packing,completed,yam,yam_zed_0_61,37.3,liuliangji,good,,,prod,2026-08-22 02:51:57.578328+00:00,2026-08-22 08:07:22.557529+00:00,/nfs/data/sz_43/20260822/episode_20260822_025003_000_ae310f85.npy.mp4
01a02760-d2e0-797f-bb72-4c4ebe1e94a4,industrial packing,completed,yam,yam_zed_0_61,41.1,liuliangji,good,,,prod,2026-08-22 02:52:50.885410+00:00,2026-08-22 08:07:22.411327+00:00,/nfs/data/sz_43/20260822/episode_20260822_025052_000_f5b635d8.npy.mp4
01a02761-8e60-7a7e-9fcb-4a5b87b725b4,industrial packing,completed,yam,yam_zed_0_61,41.5,liuliangji,good,,,prod,2026-08-22 02:53:48.434810+00:00,2026-08-22 08:07:22.284303+00:00,/nfs/data/sz_43/20260822/episode_20260822_025140_000_11cfb806.npy.mp4
01a02764-9ba0-7287-8433-e127a30ef753,industrial packing,completed,yam,yam_zed_0_61,48.0,liuliangji,good,,,prod,2026-08-22 02:57:17.846697+00:00,2026-08-22 08:07:21.739018+00:00,/nfs/data/sz_43/20260822/episode_20260822_025500_000_d6efe9cc.npy.mp4
01a02765-91b8-7417-9bdb-70de8a72acf2,industrial packing,completed,yam,yam_zed_0_61,45.2,liuliangji,good,,,prod,2026-08-22 02:58:07.157971+00:00,2026-08-22 08:07:21.589195+00:00,/nfs/data/sz_43/20260822/episode_20260822_025603_000_bb528087.npy.mp4
01a02766-9388-7981-bed6-a07773424081,industrial packing,completed,yam,yam_zed_0_61,43.0,liuliangji,good,,,prod,2026-08-22 02:59:11.461483+00:00,2026-08-22 08:07:21.432654+00:00,/nfs/data/sz_43/20260822/episode_20260822_025709_000_b021252a.npy.mp4
01a02767-6e48-7c74-aae4-a1c85efa05ff,industrial packing,completed,yam,yam_zed_0_61,43.6,liuliangji,good,,,prod,2026-08-22 03:00:42.897514+00:00,2026-08-22 08:07:21.278800+00:00,/nfs/data/sz_43/20260822/episode_20260822_025805_000_91f7f733.npy.mp4
01a02768-7018-724a-a35f-5ef2099c8cc1,industrial packing,completed,yam,yam_zed_0_61,43.7,liuliangji,good,,,prod,2026-08-22 03:01:15.159058+00:00,2026-08-22 08:07:21.222197+00:00,/nfs/data/sz_43/20260822/episode_20260822_025911_000_3fa516e8.npy.mp4
01a02769-8570-70fe-861d-f742180a1d59,industrial packing,completed,yam,yam_zed_0_61,42.8,liuliangji,good,,,prod,2026-08-22 03:02:31.459016+00:00,2026-08-22 08:07:20.602653+00:00,/nfs/data/sz_43/20260822/episode_20260822_030022_000_805a5158.npy.mp4
01a0276a-e500-7d23-8569-39a6fe75020f,industrial packing,completed,yam,yam_zed_0_61,44.1,liuliangji,good,,,prod,2026-08-22 03:03:56.788672+00:00,2026-08-22 08:07:20.445103+00:00,/nfs/data/sz_43/20260822/episode_20260822_030152_000_a87b7477.npy.mp4
01a0276b-c790-750d-9568-830d68741490,industrial packing,completed,yam,yam_zed_0_61,39.9,liuliangji,good,,,prod,2026-08-22 03:04:50.107088+00:00,2026-08-22 08:07:20.268651+00:00,/nfs/data/sz_43/20260822/episode_20260822_030250_000_b0a797fe.npy.mp4
01a0276c-7f28-7863-866d-527027d79c25,industrial packing,completed,yam,yam_zed_0_61,36.0,liuliangji,good,,,prod,2026-08-22 03:05:38.413630+00:00,2026-08-22 08:07:19.655022+00:00,/nfs/data/sz_43/20260822/episode_20260822_030337_000_9d73f0c4.npy.mp4
01a0276d-3aa8-7e62-9039-d32ad40c8f04,industrial packing,completed,yam,yam_zed_0_61,38.4,liuliangji,good,,,prod,2026-08-22 03:06:27.747697+00:00,2026-08-22 08:07:19.507462+00:00,/nfs/data/sz_43/20260822/episode_20260822_030425_000_06397360.npy.mp4
01a0276e-05c8-7a51-a996-65f04a694453,industrial packing,completed,yam,yam_zed_0_61,37.6,liuliangji,good,,,prod,2026-08-22 03:07:11.032528+00:00,2026-08-22 08:07:19.352473+00:00,/nfs/data/sz_43/20260822/episode_20260822_030517_000_fd3855a7.npy.mp4
01a0276e-b590-7229-87ce-c0b30daf1161,industrial packing,completed,yam,yam_zed_0_61,37.9,liuliangji,good,,,prod,2026-08-22 03:08:06.367868+00:00,2026-08-22 08:07:19.205591+00:00,/nfs/data/sz_43/20260822/episode_20260822_030602_000_3630be03.npy.mp4
01a0276f-6170-7f4f-976d-7f1b78e91b4b,industrial packing,completed,yam,yam_zed_0_61,44.1,liuliangji,good,,,prod,2026-08-22 03:08:58.674161+00:00,2026-08-22 08:07:18.582941+00:00,/nfs/data/sz_43/20260822/episode_20260822_030646_000_e3d32616.npy.mp4
01a02770-3848-70b5-9c82-30ef2343e2f9,industrial packing,completed,yam,yam_zed_0_61,37.4,liuliangji,good,,,prod,2026-08-22 03:09:42.982833+00:00,2026-08-22 08:07:18.436264+00:00,/nfs/data/sz_43/20260822/episode_20260822_030741_000_5ea0d2f8.npy.mp4
01a02770-fb98-70d5-9d8a-07cd8d458e21,industrial packing,completed,yam,yam_zed_0_61,44.0,liuliangji,good,,,prod,2026-08-22 03:10:38.268675+00:00,2026-08-22 08:07:18.272123+00:00,/nfs/data/sz_43/20260822/episode_20260822_030831_000_dda5a4c8.npy.mp4
01a02771-da40-7a07-a4e5-6e64e9440a34,industrial packing,completed,yam,yam_zed_0_61,37.5,liuliangji,good,,,prod,2026-08-22 03:11:25.567207+00:00,2026-08-22 08:07:17.660844+00:00,/nfs/data/sz_43/20260822/episode_20260822_030928_000_d5de8235.npy.mp4
01a02772-a178-7e4e-82a9-3002c59cd607,industrial packing,completed,yam,yam_zed_0_61,43.3,liuliangji,good,,,prod,2026-08-22 03:12:33.933413+00:00,2026-08-22 08:07:17.500656+00:00,/nfs/data/sz_43/20260822/episode_20260822_031019_000_b4f2f1e2.npy.mp4
01a02773-87f0-7fae-ab88-96955badcb10,industrial packing,completed,yam,yam_zed_0_61,39.3,liuliangji,good,,,prod,2026-08-22 03:13:17.204872+00:00,2026-08-22 08:07:17.350992+00:00,/nfs/data/sz_43/20260822/episode_20260822_031118_000_5bd1a226.npy.mp4
01a02779-d538-7696-8922-a1bf60d07708,industrial packing,completed,yam,yam_zed_0_61,35.1,liuliangji,good,,,prod,2026-08-22 03:20:10.753356+00:00,2026-08-22 08:07:17.219228+00:00,/nfs/data/sz_43/20260822/episode_20260822_031811_000_6b3d9ba7.npy.mp4
01a0277a-8500-717a-a56d-43f09ed06623,industrial packing,completed,yam,yam_zed_0_61,36.7,liuliangji,good,,,prod,2026-08-22 03:20:53.031965+00:00,2026-08-22 08:07:16.616303+00:00,/nfs/data/sz_43/20260822/episode_20260822_031856_000_cade9ee2.npy.mp4
01a0277b-5408-7986-9814-1558a5ad1167,industrial packing,completed,yam,yam_zed_0_61,46.3,liuliangji,good,,,prod,2026-08-22 03:21:58.415250+00:00,2026-08-22 08:07:16.455538+00:00,/nfs/data/sz_43/20260822/episode_20260822_031949_000_72b79010.npy.mp4
01a0277e-9410-7c69-b8f3-3454ffb238cf,industrial packing,completed,yam,yam_zed_0_61,36.4,liuliangji,good,,,prod,2026-08-22 03:25:17.792108+00:00,2026-08-22 08:07:16.276413+00:00,/nfs/data/sz_43/20260822/episode_20260822_032322_000_b3828d2d.npy.mp4
01a0277f-6ae8-7d26-a528-fdfa42407242,industrial packing,completed,yam,yam_zed_0_61,39.0,liuliangji,good,,,prod,2026-08-22 03:26:22.094487+00:00,2026-08-22 08:07:15.714074+00:00,/nfs/data/sz_43/20260822/episode_20260822_032417_000_1aaf5a6c.npy.mp4
01a02780-4d78-7347-ab87-6c431b874bf4,industrial packing,completed,yam,yam_zed_0_61,43.8,liuliangji,good,,,prod,2026-08-22 03:27:21.374960+00:00,2026-08-22 08:07:15.551294+00:00,/nfs/data/sz_43/20260822/episode_20260822_032515_000_21d83c7a.npy.mp4
01a02781-5718-7007-a290-c7ed755539d1,industrial packing,completed,yam,yam_zed_0_61,41.7,liuliangji,good,,,prod,2026-08-22 03:28:33.655000+00:00,2026-08-22 08:07:15.399106+00:00,/nfs/data/sz_43/20260822/episode_20260822_032623_000_506d53e4.npy.mp4
01a02782-1680-7b57-ac36-ba33de97f69a,industrial packing,completed,yam,yam_zed_0_61,50.6,liuliangji,good,,,prod,2026-08-22 03:29:24.943243+00:00,2026-08-22 08:07:15.259783+00:00,/nfs/data/sz_43/20260822/episode_20260822_032712_000_d978c23f.npy.mp4
01a02783-2020-7684-96f7-00fe34d37401,industrial packing,completed,yam,yam_zed_0_61,68.2,liuliangji,good,,,prod,2026-08-22 03:31:09.333318+00:00,2026-08-22 08:07:14.642317+00:00,/nfs/data/sz_43/20260822/episode_20260822_032820_000_bbe130b8.npy.mp4
01a02785-1420-7d79-9eab-c3f88371f08f,industrial packing,completed,yam,yam_zed_0_61,36.6,liuliangji,good,,,prod,2026-08-22 03:32:20.657520+00:00,2026-08-22 08:07:14.509561+00:00,/nfs/data/sz_43/20260822/episode_20260822_033028_000_f2ba0a92.npy.mp4
01a02785-e328-7cbb-9c5d-a4348b41026b,industrial packing,completed,yam,yam_zed_0_61,37.5,liuliangji,good,,,prod,2026-08-22 03:33:18.937196+00:00,2026-08-22 08:07:14.362623+00:00,/nfs/data/sz_43/20260822/episode_20260822_033121_000_59f8885e.npy.mp4
01a02786-f880-785d-9f57-89527cdbf24d,industrial packing,completed,yam,yam_zed_0_61,44.0,liuliangji,good,,,prod,2026-08-22 03:34:46.283856+00:00,2026-08-22 08:07:14.207510+00:00,/nfs/data/sz_43/20260822/episode_20260822_033232_000_e8379090.npy.mp4
01a02787-d340-7d86-8ff5-2f07673ebad5,industrial packing,completed,yam,yam_zed_0_61,42.2,liuliangji,good,,,prod,2026-08-22 03:35:38.579951+00:00,2026-08-22 08:07:13.641031+00:00,/nfs/data/sz_43/20260822/episode_20260822_033328_000_7efd9730.npy.mp4
01a02788-a630-7903-bddb-4d9cbcd852a7,industrial packing,completed,yam,yam_zed_0_61,48.4,liuliangji,good,,,prod,2026-08-22 03:37:10.955914+00:00,2026-08-22 08:07:13.490457+00:00,/nfs/data/sz_43/20260822/episode_20260822_033422_000_e3b6befc.npy.mp4
01a02789-a030-7338-bd85-be72a12fc75b,industrial packing,completed,yam,yam_zed_0_61,40.8,liuliangji,good,,,prod,2026-08-22 03:37:34.262759+00:00,2026-08-22 08:07:13.344774+00:00,/nfs/data/sz_43/20260822/episode_20260822_033526_000_c43df265.npy.mp4
01a02857-7b68-70d6-a38e-f766fc78b72b,industrial packing,completed,yam,yam_zed_0_61,29.7,liuliangji,good,,,prod,2026-08-22 07:22:02.441646+00:00,2026-08-22 08:07:13.229837+00:00,/nfs/data/sz_43/20260822/episode_20260822_072017_000_b63038fa.npy.mp4
01a02859-7350-7cd8-bd50-de17afe0eb49,industrial packing,completed,yam,yam_zed_0_61,30.5,liuliangji,good,,,prod,2026-08-22 07:24:16.808346+00:00,2026-08-22 08:07:12.233056+00:00,/nfs/data/sz_43/20260822/episode_20260822_072226_000_13563b24.npy.mp4
01a0274b-1860-75d2-a280-4bbff1254c8c,industrial packing,completed,yam,yam_zed_0_61,3.8,liuliangji,poor,,,prod,2026-08-22 02:28:33.374551+00:00,2026-08-22 02:29:05.561971+00:00,/nfs/data/sz_43/20260822/episode_20260822_022708_000_f184c0b1.npy.mp4
01a02744-abd8-70de-87c7-8ce252db73ae,industrial packing,completed,yam,yam_zed_0_61,3.4,liuliangji,poor,,,prod,2026-08-22 02:21:39.286704+00:00,2026-08-22 02:22:01.436748+00:00,/nfs/data/sz_43/20260822/episode_20260822_022007_000_e05b55c1.npy.mp4
01a02744-7910-7b44-85b0-a288a5321097,industrial packing,completed,yam,yam_zed_0_61,4.1,liuliangji,poor,,,prod,2026-08-22 02:21:38.067222+00:00,2026-08-22 02:21:50.497289+00:00,/nfs/data/sz_43/20260822/episode_20260822_021954_000_35e7ac7c.npy.mp4
01a02744-55e8-707f-b2ba-75f17f21b9b5,industrial packing,completed,yam,yam_zed_0_61,3.3,liuliangji,poor,,,prod,2026-08-22 02:20:54.692638+00:00,2026-08-22 02:21:07.458378+00:00,/nfs/data/sz_43/20260822/episode_20260822_021945_000_21505185.npy.mp4
01a02742-5e00-7096-b8b1-9d1a4a2e496f,industrial packing,completed,yam,yam_zed_0_61,4.8,liuliangji,poor,,,prod,2026-08-22 02:18:45.363961+00:00,2026-08-22 02:19:32.480794+00:00,/nfs/data/sz_48/20260822/episode_20260822_021736_000_b6c5d349.npy.mp4
01a0273f-9ee0-7830-b741-ba4b2f267c89,industrial packing,completed,yam,yam_zed_0_61,1.8,liuliangji,poor,,,prod,2026-08-22 02:15:56.221338+00:00,2026-08-22 02:16:28.112230+00:00,/nfs/data/sz_43/20260822/episode_20260822_021436_000_9b5e33ef.npy.mp4
01a0239f-5a28-78c5-a3db-130b27f8fe8c,industrial packing,completed,yam,yam_zed_0_61,36.2,liutao,,,,prod,2026-08-21 09:22:37.294257+00:00,2026-08-21 19:29:18.398509+00:00,/nfs/data/sz_43/20260821/episode_20260821_092041_000_f371928e.npy.mp4
01a0239c-e158-7c06-8c04-d8302ad570e8,industrial packing,completed,yam,yam_zed_0_61,35.5,liutao,,,,prod,2026-08-21 09:20:00.857397+00:00,2026-08-21 19:28:40.540159+00:00,/nfs/data/sz_43/20260821/episode_20260821_091759_000_2adde09b.npy.mp4
01a0239b-cfe8-708e-a32a-830f46d250f3,industrial packing,completed,yam,yam_zed_0_61,38.8,liutao,,,,prod,2026-08-21 09:18:51.538039+00:00,2026-08-21 19:28:19.214986+00:00,/nfs/data/sz_43/20260821/episode_20260821_091649_000_3675fd7a.npy.mp4
01a0239b-04c8-7e5a-b47d-094612d403e0,industrial packing,completed,yam,yam_zed_0_61,36.9,liutao,,,,prod,2026-08-21 09:18:29.215563+00:00,2026-08-21 19:27:57.550843+00:00,/nfs/data/sz_43/20260821/episode_20260821_091557_000_89ba50b1.npy.mp4
01a02399-c090-7ca2-a039-5a174d2c22ab,industrial packing,completed,yam,yam_zed_0_61,33.4,liutao,,,,prod,2026-08-21 09:16:59.846290+00:00,2026-08-21 19:27:37.745872+00:00,/nfs/data/sz_43/20260821/episode_20260821_091434_000_971ceba5.npy.mp4
01a02398-ab38-71ee-b1d8-021ebe279bd5,industrial packing,completed,yam,yam_zed_0_61,37.1,liutao,,,,prod,2026-08-21 09:15:26.460809+00:00,2026-08-21 19:27:18.696938+00:00,/nfs/data/sz_43/20260821/episode_20260821_091323_000_3e71d830.npy.mp4
01a02397-3ff0-717c-9e69-f30fc264215d,industrial packing,completed,yam,yam_zed_0_61,39.2,liutao,,,,prod,2026-08-21 09:14:29.096606+00:00,2026-08-21 19:27:01.276182+00:00,/nfs/data/sz_43/20260821/episode_20260821_091150_000_6b901ec7.npy.mp4
01a02395-ec18-7168-b128-b38113b42394,industrial packing,completed,yam,yam_zed_0_61,44.7,liutao,,,,prod,2026-08-21 09:12:37.682909+00:00,2026-08-21 19:26:44.013790+00:00,/nfs/data/sz_43/20260821/episode_20260821_091023_000_8b21867c.npy.mp4
01a02394-bb68-7ead-b497-87f984a6b4c7,industrial packing,completed,yam,yam_zed_0_61,40.7,liutao,,,,prod,2026-08-21 09:11:41.386338+00:00,2026-08-21 19:26:26.624807+00:00,/nfs/data/sz_43/20260821/episode_20260821_090905_000_88e06d69.npy.mp4
01a02393-bd80-7299-a985-82ae97a90881,industrial packing,completed,yam,yam_zed_0_61,34.9,liutao,,,,prod,2026-08-21 09:10:31.008434+00:00,2026-08-21 19:26:06.965142+00:00,/nfs/data/sz_43/20260821/episode_20260821_090800_000_57c688dd.npy.mp4
01a02392-8500-7232-a8f1-8f77ba84b969,industrial packing,completed,yam,yam_zed_0_61,35.4,liutao,,,,prod,2026-08-21 09:09:10.647569+00:00,2026-08-21 19:25:16.845249+00:00,/nfs/data/sz_43/20260821/episode_20260821_090640_000_1d5c1830.npy.mp4
01a02391-44b0-7809-b992-85bab38a8e8b,industrial packing,completed,yam,yam_zed_0_61,37.7,liutao,,,,prod,2026-08-21 09:07:20.257356+00:00,2026-08-21 19:24:59.098439+00:00,/nfs/data/sz_43/20260821/episode_20260821_090518_000_7c8d1c9d.npy.mp4
01a02391-2958-7917-9b90-75c2155ed346,industrial packing,completed,yam,yam_zed_0_61,4.7,liutao,poor,,,prod,2026-08-21 09:06:24.669006+00:00,2026-08-21 19:21:37.302930+00:00,/nfs/data/sz_43/20260821/episode_20260821_090511_000_cdfb74e1.npy.mp4
01a0238f-5c68-7a71-ac07-8f0fac37c7a9,industrial packing,completed,yam,yam_zed_0_61,37.9,liutao,,,,prod,2026-08-21 09:05:48.380503+00:00,2026-08-21 19:21:24.873026+00:00,/nfs/data/sz_43/20260821/episode_20260821_090313_000_21097ca8.npy.mp4
01a0238e-23e8-7de5-9139-f22fdec6b1c7,industrial packing,completed,yam,yam_zed_0_61,41.3,liutao,,,,prod,2026-08-21 09:04:01.986690+00:00,2026-08-21 19:20:30.157166+00:00,/nfs/data/sz_43/20260821/episode_20260821_090153_000_5dff564e.npy.mp4
01a0238c-bc88-7d41-b91c-a3d98b19e224,industrial packing,completed,yam,yam_zed_0_61,34.2,liutao,,,,prod,2026-08-21 09:02:16.572080+00:00,2026-08-21 19:20:11.626508+00:00,/nfs/data/sz_43/20260821/episode_20260821_090021_000_10939527.npy.mp4
01a0238b-35e8-7b5d-b6fa-ad24c5dc7058,industrial packing,completed,yam,yam_zed_0_61,36.2,liutao,,,,prod,2026-08-21 09:00:39.152604+00:00,2026-08-21 19:19:53.127689+00:00,/nfs/data/sz_43/20260821/episode_20260821_085841_000_3355521d.npy.mp4
01a02389-da40-7917-8bdd-38ca7636ea02,industrial packing,completed,yam,yam_zed_0_61,38.1,liutao,,,,prod,2026-08-21 08:59:15.791318+00:00,2026-08-21 19:19:33.192734+00:00,/nfs/data/sz_43/20260821/episode_20260821_085712_000_72df7c7d.npy.mp4
01a02388-b548-7d4a-b64f-12a008b69f09,industrial packing,completed,yam,yam_zed_0_61,39.8,liutao,,,,prod,2026-08-21 08:58:35.497126+00:00,2026-08-21 19:19:06.034324+00:00,/nfs/data/sz_43/20260821/episode_20260821_085557_000_1ef4d2d8.npy.mp4
01a02386-30c0-7a7d-967b-37164c9da049,industrial packing,completed,yam,yam_zed_0_61,39.9,liutao,,,,prod,2026-08-21 08:55:47.744620+00:00,2026-08-21 19:17:39.885439+00:00,/nfs/data/sz_43/20260821/episode_20260821_085312_000_78ee50f0.npy.mp4
01a02385-65a0-79a8-a9f1-c54bc7a17557,industrial packing,completed,yam,yam_zed_0_61,36.6,liutao,,,,prod,2026-08-21 08:54:21.379533+00:00,2026-08-21 19:16:50.101700+00:00,/nfs/data/sz_43/20260821/episode_20260821_085220_000_8e7b64e9.npy.mp4
01a02383-42c0-7f70-ac1e-d7cc072ea911,industrial packing,completed,yam,yam_zed_0_61,38.0,liutao,,,,prod,2026-08-21 08:52:01.889458+00:00,2026-08-21 19:16:33.038417+00:00,/nfs/data/sz_43/20260821/episode_20260821_085000_000_142fe40a.npy.mp4
01a02382-6fd0-7222-9f39-e95c661c0c14,industrial packing,completed,yam,yam_zed_0_61,28.9,liutao,,,,prod,2026-08-21 08:51:24.597473+00:00,2026-08-21 19:16:13.997777+00:00,/nfs/data/sz_43/20260821/episode_20260821_084906_000_f7ee715e.npy.mp4
01a02380-1e10-78ef-9635-6a263541fc22,industrial packing,completed,yam,yam_zed_0_61,39.7,liutao,,,,prod,2026-08-21 08:48:38.072764+00:00,2026-08-21 19:15:56.917414+00:00,/nfs/data/sz_43/20260821/episode_20260821_084634_000_6d43f1ec.npy.mp4
01a0237e-be80-79b3-be1a-08e64537b734,industrial packing,completed,yam,yam_zed_0_61,32.6,liutao,,,,prod,2026-08-21 08:47:24.747661+00:00,2026-08-21 19:15:38.444042+00:00,/nfs/data/sz_43/20260821/episode_20260821_084504_000_c72b4f3a.npy.mp4
01a0237c-9f88-7d2d-92b4-8fce3ee6f03c,industrial packing,completed,yam,yam_zed_0_61,38.7,liutao,,,,prod,2026-08-21 08:45:19.334951+00:00,2026-08-21 19:12:14.230459+00:00,/nfs/data/sz_43/20260821/episode_20260821_084245_000_df1c004a.npy.mp4
01a0237a-49e0-7568-b43d-a20600e13385,industrial packing,completed,yam,yam_zed_0_61,40.4,liutao,,,,prod,2026-08-21 08:42:16.908627+00:00,2026-08-21 19:11:46.449840+00:00,/nfs/data/sz_43/20260821/episode_20260821_084012_000_d4ecfa9e.npy.mp4
01a02376-36e8-77a3-8022-1a5ff4b6b00b,industrial packing,completed,yam,yam_zed_0_61,39.7,liutao,,,,prod,2026-08-21 08:38:23.449400+00:00,2026-08-21 19:11:17.834811+00:00,/nfs/data/sz_43/20260821/episode_20260821_083545_000_6e854313.npy.mp4
01a02375-15d8-796d-ad59-63aa09ea6440,industrial packing,completed,yam,yam_zed_0_61,46.1,liutao,,,,prod,2026-08-21 08:36:37.053048+00:00,2026-08-21 19:09:30.633611+00:00,/nfs/data/sz_43/20260821/episode_20260821_083431_000_98b6873a.npy.mp4
01a02373-ba30-795c-b1bb-9b23bd6b1000,industrial packing,completed,yam,yam_zed_0_61,40.8,liutao,,,,prod,2026-08-21 08:35:33.738132+00:00,2026-08-21 19:04:53.471591+00:00,/nfs/data/sz_43/20260821/episode_20260821_083302_000_7631cb1d.npy.mp4
01a02371-aad8-7a50-a64c-12c1765373bb,industrial packing,completed,yam,yam_zed_0_61,34.0,liutao,,,,prod,2026-08-21 08:32:42.287770+00:00,2026-08-21 19:04:32.304662+00:00,/nfs/data/sz_43/20260821/episode_20260821_083047_000_bacf6875.npy.mp4
01a0236d-d278-740c-ac54-6ed2ba76234e,industrial packing,completed,yam,yam_zed_0_61,37.1,liutao,,,,prod,2026-08-21 08:28:35.804850+00:00,2026-08-21 19:04:11.872769+00:00,/nfs/data/sz_43/20260821/episode_20260821_082635_000_2fc85ca9.npy.mp4
01a02368-5ff0-73f5-9577-22f94003e36b,industrial packing,completed,yam,yam_zed_0_61,35.7,liutao,,,,prod,2026-08-21 08:22:39.254638+00:00,2026-08-21 19:03:51.963899+00:00,/nfs/data/sz_43/20260821/episode_20260821_082038_000_06c9dfaf.npy.mp4
01a02367-7d60-7564-a61a-0f02507793b1,industrial packing,completed,yam,yam_zed_0_61,30.8,liutao,,,,prod,2026-08-21 08:21:25.910346+00:00,2026-08-21 19:03:32.042827+00:00,/nfs/data/sz_43/20260821/episode_20260821_081940_000_cbd9a0f1.npy.mp4
01a02365-3b40-72c3-8f14-bc0a669804f4,industrial packing,completed,yam,yam_zed_0_61,46.2,liutao,,,,prod,2026-08-21 08:19:57.566243+00:00,2026-08-21 19:03:08.734614+00:00,/nfs/data/sz_43/20260821/episode_20260821_081712_000_d745b0da.npy.mp4
01a02363-e380-78ae-85d5-db88ed48ac73,industrial packing,completed,yam,yam_zed_0_61,36.4,liutao,,,,prod,2026-08-21 08:18:19.186094+00:00,2026-08-21 19:02:45.595588+00:00,/nfs/data/sz_43/20260821/episode_20260821_081544_000_8d50f1d0.npy.mp4
01a02362-5ce0-7b5b-a0da-7ded80d19a3c,industrial packing,completed,yam,yam_zed_0_61,39.7,liutao,,,,prod,2026-08-21 08:16:08.775239+00:00,2026-08-21 19:01:25.757782+00:00,/nfs/data/sz_43/20260821/episode_20260821_081404_000_68ed98a3.npy.mp4
01a02360-da28-72ed-8b83-f8ec65299a86,industrial packing,completed,yam,yam_zed_0_61,34.3,liutao,,,,prod,2026-08-21 08:14:18.416932+00:00,2026-08-21 18:58:56.903268+00:00,/nfs/data/sz_43/20260821/episode_20260821_081225_000_14f4ae85.npy.mp4
01a0235f-e028-72ad-b357-e45f70758216,industrial packing,completed,yam,yam_zed_0_61,37.1,liutao,,,,prod,2026-08-21 08:13:49.165345+00:00,2026-08-21 18:58:35.998053+00:00,/nfs/data/sz_43/20260821/episode_20260821_081121_000_cfd87a52.npy.mp4
01a0235e-7cb0-7e73-86f8-ac2ee6d3e814,industrial packing,completed,yam,yam_zed_0_61,42.6,liutao,,,,prod,2026-08-21 08:12:26.769371+00:00,2026-08-21 18:57:59.524281+00:00,/nfs/data/sz_43/20260821/episode_20260821_080950_000_222baed7.npy.mp4
01a0235b-e888-7ac8-ba7c-d53ca24029b1,industrial packing,completed,yam,yam_zed_0_61,35.8,liutao,,,,prod,2026-08-21 08:09:34.361289+00:00,2026-08-21 18:57:04.022638+00:00,/nfs/data/sz_43/20260821/episode_20260821_080701_000_269fd8a7.npy.mp4
01a02359-d548-763b-b193-4e1d8b272b1b,industrial packing,completed,yam,yam_zed_0_61,30.0,liutao,,,,prod,2026-08-21 08:07:08.949795+00:00,2026-08-21 18:56:44.051497+00:00,/nfs/data/sz_43/20260821/episode_20260821_080445_000_a2133fc1.npy.mp4
01a02357-8b58-740b-9dc9-cc1f5c3614c0,industrial packing,completed,yam,yam_zed_0_61,37.4,liutao,,,,prod,2026-08-21 08:04:12.481820+00:00,2026-08-21 18:56:25.762749+00:00,/nfs/data/sz_43/20260821/episode_20260821_080215_000_5cd052f6.npy.mp4
01a02355-7c00-78ec-8049-dea1bb6b3cec,industrial packing,completed,yam,yam_zed_0_61,54.7,liutao,,,,prod,2026-08-21 08:03:02.117190+00:00,2026-08-21 18:56:05.785963+00:00,/nfs/data/sz_43/20260821/episode_20260821_080000_000_c6250ee1.npy.mp4
01a02354-b0e0-70e1-bd2d-1d26f1bb2634,industrial packing,completed,yam,yam_zed_0_61,37.1,liutao,,,,prod,2026-08-21 08:01:34.731615+00:00,2026-08-21 18:55:46.315311+00:00,/nfs/data/sz_43/20260821/episode_20260821_075908_000_596d1fad.npy.mp4
01a02353-35f8-7238-9262-64184e06588b,industrial packing,completed,yam,yam_zed_0_61,32.0,liutao,,,,prod,2026-08-21 07:59:20.298303+00:00,2026-08-21 18:54:24.679762+00:00,/nfs/data/sz_43/20260821/episode_20260821_075731_000_b763b6cd.npy.mp4
01a02352-1cb8-76c3-99d3-b38c249a1065,industrial packing,completed,yam,yam_zed_0_61,35.9,liutao,,,,prod,2026-08-21 07:58:13.945252+00:00,2026-08-21 18:54:06.609846+00:00,/nfs/data/sz_43/20260821/episode_20260821_075619_000_179a2f39.npy.mp4
01a02350-d498-7a77-a43f-611fee96d3db,industrial packing,completed,yam,yam_zed_0_61,32.6,liutao,,,,prod,2026-08-21 07:56:47.562875+00:00,2026-08-21 18:53:48.159778+00:00,/nfs/data/sz_43/20260821/episode_20260821_075455_000_a115f5c1.npy.mp4
01a0234f-da98-7a28-98f0-e6a6fa6ed4ee,industrial packing,completed,yam,yam_zed_0_61,35.8,liutao,,,,prod,2026-08-21 07:55:46.250720+00:00,2026-08-21 18:53:30.185727+00:00,/nfs/data/sz_43/20260821/episode_20260821_075351_000_45f9a0f1.npy.mp4
01a0234d-e698-7001-baed-f6c7291c2f69,industrial packing,completed,yam,yam_zed_0_61,31.8,liutao,,,,prod,2026-08-21 07:53:28.764968+00:00,2026-08-21 18:53:11.906596+00:00,/nfs/data/sz_43/20260821/episode_20260821_075143_000_09971bea.npy.mp4
01a0234c-e4c8-7ee1-a0f8-ce3795b053e1,industrial packing,completed,yam,yam_zed_0_61,41.9,liutao,,,,prod,2026-08-21 07:53:10.458723+00:00,2026-08-21 18:52:37.512771+00:00,/nfs/data/sz_43/20260821/episode_20260821_075037_000_f59e3590.npy.mp4
01a0234b-6dc8-7c60-8d11-43428bf01579,industrial packing,completed,yam,yam_zed_0_61,34.1,liutao,,,,prod,2026-08-21 07:50:52.993130+00:00,2026-08-21 18:50:13.214713+00:00,/nfs/data/sz_43/20260821/episode_20260821_074901_000_db2c0015.npy.mp4
01a0234a-3d18-70a9-b8ec-ab99a400d4fb,industrial packing,completed,yam,yam_zed_0_61,32.3,liutao,,,,prod,2026-08-21 07:50:06.140277+00:00,2026-08-21 18:49:46.058180+00:00,/nfs/data/sz_43/20260821/episode_20260821_074743_000_b2948927.npy.mp4
01a02349-23d8-785a-a5ab-d9b18cadc395,industrial packing,completed,yam,yam_zed_0_61,39.3,liutao,,,,prod,2026-08-21 07:48:32.792982+00:00,2026-08-21 18:49:22.960564+00:00,/nfs/data/sz_43/20260821/episode_20260821_074631_000_a45c219d.npy.mp4
01a02347-faf8-7fea-935e-cb1c950046f5,industrial packing,completed,yam,yam_zed_0_61,37.4,liutao,,,,prod,2026-08-21 07:47:48.426528+00:00,2026-08-21 18:48:57.422356+00:00,/nfs/data/sz_43/20260821/episode_20260821_074515_000_6ac8fb99.npy.mp4
01a02345-7a58-702e-a3e3-43a7e4dfd257,industrial packing,completed,yam,yam_zed_0_61,31.2,liutao,,,,prod,2026-08-21 07:44:24.955487+00:00,2026-08-21 18:48:30.017503+00:00,/nfs/data/sz_43/20260821/episode_20260821_074231_000_4a952c57.npy.mp4
01a02341-4820-7812-8c0a-fd7b2836f7ec,industrial packing,completed,yam,yam_zed_0_61,41.6,liutao,,,,prod,2026-08-21 07:40:04.497478+00:00,2026-08-21 18:48:04.644790+00:00,/nfs/data/sz_43/20260821/episode_20260821_073756_000_c8b7077d.npy.mp4
01a0233f-9688-77cc-b70e-6f8ba42af528,industrial packing,completed,yam,yam_zed_0_61,35.9,liutao,,,,prod,2026-08-21 07:38:31.173739+00:00,2026-08-21 18:47:36.386390+00:00,/nfs/data/sz_43/20260821/episode_20260821_073605_000_86ea6973.npy.mp4
01a0233e-5638-730d-a929-8b5fdb91af97,industrial packing,completed,yam,yam_zed_0_61,33.5,liutao,,,,prod,2026-08-21 07:36:31.748782+00:00,2026-08-21 18:46:11.796470+00:00,/nfs/data/sz_43/20260821/episode_20260821_073443_000_da026615.npy.mp4
01a0233c-98e8-7b59-a3a3-1e34e28572bc,industrial packing,completed,yam,yam_zed_0_61,33.8,liutao,,,,prod,2026-08-21 07:34:46.359847+00:00,2026-08-21 18:45:47.977175+00:00,/nfs/data/sz_43/20260821/episode_20260821_073249_000_a9b369df.npy.mp4
01a0233b-54b0-7c16-b73c-daa7d0982665,industrial packing,completed,yam,yam_zed_0_61,43.4,liutao,,,,prod,2026-08-21 07:33:33.912598+00:00,2026-08-21 18:45:23.003379+00:00,/nfs/data/sz_43/20260821/episode_20260821_073126_000_8008587f.npy.mp4
01a0233a-52e0-79a3-9596-1410b5c556d9,industrial packing,completed,yam,yam_zed_0_61,35.5,liutao,,,,prod,2026-08-21 07:32:18.571989+00:00,2026-08-21 18:44:57.620599+00:00,/nfs/data/sz_43/20260821/episode_20260821_073020_000_346429c1.npy.mp4
01a02338-f350-79eb-b486-69726fa1b812,industrial packing,completed,yam,yam_zed_0_61,39.0,liutao,,,,prod,2026-08-21 07:30:55.188385+00:00,2026-08-21 18:44:37.974514+00:00,/nfs/data/sz_43/20260821/episode_20260821_072850_000_0f7f68c2.npy.mp4
01a02337-ce58-780f-9432-692a4b042342,industrial packing,completed,yam,yam_zed_0_61,33.1,liutao,,,,prod,2026-08-21 07:30:04.831270+00:00,2026-08-21 18:42:13.828615+00:00,/nfs/data/sz_43/20260821/episode_20260821_072735_000_bfbdf535.npy.mp4
01a02337-16c0-7e86-8900-2a09cf22a10b,industrial packing,completed,yam,yam_zed_0_61,30.8,liutao,,,,prod,2026-08-21 07:28:39.399813+00:00,2026-08-21 18:41:22.389282+00:00,/nfs/data/sz_43/20260821/episode_20260821_072648_000_27993be6.npy.mp4
01a02334-c500-765c-b049-385c1743d516,industrial packing,completed,yam,yam_zed_0_61,36.9,liutao,,,,prod,2026-08-21 07:26:50.934050+00:00,2026-08-21 18:41:04.562171+00:00,/nfs/data/sz_43/20260821/episode_20260821_072416_000_7425cef1.npy.mp4
01a02333-3e60-705a-9387-5c8730591adb,industrial packing,completed,yam,yam_zed_0_61,32.6,liutao,,,,prod,2026-08-21 07:24:29.460313+00:00,2026-08-21 18:39:42.694144+00:00,/nfs/data/sz_43/20260821/episode_20260821_072236_000_94c942fe.npy.mp4
01a02330-ae20-7947-8965-7044f87ac9f2,industrial packing,completed,yam,yam_zed_0_61,35.9,liutao,,,,prod,2026-08-21 07:22:14.015321+00:00,2026-08-21 18:36:46.264598+00:00,/nfs/data/sz_43/20260821/episode_20260821_071948_000_8617a856.npy.mp4
01a0232e-fc88-7021-baed-dae22e1417a8,industrial packing,completed,yam,yam_zed_0_61,33.4,liutao,,,,prod,2026-08-21 07:20:17.664380+00:00,2026-08-21 18:35:54.496729+00:00,/nfs/data/sz_43/20260821/episode_20260821_071757_000_8f0bc3f9.npy.mp4
01a0232e-3168-772c-877b-09a0f54089bb,industrial packing,completed,yam,yam_zed_0_61,25.4,liutao,,,,prod,2026-08-21 07:19:17.357483+00:00,2026-08-21 18:35:36.431124+00:00,/nfs/data/sz_43/20260821/episode_20260821_071705_000_dfc2b659.npy.mp4
01a0232b-f718-77f0-ac49-3ed103d6a858,industrial packing,completed,yam,yam_zed_0_61,38.3,liutao,,,,prod,2026-08-21 07:16:41.519392+00:00,2026-08-21 18:35:02.958930+00:00,/nfs/data/sz_43/20260821/episode_20260821_071439_000_fbea5347.npy.mp4
01a0232a-2258-7076-a190-3cb15c55181f,industrial packing,completed,yam,yam_zed_0_61,38.4,liutao,,,,prod,2026-08-21 07:14:43.914081+00:00,2026-08-21 18:33:05.491724+00:00,/nfs/data/sz_43/20260821/episode_20260821_071239_000_f7d2a62e.npy.mp4
01a02329-3be0-7e6d-bb5b-722de4c1d61b,industrial packing,completed,yam,yam_zed_0_61,38.8,liutao,,,,prod,2026-08-21 07:14:11.586062+00:00,2026-08-21 18:31:30.992632+00:00,/nfs/data/sz_43/20260821/episode_20260821_071140_000_f453c1e2.npy.mp4
01a02322-cf58-714c-a3c1-698a3e8cae92,industrial packing,completed,yam,yam_zed_0_61,34.2,liutao,,,,prod,2026-08-21 07:06:35.855317+00:00,2026-08-21 18:25:31.202531+00:00,/nfs/data/sz_43/20260821/episode_20260821_070439_000_2cdb8b44.npy.mp4
01a02321-3530-7a7f-b754-e83d9f876a0c,industrial packing,completed,yam,yam_zed_0_61,42.4,liutao,,,,prod,2026-08-21 07:05:31.397589+00:00,2026-08-21 18:25:05.916039+00:00,/nfs/data/sz_43/20260821/episode_20260821_070254_000_b381def6.npy.mp4
01a02317-0ba0-7a81-96dc-a5bf5323e67d,industrial packing,completed,yam,yam_zed_0_61,39.8,liutao,,,,prod,2026-08-21 06:54:23.654017+00:00,2026-08-21 18:24:05.158554+00:00,/nfs/data/sz_43/20260821/episode_20260821_065148_000_7cf1a697.npy.mp4
01a02315-aff8-7e0f-89dc-b943b2bb46e0,industrial packing,completed,yam,yam_zed_0_61,30.6,liutao,,,,prod,2026-08-21 06:52:06.148794+00:00,2026-08-21 18:21:41.648861+00:00,/nfs/data/sz_43/20260821/episode_20260821_065019_000_37bc6ead.npy.mp4
01a02314-aa40-7712-a1b9-e1d45c794f2d,industrial packing,completed,yam,yam_zed_0_61,30.3,liutao,,,,prod,2026-08-21 06:51:28.503014+00:00,2026-08-21 18:19:16.777523+00:00,/nfs/data/sz_43/20260821/episode_20260821_064912_000_a62881e7.npy.mp4
01a02313-bbf8-794d-b973-f5e0cfde1834,industrial packing,completed,yam,yam_zed_0_61,38.6,liutao,,,,prod,2026-08-21 06:50:06.755291+00:00,2026-08-21 18:18:48.636386+00:00,/nfs/data/sz_43/20260821/episode_20260821_064811_000_acfae828.npy.mp4
01a02312-ae70-7beb-bc6f-fab0c4103088,industrial packing,completed,yam,yam_zed_0_61,31.8,liutao,,,,prod,2026-08-21 06:48:48.862378+00:00,2026-08-21 18:17:25.200846+00:00,/nfs/data/sz_43/20260821/episode_20260821_064702_000_db7a4478.npy.mp4
01a02310-e568-7aac-a568-e3bb9dc05b44,industrial packing,completed,yam,yam_zed_0_61,32.1,liutao,,,,prod,2026-08-21 06:47:28.339477+00:00,2026-08-21 18:17:08.039526+00:00,/nfs/data/sz_43/20260821/episode_20260821_064505_000_75520fdd.npy.mp4
01a0230f-f720-7ca7-b47e-4219052c5b92,industrial packing,completed,yam,yam_zed_0_61,34.7,liutao,,,,prod,2026-08-21 06:45:56.886832+00:00,2026-08-21 18:16:50.715113+00:00,/nfs/data/sz_43/20260821/episode_20260821_064404_000_3f16c884.npy.mp4
01a0230f-2430-7338-ba32-fecf4339e944,industrial packing,completed,yam,yam_zed_0_61,34.6,liutao,,,,prod,2026-08-21 06:45:00.583063+00:00,2026-08-21 18:14:44.034926+00:00,/nfs/data/sz_43/20260821/episode_20260821_064310_000_257b0995.npy.mp4
01a0230e-4970-7658-a8b3-dc6b9ea06958,industrial packing,completed,yam,yam_zed_0_61,34.1,liutao,,,,prod,2026-08-21 06:44:04.293526+00:00,2026-08-21 18:14:21.369737+00:00,/nfs/data/sz_43/20260821/episode_20260821_064214_000_42be1af2.npy.mp4
01a0230d-47a0-7a66-98ba-c36aa13af74a,industrial packing,completed,yam,yam_zed_0_61,34.0,liutao,,,,prod,2026-08-21 06:43:35.013409+00:00,2026-08-21 18:13:58.733415+00:00,/nfs/data/sz_43/20260821/episode_20260821_064108_000_f8ba0c3f.npy.mp4
01a0230c-97d8-79aa-ad5a-618ba7415ad9,industrial packing,completed,yam,yam_zed_0_61,32.9,liutao,,,,prod,2026-08-21 06:42:10.597279+00:00,2026-08-21 18:12:54.013270+00:00,/nfs/data/sz_43/20260821/episode_20260821_064023_000_c34b0463.npy.mp4
01a0230b-4fb8-702a-b692-fb48b0e79ea2,industrial packing,completed,yam,yam_zed_0_61,33.7,liutao,,,,prod,2026-08-21 06:41:27.082456+00:00,2026-08-21 18:12:13.883872+00:00,/nfs/data/sz_43/20260821/episode_20260821_063859_000_1a62ec01.npy.mp4
01a0230a-9050-7297-9154-304f69f2caa9,industrial packing,completed,yam,yam_zed_0_61,33.6,liutao,,,,prod,2026-08-21 06:39:57.712761+00:00,2026-08-21 18:11:40.679314+00:00,/nfs/data/sz_43/20260821/episode_20260821_063810_000_633ff6ad.npy.mp4
01a02309-e858-7b68-ae51-dacdfc6020b3,industrial packing,completed,yam,yam_zed_0_61,32.6,liutao,,,,prod,2026-08-21 06:39:21.425513+00:00,2026-08-21 18:11:17.918598+00:00,/nfs/data/sz_43/20260821/episode_20260821_063727_000_c5c38a00.npy.mp4
01a02308-ee58-7d54-b726-e6b899914ac0,industrial packing,completed,yam,yam_zed_0_61,32.6,liutao,,,,prod,2026-08-21 06:38:47.171992+00:00,2026-08-21 18:10:57.739564+00:00,/nfs/data/sz_43/20260821/episode_20260821_063623_000_082548d1.npy.mp4
01a02306-8910-7bde-a483-9bfb7eaec47d,industrial packing,completed,yam,yam_zed_0_61,34.4,liutao,,,,prod,2026-08-21 06:36:14.759881+00:00,2026-08-21 18:10:38.582128+00:00,/nfs/data/sz_43/20260821/episode_20260821_063346_000_4b2c709c.npy.mp4
01a02305-8358-70f4-8669-b20921c82d0b,industrial packing,completed,yam,yam_zed_0_61,35.3,liutao,,,,prod,2026-08-21 06:35:02.414643+00:00,2026-08-21 18:10:18.135348+00:00,/nfs/data/sz_43/20260821/episode_20260821_063239_000_54f77af7.npy.mp4
01a02304-79b8-7858-93d5-9c582849711c,industrial packing,completed,yam,yam_zed_0_61,34.6,liutao,,,,prod,2026-08-21 06:33:29.085389+00:00,2026-08-21 18:09:54.946154+00:00,/nfs/data/sz_43/20260821/episode_20260821_063131_000_13a47b5c.npy.mp4
01a02303-d990-7b7a-a872-4c3a97aa0fac,industrial packing,completed,yam,yam_zed_0_61,30.8,liutao,,,,prod,2026-08-21 06:33:08.816276+00:00,2026-08-21 18:09:32.356754+00:00,/nfs/data/sz_43/20260821/episode_20260821_063050_000_e5b2b6dd.npy.mp4
01a02302-f318-7816-87d8-7bb530cbf003,industrial packing,completed,yam,yam_zed_0_61,2.2,liutao,poor,,,prod,2026-08-21 06:31:43.407113+00:00,2026-08-21 18:06:26.001707+00:00,/nfs/data/sz_43/20260821/episode_20260821_062951_000_5e67eee0.npy.mp4
01a02302-52f0-7a62-b5fa-6dc7619e7d05,industrial packing,completed,yam,yam_zed_0_61,37.1,liutao,,,,prod,2026-08-21 06:31:42.162001+00:00,2026-08-21 18:06:15.473339+00:00,/nfs/data/sz_43/20260821/episode_20260821_062910_000_880fd27c.npy.mp4
01a022fc-f008-7032-9dc3-1804d9f97685,industrial packing,completed,yam,yam_zed_0_61,49.9,liutao,,,,prod,2026-08-21 06:25:36.504630+00:00,2026-08-21 18:05:51.633536+00:00,/nfs/data/sz_43/20260821/episode_20260821_062317_000_069c82c0.npy.mp4
01a022fb-2700-7ce2-b443-64119cfd91df,industrial packing,completed,yam,yam_zed_0_61,30.8,liutao,,,,prod,2026-08-21 06:23:38.135301+00:00,2026-08-21 18:04:00.006666+00:00,/nfs/data/sz_43/20260821/episode_20260821_062120_000_8fba7992.npy.mp4
01a022fa-1590-763c-8576-0fc1159195b2,industrial packing,completed,yam,yam_zed_0_61,37.9,liutao,,,,prod,2026-08-21 06:22:05.783364+00:00,2026-08-21 18:03:37.995419+00:00,/nfs/data/sz_43/20260821/episode_20260821_062010_000_4985ddf7.npy.mp4
01a022f9-2f18-7683-a002-4945dc83a00b,industrial packing,completed,yam,yam_zed_0_61,44.7,liutao,,,,prod,2026-08-21 06:21:23.452223+00:00,2026-08-21 18:03:13.417734+00:00,/nfs/data/sz_43/20260821/episode_20260821_061911_000_7733a668.npy.mp4
01a022f8-2d48-788e-be73-410a6ed4ce44,industrial packing,completed,yam,yam_zed_0_61,41.2,liutao,,,,prod,2026-08-21 06:20:05.130250+00:00,2026-08-21 18:02:38.367342+00:00,/nfs/data/sz_43/20260821/episode_20260821_061805_000_95ae9b09.npy.mp4
01a022f7-69f8-7b95-8719-38bcf5f2cd7a,industrial packing,completed,yam,yam_zed_0_61,35.2,liutao,,,,prod,2026-08-21 06:19:38.870071+00:00,2026-08-21 18:02:10.401113+00:00,/nfs/data/sz_43/20260821/episode_20260821_061715_000_3b3edd48.npy.mp4
01a022f6-4118-7d84-8557-76627af17dd3,industrial packing,completed,yam,yam_zed_0_61,40.6,liutao,,,,prod,2026-08-21 06:18:00.296288+00:00,2026-08-21 18:01:38.924304+00:00,/nfs/data/sz_43/20260821/episode_20260821_061559_000_7335803a.npy.mp4
01a022f5-8d68-7b66-ada6-ffd16166e7e0,industrial packing,completed,yam,yam_zed_0_61,33.8,liutao,,,,prod,2026-08-21 06:18:01.516073+00:00,2026-08-21 17:59:04.520131+00:00,/nfs/data/sz_43/20260821/episode_20260821_061513_000_ef2a310e.npy.mp4
01a022f0-93f8-7aa4-ba6f-6ae55ba0d708,industrial packing,completed,yam,yam_zed_0_61,33.2,liutao,,,,prod,2026-08-21 06:11:45.817825+00:00,2026-08-21 17:58:38.791475+00:00,/nfs/data/sz_43/20260821/episode_20260821_060947_000_9b17d514.npy.mp4
01a022ee-d6a8-77ee-a478-0c6bb458ee20,industrial packing,completed,yam,yam_zed_0_61,31.5,liutao,,,,prod,2026-08-21 06:10:10.492322+00:00,2026-08-21 17:58:12.854772+00:00,/nfs/data/sz_43/20260821/episode_20260821_060753_000_ad16878f.npy.mp4
01a022ed-f030-79de-be62-08e692383f77,industrial packing,completed,yam,yam_zed_0_61,34.9,liutao,,,,prod,2026-08-21 06:08:53.194104+00:00,2026-08-21 17:57:46.055336+00:00,/nfs/data/sz_43/20260821/episode_20260821_060654_000_7b4b5372.npy.mp4
01a022ed-05d0-7012-917d-ce90b89c6fd9,industrial packing,completed,yam,yam_zed_0_61,35.7,liutao,,,,prod,2026-08-21 06:07:45.887592+00:00,2026-08-21 17:56:15.944659+00:00,/nfs/data/sz_43/20260821/episode_20260821_060554_000_2dafdb7c.npy.mp4
01a022ec-2b10-7550-aaa6-cbe402eb3c3e,industrial packing,completed,yam,yam_zed_0_61,30.3,liutao,,,,prod,2026-08-21 06:06:48.566120+00:00,2026-08-21 17:55:30.053700+00:00,/nfs/data/sz_43/20260821/episode_20260821_060458_000_3141f0ab.npy.mp4
01a022eb-38e0-7a08-ab0b-5bf8fd86fa7d,industrial packing,completed,yam,yam_zed_0_61,32.8,liutao,,,,prod,2026-08-21 06:06:15.314391+00:00,2026-08-21 17:54:47.951580+00:00,/nfs/data/sz_43/20260821/episode_20260821_060356_000_8f2e72e4.npy.mp4
01a022e9-73c0-7e91-b3b7-21afe3ffa37b,industrial packing,completed,yam,yam_zed_0_61,25.4,liutao,,,,prod,2026-08-21 06:04:14.944095+00:00,2026-08-21 17:54:03.080250+00:00,/nfs/data/sz_43/20260821/episode_20260821_060200_000_56eb0270.npy.mp4
01a022e8-ac88-792f-96c1-7ee685f01858,industrial packing,completed,yam,yam_zed_0_61,35.8,liutao,,,,prod,2026-08-21 06:03:09.649323+00:00,2026-08-21 17:53:27.183368+00:00,/nfs/data/sz_43/20260821/episode_20260821_060109_000_b4e3d3e5.npy.mp4
01a022e7-6850-7075-adae-283f88053c07,industrial packing,completed,yam,yam_zed_0_61,48.3,liutao,,,,prod,2026-08-21 06:02:06.334403+00:00,2026-08-21 17:53:05.542418+00:00,/nfs/data/sz_43/20260821/episode_20260821_055946_000_fac2c067.npy.mp4
01a022e4-cc58-7775-837f-a4b35cb5bf00,industrial packing,completed,yam,yam_zed_0_61,31.7,liutao,,,,prod,2026-08-21 05:58:46.935701+00:00,2026-08-21 17:51:36.811092+00:00,/nfs/data/sz_43/20260821/episode_20260821_055655_000_a251f716.npy.mp4
01a022e3-8ff0-71d5-b187-9dab83966162,industrial packing,completed,yam,yam_zed_0_61,36.3,liutao,,,,prod,2026-08-21 05:57:57.690680+00:00,2026-08-21 17:51:06.185091+00:00,/nfs/data/sz_43/20260821/episode_20260821_055534_000_1a694a51.npy.mp4
01a022e2-8e20-7fae-bc5e-da8fe3a6bf5d,industrial packing,completed,yam,yam_zed_0_61,32.4,liutao,,,,prod,2026-08-21 05:56:23.362753+00:00,2026-08-21 17:49:33.713310+00:00,/nfs/data/sz_43/20260821/episode_20260821_055428_000_145b52ff.npy.mp4
01a022e0-d0d0-7175-a995-204ee600172a,industrial packing,completed,yam,yam_zed_0_61,39.7,liutao,,,,prod,2026-08-21 05:54:42.030678+00:00,2026-08-21 17:47:18.908780+00:00,/nfs/data/sz_43/20260821/episode_20260821_055234_000_730ad251.npy.mp4
01a022df-cf00-7ec5-9f81-0a5814df0263,industrial packing,completed,yam,yam_zed_0_61,36.2,liutao,,,,prod,2026-08-21 05:53:21.660626+00:00,2026-08-21 17:46:00.938521+00:00,/nfs/data/sz_43/20260821/episode_20260821_055128_000_efdae747.npy.mp4
01a022df-1b50-77f5-8b76-0a5a61acc04c,industrial packing,completed,yam,yam_zed_0_61,36.3,liutao,,,,prod,2026-08-21 05:53:12.418108+00:00,2026-08-21 17:41:43.822661+00:00,/nfs/data/sz_43/20260821/episode_20260821_055042_000_82ebeecb.npy.mp4
01a022d1-e868-7d1a-bdaa-a2c75b7ed8b6,industrial packing,completed,yam,yam_zed_0_61,33.3,liutao,,,,prod,2026-08-21 05:38:12.740690+00:00,2026-08-21 17:37:02.705000+00:00,/nfs/data/sz_43/20260821/episode_20260821_053617_000_845cf5d7.npy.mp4
01a022cd-7b98-728b-ac16-0c2fca8557eb,industrial packing,completed,yam,yam_zed_0_61,34.1,liutao,,,,prod,2026-08-21 05:33:24.014601+00:00,2026-08-21 17:36:39.997383+00:00,/nfs/data/sz_43/20260821/episode_20260821_053127_000_a59b190c.npy.mp4
01a022cb-dd88-7ca5-bcd6-d87b047fe6bf,industrial packing,completed,yam,yam_zed_0_61,32.8,liutao,,,,prod,2026-08-21 05:31:32.687668+00:00,2026-08-21 17:21:52.052997+00:00,/nfs/data/sz_43/20260821/episode_20260821_052941_000_6e2aaacc.npy.mp4
01a022ca-85c8-7de4-a7d3-db8347c24352,industrial packing,completed,yam,yam_zed_0_61,40.2,liutao,,,,prod,2026-08-21 05:30:11.361711+00:00,2026-08-21 17:19:09.478704+00:00,/nfs/data/sz_43/20260821/episode_20260821_052813_000_0c14cf52.npy.mp4
01a022c9-baa8-7046-b81e-c96efac7f84c,industrial packing,completed,yam,yam_zed_0_61,36.1,liutao,,,,prod,2026-08-21 05:29:50.087782+00:00,2026-08-21 17:18:35.399097+00:00,/nfs/data/sz_43/20260821/episode_20260821_052721_000_4a2ef600.npy.mp4
01a022c7-e9d0-7fef-8aba-58b46397a646,industrial packing,completed,yam,yam_zed_0_61,38.1,liutao,,,,prod,2026-08-21 05:27:24.684974+00:00,2026-08-21 17:14:34.724296+00:00,/nfs/data/sz_43/20260821/episode_20260821_052522_000_1c65055a.npy.mp4
01a022c6-8270-7f87-afb5-ce76086017ea,industrial packing,completed,yam,yam_zed_0_61,39.4,liutao,,,,prod,2026-08-21 05:25:54.385674+00:00,2026-08-21 17:10:02.047828+00:00,/nfs/data/sz_43/20260821/episode_20260821_052350_000_a7b36d2d.npy.mp4
01a022c5-9040-76f8-b1e0-eaa0acd7c441,industrial packing,completed,yam,yam_zed_0_61,36.9,liutao,,,,prod,2026-08-21 05:24:50.099534+00:00,2026-08-21 16:57:18.047861+00:00,/nfs/data/sz_43/20260821/episode_20260821_052248_000_86a0c578.npy.mp4
01a022c4-b198-7736-abbf-a2c15106168e,industrial packing,completed,yam,yam_zed_0_61,39.1,liutao,,,,prod,2026-08-21 05:23:56.794379+00:00,2026-08-21 16:46:48.537834+00:00,/nfs/data/sz_43/20260821/episode_20260821_052151_000_ce424800.npy.mp4
01a022c3-dac0-70cc-93b7-fabd58d74340,industrial packing,completed,yam,yam_zed_0_61,42.1,liutao,,,,prod,2026-08-21 05:23:06.406485+00:00,2026-08-21 16:43:35.733894+00:00,/nfs/data/sz_43/20260821/episode_20260821_052056_000_348e1efa.npy.mp4
01a022c3-0000-7d63-8d78-3361dbac55fe,industrial packing,completed,yam,yam_zed_0_61,39.9,liutao,,,,prod,2026-08-21 05:22:36.107800+00:00,2026-08-21 16:34:14.505873+00:00,/nfs/data/sz_43/20260821/episode_20260821_052000_000_996ef962.npy.mp4
01a022c1-69c0-7297-9dc8-fe66f6532a7d,industrial packing,completed,yam,yam_zed_0_61,53.9,liutao,,,,prod,2026-08-21 05:21:24.767381+00:00,2026-08-21 16:30:38.260752+00:00,/nfs/data/sz_43/20260821/episode_20260821_051816_000_9fd7e7e0.npy.mp4
01a022c0-a670-7dc1-a18b-50312969de69,industrial packing,completed,yam,yam_zed_0_61,32.7,liutao,,,,prod,2026-08-21 05:19:21.704996+00:00,2026-08-21 16:22:40.783641+00:00,/nfs/data/sz_43/20260821/episode_20260821_051726_000_6fb4c8de.npy.mp4
01a022bf-5e50-7fd6-92f2-fff45b8a865b,industrial packing,completed,yam,yam_zed_0_61,38.1,liutao,,,,prod,2026-08-21 05:18:37.424056+00:00,2026-08-21 16:17:51.690470+00:00,/nfs/data/sz_43/20260821/episode_20260821_051602_000_359a1650.npy.mp4
01a022be-9b00-7672-94cd-928172b69c2a,industrial packing,completed,yam,yam_zed_0_61,36.8,liutao,,,,prod,2026-08-21 05:17:18.091091+00:00,2026-08-21 16:08:44.777750+00:00,/nfs/data/sz_43/20260821/episode_20260821_051512_000_448b741b.npy.mp4
01a022bd-8d78-738f-a071-d4edb5a503f5,industrial packing,completed,yam,yam_zed_0_61,39.0,liutao,,,,prod,2026-08-21 05:16:06.791687+00:00,2026-08-21 15:53:22.843787+00:00,/nfs/data/sz_43/20260821/episode_20260821_051403_000_af5731de.npy.mp4
01a022bc-7c08-7757-ba76-1fcce0815a25,industrial packing,completed,yam,yam_zed_0_61,44.4,liutao,,,,prod,2026-08-21 05:15:06.509977+00:00,2026-08-21 15:47:58.541763+00:00,/nfs/data/sz_43/20260821/episode_20260821_051253_000_d0f63ec6.npy.mp4
01a022bb-89d8-7254-92a8-3220e4f3818c,industrial packing,completed,yam,yam_zed_0_61,42.7,liutao,,,,prod,2026-08-21 05:14:04.186150+00:00,2026-08-21 15:38:31.589471+00:00,/nfs/data/sz_43/20260821/episode_20260821_051151_000_e9fdf2ff.npy.mp4
01a022ba-8bf0-7257-b24f-c7dbb887c39b,industrial packing,completed,yam,yam_zed_0_61,37.8,liutao,,,,prod,2026-08-21 05:12:46.840083+00:00,2026-08-21 15:32:04.405804+00:00,/nfs/data/sz_43/20260821/episode_20260821_051046_000_f8cd4d2f.npy.mp4
01a022b9-8250-7d88-9a20-5b13a232cc33,industrial packing,completed,yam,yam_zed_0_61,50.0,liutao,,,,prod,2026-08-21 05:11:58.531900+00:00,2026-08-21 15:24:57.298332+00:00,/nfs/data/sz_43/20260821/episode_20260821_050938_000_6032b5ba.npy.mp4
01a022b8-bb18-7d8a-88c7-d4a867d176a0,industrial packing,completed,yam,yam_zed_0_61,37.7,liutao,,,,prod,2026-08-21 05:10:47.204622+00:00,2026-08-21 15:15:22.542415+00:00,/nfs/data/sz_43/20260821/episode_20260821_050847_000_869f0b94.npy.mp4
01a022b7-dc70-7c9f-9d93-5ac67b339865,industrial packing,completed,yam,yam_zed_0_61,41.8,liutao,,,,prod,2026-08-21 05:10:29.928667+00:00,2026-08-21 15:05:08.707108+00:00,/nfs/data/sz_43/20260821/episode_20260821_050750_000_964693a0.npy.mp4
01a022b6-ea40-7be0-831b-d103f5e828b5,industrial packing,completed,yam,yam_zed_0_61,50.6,liutao,,,,prod,2026-08-21 05:09:11.599758+00:00,2026-08-21 14:50:22.214377+00:00,/nfs/data/sz_43/20260821/episode_20260821_050648_000_0183a3c9.npy.mp4
01a022b6-1368-765a-b083-1dd0e0f745e8,industrial packing,completed,yam,yam_zed_0_61,43.0,liutao,,,,prod,2026-08-21 05:08:00.289732+00:00,2026-08-21 14:33:41.950890+00:00,/nfs/data/sz_43/20260821/episode_20260821_050553_000_63edd14a.npy.mp4
01a022b4-3ea8-7fe8-8fd7-effcadd6e7a5,industrial packing,completed,yam,yam_zed_0_61,43.2,liutao,,,,prod,2026-08-21 05:06:03.860090+00:00,2026-08-21 14:27:25.849278+00:00,/nfs/data/sz_43/20260821/episode_20260821_050353_000_84c03551.npy.mp4
01a022b3-6fa0-78e9-a8e6-4778446e2ea8,industrial packing,completed,yam,yam_zed_0_61,38.4,liutao,,,,prod,2026-08-21 05:05:34.570757+00:00,2026-08-21 14:21:36.338053+00:00,/nfs/data/sz_43/20260821/episode_20260821_050300_000_94739109.npy.mp4
01a022b2-4aa8-7c8f-983b-438de9283d1f,industrial packing,completed,yam,yam_zed_0_61,32.6,liutao,,,,prod,2026-08-21 05:04:10.248806+00:00,2026-08-21 14:09:14.847947+00:00,/nfs/data/sz_43/20260821/episode_20260821_050145_000_f2462bad.npy.mp4
01a022b0-fea0-7462-b723-32afc60ef8a6,industrial packing,completed,yam,yam_zed_0_61,41.2,liutao,,,,prod,2026-08-21 05:02:27.897490+00:00,2026-08-21 14:00:33.844025+00:00,/nfs/data/sz_43/20260821/episode_20260821_050020_000_8c977012.npy.mp4
01a022af-e948-7c7b-ad33-1dcc0737b02c,industrial packing,completed,yam,yam_zed_0_61,33.1,liutao,,,,prod,2026-08-21 05:01:34.615741+00:00,2026-08-21 13:52:08.795917+00:00,/nfs/data/sz_43/20260821/episode_20260821_045909_000_4925e628.npy.mp4
01a022ad-fd18-7a92-86fd-00a91cc0b452,industrial packing,completed,yam,yam_zed_0_61,36.5,liutao,,,,prod,2026-08-21 04:59:33.247497+00:00,2026-08-21 13:45:34.940989+00:00,/nfs/data/sz_43/20260821/episode_20260821_045703_000_f7d40e98.npy.mp4
01a022ac-e3d8-73bd-a773-2807a94712cd,industrial packing,completed,yam,yam_zed_0_61,35.2,liutao,,,,prod,2026-08-21 04:57:47.914337+00:00,2026-08-21 13:39:16.334565+00:00,/nfs/data/sz_43/20260821/episode_20260821_045551_000_49c918fd.npy.mp4
01a022ab-f590-7d70-b99d-69b4d96055cc,industrial packing,completed,yam,yam_zed_0_61,36.7,liutao,,,,prod,2026-08-21 04:57:23.653598+00:00,2026-08-21 13:22:08.658498+00:00,/nfs/data/sz_43/20260821/episode_20260821_045450_000_f739363d.npy.mp4
01a022aa-9dd0-7359-80d0-cb401971963a,industrial packing,completed,yam,yam_zed_0_61,35.3,liutao,,,,prod,2026-08-21 04:55:50.252095+00:00,2026-08-21 13:01:50.898320+00:00,/nfs/data/sz_43/20260821/episode_20260821_045322_000_c4515ca2.npy.mp4
01a022a9-03a8-727e-a1b7-d3722d3aa86b,industrial packing,completed,yam,yam_zed_0_61,37.3,liutao,,,,prod,2026-08-21 04:54:02.872925+00:00,2026-08-21 12:53:42.101000+00:00,/nfs/data/sz_43/20260821/episode_20260821_045137_000_369404cd.npy.mp4
01a022a7-c740-7d87-b056-54fda566a317,industrial packing,completed,yam,yam_zed_0_61,39.0,liutao,,,,prod,2026-08-21 04:52:45.554050+00:00,2026-08-21 12:48:39.813358+00:00,/nfs/data/sz_43/20260821/episode_20260821_045016_000_264cc5d4.npy.mp4
01a022a6-9e60-73c2-a920-74ebf9269b95,industrial packing,completed,yam,yam_zed_0_61,53.7,liutao,,,,prod,2026-08-21 04:51:16.236507+00:00,2026-08-21 12:38:13.034229+00:00,/nfs/data/sz_43/20260821/episode_20260821_044900_000_603156b9.npy.mp4
01a022a5-8908-7ec2-946a-b4be807eacb2,industrial packing,completed,yam,yam_zed_0_61,43.3,liutao,,,,prod,2026-08-21 04:49:52.915754+00:00,2026-08-21 12:28:12.708447+00:00,/nfs/data/sz_43/20260821/episode_20260821_044749_000_45e99581.npy.mp4
01a022a4-b618-734a-96ad-6754c78b6c9d,industrial packing,completed,yam,yam_zed_0_61,42.8,liutao,,,,prod,2026-08-21 04:49:40.651551+00:00,2026-08-21 12:24:25.644409+00:00,/nfs/data/sz_43/20260821/episode_20260821_044655_000_3147bd41.npy.mp4
01a022a3-db58-7878-8e59-3f9afa55e30d,industrial packing,completed,yam,yam_zed_0_61,39.8,liutao,,,,prod,2026-08-21 04:48:28.299070+00:00,2026-08-21 12:13:56.983499+00:00,/nfs/data/sz_43/20260821/episode_20260821_044559_000_e030891a.npy.mp4
01a022a2-9ef0-7bc8-8c36-fe16127581c1,industrial packing,completed,yam,yam_zed_0_61,39.1,liutao,,,,prod,2026-08-21 04:46:37.927408+00:00,2026-08-21 12:12:27.477572+00:00,/nfs/data/sz_43/20260821/episode_20260821_044438_000_2b8c5b45.npy.mp4
01a022a1-f310-7fd3-9486-f1b66460d4fb,industrial packing,completed,yam,yam_zed_0_61,31.5,liutao,,,,prod,2026-08-21 04:46:12.643813+00:00,2026-08-21 12:02:30.800149+00:00,/nfs/data/sz_43/20260821/episode_20260821_044354_000_7e636ba0.npy.mp4
01a022a1-00e0-740d-9893-e006806b600b,industrial packing,completed,yam,yam_zed_0_61,29.6,liutao,,,,prod,2026-08-21 04:44:39.296550+00:00,2026-08-21 11:56:18.394762+00:00,/nfs/data/sz_43/20260821/episode_20260821_044252_000_ea793942.npy.mp4
01a0229f-8210-7928-911a-f915d9372f13,industrial packing,completed,yam,yam_zed_0_61,60.6,liutao,,,,prod,2026-08-21 04:43:50.008060+00:00,2026-08-21 11:46:36.085140+00:00,/nfs/data/sz_43/20260821/episode_20260821_044114_000_838341ff.npy.mp4
01a02284-7830-7b0b-a009-1f5632c26ba4,industrial packing,completed,yam,yam_zed_0_61,35.1,liutao,,,,prod,2026-08-21 04:13:37.838859+00:00,2026-08-21 11:32:09.541345+00:00,/nfs/data/sz_43/20260821/episode_20260821_041142_000_132b05a5.npy.mp4
01a02283-3bc8-72e9-ac02-3ad9b48838cc,industrial packing,completed,yam,yam_zed_0_61,41.1,liutao,,,,prod,2026-08-21 04:12:53.538121+00:00,2026-08-21 11:29:09.655892+00:00,/nfs/data/sz_43/20260821/episode_20260821_041021_000_2e5cc38a.npy.mp4
01a02282-0f00-7e18-b749-10bc9860ca65,industrial packing,completed,yam,yam_zed_0_61,34.4,liutao,,,,prod,2026-08-21 04:10:57.166145+00:00,2026-08-21 11:21:16.816258+00:00,/nfs/data/sz_43/20260821/episode_20260821_040904_000_7ee9d67c.npy.mp4
01a02280-edf0-79e0-aaf6-3d6b6f1ebbde,industrial packing,completed,yam,yam_zed_0_61,39.7,liutao,,,,prod,2026-08-21 04:10:24.900344+00:00,2026-08-21 10:58:35.876327+00:00,/nfs/data/sz_43/20260821/episode_20260821_040750_000_6ee27494.npy.mp4
01a0227f-a1e8-77b6-b5b8-34fc651a2c69,industrial packing,completed,yam,yam_zed_0_61,35.9,liutao,,,,prod,2026-08-21 04:08:53.463810+00:00,2026-08-21 10:47:20.372991+00:00,/nfs/data/sz_43/20260821/episode_20260821_040625_000_5dea15ea.npy.mp4
01a0227a-8550-79aa-acbb-7fdb4460898f,industrial packing,completed,yam,yam_zed_0_61,44.0,liutao,,,,prod,2026-08-21 04:02:54.955820+00:00,2026-08-21 10:39:45.506583+00:00,/nfs/data/sz_43/20260821/episode_20260821_040050_000_a838973f.npy.mp4
01a02279-c9d0-7cdc-8652-1b81b5d0f3eb,industrial packing,completed,yam,yam_zed_0_61,39.8,liutao,,,,prod,2026-08-21 04:02:41.731787+00:00,2026-08-21 10:25:39.546534+00:00,/nfs/data/sz_43/20260821/episode_20260821_040002_000_8eab1164.npy.mp4
01a02278-c418-701d-930d-f8fc03162414,industrial packing,completed,yam,yam_zed_0_61,45.1,liutao,,,,prod,2026-08-21 04:01:09.395216+00:00,2026-08-21 10:14:54.389574+00:00,/nfs/data/sz_43/20260821/episode_20260821_035855_000_24211fde.npy.mp4
01a02278-00c8-7835-bd92-6c0e1874c9b2,industrial packing,completed,yam,yam_zed_0_61,41.4,liutao,,,,prod,2026-08-21 04:00:16.091514+00:00,2026-08-21 10:05:16.821059+00:00,/nfs/data/sz_43/20260821/episode_20260821_035805_000_c991f977.npy.mp4
01a02277-4548-7fb2-9a9e-2a19d8215291,industrial packing,completed,yam,yam_zed_0_61,38.8,liutao,,,,prod,2026-08-21 03:59:47.837473+00:00,2026-08-21 09:53:52.251900+00:00,/nfs/data/sz_43/20260821/episode_20260821_035717_000_3dda9ca0.npy.mp4
01a02276-7640-7f7e-9ed5-e519d6bcf0a9,industrial packing,completed,yam,yam_zed_0_61,43.5,liutao,,,,prod,2026-08-21 03:58:25.452143+00:00,2026-08-21 09:39:50.682498+00:00,/nfs/data/sz_43/20260821/episode_20260821_035624_000_289afae1.npy.mp4
01a02275-8410-7a3a-95ea-49e9fec4ea76,industrial packing,completed,yam,yam_zed_0_61,45.3,liutao,,,,prod,2026-08-21 03:57:31.146495+00:00,2026-08-21 09:33:33.225361+00:00,/nfs/data/sz_43/20260821/episode_20260821_035522_000_a5ed170d.npy.mp4
01a02274-8240-7e92-87a5-1424f2d9df14,industrial packing,completed,yam,yam_zed_0_61,47.6,liutao,,,,prod,2026-08-21 03:56:35.866336+00:00,2026-08-21 09:23:27.934513+00:00,/nfs/data/sz_43/20260821/episode_20260821_035416_000_02aef7ae.npy.mp4
01a02273-b338-714f-868d-5d6e5eff557b,industrial packing,completed,yam,yam_zed_0_61,43.2,liutao,,,,prod,2026-08-21 03:55:26.572970+00:00,2026-08-21 09:16:29.248681+00:00,/nfs/data/sz_43/20260821/episode_20260821_035323_000_6f93a603.npy.mp4
01a02272-dc60-7e85-88bc-cf42c664a58c,industrial packing,completed,yam,yam_zed_0_61,44.4,liutao,,,,prod,2026-08-21 03:54:31.267439+00:00,2026-08-21 09:01:33.140487+00:00,/nfs/data/sz_43/20260821/episode_20260821_035228_000_1b2d8ea5.npy.mp4
01a02272-1910-7550-8371-db0f895ae227,industrial packing,completed,yam,yam_zed_0_61,39.9,liutao,,,,prod,2026-08-21 03:54:13.005705+00:00,2026-08-21 08:53:09.931878+00:00,/nfs/data/sz_43/20260821/episode_20260821_035138_000_aa202318.npy.mp4
01a02270-6778-7ef2-88ec-4d4d094f217d,industrial packing,completed,yam,yam_zed_0_61,44.5,liutao,,,,prod,2026-08-21 03:51:54.565395+00:00,2026-08-21 08:51:55.222343+00:00,/nfs/data/sz_43/20260821/episode_20260821_034947_000_4392ee18.npy.mp4
01a0226f-88d0-7aba-bdf0-1e0158c657cd,industrial packing,completed,yam,yam_zed_0_61,39.5,liutao,,,,prod,2026-08-21 03:50:56.320203+00:00,2026-08-21 08:42:14.242062+00:00,/nfs/data/sz_43/20260821/episode_20260821_034850_000_207b5561.npy.mp4
01a0226e-b9c8-745d-8be5-ec5eb1dd6df1,industrial packing,completed,yam,yam_zed_0_61,41.8,liutao,,,,prod,2026-08-21 03:50:39.085071+00:00,2026-08-21 08:30:54.015808+00:00,/nfs/data/sz_43/20260821/episode_20260821_034757_000_538679d5.npy.mp4
01a0226d-eac0-7989-9459-1a862d24047c,industrial packing,completed,yam,yam_zed_0_61,39.1,liutao,,,,prod,2026-08-21 03:49:09.739346+00:00,2026-08-21 08:24:06.305645+00:00,/nfs/data/sz_43/20260821/episode_20260821_034704_000_da0991c9.npy.mp4
01a0226d-2f40-7f9a-a31b-f3b2c5a0569a,industrial packing,completed,yam,yam_zed_0_61,38.0,liutao,,,,prod,2026-08-21 03:48:19.458526+00:00,2026-08-21 08:22:23.761704+00:00,/nfs/data/sz_43/20260821/episode_20260821_034616_000_38415631.npy.mp4
01a0226c-6bf0-7ec3-8e21-9e59f77d3872,industrial packing,completed,yam,yam_zed_0_61,38.8,liutao,,,,prod,2026-08-21 03:48:03.224797+00:00,2026-08-21 08:20:48.194058+00:00,/nfs/data/sz_43/20260821/episode_20260821_034526_000_c8b36734.npy.mp4
01a0226b-b458-71e4-a313-a7377553bf02,industrial packing,completed,yam,yam_zed_0_61,34.0,liutao,,,,prod,2026-08-21 03:46:30.883191+00:00,2026-08-21 08:17:02.240936+00:00,/nfs/data/sz_43/20260821/episode_20260821_034439_000_b9e260cf.npy.mp4
01a0226a-e168-76cf-85df-6025e585c84f,industrial packing,completed,yam,yam_zed_0_61,41.6,liutao,,,,prod,2026-08-21 03:45:54.580902+00:00,2026-08-21 08:16:36.151975+00:00,/nfs/data/sz_43/20260821/episode_20260821_034345_000_165fdb32.npy.mp4
01a02269-e380-7d6e-8312-212e0bec871f,industrial packing,completed,yam,yam_zed_0_61,45.0,liutao,,,,prod,2026-08-21 03:44:52.257450+00:00,2026-08-21 08:07:39.973475+00:00,/nfs/data/sz_43/20260821/episode_20260821_034240_000_469d1299.npy.mp4
01a02269-1090-72e5-aa8a-bc13bc01b85a,industrial packing,completed,yam,yam_zed_0_61,39.4,liutao,,,,prod,2026-08-21 03:44:15.974740+00:00,2026-08-21 08:00:43.362317+00:00,/nfs/data/sz_43/20260821/episode_20260821_034146_000_add0b900.npy.mp4
01a02268-2630-75d7-8490-0a91115f5ae4,industrial packing,completed,yam,yam_zed_0_61,31.2,liutao,,,,prod,2026-08-21 03:42:40.643464+00:00,2026-08-21 07:50:19.653726+00:00,/nfs/data/sz_43/20260821/episode_20260821_034046_000_2ad61831.npy.mp4
01a02266-f968-723e-b356-f7a223229599,industrial packing,completed,yam,yam_zed_0_61,41.9,liutao,,,,prod,2026-08-21 03:42:12.390937+00:00,2026-08-21 07:42:42.300257+00:00,/nfs/data/sz_43/20260821/episode_20260821_033929_000_3e018bfe.npy.mp4
01a02266-0350-7e37-bf45-81bf6d9a2c6e,industrial packing,completed,yam,yam_zed_0_61,35.0,liutao,,,,prod,2026-08-21 03:40:23.939462+00:00,2026-08-21 07:37:07.644933+00:00,/nfs/data/sz_43/20260821/episode_20260821_033826_000_dd25b48f.npy.mp4
01a02265-24a8-7a2e-8d40-db0b4b621670,industrial packing,completed,yam,yam_zed_0_61,31.7,liutao,,,,prod,2026-08-21 03:39:21.631084+00:00,2026-08-21 07:36:33.844112+00:00,/nfs/data/sz_43/20260821/episode_20260821_033729_000_d3be8952.npy.mp4
01a02264-6d10-7da0-ac79-3b3628f326c7,industrial packing,completed,yam,yam_zed_0_61,35.8,liutao,,,,prod,2026-08-21 03:39:13.379400+00:00,2026-08-21 07:29:25.494517+00:00,/nfs/data/sz_43/20260821/episode_20260821_033642_000_9c63a947.npy.mp4
01a02263-cce8-7b53-af9c-4ba5def848c6,industrial packing,completed,yam,yam_zed_0_61,28.6,liutao,,,,prod,2026-08-21 03:37:42.963344+00:00,2026-08-21 07:21:34.219796+00:00,/nfs/data/sz_43/20260821/episode_20260821_033601_000_59d9f6d0.npy.mp4
01a02261-d8e8-76ee-b4a4-b98fec3fcff1,industrial packing,completed,yam,yam_zed_0_61,35.6,liutao,,,,prod,2026-08-21 03:36:25.612003+00:00,2026-08-21 07:18:48.457452+00:00,/nfs/data/sz_43/20260821/episode_20260821_033353_000_e872ff1a.npy.mp4
01a02260-d330-7ad5-b0b2-512003b2d3c6,industrial packing,completed,yam,yam_zed_0_61,35.9,liutao,,,,prod,2026-08-21 03:34:45.276950+00:00,2026-08-21 07:13:03.605238+00:00,/nfs/data/sz_43/20260821/episode_20260821_033246_000_f2b3fa8b.npy.mp4
01a02260-2f20-70a8-845a-c1d01c1245b9,industrial packing,completed,yam,yam_zed_0_61,34.2,liutao,,,,prod,2026-08-21 03:34:34.033504+00:00,2026-08-21 07:04:51.703172+00:00,/nfs/data/sz_43/20260821/episode_20260821_033204_000_4e2807df.npy.mp4
01a0225d-b650-7987-a0c8-666fc87f233a,industrial packing,completed,yam,yam_zed_0_61,37.6,liutao,,,,prod,2026-08-21 03:31:23.601577+00:00,2026-08-21 07:02:31.759745+00:00,/nfs/data/sz_43/20260821/episode_20260821_032922_000_c91a50b5.npy.mp4
01a0225b-9f28-74fb-9222-cab1b676a2bc,industrial packing,completed,yam,yam_zed_0_61,44.0,liutao,,,,prod,2026-08-21 03:29:47.319916+00:00,2026-08-21 06:44:18.575143+00:00,/nfs/data/sz_43/20260821/episode_20260821_032705_000_0a84dc54.npy.mp4
01a02259-5538-77d6-900e-298ce7c4d2b0,industrial packing,completed,yam,yam_zed_0_61,27.4,liutao,,,,prod,2026-08-21 03:26:17.911254+00:00,2026-08-21 06:29:51.034729+00:00,/nfs/data/sz_43/20260821/episode_20260821_032435_000_05746e29.npy.mp4
01a02255-e650-7a3b-a334-8249b3f8ca47,industrial packing,completed,yam,yam_zed_0_61,36.6,liutao,,,,prod,2026-08-21 03:23:15.508947+00:00,2026-08-21 06:21:37.577589+00:00,/nfs/data/sz_43/20260821/episode_20260821_032050_000_9ac1d6b2.npy.mp4
01a02254-5fb0-77ee-a9db-988daa899e0d,industrial packing,completed,yam,yam_zed_0_61,35.4,liutao,,,,prod,2026-08-21 03:21:38.175954+00:00,2026-08-21 06:08:23.359907+00:00,/nfs/data/sz_43/20260821/episode_20260821_031910_000_2ee96a05.npy.mp4
01a02246-1388-7f49-861b-096d9a7b2f75,industrial packing,completed,yam,yam_zed_0_61,33.8,liutao,,,,prod,2026-08-21 03:05:57.387577+00:00,2026-08-21 05:58:05.291413+00:00,/nfs/data/sz_43/20260821/episode_20260821_030333_000_fb9b90f2.npy.mp4
01a02243-c5b0-7e89-9041-158aed99d1eb,industrial packing,completed,yam,yam_zed_0_61,49.3,liutao,,,,prod,2026-08-21 03:03:16.006660+00:00,2026-08-21 05:48:22.894750+00:00,/nfs/data/sz_43/20260821/episode_20260821_030102_000_fa67d2a7.npy.mp4
01a02241-50c8-70c0-aae7-3a6975af0c85,industrial packing,completed,yam,yam_zed_0_61,41.0,liutao,,,,prod,2026-08-21 03:00:30.670252+00:00,2026-08-21 05:33:26.631516+00:00,/nfs/data/sz_43/20260821/episode_20260821_025821_000_a25e32a7.npy.mp4
01a02240-08a8-7de7-a71e-07682396c0a8,industrial packing,completed,yam,yam_zed_0_61,47.5,liutao,,,,prod,2026-08-21 03:00:05.424343+00:00,2026-08-21 05:21:04.028252+00:00,/nfs/data/sz_43/20260821/episode_20260821_025657_000_610da358.npy.mp4
01a0223f-0ea8-76e0-9242-38cb3baa784a,industrial packing,completed,yam,yam_zed_0_61,42.7,liutao,,,,prod,2026-08-21 02:58:25.803338+00:00,2026-08-21 05:13:28.297886+00:00,/nfs/data/sz_43/20260821/episode_20260821_025553_000_af7dd822.npy.mp4
01a0223e-2830-7ccf-b504-bb69c518cba4,industrial packing,completed,yam,yam_zed_0_61,36.8,liutao,,,,prod,2026-08-21 02:56:49.495670+00:00,2026-08-21 05:08:44.912327+00:00,/nfs/data/sz_43/20260821/episode_20260821_025454_000_8475c271.npy.mp4
01a0223d-1aa8-77a8-a58d-00f7e285dc6a,industrial packing,completed,yam,yam_zed_0_61,40.1,liutao,,,,prod,2026-08-21 02:56:19.250797+00:00,2026-08-21 05:02:47.125526+00:00,/nfs/data/sz_43/20260821/episode_20260821_025345_000_c4d06567.npy.mp4
01a0223a-8e50-7c63-a62b-79a38d59f783,industrial packing,completed,yam,yam_zed_0_61,42.2,liutao,,,,prod,2026-08-21 02:53:05.825261+00:00,2026-08-21 04:54:56.217332+00:00,/nfs/data/sz_43/20260821/episode_20260821_025058_000_f80d81d0.npy.mp4
01a02239-a3f0-711c-9639-6965daf059d0,industrial packing,completed,yam,yam_zed_0_61,36.8,liutao,,,,prod,2026-08-21 02:51:55.570943+00:00,2026-08-21 04:49:19.402994+00:00,/nfs/data/sz_43/20260821/episode_20260821_024958_000_2754d05b.npy.mp4
01a02238-f428-7064-a243-1078070490b3,industrial packing,completed,yam,yam_zed_0_61,34.9,liutao,,,,prod,2026-08-21 02:51:13.304151+00:00,2026-08-21 04:44:43.963520+00:00,/nfs/data/sz_43/20260821/episode_20260821_024913_000_fcdebda3.npy.mp4
01a02238-1198-7bd8-a427-94d6f28cdded,industrial packing,completed,yam,yam_zed_0_61,37.7,liutao,,,,prod,2026-08-21 02:50:15.020942+00:00,2026-08-21 04:35:36.238128+00:00,/nfs/data/sz_43/20260821/episode_20260821_024815_000_1596ea62.npy.mp4
01a02237-0be0-7f09-be60-4908d980263f,industrial packing,completed,yam,yam_zed_0_61,34.3,liutao,,,,prod,2026-08-21 02:49:33.736778+00:00,2026-08-21 04:31:50.496248+00:00,/nfs/data/sz_43/20260821/episode_20260821_024708_000_e6abb699.npy.mp4
01a02235-a098-7a01-b48c-6e4b215e917d,industrial packing,completed,yam,yam_zed_0_61,36.8,liutao,,,,prod,2026-08-21 02:47:35.375061+00:00,2026-08-21 04:15:34.150842+00:00,/nfs/data/sz_43/20260821/episode_20260821_024535_000_9a7f24fa.npy.mp4
01a02234-b250-7796-88eb-bde746c3aecf,industrial packing,completed,yam,yam_zed_0_61,38.6,liutao,,,,prod,2026-08-21 02:46:37.099446+00:00,2026-08-21 04:05:03.608260+00:00,/nfs/data/sz_43/20260821/episode_20260821_024434_000_28032dd8.npy.mp4
01a02233-a4c8-79c3-9f31-a194e83fa722,industrial packing,completed,yam,yam_zed_0_61,36.6,liutao,,,,prod,2026-08-21 02:45:55.825074+00:00,2026-08-21 04:00:26.522922+00:00,/nfs/data/sz_43/20260821/episode_20260821_024325_000_3d15ddd3.npy.mp4
01a02232-c238-74dc-8637-915a3b5e81c1,industrial packing,completed,yam,yam_zed_0_61,40.0,liutao,,,,prod,2026-08-21 02:44:26.475975+00:00,2026-08-21 03:54:52.751464+00:00,/nfs/data/sz_43/20260821/episode_20260821_024227_000_e0b0b2a8.npy.mp4
01a02231-dfa8-71c0-9680-d704e51fee39,industrial packing,completed,yam,yam_zed_0_61,41.1,liutao,,,,prod,2026-08-21 02:44:00.191975+00:00,2026-08-21 03:50:41.014677+00:00,/nfs/data/sz_43/20260821/episode_20260821_024129_000_f1b20335.npy.mp4
01a02231-0cb8-7729-a3cf-100a4ca4559b,industrial packing,completed,yam,yam_zed_0_61,41.5,liutao,,,,prod,2026-08-21 02:42:34.862673+00:00,2026-08-21 03:36:25.137871+00:00,/nfs/data/sz_43/20260821/episode_20260821_024035_000_4ae74467.npy.mp4
01a02230-4d50-7b6b-b7f0-c7b2828d67c4,industrial packing,completed,yam,yam_zed_0_61,38.8,liutao,,,,prod,2026-08-21 02:41:50.588603+00:00,2026-08-21 03:27:28.704736+00:00,/nfs/data/sz_43/20260821/episode_20260821_023946_000_122013de.npy.mp4
01a0222f-8618-7fa2-8b0a-7eb056bd8425,industrial packing,completed,yam,yam_zed_0_61,40.0,liutao,,,,prod,2026-08-21 02:41:33.276113+00:00,2026-08-21 03:27:00.894738+00:00,/nfs/data/sz_43/20260821/episode_20260821_023855_000_effaa315.npy.mp4
01a0222d-24b8-7955-b52d-b6a056fc1d2e,industrial packing,completed,yam,yam_zed_0_61,39.1,liutao,,,,prod,2026-08-21 02:38:20.835370+00:00,2026-08-21 03:21:44.609194+00:00,/nfs/data/sz_43/20260821/episode_20260821_023619_000_c43e0fad.npy.mp4
01a0222a-4270-7441-b28e-ea0a89308ead,industrial packing,completed,yam,yam_zed_0_61,43.5,liutao,,,,prod,2026-08-21 02:35:21.468478+00:00,2026-08-21 03:12:00.192901+00:00,/nfs/data/sz_43/20260821/episode_20260821_023310_000_dd36c4f1.npy.mp4
01a02229-4c58-70d2-bfdb-af102701d31f,industrial packing,completed,yam,yam_zed_0_61,49.2,liutao,,,,prod,2026-08-21 02:34:55.215944+00:00,2026-08-21 03:06:41.920567+00:00,/nfs/data/sz_43/20260821/episode_20260821_023207_000_ad7de87b.npy.mp4
01a02228-2f30-7304-8949-9660a77189d1,industrial packing,completed,yam,yam_zed_0_61,43.6,liutao,,,,prod,2026-08-21 02:32:58.244939+00:00,2026-08-21 02:51:18.724807+00:00,/nfs/data/sz_43/20260821/episode_20260821_023054_000_67f94467.npy.mp4
01a02227-3530-7113-97af-f49700e5f4be,industrial packing,completed,yam,yam_zed_0_61,40.6,liutao,,,,prod,2026-08-21 02:32:32.986003+00:00,2026-08-21 02:44:03.105787+00:00,/nfs/data/sz_43/20260821/episode_20260821_022950_000_5a2ec1f8.npy.mp4
01a02225-fcb0-75c6-a2c8-75e21e3167fb,industrial packing,completed,yam,yam_zed_0_61,40.0,liutao,,,,prod,2026-08-21 02:30:28.371502+00:00,2026-08-21 02:37:18.285006+00:00,/nfs/data/sz_43/20260821/episode_20260821_022830_000_9845db4d.npy.mp4
01a02225-1e08-7769-b0b6-2a703da2b44f,industrial packing,completed,yam,yam_zed_0_61,42.5,liutao,,,,prod,2026-08-21 02:30:12.074464+00:00,2026-08-21 02:33:49.011362+00:00,/nfs/data/sz_43/20260821/episode_20260821_022733_000_1550c4f0.npy.mp4
01a01ddb-2400-746b-898e-ccf2cb9578af,industrial packing,completed,yam,yam_zed_0_61,46.5,liutao,good,,,prod,2026-08-20 06:30:35.093544+00:00,2026-08-21 01:59:13.543763+00:00,/nfs/data/sz_43/20260820/episode_20260820_062816_000_c5227e65.npy.mp4
01a01dda-4170-7e87-951a-cbb17ebbcbe0,industrial packing,completed,yam,yam_zed_0_61,48.1,liutao,good,,,prod,2026-08-20 06:29:35.783638+00:00,2026-08-21 01:59:13.432794+00:00,/nfs/data/sz_43/20260820/episode_20260820_062718_000_af625a8c.npy.mp4
01a01ddd-5a68-7d54-baaa-2459fe1353d1,industrial packing,completed,yam,yam_zed_0_61,44.5,liutao,good,,,prod,2026-08-20 06:32:53.710652+00:00,2026-08-21 01:59:06.489102+00:00,/nfs/data/sz_43/20260820/episode_20260820_063041_000_d55daa43.npy.mp4
01a01ddc-1e00-7e4d-9754-dbf9e1abddec,industrial packing,completed,yam,yam_zed_0_61,49.3,liutao,good,,,prod,2026-08-20 06:31:31.364335+00:00,2026-08-21 01:59:06.376241+00:00,/nfs/data/sz_43/20260820/episode_20260820_062920_000_be90af62.npy.mp4
01a01de2-1d28-7e1f-a32e-e5ca426acd39,industrial packing,completed,yam,yam_zed_0_61,50.5,liutao,good,,,prod,2026-08-20 06:38:11.088647+00:00,2026-08-21 01:59:05.976692+00:00,/nfs/data/sz_43/20260820/episode_20260820_063553_000_3e18d119.npy.mp4
01a01de4-9210-7968-87ad-c69fa5e48b18,industrial packing,completed,yam,yam_zed_0_61,46.6,liutao,good,,,prod,2026-08-20 06:41:20.470379+00:00,2026-08-21 01:59:05.822404+00:00,/nfs/data/sz_43/20260820/episode_20260820_063834_000_489f20cf.npy.mp4
01a01de5-d260-78ff-baa6-df486a9dbb5c,industrial packing,completed,yam,yam_zed_0_61,58.7,liutao,good,,,prod,2026-08-20 06:42:33.769045+00:00,2026-08-21 01:59:05.677776+00:00,/nfs/data/sz_43/20260820/episode_20260820_063956_000_153683aa.npy.mp4
01a01de7-0310-70de-b14c-8e6f1017b411,industrial packing,completed,yam,yam_zed_0_61,54.9,liutao,good,,,prod,2026-08-20 06:43:32.058366+00:00,2026-08-21 01:59:05.533014+00:00,/nfs/data/sz_43/20260820/episode_20260820_064114_000_0ab6782a.npy.mp4
01a01de8-5ad0-7575-a032-14b30dc2df24,industrial packing,completed,yam,yam_zed_0_61,56.0,liutao,good,,,prod,2026-08-20 06:45:37.449330+00:00,2026-08-21 01:59:05.494038+00:00,/nfs/data/sz_43/20260820/episode_20260820_064242_000_b86830f3.npy.mp4
01a01de9-d9a0-7d6f-bd1f-92c547400767,industrial packing,completed,yam,yam_zed_0_61,52.8,liutao,good,,,prod,2026-08-20 06:46:37.715023+00:00,2026-08-21 01:59:04.907333+00:00,/nfs/data/sz_43/20260820/episode_20260820_064420_000_de70aff1.npy.mp4
01a01deb-7b98-74d5-99cd-8014497d2514,industrial packing,completed,yam,yam_zed_0_61,48.5,liutao,good,,,prod,2026-08-20 06:48:51.125441+00:00,2026-08-21 01:59:04.835839+00:00,/nfs/data/sz_43/20260820/episode_20260820_064607_000_0f61e48e.npy.mp4
01a01dee-2b18-7c0b-9a1d-525f62220cbf,industrial packing,completed,yam,yam_zed_0_61,48.8,liutao,good,,,prod,2026-08-20 06:51:23.436484+00:00,2026-08-21 01:59:04.688860+00:00,/nfs/data/sz_43/20260820/episode_20260820_064903_000_612fb01f.npy.mp4
01a01def-6780-7d39-a1b1-06b4a9a2d18d,industrial packing,completed,yam,yam_zed_0_61,58.5,liutao,good,,,prod,2026-08-20 06:53:29.807060+00:00,2026-08-21 01:59:04.543982+00:00,/nfs/data/sz_43/20260820/episode_20260820_065024_000_8fd5dab4.npy.mp4
01a01df1-3470-7813-8605-f2d44f49333e,industrial packing,completed,yam,yam_zed_0_61,55.1,liutao,good,,,prod,2026-08-20 06:55:15.814043+00:00,2026-08-21 01:59:04.522175+00:00,/nfs/data/sz_43/20260820/episode_20260820_065222_000_1abe10ff.npy.mp4
01a01df3-6ad8-74d9-938f-6e54d70b0850,industrial packing,completed,yam,yam_zed_0_61,50.5,liutao,good,,,prod,2026-08-20 06:57:43.231943+00:00,2026-08-21 01:59:03.913474+00:00,/nfs/data/sz_43/20260820/episode_20260820_065447_000_6a5121aa.npy.mp4
01a01df6-a6f8-7785-9979-187fc5760cdd,industrial packing,completed,yam,yam_zed_0_61,44.2,liutao,good,,,prod,2026-08-20 07:00:28.533848+00:00,2026-08-21 01:59:03.884964+00:00,/nfs/data/sz_43/20260820/episode_20260820_065819_000_9f1fad96.npy.mp4
01a01dfe-8e68-78a3-ab53-1100c07c0de0,industrial packing,completed,yam,yam_zed_0_61,54.9,liutao,good,,,prod,2026-08-20 07:09:16.217670+00:00,2026-08-21 01:59:03.714910+00:00,/nfs/data/sz_43/20260820/episode_20260820_070657_000_0607b82b.npy.mp4
01a01dfc-9680-72bc-9707-eb9e0a80d1ef,industrial packing,completed,yam,yam_zed_0_61,46.3,liutao,good,,,prod,2026-08-20 07:06:58.927579+00:00,2026-08-21 01:59:03.708127+00:00,/nfs/data/sz_43/20260820/episode_20260820_070448_000_a3bf8ad6.npy.mp4
01a01e01-41d0-7832-8160-90418dba2e1d,industrial packing,completed,yam,yam_zed_0_61,52.2,liutao,good,,,prod,2026-08-20 07:12:16.565303+00:00,2026-08-21 01:59:03.555678+00:00,/nfs/data/sz_43/20260820/episode_20260820_070954_000_04611966.npy.mp4
01a01e0d-3080-77c7-a11e-edeca7f7c04b,industrial packing,completed,yam,yam_zed_0_61,43.2,liutao,good,,,prod,2026-08-20 07:25:05.610993+00:00,2026-08-21 01:59:03.499318+00:00,/nfs/data/sz_43/20260820/episode_20260820_072256_000_1e538a81.npy.mp4
01a01e06-3f28-7640-87ae-7e851c527253,industrial packing,completed,yam,yam_zed_0_61,47.5,liutao,good,,,prod,2026-08-20 07:18:13.024298+00:00,2026-08-21 01:59:03.363414+00:00,/nfs/data/sz_43/20260820/episode_20260820_071521_000_31e1d499.npy.mp4
01a01e13-23f0-7834-86e5-fcf435b8a4a2,industrial packing,completed,yam,yam_zed_0_61,56.3,liutao,good,,,prod,2026-08-20 07:31:59.104266+00:00,2026-08-21 01:59:02.820380+00:00,/nfs/data/sz_43/20260820/episode_20260820_072926_000_f095958b.npy.mp4
01a01e16-0250-79d5-887b-34316cfe2b96,industrial packing,completed,yam,yam_zed_0_61,40.8,liutao,good,,,prod,2026-08-20 07:35:05.481324+00:00,2026-08-21 01:59:02.688529+00:00,/nfs/data/sz_43/20260820/episode_20260820_073234_000_6ce27836.npy.mp4
01a01e1e-4f50-7fc4-94dd-b41e002f16bb,industrial packing,completed,yam,yam_zed_0_61,42.4,liutao,good,,,prod,2026-08-20 07:44:21.083977+00:00,2026-08-21 01:59:02.659296+00:00,/nfs/data/sz_43/20260820/episode_20260820_074138_000_919d4752.npy.mp4
01a01e21-fcb8-7dd6-8ada-cced96aa6d58,industrial packing,completed,yam,yam_zed_0_61,41.7,liutao,good,,,prod,2026-08-20 07:48:17.561027+00:00,2026-08-21 01:59:02.507695+00:00,/nfs/data/sz_43/20260820/episode_20260820_074539_000_3e0ae0eb.npy.mp4
01a01e24-7970-7706-a8de-446e0e1725e1,industrial packing,completed,yam,yam_zed_0_61,46.0,liutao,good,,,prod,2026-08-20 07:50:38.975005+00:00,2026-08-21 01:59:02.006700+00:00,/nfs/data/sz_43/20260820/episode_20260820_074822_000_048c5f1c.npy.mp4
01a01e25-a638-7b73-a37c-f7dcf276fe80,industrial packing,completed,yam,yam_zed_0_61,43.1,liutao,good,,,prod,2026-08-20 07:51:42.276831+00:00,2026-08-21 01:59:01.865198+00:00,/nfs/data/sz_43/20260820/episode_20260820_074939_000_fe650d11.npy.mp4
01a01e29-b548-7615-b547-547b688dd80d,industrial packing,completed,yam,yam_zed_0_61,52.3,liutao,good,,,prod,2026-08-20 07:56:59.700791+00:00,2026-08-21 01:59:01.727604+00:00,/nfs/data/sz_43/20260820/episode_20260820_075405_000_76a8f2e9.npy.mp4
01a01e2f-2000-7aa2-b0ff-1d30e6201573,industrial packing,completed,yam,yam_zed_0_61,34.8,liutao,good,,,prod,2026-08-20 08:01:54.100644+00:00,2026-08-21 01:59:01.712352+00:00,/nfs/data/sz_43/20260820/episode_20260820_080000_000_58faa813.npy.mp4
01a01e30-8b48-762f-91d4-12be46cfdab6,industrial packing,completed,yam,yam_zed_0_61,51.3,liutao,good,,,prod,2026-08-20 08:04:17.446258+00:00,2026-08-21 01:59:01.643946+00:00,/nfs/data/sz_43/20260820/episode_20260820_080133_000_7275cc14.npy.mp4
01a01e32-bdc8-7069-9803-b6f789bc93d9,industrial packing,completed,yam,yam_zed_0_61,48.9,liutao,good,,,prod,2026-08-20 08:06:47.790368+00:00,2026-08-21 01:59:01.502942+00:00,/nfs/data/sz_43/20260820/episode_20260820_080357_000_ce22cdb0.npy.mp4
01a01e34-a610-7db6-bd85-731ba52b24f2,industrial packing,completed,yam,yam_zed_0_61,42.4,liutao,good,,,prod,2026-08-20 08:08:44.142722+00:00,2026-08-21 01:59:00.911010+00:00,/nfs/data/sz_43/20260820/episode_20260820_080602_000_4bf6ec76.npy.mp4
01a01e37-1710-744c-9786-5003ff1e251a,industrial packing,completed,yam,yam_zed_0_61,47.7,liutao,good,,,prod,2026-08-20 08:10:52.477542+00:00,2026-08-21 01:59:00.892175+00:00,/nfs/data/sz_43/20260820/episode_20260820_080842_000_6636c195.npy.mp4
01a01e3a-ff10-7037-8d0e-10f528826d58,industrial packing,completed,yam,yam_zed_0_61,36.7,liutao,good,,,prod,2026-08-20 08:14:59.096107+00:00,2026-08-21 01:59:00.710394+00:00,/nfs/data/sz_43/20260820/episode_20260820_081258_000_5760f770.npy.mp4
01a01e38-a198-7ca3-b00e-35515e728a0f,industrial packing,completed,yam,yam_zed_0_61,52.4,liutao,good,,,prod,2026-08-20 08:12:39.790356+00:00,2026-08-21 01:59:00.705934+00:00,/nfs/data/sz_43/20260820/episode_20260820_081023_000_3f1c3bdb.npy.mp4
01a01e40-1ba8-7a73-8bbb-9c08e5e5cff5,industrial packing,completed,yam,yam_zed_0_61,41.1,liutao,good,,,prod,2026-08-20 08:20:32.510212+00:00,2026-08-21 01:59:00.570902+00:00,/nfs/data/sz_43/20260820/episode_20260820_081833_000_10c6ac76.npy.mp4
01a01e42-36b8-7ca3-afd6-edc053014ab7,industrial packing,completed,yam,yam_zed_0_61,41.6,liutao,good,,,prod,2026-08-20 08:22:57.860620+00:00,2026-08-21 01:58:59.981939+00:00,/nfs/data/sz_43/20260820/episode_20260820_082051_000_d55e7715.npy.mp4
01a01e46-7890-7c18-9a09-974e2e1a17f4,industrial packing,completed,yam,yam_zed_0_61,41.4,liutao,good,,,prod,2026-08-20 08:27:38.333774+00:00,2026-08-21 01:58:59.965277+00:00,/nfs/data/sz_43/20260820/episode_20260820_082530_000_031e77c5.npy.mp4
01a01e47-95b8-77ac-9685-7c90d646b64d,industrial packing,completed,yam,yam_zed_0_61,41.4,liutao,good,,,prod,2026-08-20 08:28:53.694811+00:00,2026-08-21 01:58:59.837386+00:00,/nfs/data/sz_43/20260820/episode_20260820_082643_000_9b97ab7d.npy.mp4
01a01e49-4f20-76ab-908d-be148edd89ef,industrial packing,completed,yam,yam_zed_0_61,40.0,liutao,good,,,prod,2026-08-20 08:31:16.048742+00:00,2026-08-21 01:58:59.706455+00:00,/nfs/data/sz_43/20260820/episode_20260820_082836_000_86577498.npy.mp4
01a01e4b-9140-73a3-8e0b-d7f0ac055c4c,industrial packing,completed,yam,yam_zed_0_61,37.1,liutao,good,,,prod,2026-08-20 08:33:08.417259+00:00,2026-08-21 01:58:59.683360+00:00,/nfs/data/sz_43/20260820/episode_20260820_083104_000_621fcf75.npy.mp4
01a01e4c-d190-76a1-9028-734af30d74a1,industrial packing,completed,yam,yam_zed_0_61,35.0,liutao,good,,,prod,2026-08-20 08:34:19.769799+00:00,2026-08-21 01:58:59.659172+00:00,/nfs/data/sz_43/20260820/episode_20260820_083226_000_d259f864.npy.mp4
01a01e4e-92c8-74ae-a278-e28fa7d8dd5b,industrial packing,completed,yam,yam_zed_0_61,51.8,liutao,good,,,prod,2026-08-20 08:36:45.134100+00:00,2026-08-21 01:58:59.561061+00:00,/nfs/data/sz_43/20260820/episode_20260820_083421_000_5b03ca7c.npy.mp4
01a01e51-3690-7c37-9eb2-d49b6aa8429c,industrial packing,completed,yam,yam_zed_0_61,35.6,liutao,good,,,prod,2026-08-20 08:39:12.509054+00:00,2026-08-21 01:58:58.961000+00:00,/nfs/data/sz_43/20260820/episode_20260820_083714_000_a83ba48a.npy.mp4
01a01e52-6358-7b7f-868a-10f7d89e614d,industrial packing,completed,yam,yam_zed_0_61,34.7,liutao,good,,,prod,2026-08-20 08:41:02.857194+00:00,2026-08-21 01:58:58.820716+00:00,/nfs/data/sz_43/20260820/episode_20260820_083831_000_fe76920b.npy.mp4
01a01e54-5f28-7fd5-956a-5810e14087de,industrial packing,completed,yam,yam_zed_0_61,42.9,liutao,good,,,prod,2026-08-20 08:42:44.172559+00:00,2026-08-21 01:58:58.713866+00:00,/nfs/data/sz_43/20260820/episode_20260820_084041_000_d5986ed3.npy.mp4
01a01e58-fec0-7b89-9f66-ff5bc96f79cb,industrial packing,completed,yam,yam_zed_0_61,39.3,liutao,good,,,prod,2026-08-20 08:48:16.650820+00:00,2026-08-21 01:58:58.699576+00:00,/nfs/data/sz_43/20260820/episode_20260820_084544_000_94c15878.npy.mp4
01a01e5d-b9b0-7f40-9595-1eed0cda0498,industrial packing,completed,yam,yam_zed_0_61,36.9,liutao,good,,,prod,2026-08-20 08:52:51.030840+00:00,2026-08-21 01:58:58.578277+00:00,/nfs/data/sz_43/20260820/episode_20260820_085054_000_ca947244.npy.mp4
01a01e5f-5ba8-7faf-bacd-7530ec961dbb,industrial packing,completed,yam,yam_zed_0_61,34.7,liutao,good,,,prod,2026-08-20 08:55:04.396835+00:00,2026-08-21 01:58:58.393203+00:00,/nfs/data/sz_43/20260820/episode_20260820_085241_000_8fbe5047.npy.mp4
01a01e61-20c8-7090-a691-9bbb45013252,industrial packing,completed,yam,yam_zed_0_61,43.7,liutao,good,,,prod,2026-08-20 08:56:48.706273+00:00,2026-08-21 01:58:58.036188+00:00,/nfs/data/sz_43/20260820/episode_20260820_085437_000_d43f659b.npy.mp4
01a01e63-e7b8-7663-8672-8cd413076bcb,industrial packing,completed,yam,yam_zed_0_61,39.3,liutao,good,,,prod,2026-08-20 08:59:37.063022+00:00,2026-08-21 01:58:57.889188+00:00,/nfs/data/sz_43/20260820/episode_20260820_085739_000_bc9c13aa.npy.mp4
01a01e64-d600-7495-a2f7-77e2f6853777,industrial packing,completed,yam,yam_zed_0_61,47.9,liutao,good,,,prod,2026-08-20 09:00:49.394340+00:00,2026-08-21 01:58:57.746064+00:00,/nfs/data/sz_43/20260820/episode_20260820_085840_000_f6559bef.npy.mp4
01a01e68-3548-7911-be40-c33b5a8202a2,industrial packing,completed,yam,yam_zed_0_61,38.1,liutao,good,,,prod,2026-08-20 09:04:51.867144+00:00,2026-08-21 01:58:57.737547+00:00,/nfs/data/sz_43/20260820/episode_20260820_090221_000_852fd65f.npy.mp4
01a01e6b-b7b8-7ee8-9873-0010a8f61309,industrial packing,completed,yam,yam_zed_0_61,39.1,liutao,good,,,prod,2026-08-20 09:08:47.558749+00:00,2026-08-21 01:58:57.580061+00:00,/nfs/data/sz_43/20260820/episode_20260820_090611_000_3226d272.npy.mp4
01a01e70-bce0-7a2f-a4b2-9362f28281c4,industrial packing,completed,yam,yam_zed_0_61,63.4,liutao,good,,,prod,2026-08-20 09:14:08.963396+00:00,2026-08-21 01:58:57.010576+00:00,/nfs/data/sz_43/20260820/episode_20260820_091140_000_de68c90a.npy.mp4
01a01e79-dcd0-700e-b3ec-a8801cbca5d2,industrial packing,completed,yam,yam_zed_0_61,33.0,liutao,good,,,prod,2026-08-20 09:23:31.525660+00:00,2026-08-21 01:58:56.822615+00:00,/nfs/data/sz_43/20260820/episode_20260820_092138_000_404a5f63.npy.mp4
01a01e83-9130-7859-a96b-12a46f5de3b0,industrial packing,completed,yam,yam_zed_0_61,44.8,liutao,good,,,prod,2026-08-20 09:34:24.065251+00:00,2026-08-21 01:58:53.448353+00:00,/nfs/data/sz_43/20260820/episode_20260820_093214_000_f4edeecc.npy.mp4
01a01e86-5438-77fe-800f-18f21fc90cc4,industrial packing,completed,yam,yam_zed_0_61,41.3,liutao,good,,,prod,2026-08-20 09:37:49.509072+00:00,2026-08-21 01:58:53.007222+00:00,/nfs/data/sz_43/20260820/episode_20260820_093515_000_9ad7bec8.npy.mp4
01a01e89-26e0-731a-9f26-5943753d701a,industrial packing,completed,yam,yam_zed_0_61,46.2,liutao,good,,,prod,2026-08-20 09:40:35.909493+00:00,2026-08-21 01:58:52.865809+00:00,/nfs/data/sz_43/20260820/episode_20260820_093820_000_c298c1f2.npy.mp4
01a01e8d-0ee0-7e94-8726-550cdc7ac5f0,industrial packing,completed,yam,yam_zed_0_61,35.0,liutao,good,,,prod,2026-08-20 09:45:03.345438+00:00,2026-08-21 01:58:52.760544+00:00,/nfs/data/sz_43/20260820/episode_20260820_094236_000_afb1d410.npy.mp4
01a01e8d-ed88-7388-bf2d-4b5c07391790,industrial packing,completed,yam,yam_zed_0_61,46.7,liutao,good,,,prod,2026-08-20 09:45:49.641390+00:00,2026-08-21 01:58:52.719530+00:00,/nfs/data/sz_43/20260820/episode_20260820_094333_000_87c36efd.npy.mp4
01a01e92-0080-7196-805e-8e25a29389db,industrial packing,completed,yam,yam_zed_0_61,38.1,liutao,good,,,prod,2026-08-20 09:49:57.388060+00:00,2026-08-21 01:58:52.578661+00:00,/nfs/data/sz_43/20260820/episode_20260820_094800_000_bd38434d.npy.mp4
01a01e93-0638-70b5-a5e0-9c4eed649840,industrial packing,completed,yam,yam_zed_0_61,40.7,liutao,good,,,prod,2026-08-20 09:51:47.813020+00:00,2026-08-21 01:58:52.558819+00:00,/nfs/data/sz_43/20260820/episode_20260820_094907_000_4fec8e77.npy.mp4
01a01e90-0898-73cf-a490-2cd93bcf392d,industrial packing,completed,yam,yam_zed_0_61,39.9,liutao,good,,,prod,2026-08-20 09:48:27.044828+00:00,2026-08-21 01:58:52.432113+00:00,/nfs/data/sz_43/20260820/episode_20260820_094551_000_8be10076.npy.mp4
01a01e94-7180-7d17-9ef9-8fa77e86b513,industrial packing,completed,yam,yam_zed_0_61,52.4,liutao,good,,,prod,2026-08-20 09:52:58.091073+00:00,2026-08-21 01:58:51.909203+00:00,/nfs/data/sz_43/20260820/episode_20260820_095040_000_b660b5d3.npy.mp4
01a01e95-fff0-77ba-bb89-be7a7a09b433,industrial packing,completed,yam,yam_zed_0_61,35.5,liutao,good,,,prod,2026-08-20 09:54:53.484151+00:00,2026-08-21 01:58:51.766326+00:00,/nfs/data/sz_43/20260820/episode_20260820_095222_000_dfa1e2ca.npy.mp4
01a01e96-d2e0-7906-96b2-677e7db1d869,industrial packing,completed,yam,yam_zed_0_61,42.6,liutao,good,,,prod,2026-08-20 09:55:27.762664+00:00,2026-08-21 01:58:51.615767+00:00,/nfs/data/sz_43/20260820/episode_20260820_095316_000_6b15566d.npy.mp4
01a01e9a-5550-72b6-a7b8-a940c46905b4,industrial packing,completed,yam,yam_zed_0_61,45.4,liutao,good,,,prod,2026-08-20 09:59:17.159325+00:00,2026-08-21 01:58:51.591741+00:00,/nfs/data/sz_43/20260820/episode_20260820_095706_000_26b2f9e9.npy.mp4
01a01e9c-5120-756c-b8e6-ab9f7cf6857e,industrial packing,completed,yam,yam_zed_0_61,40.7,liutao,good,,,prod,2026-08-20 10:01:22.566341+00:00,2026-08-21 01:58:51.096607+00:00,/nfs/data/sz_43/20260820/episode_20260820_095916_000_9c5f5e0b.npy.mp4
01a01e9d-c820-7bfd-9132-24087284cad8,industrial packing,completed,yam,yam_zed_0_61,45.3,liutao,good,,,prod,2026-08-20 10:03:28.931643+00:00,2026-08-21 01:58:50.938435+00:00,/nfs/data/sz_43/20260820/episode_20260820_100052_000_64e8e165.npy.mp4
01a01e9f-6248-7e9a-9258-8f533eaf61f6,industrial packing,completed,yam,yam_zed_0_61,40.2,liutao,good,,,prod,2026-08-20 10:04:40.316207+00:00,2026-08-21 01:58:50.906742+00:00,/nfs/data/sz_43/20260820/episode_20260820_100237_000_d9b72163.npy.mp4
01a01ea0-fc70-768d-a8b0-47b421eb7899,industrial packing,completed,yam,yam_zed_0_61,42.2,liutao,good,,,prod,2026-08-20 10:07:02.702267+00:00,2026-08-21 01:58:50.766510+00:00,/nfs/data/sz_43/20260820/episode_20260820_100422_000_5a255050.npy.mp4
01a01ea2-4c60-7aa5-97a4-c57a0d044d3f,industrial packing,completed,yam,yam_zed_0_61,40.2,liutao,good,,,prod,2026-08-20 10:07:56.028978+00:00,2026-08-21 01:58:50.708601+00:00,/nfs/data/sz_43/20260820/episode_20260820_100548_000_66aed93c.npy.mp4
01a01ea4-8a98-7b46-8215-5159e4043c1a,industrial packing,completed,yam,yam_zed_0_61,36.8,liutao,good,,,prod,2026-08-20 10:10:13.384997+00:00,2026-08-21 01:58:50.656000+00:00,/nfs/data/sz_43/20260820/episode_20260820_100815_000_5e5c53c0.npy.mp4
01a01ea6-d870-700e-9306-2dc7ae308559,industrial packing,completed,yam,yam_zed_0_61,42.3,liutao,good,,,prod,2026-08-20 10:13:30.149655+00:00,2026-08-21 01:58:50.558729+00:00,/nfs/data/sz_43/20260820/episode_20260820_101046_000_2f544f03.npy.mp4
01a01ea5-f9c8-7ef2-b782-a5988cd29f9a,industrial packing,completed,yam,yam_zed_0_61,35.2,liutao,good,,,prod,2026-08-20 10:11:46.768032+00:00,2026-08-21 01:58:50.427482+00:00,/nfs/data/sz_43/20260820/episode_20260820_100949_000_cbf558ad.npy.mp4
01a01ea7-bb00-70d3-82dd-5562a85ccd7e,industrial packing,completed,yam,yam_zed_0_61,41.4,liutao,good,,,prod,2026-08-20 10:13:54.391152+00:00,2026-08-21 01:58:49.948614+00:00,/nfs/data/sz_43/20260820/episode_20260820_101144_000_13ad01d3.npy.mp4
01a01ea9-3200-706e-b5f4-2ad1671bbb2e,industrial packing,completed,yam,yam_zed_0_61,45.1,liutao,good,,,prod,2026-08-20 10:16:05.915010+00:00,2026-08-21 01:58:49.824927+00:00,/nfs/data/sz_43/20260820/episode_20260820_101320_000_3aeeefb5.npy.mp4
01a01eaa-5310-7506-87b2-ab13f9b26a6a,industrial packing,completed,yam,yam_zed_0_61,35.8,liutao,good,,,prod,2026-08-20 10:16:34.189039+00:00,2026-08-21 01:58:49.664215+00:00,/nfs/data/sz_43/20260820/episode_20260820_101434_000_cffaef0e.npy.mp4
01a01eab-3988-710e-a9a5-f2ea8af25137,industrial packing,completed,yam,yam_zed_0_61,36.8,liutao,good,,,prod,2026-08-20 10:18:04.518066+00:00,2026-08-21 01:58:49.589534+00:00,/nfs/data/sz_43/20260820/episode_20260820_101533_000_7d99d91a.npy.mp4
01a01eb2-55d8-705e-9a9f-8d2d54e52e77,industrial packing,completed,yam,yam_zed_0_61,31.3,liutao,good,,,prod,2026-08-20 10:25:47.122672+00:00,2026-08-21 01:58:49.371174+00:00,/nfs/data/sz_43/20260820/episode_20260820_102319_000_e9c0bcaf.npy.mp4
01a01eb3-82a0-7ea3-9ff4-47caa2da5faa,industrial packing,completed,yam,yam_zed_0_61,39.8,liutao,good,,,prod,2026-08-20 10:26:43.400995+00:00,2026-08-21 01:58:48.997816+00:00,/nfs/data/sz_43/20260820/episode_20260820_102436_000_92359b24.npy.mp4
01a01eb4-6148-7172-92b6-cd1147828f14,industrial packing,completed,yam,yam_zed_0_61,43.5,liutao,good,,,prod,2026-08-20 10:27:45.698279+00:00,2026-08-21 01:58:48.874675+00:00,/nfs/data/sz_43/20260820/episode_20260820_102533_000_209b456e.npy.mp4
01a01eb5-5f30-7392-ada6-6b29797684d9,industrial packing,completed,yam,yam_zed_0_61,46.3,liutao,good,,,prod,2026-08-20 10:28:54.018112+00:00,2026-08-21 01:58:48.735093+00:00,/nfs/data/sz_43/20260820/episode_20260820_102638_000_d7485eb2.npy.mp4
01a01eb7-5718-78b9-860a-a9817fee635b,industrial packing,completed,yam,yam_zed_0_61,42.3,liutao,good,,,prod,2026-08-20 10:30:56.663573+00:00,2026-08-21 01:58:48.724587+00:00,/nfs/data/sz_43/20260820/episode_20260820_102847_000_34c40085.npy.mp4
01a01eb8-c648-7d89-a4e4-d818570f91f5,industrial packing,completed,yam,yam_zed_0_61,42.8,liutao,good,,,prod,2026-08-20 10:32:33.026577+00:00,2026-08-21 01:58:48.615045+00:00,/nfs/data/sz_43/20260820/episode_20260820_103021_000_2b2bab30.npy.mp4
01a01eb6-7488-725b-bd84-e8f6f70c7396,industrial packing,completed,yam,yam_zed_0_61,42.7,liutao,good,,,prod,2026-08-20 10:30:00.382752+00:00,2026-08-21 01:58:48.571837+00:00,/nfs/data/sz_43/20260820/episode_20260820_102749_000_a7defec0.npy.mp4
01a01eba-29c0-7316-9f85-38bfb3b36a52,industrial packing,completed,yam,yam_zed_0_61,35.3,liutao,good,,,prod,2026-08-20 10:33:51.372352+00:00,2026-08-21 01:58:48.011673+00:00,/nfs/data/sz_43/20260820/episode_20260820_103152_000_0ac9445b.npy.mp4
01a01ebb-1420-7c03-b6a1-60f92c198354,industrial packing,completed,yam,yam_zed_0_61,42.2,liutao,good,,,prod,2026-08-20 10:35:01.677634+00:00,2026-08-21 01:58:47.832103+00:00,/nfs/data/sz_43/20260820/episode_20260820_103252_000_c8ae0371.npy.mp4
01a01ebc-6410-7462-a1d7-e870b8e1d6b9,industrial packing,completed,yam,yam_zed_0_61,46.8,liutao,good,,,prod,2026-08-20 10:37:07.064620+00:00,2026-08-21 01:58:47.772324+00:00,/nfs/data/sz_43/20260820/episode_20260820_103418_000_1aa654c3.npy.mp4
01a01ebd-8908-726d-a188-4526146d7e83,industrial packing,completed,yam,yam_zed_0_61,42.3,liutao,good,,,prod,2026-08-20 10:37:41.386773+00:00,2026-08-21 01:58:47.618077+00:00,/nfs/data/sz_43/20260820/episode_20260820_103533_000_13ae9d47.npy.mp4
01a01ebe-aa18-79e0-8b7c-6783b6d13f02,industrial packing,completed,yam,yam_zed_0_61,37.6,liutao,good,,,prod,2026-08-20 10:38:49.749914+00:00,2026-08-21 01:58:47.563892+00:00,/nfs/data/sz_43/20260820/episode_20260820_103647_000_23a8f30d.npy.mp4
01a01ebf-c358-77e5-b7b2-ce7fc77a3936,industrial packing,completed,yam,yam_zed_0_61,37.0,liutao,good,,,prod,2026-08-20 10:39:59.105295+00:00,2026-08-21 01:58:47.430535+00:00,/nfs/data/sz_43/20260820/episode_20260820_103759_000_894bc7a9.npy.mp4
01a01ec1-0b78-7427-89ee-e8f637d9393c,industrial packing,completed,yam,yam_zed_0_61,30.6,liutao,good,,,prod,2026-08-20 10:41:14.405768+00:00,2026-08-21 01:58:47.363773+00:00,/nfs/data/sz_43/20260820/episode_20260820_103923_000_db46e97b.npy.mp4
01a01ec1-e638-7636-9fa2-4451db7b7202,industrial packing,completed,yam,yam_zed_0_61,32.9,liutao,good,,,prod,2026-08-20 10:42:15.695274+00:00,2026-08-21 01:58:45.941682+00:00,/nfs/data/sz_43/20260820/episode_20260820_104019_000_38d644a9.npy.mp4
01a01ec3-16e8-786d-910f-d6ee41bc242d,industrial packing,completed,yam,yam_zed_0_61,33.1,liutao,good,,,prod,2026-08-20 10:43:32.017765+00:00,2026-08-21 01:58:45.786695+00:00,/nfs/data/sz_43/20260820/episode_20260820_104137_000_42aad974.npy.mp4
01a01ec4-2858-781d-9338-fb63280206b3,industrial packing,completed,yam,yam_zed_0_61,43.5,liutao,good,,,prod,2026-08-20 10:44:58.377441+00:00,2026-08-21 01:58:45.647944+00:00,/nfs/data/sz_43/20260820/episode_20260820_104247_000_866102dd.npy.mp4
01a01ec5-5138-712d-bfce-80e0ca6dfc17,industrial packing,completed,yam,yam_zed_0_61,35.4,liutao,good,,,prod,2026-08-20 10:46:01.737605+00:00,2026-08-21 01:58:45.631511+00:00,/nfs/data/sz_43/20260820/episode_20260820_104403_000_5fca9e0d.npy.mp4
01a01ec6-1870-78cd-9ab3-02237f2a8ae6,industrial packing,completed,yam,yam_zed_0_61,42.0,liutao,good,,,prod,2026-08-20 10:47:35.070461+00:00,2026-08-21 01:58:45.408828+00:00,/nfs/data/sz_43/20260820/episode_20260820_104454_000_960ebc58.npy.mp4
01a01ec7-1a40-70c8-a949-c9d6f583df70,industrial packing,completed,yam,yam_zed_0_61,39.5,liutao,good,,,prod,2026-08-20 10:48:07.329854+00:00,2026-08-21 01:58:45.376004+00:00,/nfs/data/sz_43/20260820/episode_20260820_104600_000_a9d6878f.npy.mp4
01a01ec8-e730-730e-8aa4-832da3c9f6d7,industrial packing,completed,yam,yam_zed_0_61,37.1,liutao,good,,,prod,2026-08-20 10:50:01.666166+00:00,2026-08-21 01:58:44.900553+00:00,/nfs/data/sz_43/20260820/episode_20260820_104758_000_7a40f633.npy.mp4
01a01eca-8158-7475-943f-1812198a9cef,industrial packing,completed,yam,yam_zed_0_61,36.8,liutao,good,,,prod,2026-08-20 10:52:16.990712+00:00,2026-08-21 01:58:44.712736+00:00,/nfs/data/sz_43/20260820/episode_20260820_104943_000_abd96bea.npy.mp4
