id,task_name,status,duration_s,overall_quality,data_purpose,nfs_path,created_at
01a0335f-de60-71e6-b3da-de78daf778b6,industrial packing,completed,45.8,good,prod,/nfs/data/sz_48/20260824/episode_20260824_104516_000_f1d1d92d.npy.mp4,2026-08-24 10:47:32.183991+00:00
01a0335c-aa10-7742-811e-af3fded54231,industrial packing,completed,53.7,good,prod,/nfs/data/sz_48/20260824/episode_20260824_104146_000_81a8b1ed.npy.mp4,2026-08-24 10:44:12.827893+00:00
01a0335b-d338-7784-a5d7-784513fb3706,industrial packing,completed,48.2,good,prod,/nfs/data/sz_48/20260824/episode_20260824_104051_000_4062acb8.npy.mp4,2026-08-24 10:43:10.551418+00:00
01a03357-7dd8-7de0-bbdf-64fb87713fa5,industrial packing,completed,50.2,good,prod,/nfs/data/sz_48/20260824/episode_20260824_103607_000_6740467a.npy.mp4,2026-08-24 10:38:29.064218+00:00
01a03356-9f30-743f-a812-5c4c7845c379,industrial packing,completed,48.4,good,prod,/nfs/data/sz_48/20260824/episode_20260824_103510_000_2afcd1c2.npy.mp4,2026-08-24 10:37:33.577541+00:00
01a03350-4248-73cf-aa6d-68af21817b10,industrial packing,completed,49.4,good,prod,/nfs/data/sz_48/20260824/episode_20260824_102813_000_f0e90477.npy.mp4,2026-08-24 10:30:32.030975+00:00
01a0334f-4078-7a41-ac01-318b9ff4da67,industrial packing,completed,55.5,good,prod,/nfs/data/sz_48/20260824/episode_20260824_102707_000_cf5c2e59.npy.mp4,2026-08-24 10:29:41.555094+00:00
01a0334e-4a60-7476-bf25-eed8d810cc8e,industrial packing,completed,55.6,good,prod,/nfs/data/sz_48/20260824/episode_20260824_102604_000_8f27124a.npy.mp4,2026-08-24 10:28:26.209494+00:00
01a0334d-5830-7c6e-873f-69e520793fef,industrial packing,completed,55.4,good,prod,/nfs/data/sz_48/20260824/episode_20260824_102502_000_20a60dc0.npy.mp4,2026-08-24 10:27:31.835034+00:00
01a0334c-6600-7fa6-bcb5-b8ae2ce48b35,industrial packing,completed,53.2,good,prod,/nfs/data/sz_48/20260824/episode_20260824_102400_000_f2e2ca33.npy.mp4,2026-08-24 10:26:31.448111+00:00
01a03346-dc08-7d23-babf-2bd5387adb29,industrial packing,completed,53.9,good,prod,/nfs/data/sz_48/20260824/episode_20260824_101757_000_faf94b7a.npy.mp4,2026-08-24 10:20:27.020398+00:00
01a03345-edc0-7090-8a9b-c4cb0c0cfef9,industrial packing,completed,51.8,good,prod,/nfs/data/sz_48/20260824/episode_20260824_101656_000_64a6b2bd.npy.mp4,2026-08-24 10:19:24.755229+00:00
01a03345-0748-748b-9473-3fd49e7641c4,industrial packing,completed,49.7,good,prod,/nfs/data/sz_48/20260824/episode_20260824_101557_000_ef9abe81.npy.mp4,2026-08-24 10:18:11.323876+00:00
01a03344-1518-71f2-9f16-bf03d1ced280,industrial packing,completed,53.4,good,prod,/nfs/data/sz_48/20260824/episode_20260824_101455_000_d0aa9e34.npy.mp4,2026-08-24 10:17:13.019904+00:00
01a03343-0f60-7d9b-82c3-3092c50804b4,industrial packing,completed,53.1,good,prod,/nfs/data/sz_48/20260824/episode_20260824_101348_000_cab5e678.npy.mp4,2026-08-24 10:16:09.745898+00:00
01a03337-c4c0-7613-bb7a-3165840a5c75,industrial packing,completed,53.7,good,prod,/nfs/data/sz_48/20260824/episode_20260824_100128_000_89a069a3.npy.mp4,2026-08-24 10:03:46.257165+00:00
01a03336-f1d0-745b-adf8-9b7754d81f60,industrial packing,completed,47.4,good,prod,/nfs/data/sz_48/20260824/episode_20260824_100034_000_946cc601.npy.mp4,2026-08-24 10:02:52.958725+00:00
01a03335-7300-7e59-bad9-68ca384a13c9,industrial packing,completed,50.5,good,prod,/nfs/data/sz_48/20260824/episode_20260824_095856_000_182cacfb.npy.mp4,2026-08-24 10:01:17.459287+00:00
01a03334-9840-781a-b476-4529bf2c2610,industrial packing,completed,40.9,good,prod,/nfs/data/sz_48/20260824/episode_20260824_095800_000_4011c1b2.npy.mp4,2026-08-24 10:00:06.967441+00:00
01a03332-f260-7348-871f-fbf65f878de3,industrial packing,completed,50.9,good,prod,/nfs/data/sz_48/20260824/episode_20260824_095612_000_8cd0a15f.npy.mp4,2026-08-24 09:58:34.554352+00:00
01a03331-f860-75c6-86b3-527e8d32cf15,industrial packing,completed,52.6,good,prod,/nfs/data/sz_48/20260824/episode_20260824_095508_000_862b6769.npy.mp4,2026-08-24 09:57:24.228104+00:00
01a03330-fe60-7a52-8975-98b6e354f732,industrial packing,completed,51.3,good,prod,/nfs/data/sz_48/20260824/episode_20260824_095404_000_80fd3d64.npy.mp4,2026-08-24 09:56:19.941280+00:00
01a03330-17e8-78a9-9098-60e27d17a41e,industrial packing,completed,49.4,good,prod,/nfs/data/sz_48/20260824/episode_20260824_095305_000_a9c8d6cc.npy.mp4,2026-08-24 09:55:16.658418+00:00
01a0332f-25b8-73d4-a9cf-1c99e9d26453,industrial packing,completed,54.1,good,prod,/nfs/data/sz_48/20260824/episode_20260824_095203_000_f5ae001b.npy.mp4,2026-08-24 09:54:24.381262+00:00
01a0332e-3f40-7954-8351-49c379307ac9,industrial packing,completed,50.4,good,prod,/nfs/data/sz_48/20260824/episode_20260824_095104_000_155f44eb.npy.mp4,2026-08-24 09:53:20.065343+00:00
01a03327-4230-7e64-afd2-e3a7b8159bcf,industrial packing,completed,51.9,good,prod,/nfs/data/sz_48/20260824/episode_20260824_094326_000_e02a7608.npy.mp4,2026-08-24 09:45:51.602171+00:00
01a03326-5bb8-77b4-b06e-1490bc8139db,industrial packing,completed,48.8,good,prod,/nfs/data/sz_48/20260824/episode_20260824_094227_000_458e6578.npy.mp4,2026-08-24 09:44:50.319473+00:00
01a03325-6988-76e9-81a2-6b1d59af2bbc,industrial packing,completed,51.9,good,prod,/nfs/data/sz_48/20260824/episode_20260824_094125_000_1708e6d3.npy.mp4,2026-08-24 09:43:43.988513+00:00
01a03324-8ec8-7108-9513-ff0c6d1e37ee,industrial packing,completed,48.6,good,prod,/nfs/data/sz_48/20260824/episode_20260824_094029_000_5ee4baa7.npy.mp4,2026-08-24 09:42:50.664318+00:00
01a03323-5e18-7e62-8ca1-d8771b81a655,industrial packing,completed,55.0,good,prod,/nfs/data/sz_48/20260824/episode_20260824_093911_000_f16dda6d.npy.mp4,2026-08-24 09:41:29.328897+00:00
01a03322-6800-7ef8-92a9-97d3221d0d50,industrial packing,completed,55.4,good,prod,/nfs/data/sz_48/20260824/episode_20260824_093808_000_95db8802.npy.mp4,2026-08-24 09:40:29.989418+00:00
01a03321-8188-7775-a97e-40064ddb8cc9,industrial packing,completed,52.4,good,prod,/nfs/data/sz_48/20260824/episode_20260824_093709_000_e3b7fb56.npy.mp4,2026-08-24 09:39:25.631125+00:00
01a03320-83a0-7b37-846e-6e97634d8a68,industrial packing,completed,56.1,good,prod,/nfs/data/sz_48/20260824/episode_20260824_093604_000_1b975282.npy.mp4,2026-08-24 09:38:27.336825+00:00
01a0331f-9170-77d9-b2c8-b6943c255bb5,industrial packing,completed,53.8,good,prod,/nfs/data/sz_48/20260824/episode_20260824_093502_000_a69d541f.npy.mp4,2026-08-24 09:37:32.054349+00:00
01a0331e-9388-7ac5-ba9d-77976802639c,industrial packing,completed,57.6,good,prod,/nfs/data/sz_48/20260824/episode_20260824_093357_000_52c22468.npy.mp4,2026-08-24 09:36:32.750000+00:00
01a0331d-91b8-72b9-84ed-36ee9898e368,industrial packing,completed,59.5,good,prod,/nfs/data/sz_48/20260824/episode_20260824_093251_000_b68fbfb1.npy.mp4,2026-08-24 09:35:32.412053+00:00
01a0331c-a370-71cb-ab3d-1b636e2e7532,industrial packing,completed,53.4,good,prod,/nfs/data/sz_48/20260824/episode_20260824_093150_000_94e6bb42.npy.mp4,2026-08-24 09:34:19.067393+00:00
01a0331b-cc98-7fd4-9d6d-4d5489f54260,industrial packing,completed,48.4,good,prod,/nfs/data/sz_48/20260824/episode_20260824_093055_000_d3dc31e5.npy.mp4,2026-08-24 09:33:15.758353+00:00
01a0331a-26b8-7f0c-aae4-0f3157656685,industrial packing,completed,50.7,good,prod,/nfs/data/sz_48/20260824/episode_20260824_092907_000_eca7a4a8.npy.mp4,2026-08-24 09:31:24.343868+00:00
01a03319-30a0-769c-a615-493e0652b90e,industrial packing,completed,56.3,good,prod,/nfs/data/sz_48/20260824/episode_20260824_092804_000_00ad0d88.npy.mp4,2026-08-24 09:30:27.051213+00:00
01a03318-36a0-77d0-9d39-a1155071f035,industrial packing,completed,53.5,good,prod,/nfs/data/sz_48/20260824/episode_20260824_092700_000_d66c2285.npy.mp4,2026-08-24 09:29:26.765725+00:00
01a0330b-0f70-7b23-be28-a20c540de91b,industrial packing,completed,45.8,good,prod,/nfs/data/sz_48/20260824/episode_20260824_091238_000_26f73abd.npy.mp4,2026-08-24 09:14:52.235003+00:00
01a0330a-05d0-7bef-bcd6-86d2e049e20e,industrial packing,completed,51.7,good,prod,/nfs/data/sz_48/20260824/episode_20260824_091130_000_800ae73c.npy.mp4,2026-08-24 09:13:47.968309+00:00
01a03309-36c8-70aa-9304-6929e35f76f3,industrial packing,completed,44.4,good,prod,/nfs/data/sz_48/20260824/episode_20260824_091037_000_dbfd6ef5.npy.mp4,2026-08-24 09:12:49.627289+00:00
01a03308-5050-7c7f-9bb3-b1382fc2374b,industrial packing,completed,49.3,good,prod,/nfs/data/sz_48/20260824/episode_20260824_090938_000_2417920f.npy.mp4,2026-08-24 09:11:51.312905+00:00
01a03307-5650-7273-99b7-92100422d299,industrial packing,completed,55.5,good,prod,/nfs/data/sz_48/20260824/episode_20260824_090834_000_6f4693c9.npy.mp4,2026-08-24 09:11:04.025580+00:00
01a03306-73c0-7a43-98ce-32d4cee7d5b5,industrial packing,completed,47.9,good,prod,/nfs/data/sz_48/20260824/episode_20260824_090736_000_5caddf0b.npy.mp4,2026-08-24 09:09:54.697323+00:00
01a03305-7da8-7686-98a7-6fb5afc943b8,industrial packing,completed,53.3,good,prod,/nfs/data/sz_48/20260824/episode_20260824_090633_000_7c68e3b4.npy.mp4,2026-08-24 09:09:03.385744+00:00
01a03304-9730-7e1e-ab37-771554ad12dd,industrial packing,completed,49.9,good,prod,/nfs/data/sz_48/20260824/episode_20260824_090534_000_22b071f0.npy.mp4,2026-08-24 09:07:59.037006+00:00
01a03303-b888-7771-a65c-f87f8982c759,industrial packing,completed,50.6,good,prod,/nfs/data/sz_48/20260824/episode_20260824_090437_000_eb244839.npy.mp4,2026-08-24 09:07:02.671352+00:00
01a03302-c270-771f-83bc-eb034b2df761,industrial packing,completed,48.7,good,prod,/nfs/data/sz_48/20260824/episode_20260824_090334_000_2b755c76.npy.mp4,2026-08-24 09:05:56.342373+00:00
01a03300-41d0-7fac-b8b8-a7f73c0d64f7,industrial packing,completed,56.3,good,prod,/nfs/data/sz_48/20260824/episode_20260824_090050_000_ea570ed4.npy.mp4,2026-08-24 09:03:19.587748+00:00
01a032ff-47d0-77f8-bb11-e2454c3be59a,industrial packing,completed,55.2,good,prod,/nfs/data/sz_48/20260824/episode_20260824_085946_000_48454ea0.npy.mp4,2026-08-24 09:02:16.283320+00:00
01a032fe-5988-7a9b-9984-7fa7ed538d9d,industrial packing,completed,50.0,good,prod,/nfs/data/sz_48/20260824/episode_20260824_085845_000_270d73f6.npy.mp4,2026-08-24 09:01:06.936665+00:00
01a032fd-2108-7940-aa11-1e17f159e0d0,industrial packing,completed,57.1,good,prod,/nfs/data/sz_48/20260824/episode_20260824_085725_000_7eef8cb4.npy.mp4,2026-08-24 08:59:49.576137+00:00
01a032fc-1f38-7026-842f-620416c85226,industrial packing,completed,51.4,good,prod,/nfs/data/sz_48/20260824/episode_20260824_085619_000_04f7d11d.npy.mp4,2026-08-24 08:58:40.193289+00:00
01a032eb-2778-731e-bf40-20c29944c835,industrial packing,completed,56.3,good,prod,/nfs/data/sz_48/20260824/episode_20260824_083747_000_a18292bf.npy.mp4,2026-08-24 08:40:21.064349+00:00
01a032ea-2990-7ef7-8712-07e3c01b92c4,industrial packing,completed,57.2,good,prod,/nfs/data/sz_48/20260824/episode_20260824_083642_000_58305502.npy.mp4,2026-08-24 08:39:16.734912+00:00
01a032e9-4700-7061-bbfe-1fd485321101,industrial packing,completed,51.0,good,prod,/nfs/data/sz_48/20260824/episode_20260824_083544_000_422aac1f.npy.mp4,2026-08-24 08:38:10.406052+00:00
01a032e8-6088-7ecf-8020-af883e6458a8,industrial packing,completed,50.5,good,prod,/nfs/data/sz_48/20260824/episode_20260824_083445_000_5c65b2f6.npy.mp4,2026-08-24 08:37:08.056795+00:00
01a032e2-a7b0-7cff-be46-c2acab313482,industrial packing,completed,46.5,good,prod,/nfs/data/sz_48/20260824/episode_20260824_082830_000_652477ac.npy.mp4,2026-08-24 08:30:45.609439+00:00
01a032e1-d8a8-72c6-8ddf-d571a7f91d28,industrial packing,completed,43.1,good,prod,/nfs/data/sz_48/20260824/episode_20260824_082737_000_d527aa4b.npy.mp4,2026-08-24 08:29:52.323615+00:00
01a032dd-19d0-783c-9a68-c7d5c904a6fc,industrial packing,completed,50.9,good,prod,/nfs/data/sz_48/20260824/episode_20260824_082226_000_acde9708.npy.mp4,2026-08-24 08:24:48.872415+00:00
01a032dc-23b8-7be9-8d1a-563abedd9839,industrial packing,completed,50.7,good,prod,/nfs/data/sz_48/20260824/episode_20260824_082123_000_a5dae90d.npy.mp4,2026-08-24 08:23:47.565597+00:00
01a032db-2da0-7b6d-a19d-beee490d2869,industrial packing,completed,54.0,good,prod,/nfs/data/sz_48/20260824/episode_20260824_082020_000_fd64ac63.npy.mp4,2026-08-24 08:22:40.255720+00:00
01a032da-3f58-76f7-b3c6-9499fd503e96,industrial packing,completed,52.6,good,prod,/nfs/data/sz_48/20260824/episode_20260824_081919_000_ce64d73f.npy.mp4,2026-08-24 08:21:45.951194+00:00
01a032d9-4558-7e0c-9768-8d7a4357718d,industrial packing,completed,53.0,good,prod,/nfs/data/sz_48/20260824/episode_20260824_081815_000_38b2d3f9.npy.mp4,2026-08-24 08:20:42.642326+00:00
01a032d8-4770-7d3b-94cb-e3d6644a8a81,industrial packing,completed,55.2,good,prod,/nfs/data/sz_48/20260824/episode_20260824_081710_000_3d869af2.npy.mp4,2026-08-24 08:19:39.343160+00:00
01a032d7-6cb0-763b-8409-f7c1162da9b1,industrial packing,completed,49.0,good,prod,/nfs/data/sz_48/20260824/episode_20260824_081614_000_ff63eeeb.npy.mp4,2026-08-24 08:18:34.977620+00:00
01a032ce-c5d8-79ee-a921-554d9c79eb46,industrial packing,completed,50.3,good,prod,/nfs/data/sz_48/20260824/episode_20260824_080647_000_31dc256e.npy.mp4,2026-08-24 08:09:08.448056+00:00
01a032cd-df60-7ca6-82eb-0050e2d4ecd7,industrial packing,completed,51.2,good,prod,/nfs/data/sz_48/20260824/episode_20260824_080548_000_ac491ef7.npy.mp4,2026-08-24 08:08:02.149374+00:00
01a032cc-e948-72b0-a2a3-7dfa0ab39121,industrial packing,completed,52.9,good,prod,/nfs/data/sz_48/20260824/episode_20260824_080445_000_1194a751.npy.mp4,2026-08-24 08:07:13.814528+00:00
01a032cb-f718-7937-b8d6-4b4038659c0e,industrial packing,completed,51.9,good,prod,/nfs/data/sz_48/20260824/episode_20260824_080343_000_2e69f82c.npy.mp4,2026-08-24 08:06:07.470287+00:00
01a032cb-10a0-7eec-8268-fc5dac827f66,industrial packing,completed,51.3,good,prod,/nfs/data/sz_48/20260824/episode_20260824_080244_000_58d99529.npy.mp4,2026-08-24 08:05:09.180182+00:00
01a032ca-2e10-783a-88c9-bb476e6ebcc6,industrial packing,completed,49.3,good,prod,/nfs/data/sz_48/20260824/episode_20260824_080146_000_d29b3838.npy.mp4,2026-08-24 08:04:05.870279+00:00
01a032c5-1d30-7e14-bc86-e685ef4d7a33,industrial packing,completed,49.7,good,prod,/nfs/data/sz_48/20260824/episode_20260824_075614_000_36af1ede.npy.mp4,2026-08-24 07:58:24.471193+00:00
01a032c3-d128-71a9-8da6-1f20756b2099,industrial packing,completed,52.6,good,prod,/nfs/data/sz_48/20260824/episode_20260824_075449_000_89f47ce4.npy.mp4,2026-08-24 07:57:12.189638+00:00
01a032c2-d340-76ce-820d-e591381d814e,industrial packing,completed,54.0,good,prod,/nfs/data/sz_48/20260824/episode_20260824_075344_000_a3aa1929.npy.mp4,2026-08-24 07:56:15.931166+00:00
01a032c1-d940-7b73-bb8a-749734d066ef,industrial packing,completed,56.5,good,prod,/nfs/data/sz_48/20260824/episode_20260824_075240_000_85f32bfb.npy.mp4,2026-08-24 07:55:16.635029+00:00
01a032c0-e710-78bc-84f5-b03210834cbc,industrial packing,completed,53.4,good,prod,/nfs/data/sz_48/20260824/episode_20260824_075138_000_03dacfac.npy.mp4,2026-08-24 07:54:05.329547+00:00
01a032c0-0098-7bb6-a2cc-5ec806c529ed,industrial packing,completed,51.6,good,prod,/nfs/data/sz_48/20260824/episode_20260824_075039_000_46149b2f.npy.mp4,2026-08-24 07:53:06.004032+00:00
01a032bd-7c10-7326-b11c-0f56e05cee85,industrial packing,completed,48.7,good,prod,/nfs/data/sz_48/20260824/episode_20260824_074754_000_f225478e.npy.mp4,2026-08-24 07:50:12.653097+00:00
01a032bc-91b0-7793-a339-ed4c93bf7753,industrial packing,completed,44.8,good,prod,/nfs/data/sz_48/20260824/episode_20260824_074654_000_6de03061.npy.mp4,2026-08-24 07:49:08.382672+00:00
01a032bb-bad8-7c4b-9209-338d194aa470,industrial packing,completed,46.2,good,prod,/nfs/data/sz_48/20260824/episode_20260824_074559_000_e982932b.npy.mp4,2026-08-24 07:48:14.035211+00:00
01a032ba-d078-782b-a0fd-afc87eec3260,industrial packing,completed,48.9,good,prod,/nfs/data/sz_48/20260824/episode_20260824_074459_000_d674f8ec.npy.mp4,2026-08-24 07:47:08.738454+00:00
01a032b9-e618-7211-9a13-1fe6ff47c1c6,industrial packing,completed,51.6,good,prod,/nfs/data/sz_48/20260824/episode_20260824_074359_000_07171569.npy.mp4,2026-08-24 07:46:27.441591+00:00
01a032b8-ffa0-7b19-a29e-401b2afa9403,industrial packing,completed,46.0,good,prod,/nfs/data/sz_48/20260824/episode_20260824_074300_000_90732c31.npy.mp4,2026-08-24 07:45:14.078909+00:00
01a032b8-0988-7d80-b2cf-9d34c1f612bd,industrial packing,completed,53.9,good,prod,/nfs/data/sz_48/20260824/episode_20260824_074157_000_5451ed2d.npy.mp4,2026-08-24 07:44:24.790130+00:00
01a032b7-1758-727c-9735-ffd4873e4e4f,industrial packing,completed,54.2,good,prod,/nfs/data/sz_48/20260824/episode_20260824_074055_000_c2eb57c2.npy.mp4,2026-08-24 07:43:15.433895+00:00
01a032b6-4080-7c7e-9272-0ed728daf4bc,industrial packing,completed,47.5,good,prod,/nfs/data/sz_48/20260824/episode_20260824_074000_000_6e75e906.npy.mp4,2026-08-24 07:42:16.113060+00:00
01a032b4-3510-798d-a3b6-acd8050570a8,industrial packing,completed,52.8,good,prod,/nfs/data/sz_48/20260824/episode_20260824_073746_000_297a7b47.npy.mp4,2026-08-24 07:40:08.792479+00:00
01a032b3-3ef8-7628-a794-1aadbd1796cc,industrial packing,completed,51.5,good,prod,/nfs/data/sz_48/20260824/episode_20260824_073643_000_5ab0a46e.npy.mp4,2026-08-24 07:39:08.536868+00:00
01a032b2-5880-769b-bf27-01b5e8c88d1f,industrial packing,completed,49.7,good,prod,/nfs/data/sz_48/20260824/episode_20260824_073544_000_79536c57.npy.mp4,2026-08-24 07:38:05.230491+00:00
01a032b1-75f0-7ae4-a15a-4025e3a2bd16,industrial packing,completed,50.1,good,prod,/nfs/data/sz_48/20260824/episode_20260824_073446_000_4b589a75.npy.mp4,2026-08-24 07:37:08.937873+00:00
01a032b0-87a8-7640-9037-6a41f15e9605,industrial packing,completed,53.5,good,prod,/nfs/data/sz_48/20260824/episode_20260824_073345_000_2fc08a74.npy.mp4,2026-08-24 07:36:16.579734+00:00
01a032a9-09b0-7b8d-8a8a-375384129929,industrial packing,completed,42.2,good,prod,/nfs/data/sz_48/20260824/episode_20260824_072534_000_f32485d8.npy.mp4,2026-08-24 07:27:42.052279+00:00
01a032a8-1b68-708a-af06-5d4570c9a765,industrial packing,completed,51.9,good,prod,/nfs/data/sz_48/20260824/episode_20260824_072433_000_ed3bbbdf.npy.mp4,2026-08-24 07:26:59.770506+00:00
01a032a7-3108-71b5-88e6-7637cea135ec,industrial packing,completed,51.3,good,prod,/nfs/data/sz_48/20260824/episode_20260824_072333_000_6e35a7fe.npy.mp4,2026-08-24 07:25:56.455671+00:00
01a032a5-8358-7ee3-b40d-6d5d688dd009,industrial packing,completed,44.2,good,prod,/nfs/data/sz_48/20260824/episode_20260824_072143_000_2abde9a2.npy.mp4,2026-08-24 07:23:54.059153+00:00
01a032a0-7660-7327-ab3f-f6d38f8368c8,industrial packing,completed,54.7,good,prod,/nfs/data/sz_48/20260824/episode_20260824_071612_000_4bc38cb8.npy.mp4,2026-08-24 07:18:41.628040+00:00
01a0329f-5d20-7a80-b2ca-3daf88018f1b,industrial packing,completed,56.2,good,prod,/nfs/data/sz_48/20260824/episode_20260824_071500_000_9ca2130c.npy.mp4,2026-08-24 07:17:33.341054+00:00
01a0329e-76a8-7545-97d5-05884c7fcf75,industrial packing,completed,50.5,good,prod,/nfs/data/sz_48/20260824/episode_20260824_071401_000_c738396a.npy.mp4,2026-08-24 07:16:22.991656+00:00
01a0329d-9418-742c-92d6-be09d76abf54,industrial packing,completed,50.0,good,prod,/nfs/data/sz_48/20260824/episode_20260824_071303_000_b58fdbeb.npy.mp4,2026-08-24 07:15:25.657661+00:00
01a0329c-6368-773f-a81c-7d0148e1944c,industrial packing,completed,63.8,good,prod,/nfs/data/sz_48/20260824/episode_20260824_071145_000_fd9ba680.npy.mp4,2026-08-24 07:14:18.350995+00:00
01a0329b-7520-7f30-a774-d5237d185011,industrial packing,completed,53.7,good,prod,/nfs/data/sz_48/20260824/episode_20260824_071044_000_7db0a22c.npy.mp4,2026-08-24 07:13:11.030735+00:00
01a03292-0ee0-70df-a06f-8c3b3a747ba0,industrial packing,completed,39.0,good,prod,/nfs/data/sz_48/20260824/episode_20260824_070028_000_37227908.npy.mp4,2026-08-24 07:02:30.594472+00:00
01a03291-1cb0-7c69-8b0c-98bb194d9311,industrial packing,completed,49.5,good,prod,/nfs/data/sz_48/20260824/episode_20260824_065926_000_4c50ccf8.npy.mp4,2026-08-24 07:01:50.321610+00:00
01a0328a-3ee0-701f-aba6-ef94b3f29094,industrial packing,completed,55.2,good,prod,/nfs/data/sz_48/20260824/episode_20260824_065156_000_4e3c53d2.npy.mp4,2026-08-24 06:54:23.919114+00:00
01a03288-eef0-7dc9-8d07-3184e27b7d32,industrial packing,completed,45.5,good,prod,/nfs/data/sz_48/20260824/episode_20260824_065030_000_da0a582d.npy.mp4,2026-08-24 06:52:35.630228+00:00
01a03287-e938-75a4-8d05-bdd9460a0991,industrial packing,completed,55.6,good,prod,/nfs/data/sz_48/20260824/episode_20260824_064923_000_09074c3a.npy.mp4,2026-08-24 06:51:55.360277+00:00
01a03286-fed8-70c7-8048-ab866be2c65a,industrial packing,completed,49.4,good,prod,/nfs/data/sz_48/20260824/episode_20260824_064823_000_e3bffee5.npy.mp4,2026-08-24 06:50:44.978477+00:00
01a03286-1860-707c-afd5-5eb7b0479535,industrial packing,completed,48.5,good,prod,/nfs/data/sz_48/20260824/episode_20260824_064724_000_870f3e6c.npy.mp4,2026-08-24 06:49:43.648105+00:00
01a03284-10d8-7051-a16c-7ab606f07b0c,industrial packing,completed,53.0,good,prod,/nfs/data/sz_48/20260824/episode_20260824_064511_000_973f5b5b.npy.mp4,2026-08-24 06:47:37.269548+00:00
01a03283-3de8-711a-b824-37f727fed3e1,industrial packing,completed,44.8,good,prod,/nfs/data/sz_48/20260824/episode_20260824_064417_000_a5e97583.npy.mp4,2026-08-24 06:46:29.965157+00:00
01a03282-6ee0-7b0b-b21f-5601cf502880,industrial packing,completed,42.4,good,prod,/nfs/data/sz_48/20260824/episode_20260824_064324_000_ee75e384.npy.mp4,2026-08-24 06:45:35.696606+00:00
01a03281-9038-7f03-949a-1ee5879cb76b,industrial packing,completed,48.7,good,prod,/nfs/data/sz_48/20260824/episode_20260824_064227_000_6a29d5f0.npy.mp4,2026-08-24 06:44:48.355304+00:00
01a03280-b578-73a6-8eac-03780ee0cd5e,industrial packing,completed,45.8,good,prod,/nfs/data/sz_48/20260824/episode_20260824_064131_000_e0b497e2.npy.mp4,2026-08-24 06:43:46.023995+00:00
01a0327f-dea0-767f-a2e8-68b768ccd356,industrial packing,completed,46.4,good,prod,/nfs/data/sz_48/20260824/episode_20260824_064036_000_71a18090.npy.mp4,2026-08-24 06:42:51.715621+00:00
01a0327e-fff8-73b2-8758-18eaece34e89,industrial packing,completed,48.4,good,prod,/nfs/data/sz_48/20260824/episode_20260824_063939_000_96e5f251.npy.mp4,2026-08-24 06:42:01.421316+00:00
01a0327e-05f8-79c7-b4b5-39657bfa128e,industrial packing,completed,56.4,good,prod,/nfs/data/sz_48/20260824/episode_20260824_063835_000_f31ccc82.npy.mp4,2026-08-24 06:41:10.107549+00:00
01a03275-6308-7873-aaa3-d6e8aaca3ecb,industrial packing,completed,48.4,good,prod,/nfs/data/sz_48/20260824/episode_20260824_062909_000_790d047f.npy.mp4,2026-08-24 06:31:29.523663+00:00
01a03274-8078-74e3-bf6b-7a4dda6b5480,industrial packing,completed,47.2,good,prod,/nfs/data/sz_48/20260824/episode_20260824_062811_000_c0c8b3fa.npy.mp4,2026-08-24 06:30:30.264801+00:00
01a03273-6b20-7718-87fb-d747663f7e1b,industrial packing,completed,37.4,good,prod,/nfs/data/sz_48/20260824/episode_20260824_062700_000_fd148036.npy.mp4,2026-08-24 06:29:03.920168+00:00
01a03272-7cd8-70c2-93f0-13051fb3fd38,industrial packing,completed,53.5,good,prod,/nfs/data/sz_48/20260824/episode_20260824_062559_000_b07090b8.npy.mp4,2026-08-24 06:28:29.658618+00:00
01a03271-8aa8-71a4-b1c7-ddf1f34e1122,industrial packing,completed,54.0,good,prod,/nfs/data/sz_48/20260824/episode_20260824_062457_000_27ae0f2d.npy.mp4,2026-08-24 06:27:25.352026+00:00
01a03270-a430-7667-9561-730561543739,industrial packing,completed,51.1,good,prod,/nfs/data/sz_48/20260824/episode_20260824_062358_000_e72acb8a.npy.mp4,2026-08-24 06:26:11.996656+00:00
01a0326f-c970-70a0-bb14-0f4adab8496d,industrial packing,completed,47.1,good,prod,/nfs/data/sz_48/20260824/episode_20260824_062302_000_6740af8e.npy.mp4,2026-08-24 06:25:18.708305+00:00
01a0326d-1608-7494-b3cc-47a191623c9d,industrial packing,completed,45.4,good,prod,/nfs/data/sz_48/20260824/episode_20260824_062005_000_d8ba95d5.npy.mp4,2026-08-24 06:22:10.346483+00:00
01a0326c-3378-74c3-aa38-e629b49fa717,industrial packing,completed,44.9,good,prod,/nfs/data/sz_48/20260824/episode_20260824_061907_000_d1eb8d8f.npy.mp4,2026-08-24 06:21:15.066241+00:00
01a0326b-31a8-7242-9eb0-c8fdbdf2e7fc,industrial packing,completed,50.4,good,prod,/nfs/data/sz_48/20260824/episode_20260824_061801_000_c2fde315.npy.mp4,2026-08-24 06:20:14.766749+00:00
01a0326a-2420-7c44-8eb8-ace14c51a1e1,industrial packing,completed,55.8,good,prod,/nfs/data/sz_48/20260824/episode_20260824_061652_000_28ce8665.npy.mp4,2026-08-24 06:19:16.475733+00:00
01a03269-2638-718d-a078-4f00f9f7450f,industrial packing,completed,52.1,good,prod,/nfs/data/sz_48/20260824/episode_20260824_061547_000_48bca651.npy.mp4,2026-08-24 06:18:02.173754+00:00
01a03261-2f28-7f05-89c3-0c6a9f2ab9bc,industrial packing,completed,50.9,good,prod,/nfs/data/sz_48/20260824/episode_20260824_060705_000_6ef58397.npy.mp4,2026-08-24 06:09:28.746534+00:00
01a03260-2d58-7206-96d4-6cb66244b018,industrial packing,completed,54.2,good,prod,/nfs/data/sz_48/20260824/episode_20260824_060559_000_b225303d.npy.mp4,2026-08-24 06:08:27.445972+00:00
01a0325f-3358-7ca2-b933-f50690877a89,industrial packing,completed,52.7,good,prod,/nfs/data/sz_48/20260824/episode_20260824_060455_000_082cb24b.npy.mp4,2026-08-24 06:07:13.138826+00:00
01a0325e-29b8-742e-8100-f21178a484bf,industrial packing,completed,55.8,good,prod,/nfs/data/sz_48/20260824/episode_20260824_060347_000_1d7d6b8f.npy.mp4,2026-08-24 06:06:09.812457+00:00
01a0325d-3b70-7484-8ba9-82cadaa82fef,industrial packing,completed,52.8,good,prod,/nfs/data/sz_48/20260824/episode_20260824_060246_000_3c5f886b.npy.mp4,2026-08-24 06:05:04.527403+00:00
01a0325c-4d28-73f2-aa1b-40189bf3504a,industrial packing,completed,53.7,good,prod,/nfs/data/sz_48/20260824/episode_20260824_060145_000_47365b12.npy.mp4,2026-08-24 06:04:06.219663+00:00
01a0325b-6e80-7be6-8b75-a01fcbfe1fb7,industrial packing,completed,50.8,good,prod,/nfs/data/sz_48/20260824/episode_20260824_060048_000_8469b9db.npy.mp4,2026-08-24 06:03:11.884799+00:00
01a03250-27c8-752c-b127-11e37aa2c26e,industrial packing,completed,58.6,good,prod,/nfs/data/sz_48/20260824/episode_20260824_054829_000_ec6f3093.npy.mp4,2026-08-24 05:50:54.313638+00:00
01a0324f-3980-7b86-b500-a80e00a10ecd,industrial packing,completed,51.6,good,prod,/nfs/data/sz_48/20260824/episode_20260824_054728_000_f1a0eb6f.npy.mp4,2026-08-24 05:49:55.001044+00:00
01a0324e-4f20-7008-bd55-33da2648227d,industrial packing,completed,50.2,good,prod,/nfs/data/sz_48/20260824/episode_20260824_054628_000_2fe142a2.npy.mp4,2026-08-24 05:48:41.724083+00:00
01a0324d-68a8-72c6-a4a6-8858940dda3b,industrial packing,completed,51.0,good,prod,/nfs/data/sz_48/20260824/episode_20260824_054529_000_8145a469.npy.mp4,2026-08-24 05:47:44.406442+00:00
01a0324c-7678-72c7-8e89-3b74586b7cda,industrial packing,completed,49.9,good,prod,/nfs/data/sz_48/20260824/episode_20260824_054427_000_a9cd5f7d.npy.mp4,2026-08-24 05:46:46.083547+00:00
01a031ff-2d50-7dc6-b61e-e7dcd855b514,industrial packing,completed,43.6,good,prod,/nfs/data/sz_48/20260824/episode_20260824_042002_000_f3b47a2f.npy.mp4,2026-08-24 04:22:12.527597+00:00
01a031fe-1fc8-7bf0-9dc6-cbe3204d8b00,industrial packing,completed,59.1,good,prod,/nfs/data/sz_48/20260824/episode_20260824_041853_000_c2b7a1ca.npy.mp4,2026-08-24 04:21:20.253323+00:00
01a031fd-29b0-7618-8848-2553b4921a66,industrial packing,completed,55.1,good,prod,/nfs/data/sz_48/20260824/episode_20260824_041750_000_3e985657.npy.mp4,2026-08-24 04:20:23.988770+00:00
01a031fc-3b68-7d34-b326-9da3ef78f7cb,industrial packing,completed,51.0,good,prod,/nfs/data/sz_48/20260824/episode_20260824_041649_000_280c50ec.npy.mp4,2026-08-24 04:19:03.715051+00:00
01a031fa-e3a8-71c0-895b-7be7c9c02453,industrial packing,completed,47.5,good,prod,/nfs/data/sz_48/20260824/episode_20260824_041521_000_42b1ccd8.npy.mp4,2026-08-24 04:17:40.412368+00:00
01a031f9-f560-7758-a4cb-1ebb8f4e1a2e,industrial packing,completed,51.9,good,prod,/nfs/data/sz_48/20260824/episode_20260824_041420_000_ea908ef9.npy.mp4,2026-08-24 04:16:36.113962+00:00
01a031f9-0718-7304-b2c3-605f851c073f,industrial packing,completed,50.7,good,prod,/nfs/data/sz_48/20260824/episode_20260824_041319_000_d721d881.npy.mp4,2026-08-24 04:15:32.792487+00:00
01a031f8-0930-78e8-a596-45d9fc90bf87,industrial packing,completed,52.1,good,prod,/nfs/data/sz_48/20260824/episode_20260824_041214_000_fd7f0885.npy.mp4,2026-08-24 04:14:39.428052+00:00
01a031f7-22b8-7bb2-af9e-78d3d507c20e,industrial packing,completed,53.3,good,prod,/nfs/data/sz_48/20260824/episode_20260824_041115_000_850e8c73.npy.mp4,2026-08-24 04:13:36.179183+00:00
01a031f6-24d0-7955-8570-197ae11a9293,industrial packing,completed,57.6,good,prod,/nfs/data/sz_48/20260824/episode_20260824_041010_000_c60464f2.npy.mp4,2026-08-24 04:12:36.874121+00:00
01a031f5-2eb8-7ea8-85a9-19569108e4f1,industrial packing,completed,57.1,good,prod,/nfs/data/sz_48/20260824/episode_20260824_040907_000_12bdaa2a.npy.mp4,2026-08-24 04:11:41.602846+00:00
01a031f4-2900-74fd-9263-f90d11954cae,industrial packing,completed,60.4,good,prod,/nfs/data/sz_48/20260824/episode_20260824_040800_000_56cfa46c.npy.mp4,2026-08-24 04:10:30.304523+00:00
01a031f2-f850-7539-afcc-8991e54058a6,industrial packing,completed,64.4,good,prod,/nfs/data/sz_48/20260824/episode_20260824_040642_000_d2628f93.npy.mp4,2026-08-24 04:09:24.027912+00:00
01a031ec-9f50-7e4a-ae67-fe7ac7143465,industrial packing,completed,59.8,good,prod,/nfs/data/sz_48/20260824/episode_20260824_035946_000_4c12307b.npy.mp4,2026-08-24 04:02:23.602731+00:00
01a031eb-9998-7c25-b4d1-bee53ba519d0,industrial packing,completed,60.7,good,prod,/nfs/data/sz_48/20260824/episode_20260824_035839_000_453a9b75.npy.mp4,2026-08-24 04:01:19.353050+00:00
01a031ea-8ff8-7864-b73c-c4ac6c2a4350,industrial packing,completed,61.2,good,prod,/nfs/data/sz_48/20260824/episode_20260824_035731_000_0be07615.npy.mp4,2026-08-24 04:00:12.002480+00:00
01a031e9-95f8-71c0-9b43-9f50697eea7d,industrial packing,completed,58.1,good,prod,/nfs/data/sz_48/20260824/episode_20260824_035627_000_f6220556.npy.mp4,2026-08-24 03:59:03.701542+00:00
01a031e8-80a0-7387-bcdb-2ccba0d53bb9,industrial packing,completed,63.9,good,prod,/nfs/data/sz_48/20260824/episode_20260824_035516_000_1778cb9b.npy.mp4,2026-08-24 03:57:47.412706+00:00
01a031e7-5f90-7e6a-bbb7-a338c86a7b13,industrial packing,completed,67.1,good,prod,/nfs/data/sz_48/20260824/episode_20260824_035402_000_bfef9262.npy.mp4,2026-08-24 03:56:50.112569+00:00
01a031e6-32c8-7d12-8b5c-36c2170cf4df,industrial packing,completed,62.4,good,prod,/nfs/data/sz_48/20260824/episode_20260824_035245_000_b4ab1301.npy.mp4,2026-08-24 03:55:29.834285+00:00
01a031e5-0218-7b4d-9ae9-2b34744b4708,industrial packing,completed,62.7,good,prod,/nfs/data/sz_48/20260824/episode_20260824_035127_000_8aa0de2b.npy.mp4,2026-08-24 03:54:06.523519+00:00
01a031e3-f0a8-7439-912f-45a4c827e1f9,industrial packing,completed,62.2,good,prod,/nfs/data/sz_48/20260824/episode_20260824_035017_000_ab8625f7.npy.mp4,2026-08-24 03:52:49.163364+00:00
01a031e2-db50-7928-8c4d-fcd9b1cf7175,industrial packing,completed,62.5,good,prod,/nfs/data/sz_48/20260824/episode_20260824_034906_000_d29bbc7b.npy.mp4,2026-08-24 03:51:46.879887+00:00
01a031e1-9ee8-7c83-8ed5-04b384cbc091,industrial packing,completed,59.3,good,prod,/nfs/data/sz_48/20260824/episode_20260824_034745_000_1a41cc9c.npy.mp4,2026-08-24 03:50:23.588466+00:00
01a031e0-8990-7c14-9b08-83fe3a740562,industrial packing,completed,61.1,good,prod,/nfs/data/sz_48/20260824/episode_20260824_034634_000_d02a5206.npy.mp4,2026-08-24 03:49:13.289462+00:00
01a031df-4170-782e-8a9d-811489757cb0,industrial packing,completed,68.5,good,prod,/nfs/data/sz_48/20260824/episode_20260824_034510_000_39d0475c.npy.mp4,2026-08-24 03:48:00.967193+00:00
01a031de-2c18-709c-802c-f19c23ebafd5,industrial packing,completed,63.3,good,prod,/nfs/data/sz_48/20260824/episode_20260824_034359_000_184e2571.npy.mp4,2026-08-24 03:46:44.676412+00:00
01a031dc-f398-74c9-95c9-4536d3f1d965,industrial packing,completed,62.8,good,prod,/nfs/data/sz_48/20260824/episode_20260824_034239_000_9a46f120.npy.mp4,2026-08-24 03:45:21.331717+00:00
01a031db-cea0-7d6d-8b89-1dbc2e4a7998,industrial packing,completed,67.1,good,prod,/nfs/data/sz_48/20260824/episode_20260824_034124_000_6340d04c.npy.mp4,2026-08-24 03:44:14.010873+00:00
01a031da-c118-7521-b2b6-69f3e2ead132,industrial packing,completed,62.2,good,prod,/nfs/data/sz_48/20260824/episode_20260824_034015_000_d2ce702b.npy.mp4,2026-08-24 03:42:58.658641+00:00
01a031d9-bf48-7f8b-a3f4-bc24c49422c7,industrial packing,completed,59.1,good,prod,/nfs/data/sz_48/20260824/episode_20260824_033909_000_21a6bfad.npy.mp4,2026-08-24 03:41:45.288385+00:00
01a031d8-a9f0-7cb2-a156-6350bb4e0eb9,industrial packing,completed,63.0,good,prod,/nfs/data/sz_48/20260824/episode_20260824_033758_000_71002eb2.npy.mp4,2026-08-24 03:40:43.983516+00:00
01a031d7-ac08-781b-8f86-725a57c63ddb,industrial packing,completed,59.2,good,prod,/nfs/data/sz_48/20260824/episode_20260824_033653_000_e467408c.npy.mp4,2026-08-24 03:39:30.612852+00:00
01a031d6-c978-7ec2-8d43-b50283f208f1,industrial packing,completed,52.1,good,prod,/nfs/data/sz_48/20260824/episode_20260824_033555_000_afb8fa84.npy.mp4,2026-08-24 03:38:23.254637+00:00
01a031d5-cf78-74b4-a458-bf9d4272f0e8,industrial packing,completed,54.9,good,prod,/nfs/data/sz_48/20260824/episode_20260824_033451_000_0dad2b43.npy.mp4,2026-08-24 03:37:19.897731+00:00
01a031d4-73d0-739a-9cea-f15865dd6e3e,industrial packing,completed,55.8,good,prod,/nfs/data/sz_48/20260824/episode_20260824_033322_000_71b0ca2a.npy.mp4,2026-08-24 03:35:51.485849+00:00
01a031d3-81a0-74b8-8c0d-23af8618550a,industrial packing,completed,55.9,good,prod,/nfs/data/sz_48/20260824/episode_20260824_033220_000_5a0d7797.npy.mp4,2026-08-24 03:34:52.146621+00:00
01a031d2-87a0-7ccc-ad64-cbedc0c7bd72,industrial packing,completed,58.4,good,prod,/nfs/data/sz_48/20260824/episode_20260824_033116_000_80d70f86.npy.mp4,2026-08-24 03:33:52.803361+00:00
01a031d1-7630-7722-9e1f-d7e648437170,industrial packing,completed,61.5,good,prod,/nfs/data/sz_48/20260824/episode_20260824_033006_000_fb304fb2.npy.mp4,2026-08-24 03:32:46.455079+00:00
01a031d0-8400-780e-97f9-28f4f0a2da14,industrial packing,completed,57.2,good,prod,/nfs/data/sz_48/20260824/episode_20260824_032904_000_2f267ef4.npy.mp4,2026-08-24 03:31:38.105984+00:00
01a031cf-0148-730e-9379-fc7f32f64752,industrial packing,completed,56.5,good,prod,/nfs/data/sz_48/20260824/episode_20260824_032725_000_9cd150f9.npy.mp4,2026-08-24 03:29:56.758521+00:00
01a031ce-16e8-7056-a98b-71d77b798765,industrial packing,completed,54.9,good,prod,/nfs/data/sz_48/20260824/episode_20260824_032625_000_ecc733fe.npy.mp4,2026-08-24 03:28:56.500252+00:00
01a031cd-1900-7cab-9842-a9e683e2a5b9,industrial packing,completed,59.4,good,prod,/nfs/data/sz_48/20260824/episode_20260824_032520_000_0a298053.npy.mp4,2026-08-24 03:27:57.212358+00:00
01a031cc-1730-7a88-9b15-217acbe164ae,industrial packing,completed,60.4,good,prod,/nfs/data/sz_48/20260824/episode_20260824_032414_000_6ad0e364.npy.mp4,2026-08-24 03:26:44.886748+00:00
01a031cb-30b8-7340-bf27-6f8ff21f0d4b,industrial packing,completed,51.9,good,prod,/nfs/data/sz_48/20260824/episode_20260824_032315_000_f2638700.npy.mp4,2026-08-24 03:25:33.597768+00:00
01a031ca-4a40-71f6-9b1a-58752aa6997c,industrial packing,completed,52.7,good,prod,/nfs/data/sz_48/20260824/episode_20260824_032216_000_99e51fe3.npy.mp4,2026-08-24 03:24:39.310996+00:00
01a031b9-4ab0-7a84-ac60-375ea725e1b4,industrial packing,completed,54.4,good,prod,/nfs/data/sz_48/20260824/episode_20260824_030342_000_25065cbf.npy.mp4,2026-08-24 03:06:03.708058+00:00
01a031b8-6050-7bc4-9b7c-ca3d3727be22,industrial packing,completed,54.0,good,prod,/nfs/data/sz_48/20260824/episode_20260824_030242_000_249ff419.npy.mp4,2026-08-24 03:05:05.370497+00:00
01a031b5-e780-7b45-b34f-c2123c93ae57,industrial packing,completed,57.3,good,prod,/nfs/data/sz_48/20260824/episode_20260824_030000_000_a7608e0e.npy.mp4,2026-08-24 03:02:32.068201+00:00
01a031b4-e5b0-7864-820d-093d8daed9fd,industrial packing,completed,57.6,good,prod,/nfs/data/sz_48/20260824/episode_20260824_025854_000_2185fee6.npy.mp4,2026-08-24 03:01:26.816705+00:00
01a031b3-8620-7750-a095-5c6be28fb2de,industrial packing,completed,59.5,good,prod,/nfs/data/sz_48/20260824/episode_20260824_025724_000_3520fe06.npy.mp4,2026-08-24 03:00:01.431715+00:00
01a031b2-7c80-7763-8069-1868fc1fb49c,industrial packing,completed,58.1,good,prod,/nfs/data/sz_48/20260824/episode_20260824_025616_000_0ba6dfae.npy.mp4,2026-08-24 02:58:52.149340+00:00
01a031b1-9220-75fa-88e8-2315ff679c08,industrial packing,completed,52.5,good,prod,/nfs/data/sz_48/20260824/episode_20260824_025516_000_21044d12.npy.mp4,2026-08-24 02:57:41.816881+00:00
01a031af-bd60-7ae0-81c7-a4214ee1f8ac,industrial packing,completed,55.0,good,prod,/nfs/data/sz_48/20260824/episode_20260824_025316_000_bf5f46c7.npy.mp4,2026-08-24 02:55:44.499697+00:00
01a031ae-afd8-76c1-a555-3782e494389f,industrial packing,completed,56.3,good,prod,/nfs/data/sz_48/20260824/episode_20260824_025207_000_579d8a75.npy.mp4,2026-08-24 02:54:37.229779+00:00
01a031ad-c190-7eb8-b693-e48a73f17b8f,industrial packing,completed,53.3,good,prod,/nfs/data/sz_48/20260824/episode_20260824_025106_000_cea6749f.npy.mp4,2026-08-24 02:53:32.902742+00:00
01a031ac-bfc0-7f06-8880-8d1d8dd03605,industrial packing,completed,56.1,good,prod,/nfs/data/sz_48/20260824/episode_20260824_025000_000_cba1446b.npy.mp4,2026-08-24 02:52:30.601972+00:00
01a031ab-e118-7890-87d6-039616b0a403,industrial packing,completed,48.6,good,prod,/nfs/data/sz_48/20260824/episode_20260824_024903_000_39cfd7e6.npy.mp4,2026-08-24 02:51:21.309795+00:00
01a031ab-19e0-7c51-94a0-d59d9a976647,industrial packing,completed,40.1,good,prod,/nfs/data/sz_48/20260824/episode_20260824_024812_000_9f7ad9d8.npy.mp4,2026-08-24 02:50:15.982709+00:00
01a031aa-23c8-7b43-b61b-3f5a894ade96,industrial packing,completed,54.9,good,prod,/nfs/data/sz_48/20260824/episode_20260824_024709_000_9f7ca3fb.npy.mp4,2026-08-24 02:49:40.647117+00:00
01a031a9-50d8-7077-a3c5-811504f6bba1,industrial packing,completed,46.4,good,prod,/nfs/data/sz_48/20260824/episode_20260824_024615_000_69041edf.npy.mp4,2026-08-24 02:48:32.301644+00:00
01a031a8-5ea8-7819-8e0b-5e7035eb5ba3,industrial packing,completed,49.9,good,prod,/nfs/data/sz_48/20260824/episode_20260824_024513_000_3314b39f.npy.mp4,2026-08-24 02:47:38.019968+00:00
01a031a7-12a0-7b53-b700-97fa864a0986,industrial packing,completed,49.2,good,prod,/nfs/data/sz_48/20260824/episode_20260824_024348_000_07638904.npy.mp4,2026-08-24 02:46:06.613323+00:00
01a031a2-f3f0-7670-8116-1f7fb99a5287,industrial packing,completed,51.8,good,prod,/nfs/data/sz_48/20260824/episode_20260824_023918_000_0b0cd985.npy.mp4,2026-08-24 02:41:44.294181+00:00
01a031a2-30a0-7a44-b618-21d51e04fb69,industrial packing,completed,43.8,good,prod,/nfs/data/sz_48/20260824/episode_20260824_023828_000_6118ad8f.npy.mp4,2026-08-24 02:40:31.979290+00:00
01a0319f-0038-7e45-9260-1be6d8ebff31,industrial packing,completed,46.0,good,prod,/nfs/data/sz_48/20260824/episode_20260824_023459_000_d0e240e7.npy.mp4,2026-08-24 02:37:12.675649+00:00
01a0319a-4d18-7302-aee3-b3cd709ef238,industrial packing,completed,52.0,good,prod,/nfs/data/sz_48/20260824/episode_20260824_022951_000_b0092986.npy.mp4,2026-08-24 02:32:09.349138+00:00
01a03199-4f30-7624-a668-159124fe2768,industrial packing,completed,47.0,good,prod,/nfs/data/sz_48/20260824/episode_20260824_022846_000_c7135fd9.npy.mp4,2026-08-24 02:31:06.026131+00:00
01a03198-39d8-7038-952d-208c1c44fbd6,industrial packing,completed,46.8,good,prod,/nfs/data/sz_48/20260824/episode_20260824_022735_000_9bfa5673.npy.mp4,2026-08-24 02:29:50.717996+00:00
01a03197-14e0-760b-a2a0-061d65936423,industrial packing,completed,43.9,good,prod,/nfs/data/sz_48/20260824/episode_20260824_022620_000_9accf7cb.npy.mp4,2026-08-24 02:28:31.294028+00:00
01a03195-7ea0-76c9-96d4-84b638330771,industrial packing,completed,54.9,good,prod,/nfs/data/sz_48/20260824/episode_20260824_022436_000_f1226148.npy.mp4,2026-08-24 02:26:54.940218+00:00
01a03194-78e8-75f1-8cdf-3d6821ea1552,industrial packing,completed,57.0,good,prod,/nfs/data/sz_48/20260824/episode_20260824_022329_000_48f8cc7e.npy.mp4,2026-08-24 02:25:55.556860+00:00
01a03193-1958-7db8-9a7d-6715f6cda258,industrial packing,completed,57.2,good,prod,/nfs/data/sz_48/20260824/episode_20260824_022159_000_f5c31e8a.npy.mp4,2026-08-24 02:24:25.258399+00:00
01a03192-1f58-7bf4-b310-c952664140a0,industrial packing,completed,53.6,good,prod,/nfs/data/sz_48/20260824/episode_20260824_022055_000_45c6af59.npy.mp4,2026-08-24 02:23:25.960322+00:00
01a03190-6dc0-7455-8035-ec55187af119,industrial packing,completed,51.1,good,prod,/nfs/data/sz_48/20260824/episode_20260824_021904_000_0951f2fa.npy.mp4,2026-08-24 02:21:16.600821+00:00
01a0318f-6420-729f-9a6f-c3d495cee20a,industrial packing,completed,56.1,good,prod,/nfs/data/sz_48/20260824/episode_20260824_021756_000_bbef0685.npy.mp4,2026-08-24 02:20:19.195012+00:00
01a0318e-1c00-7270-b818-95a4e7c6fe79,industrial packing,completed,52.5,good,prod,/nfs/data/sz_48/20260824/episode_20260824_021632_000_7cc4652f.npy.mp4,2026-08-24 02:18:53.765815+00:00
01a02919-c1c8-785b-a8ad-7532b0b83019,industrial packing,completed,32.3,good,prod,/nfs/data/sz_48/20260822/episode_20260822_105229_000_7799f9dc.npy.mp4,2026-08-22 10:54:20.826878+00:00
01a02919-0260-78eb-9126-162893c2f040,industrial packing,completed,38.5,good,prod,/nfs/data/sz_48/20260822/episode_20260822_105140_000_af030c76.npy.mp4,2026-08-22 10:53:44.470403+00:00
01a02918-5a68-7dac-98a1-7dd9c6912c8d,industrial packing,completed,35.5,good,prod,/nfs/data/sz_48/20260822/episode_20260822_105057_000_bb3943f8.npy.mp4,2026-08-22 10:52:49.147298+00:00
01a02917-3188-7d53-9c63-83fc5c985313,industrial packing,completed,35.6,good,prod,/nfs/data/sz_48/20260822/episode_20260822_104941_000_c27a588f.npy.mp4,2026-08-22 10:51:31.857628+00:00
01a02916-7608-797f-b0e6-fd80895d5179,industrial packing,completed,35.8,good,prod,/nfs/data/sz_48/20260822/episode_20260822_104853_000_074b0c6a.npy.mp4,2026-08-22 10:50:54.607806+00:00
01a02914-dbe0-70be-b691-7b145329798e,industrial packing,completed,35.1,good,prod,/nfs/data/sz_48/20260822/episode_20260822_104708_000_2db428f9.npy.mp4,2026-08-22 10:49:05.287621+00:00
01a02912-ebc8-72a4-922e-44e4d43c8474,industrial packing,completed,43.6,good,prod,/nfs/data/sz_48/20260822/episode_20260822_104501_000_aab47f2b.npy.mp4,2026-08-22 10:47:12.983300+00:00
01a02912-2490-7834-8715-1a265e3ca04f,industrial packing,completed,33.2,good,prod,/nfs/data/sz_48/20260822/episode_20260822_104410_000_44e63399.npy.mp4,2026-08-22 10:46:00.698159+00:00
01a02911-a3a8-726e-b57f-0662bfd98956,industrial packing,completed,5.9,poor,prod,/nfs/data/sz_48/20260822/episode_20260822_104337_000_9771f4a4.npy.mp4,2026-08-22 10:44:49.394775+00:00
01a0290f-2ec0-7b22-8691-bf88def6e576,industrial packing,completed,38.4,good,prod,/nfs/data/sz_48/20260822/episode_20260822_104056_000_8bf0bd43.npy.mp4,2026-08-22 10:43:01.098388+00:00
01a0290d-88e0-71ab-96fd-26e4a1c5902b,industrial packing,completed,48.3,good,prod,/nfs/data/sz_48/20260822/episode_20260822_103908_000_d1a48068.npy.mp4,2026-08-22 10:41:17.782628+00:00
01a0290b-bfd8-7e05-9bad-5dbbea8cc0d9,industrial packing,completed,39.2,good,prod,/nfs/data/sz_48/20260822/episode_20260822_103711_000_f924e525.npy.mp4,2026-08-22 10:39:15.495413+00:00
01a0290a-7ba0-7abf-ba45-0009ae858d3c,industrial packing,completed,38.7,good,prod,/nfs/data/sz_48/20260822/episode_20260822_103548_000_2fd65b4f.npy.mp4,2026-08-22 10:38:23.217878+00:00
01a02909-4320-7da3-bf55-7d250508e8e3,industrial packing,completed,42.1,good,prod,/nfs/data/sz_48/20260822/episode_20260822_103428_000_8c2348a2.npy.mp4,2026-08-22 10:36:35.900120+00:00
01a02908-58c0-7228-915b-6b20eff1ce7e,industrial packing,completed,41.3,good,prod,/nfs/data/sz_48/20260822/episode_20260822_103328_000_29c00c1f.npy.mp4,2026-08-22 10:35:34.542766+00:00
01a02906-ed78-70b4-97a1-caf5f6974aff,industrial packing,completed,45.8,good,prod,/nfs/data/sz_48/20260822/episode_20260822_103155_000_4d5b8040.npy.mp4,2026-08-22 10:34:08.158655+00:00
01a02905-e7c0-7096-bc2b-13a7053dfd53,industrial packing,completed,44.5,good,prod,/nfs/data/sz_48/20260822/episode_20260822_103048_000_ea11714d.npy.mp4,2026-08-22 10:32:59.848960+00:00
01a02905-91d0-7e68-9ce8-17c36704dc3f,industrial packing,completed,9.2,poor,prod,/nfs/data/sz_48/20260822/episode_20260822_103026_000_c209edb5.npy.mp4,2026-08-22 10:31:42.514672+00:00
01a02902-2ea0-70da-82fe-a27f59f40c2e,industrial packing,completed,37.3,good,prod,/nfs/data/sz_48/20260822/episode_20260822_102644_000_cd35a00e.npy.mp4,2026-08-22 10:28:42.160300+00:00
01a02900-bf70-7b82-9aad-3d821b509d9d,industrial packing,completed,41.4,good,prod,/nfs/data/sz_48/20260822/episode_20260822_102510_000_6128cd0e.npy.mp4,2026-08-22 10:27:09.872229+00:00
01a028ff-e898-71df-a1c1-4d58dfd37aae,industrial packing,completed,40.7,good,prod,/nfs/data/sz_48/20260822/episode_20260822_102415_000_86e3e1a3.npy.mp4,2026-08-22 10:26:15.572453+00:00
01a028ff-2930-72f8-a887-5d7f9bd99692,industrial packing,completed,35.9,good,prod,/nfs/data/sz_48/20260822/episode_20260822_102326_000_ad1f24a5.npy.mp4,2026-08-22 10:25:21.274054+00:00
01a028fe-65e0-7ac0-a61f-6c804a6ef2f9,industrial packing,completed,39.0,good,prod,/nfs/data/sz_48/20260822/episode_20260822_102236_000_f552cf41.npy.mp4,2026-08-22 10:24:34.008859+00:00
01a028fd-1dc0-76ee-8991-837842b2808f,industrial packing,completed,38.6,good,prod,/nfs/data/sz_48/20260822/episode_20260822_102112_000_6478f0b4.npy.mp4,2026-08-22 10:23:09.725060+00:00
01a028fc-0c50-78d8-9cd7-45b0b29d5da9,industrial packing,completed,32.6,good,prod,/nfs/data/sz_48/20260822/episode_20260822_102002_000_eaca8ef3.npy.mp4,2026-08-22 10:21:51.429737+00:00
01a028fa-e370-7ce6-9495-6275afe330b5,industrial packing,completed,38.0,good,prod,/nfs/data/sz_48/20260822/episode_20260822_101846_000_bf619acc.npy.mp4,2026-08-22 10:20:41.129121+00:00
01a028f9-83e0-7a17-adce-a867a56934d3,industrial packing,completed,38.4,good,prod,/nfs/data/sz_48/20260822/episode_20260822_101716_000_185bc8d5.npy.mp4,2026-08-22 10:19:17.790307+00:00
01a028f8-6e88-7e4a-a069-ab5ea70d1085,industrial packing,completed,37.1,good,prod,/nfs/data/sz_48/20260822/episode_20260822_101605_000_25042fdd.npy.mp4,2026-08-22 10:18:02.487291+00:00
01a028f7-41c0-70d0-991a-0db7a418ed1b,industrial packing,completed,38.5,good,prod,/nfs/data/sz_48/20260822/episode_20260822_101448_000_223a357b.npy.mp4,2026-08-22 10:16:45.138049+00:00
01a028f3-fdd0-7427-9a22-4a785ebd1c4b,industrial packing,completed,50.5,good,prod,/nfs/data/sz_48/20260822/episode_20260822_101114_000_4d79fdcf.npy.mp4,2026-08-22 10:13:28.720078+00:00
01a028e5-e088-7cf6-a01d-0c80d7eda0e0,industrial packing,completed,44.0,good,prod,/nfs/data/sz_48/20260822/episode_20260822_095549_000_5ad2b9e0.npy.mp4,2026-08-22 09:58:01.127361+00:00
01a028e4-d300-79b2-92b1-5169a735b660,industrial packing,completed,44.1,good,prod,/nfs/data/sz_48/20260822/episode_20260822_095440_000_c49e3098.npy.mp4,2026-08-22 09:56:42.828721+00:00
01a028e3-c190-7b93-bd43-e325e1e9a638,industrial packing,completed,45.3,good,prod,/nfs/data/sz_48/20260822/episode_20260822_095330_000_885050a7.npy.mp4,2026-08-22 09:55:43.493091+00:00
01a028e2-46a8-7da8-9b82-5b66402d47eb,industrial packing,completed,50.3,good,prod,/nfs/data/sz_48/20260822/episode_20260822_095153_000_0a5dfee2.npy.mp4,2026-08-22 09:54:47.227773+00:00
01a028e1-19e0-7176-8a5f-f4897df771aa,industrial packing,completed,46.2,good,prod,/nfs/data/sz_48/20260822/episode_20260822_095036_000_f988e13d.npy.mp4,2026-08-22 09:52:44.830085+00:00
01a028e0-1fe0-73db-a782-a36c8917aa2b,industrial packing,completed,49.1,good,prod,/nfs/data/sz_48/20260822/episode_20260822_094932_000_7b5d1b84.npy.mp4,2026-08-22 09:51:43.536839+00:00
01a028de-d3d8-729f-83ca-0d3f0ea1504e,industrial packing,completed,45.0,good,prod,/nfs/data/sz_48/20260822/episode_20260822_094807_000_a89e7089.npy.mp4,2026-08-22 09:50:11.235127+00:00
01a028dd-58f0-7677-a282-c8ffd1ea58d3,industrial packing,completed,51.4,good,prod,/nfs/data/sz_48/20260822/episode_20260822_094630_000_d860d0fc.npy.mp4,2026-08-22 09:48:55.950448+00:00
01a028dc-6e90-72a3-9ae4-ffcebf400bfe,industrial packing,completed,41.3,good,prod,/nfs/data/sz_48/20260822/episode_20260822_094530_000_077a47d0.npy.mp4,2026-08-22 09:47:39.684541+00:00
01a028db-41c8-7f1a-ba53-8750f82617f5,industrial packing,completed,42.5,good,prod,/nfs/data/sz_48/20260822/episode_20260822_094413_000_330228fc.npy.mp4,2026-08-22 09:46:18.359719+00:00
01a028da-3828-7813-989b-96ea82dcc8e2,industrial packing,completed,43.5,good,prod,/nfs/data/sz_48/20260822/episode_20260822_094305_000_3f7cce85.npy.mp4,2026-08-22 09:45:19.110665+00:00
01a028d9-5d68-7974-a808-22139b666dff,industrial packing,completed,41.4,good,prod,/nfs/data/sz_48/20260822/episode_20260822_094209_000_254dc2cb.npy.mp4,2026-08-22 09:44:11.771926+00:00
01a028d8-4fe0-78e9-9cf2-bdb4ccc7c75e,industrial packing,completed,46.1,good,prod,/nfs/data/sz_48/20260822/episode_20260822_094100_000_b2008bc9.npy.mp4,2026-08-22 09:43:17.441663+00:00
01a028d7-6968-7cc8-bdc1-742356cc4dd4,industrial packing,completed,44.2,good,prod,/nfs/data/sz_48/20260822/episode_20260822_094001_000_16d497db.npy.mp4,2026-08-22 09:42:13.157053+00:00
01a028d6-4470-75a8-8b31-de979627fb3e,industrial packing,completed,43.9,good,prod,/nfs/data/sz_48/20260822/episode_20260822_093846_000_4fc09801.npy.mp4,2026-08-22 09:40:49.825419+00:00
01a028d5-4688-7f3c-9812-b916b8280903,industrial packing,completed,43.2,good,prod,/nfs/data/sz_48/20260822/episode_20260822_093741_000_1b3a82bb.npy.mp4,2026-08-22 09:39:54.486622+00:00
01a028d4-3518-7528-b8f7-2ccac9df1f6c,industrial packing,completed,43.1,good,prod,/nfs/data/sz_48/20260822/episode_20260822_093631_000_966d523a.npy.mp4,2026-08-22 09:38:42.199569+00:00
01a028d2-9320-7609-93b0-f2b6494fb48d,industrial packing,completed,51.7,good,prod,/nfs/data/sz_48/20260822/episode_20260822_093444_000_734e8ca8.npy.mp4,2026-08-22 09:37:00.898736+00:00
01a028d1-b090-744d-a6a6-fc0dab9e0873,industrial packing,completed,39.8,good,prod,/nfs/data/sz_48/20260822/episode_20260822_093346_000_1b3521c5.npy.mp4,2026-08-22 09:35:47.609489+00:00
01a028d0-b2a8-7b7e-893c-68b03a960c3a,industrial packing,completed,44.2,good,prod,/nfs/data/sz_48/20260822/episode_20260822_093241_000_b2e6014b.npy.mp4,2026-08-22 09:34:44.292690+00:00
01a028cf-acf0-700d-8d1f-eefbeb216b13,industrial packing,completed,43.0,good,prod,/nfs/data/sz_48/20260822/episode_20260822_093134_000_f0572da5.npy.mp4,2026-08-22 09:33:44.011489+00:00
01a028ce-a350-7f67-8eea-c945aba1b15a,industrial packing,completed,51.2,good,prod,/nfs/data/sz_48/20260822/episode_20260822_093026_000_de759526.npy.mp4,2026-08-22 09:32:51.727635+00:00
01a028cd-b120-72e4-bb5a-cddeff6165ab,industrial packing,completed,48.0,good,prod,/nfs/data/sz_48/20260822/episode_20260822_092924_000_2b5326fc.npy.mp4,2026-08-22 09:31:34.428865+00:00
01a028cc-c6c0-7cb3-b56f-0f4c8ef75a9b,industrial packing,completed,43.9,good,prod,/nfs/data/sz_48/20260822/episode_20260822_092824_000_8fefdfce.npy.mp4,2026-08-22 09:30:33.144768+00:00
01a028c4-db68-7965-9a3f-e01fd3590b22,industrial packing,completed,43.2,good,prod,/nfs/data/sz_48/20260822/episode_20260822_091945_000_68b425aa.npy.mp4,2026-08-22 09:21:53.723541+00:00
01a028c4-b070-73c6-8ca2-07fd01212688,industrial packing,completed,1.5,poor,prod,/nfs/data/sz_48/20260822/episode_20260822_091934_000_2cc04c72.npy.mp4,2026-08-22 09:20:57.468232+00:00
01a028c4-23d0-75d3-b26f-034b7a99df47,industrial packing,completed,31.3,good,prod,/nfs/data/sz_48/20260822/episode_20260822_091858_000_8a74a1e8.npy.mp4,2026-08-22 09:20:51.196501+00:00
01a028c3-6080-7c7c-bad4-5cde969383e3,industrial packing,completed,40.1,good,prod,/nfs/data/sz_48/20260822/episode_20260822_091808_000_05a8b526.npy.mp4,2026-08-22 09:20:14.879930+00:00
01a028c2-7238-71d3-8462-715463e0aacd,industrial packing,completed,39.9,good,prod,/nfs/data/sz_48/20260822/episode_20260822_091707_000_768d9d3d.npy.mp4,2026-08-22 09:19:14.545386+00:00
01a028c1-ab00-7e92-a3a7-b0f2a813754e,industrial packing,completed,27.2,good,prod,/nfs/data/sz_48/20260822/episode_20260822_091616_000_fcfc472f.npy.mp4,2026-08-22 09:18:03.234090+00:00
01a028c0-62e0-7e16-819b-3373ac43ca10,industrial packing,completed,38.0,good,prod,/nfs/data/sz_48/20260822/episode_20260822_091452_000_b95f4aed.npy.mp4,2026-08-22 09:16:54.884287+00:00
01a028be-ff68-7cfa-96fd-968aa3dc2fe4,industrial packing,completed,42.6,good,prod,/nfs/data/sz_48/20260822/episode_20260822_091321_000_29b36e9b.npy.mp4,2026-08-22 09:15:30.579339+00:00
01a028bd-bb30-7a72-917e-3382cff991f2,industrial packing,completed,36.1,good,prod,/nfs/data/sz_48/20260822/episode_20260822_091158_000_7670ccf8.npy.mp4,2026-08-22 09:13:59.274440+00:00
01a028bc-a9c0-73c4-8267-c973986237d5,industrial packing,completed,43.9,good,prod,/nfs/data/sz_48/20260822/episode_20260822_091048_000_fb3440b0.npy.mp4,2026-08-22 09:13:01.991414+00:00
01a028bc-4c00-7684-86e9-f1da1a47a4e8,industrial packing,completed,5.6,poor,prod,/nfs/data/sz_48/20260822/episode_20260822_091024_000_6a0785c0.npy.mp4,2026-08-22 09:11:34.657272+00:00
01a028ba-b9a8-7ed2-9bc5-be5e2c0602a5,industrial packing,completed,39.8,good,prod,/nfs/data/sz_48/20260822/episode_20260822_090841_000_60abe4e6.npy.mp4,2026-08-22 09:10:46.401179+00:00
01a028b8-0258-75a1-84aa-3d2ee3e5bdc5,industrial packing,completed,47.2,good,prod,/nfs/data/sz_48/20260822/episode_20260822_090543_000_60906c65.npy.mp4,2026-08-22 09:08:01.092587+00:00
01a028b7-0858-75d2-b78c-90bd575dd6b1,industrial packing,completed,46.2,good,prod,/nfs/data/sz_48/20260822/episode_20260822_090439_000_4fc34dff.npy.mp4,2026-08-22 09:06:52.798893+00:00
01a028b5-feb8-7834-8885-fc1632ffeafb,industrial packing,completed,43.6,good,prod,/nfs/data/sz_48/20260822/episode_20260822_090331_000_d26ad0b3.npy.mp4,2026-08-22 09:05:44.462174+00:00
01a028b5-2010-7e22-94b3-d14b28fe2684,industrial packing,completed,46.4,good,prod,/nfs/data/sz_48/20260822/episode_20260822_090234_000_fffac9da.npy.mp4,2026-08-22 09:04:52.177022+00:00
01a028b4-4938-71c0-b868-63a91524adf2,industrial packing,completed,42.4,good,prod,/nfs/data/sz_48/20260822/episode_20260822_090139_000_0306fd9a.npy.mp4,2026-08-22 09:03:47.875773+00:00
01a028b3-37c8-7566-86a1-cd965ae09ad8,industrial packing,completed,44.2,good,prod,/nfs/data/sz_48/20260822/episode_20260822_090029_000_3f8a4a4e.npy.mp4,2026-08-22 09:02:41.579378+00:00
01a028b2-64d8-7c4c-baa7-153b6d25bb25,industrial packing,completed,42.4,good,prod,/nfs/data/sz_48/20260822/episode_20260822_085935_000_f30b4c51.npy.mp4,2026-08-22 09:01:44.276861+00:00
01a028b1-3428-77db-be46-3c0898c5e92c,industrial packing,completed,44.5,good,prod,/nfs/data/sz_48/20260822/episode_20260822_085817_000_04e296fa.npy.mp4,2026-08-22 09:01:03.978799+00:00
01a028b0-0f30-7b9e-b512-37397f4cd626,industrial packing,completed,47.3,good,prod,/nfs/data/sz_48/20260822/episode_20260822_085702_000_c2327280.npy.mp4,2026-08-22 08:59:10.619124+00:00
01a028af-01a8-7d2b-bf7a-5f982cce1dbf,industrial packing,completed,47.2,good,prod,/nfs/data/sz_48/20260822/episode_20260822_085553_000_1b17996f.npy.mp4,2026-08-22 08:58:04.343275+00:00
01a028ae-26e8-7b85-9835-12417cd14f2c,industrial packing,completed,46.4,good,prod,/nfs/data/sz_48/20260822/episode_20260822_085457_000_85619e05.npy.mp4,2026-08-22 08:57:13.072417+00:00
01a028ad-1190-7ceb-b293-3c3e1d44f1f5,industrial packing,completed,36.2,good,prod,/nfs/data/sz_48/20260822/episode_20260822_085346_000_16f32ed6.npy.mp4,2026-08-22 08:55:37.761561+00:00
01a028ab-b5e8-76f0-a3f9-e53e6973427a,industrial packing,completed,47.7,good,prod,/nfs/data/sz_48/20260822/episode_20260822_085217_000_83fb5bf9.npy.mp4,2026-08-22 08:54:25.486260+00:00
01a028a9-d958-7a35-8007-c50e3c588f76,industrial packing,completed,36.1,good,prod,/nfs/data/sz_48/20260822/episode_20260822_085015_000_6e51044f.npy.mp4,2026-08-22 08:52:09.147674+00:00
01a028a8-b848-7b46-88e7-811742f291d9,industrial packing,completed,40.9,good,prod,/nfs/data/sz_48/20260822/episode_20260822_084901_000_a7d4331a.npy.mp4,2026-08-22 08:51:11.884488+00:00
01a028a7-c230-75af-9b48-a797173bc23b,industrial packing,completed,46.6,good,prod,/nfs/data/sz_48/20260822/episode_20260822_084758_000_d2213f4b.npy.mp4,2026-08-22 08:50:15.602517+00:00
01a028a6-9950-7b7d-a31d-12e4830403d8,industrial packing,completed,43.9,good,prod,/nfs/data/sz_48/20260822/episode_20260822_084642_000_5158cd19.npy.mp4,2026-08-22 08:48:46.278310+00:00
01a028a5-8010-756a-a290-c39ef6bdd06b,industrial packing,completed,45.3,good,prod,/nfs/data/sz_48/20260822/episode_20260822_084530_000_a71b075f.npy.mp4,2026-08-22 08:47:46.005618+00:00
01a028a4-7670-728c-b533-7d15ecf9b038,industrial packing,completed,47.8,good,prod,/nfs/data/sz_48/20260822/episode_20260822_084422_000_ebd690a8.npy.mp4,2026-08-22 08:46:38.633868+00:00
01a028a3-b320-7e87-b7ab-7f5932b51724,industrial packing,completed,39.3,good,prod,/nfs/data/sz_48/20260822/episode_20260822_084332_000_a7fdb5b0.npy.mp4,2026-08-22 08:45:38.317968+00:00
01a028a2-d090-7fe8-97fb-e44bbb28c35f,industrial packing,completed,37.0,good,prod,/nfs/data/sz_48/20260822/episode_20260822_084234_000_3eb85ee6.npy.mp4,2026-08-22 08:44:33.028191+00:00
01a028a1-bb38-720e-adb2-95b569885c76,industrial packing,completed,43.9,good,prod,/nfs/data/sz_48/20260822/episode_20260822_084123_000_6b98bcf3.npy.mp4,2026-08-22 08:43:33.724606+00:00
01a028a0-bd50-7455-8316-d1b03076a74d,industrial packing,completed,39.6,good,prod,/nfs/data/sz_48/20260822/episode_20260822_084018_000_a70fc8f6.npy.mp4,2026-08-22 08:42:21.422603+00:00
01a0289f-03e8-7175-a51d-368a9f9ae25d,industrial packing,completed,41.0,good,prod,/nfs/data/sz_48/20260822/episode_20260822_083825_000_11c874c9.npy.mp4,2026-08-22 08:40:27.102589+00:00
01a0289e-2158-715d-9144-3220b17871f5,industrial packing,completed,42.5,good,prod,/nfs/data/sz_48/20260822/episode_20260822_083727_000_dfa2cb36.npy.mp4,2026-08-22 08:39:27.822290+00:00
01a0289d-61f0-7952-9ab4-617703a61b09,industrial packing,completed,40.0,good,prod,/nfs/data/sz_48/20260822/episode_20260822_083638_000_90fb0736.npy.mp4,2026-08-22 08:38:38.559797+00:00
01a0289c-8730-7c91-97e9-9e141f2ecda7,industrial packing,completed,41.6,good,prod,/nfs/data/sz_48/20260822/episode_20260822_083542_000_4f98e61f.npy.mp4,2026-08-22 08:37:44.283799+00:00
01a0289b-9cd0-7076-8a9b-1b78f7b69b06,industrial packing,completed,44.4,good,prod,/nfs/data/sz_48/20260822/episode_20260822_083442_000_06f962ee.npy.mp4,2026-08-22 08:36:54.991227+00:00
01a0289a-54b0-7756-8a32-634221a19fb6,industrial packing,completed,36.9,good,prod,/nfs/data/sz_48/20260822/episode_20260822_083318_000_98e5137f.npy.mp4,2026-08-22 08:35:17.695690+00:00
01a02899-3b70-75c9-a272-2a4239f7935d,industrial packing,completed,41.6,good,prod,/nfs/data/sz_48/20260822/episode_20260822_083206_000_2b599924.npy.mp4,2026-08-22 08:34:08.400271+00:00
01a02898-7438-7e32-a5cc-dce312a48a23,industrial packing,completed,39.2,good,prod,/nfs/data/sz_48/20260822/episode_20260822_083115_000_3db29c4e.npy.mp4,2026-08-22 08:33:14.111205+00:00
01a02897-c858-7c0f-aefb-e7aa343d36e6,industrial packing,completed,33.1,good,prod,/nfs/data/sz_48/20260822/episode_20260822_083031_000_1869ec27.npy.mp4,2026-08-22 08:32:24.830276+00:00
01a02896-8038-70d0-9339-7e8f37447ef4,industrial packing,completed,34.3,good,prod,/nfs/data/sz_48/20260822/episode_20260822_082907_000_f3b21fdf.npy.mp4,2026-08-22 08:31:35.555459+00:00
01a02895-b130-7f95-9ab3-c71ffc4adc5a,industrial packing,completed,35.3,good,prod,/nfs/data/sz_48/20260822/episode_20260822_082814_000_4a18881a.npy.mp4,2026-08-22 08:30:06.239003+00:00
01a02894-c2e8-79bf-a04e-03c3b7106452,industrial packing,completed,44.0,good,prod,/nfs/data/sz_48/20260822/episode_20260822_082713_000_dc10d6bc.npy.mp4,2026-08-22 08:29:19.940279+00:00
01a02892-fdc8-7e47-9870-06dd329d85f7,industrial packing,completed,39.4,good,prod,/nfs/data/sz_48/20260822/episode_20260822_082517_000_90ef7079.npy.mp4,2026-08-22 08:27:14.545007+00:00
01a02859-7350-7cd8-bd50-de17afe0eb49,industrial packing,completed,30.5,good,prod,/nfs/data/sz_43/20260822/episode_20260822_072226_000_13563b24.npy.mp4,2026-08-22 07:24:16.808346+00:00
01a02857-7b68-70d6-a38e-f766fc78b72b,industrial packing,completed,29.7,good,prod,/nfs/data/sz_43/20260822/episode_20260822_072017_000_b63038fa.npy.mp4,2026-08-22 07:22:02.441646+00:00
01a02789-a030-7338-bd85-be72a12fc75b,industrial packing,completed,40.8,good,prod,/nfs/data/sz_43/20260822/episode_20260822_033526_000_c43df265.npy.mp4,2026-08-22 03:37:34.262759+00:00
01a02788-a630-7903-bddb-4d9cbcd852a7,industrial packing,completed,48.4,good,prod,/nfs/data/sz_43/20260822/episode_20260822_033422_000_e3b6befc.npy.mp4,2026-08-22 03:37:10.955914+00:00
01a02787-d340-7d86-8ff5-2f07673ebad5,industrial packing,completed,42.2,good,prod,/nfs/data/sz_43/20260822/episode_20260822_033328_000_7efd9730.npy.mp4,2026-08-22 03:35:38.579951+00:00
01a02786-f880-785d-9f57-89527cdbf24d,industrial packing,completed,44.0,good,prod,/nfs/data/sz_43/20260822/episode_20260822_033232_000_e8379090.npy.mp4,2026-08-22 03:34:46.283856+00:00
01a02785-e328-7cbb-9c5d-a4348b41026b,industrial packing,completed,37.5,good,prod,/nfs/data/sz_43/20260822/episode_20260822_033121_000_59f8885e.npy.mp4,2026-08-22 03:33:18.937196+00:00
01a02785-1420-7d79-9eab-c3f88371f08f,industrial packing,completed,36.6,good,prod,/nfs/data/sz_43/20260822/episode_20260822_033028_000_f2ba0a92.npy.mp4,2026-08-22 03:32:20.657520+00:00
01a02783-2020-7684-96f7-00fe34d37401,industrial packing,completed,68.2,good,prod,/nfs/data/sz_43/20260822/episode_20260822_032820_000_bbe130b8.npy.mp4,2026-08-22 03:31:09.333318+00:00
01a02782-1680-7b57-ac36-ba33de97f69a,industrial packing,completed,50.6,good,prod,/nfs/data/sz_43/20260822/episode_20260822_032712_000_d978c23f.npy.mp4,2026-08-22 03:29:24.943243+00:00
01a02781-5718-7007-a290-c7ed755539d1,industrial packing,completed,41.7,good,prod,/nfs/data/sz_43/20260822/episode_20260822_032623_000_506d53e4.npy.mp4,2026-08-22 03:28:33.655000+00:00
01a02780-4d78-7347-ab87-6c431b874bf4,industrial packing,completed,43.8,good,prod,/nfs/data/sz_43/20260822/episode_20260822_032515_000_21d83c7a.npy.mp4,2026-08-22 03:27:21.374960+00:00
01a0277f-6ae8-7d26-a528-fdfa42407242,industrial packing,completed,39.0,good,prod,/nfs/data/sz_43/20260822/episode_20260822_032417_000_1aaf5a6c.npy.mp4,2026-08-22 03:26:22.094487+00:00
01a0277e-9410-7c69-b8f3-3454ffb238cf,industrial packing,completed,36.4,good,prod,/nfs/data/sz_43/20260822/episode_20260822_032322_000_b3828d2d.npy.mp4,2026-08-22 03:25:17.792108+00:00
01a0277b-5408-7986-9814-1558a5ad1167,industrial packing,completed,46.3,good,prod,/nfs/data/sz_43/20260822/episode_20260822_031949_000_72b79010.npy.mp4,2026-08-22 03:21:58.415250+00:00
01a0277a-8500-717a-a56d-43f09ed06623,industrial packing,completed,36.7,good,prod,/nfs/data/sz_43/20260822/episode_20260822_031856_000_cade9ee2.npy.mp4,2026-08-22 03:20:53.031965+00:00
01a02779-d538-7696-8922-a1bf60d07708,industrial packing,completed,35.1,good,prod,/nfs/data/sz_43/20260822/episode_20260822_031811_000_6b3d9ba7.npy.mp4,2026-08-22 03:20:10.753356+00:00
01a02773-87f0-7fae-ab88-96955badcb10,industrial packing,completed,39.3,good,prod,/nfs/data/sz_43/20260822/episode_20260822_031118_000_5bd1a226.npy.mp4,2026-08-22 03:13:17.204872+00:00
01a02772-a178-7e4e-82a9-3002c59cd607,industrial packing,completed,43.3,good,prod,/nfs/data/sz_43/20260822/episode_20260822_031019_000_b4f2f1e2.npy.mp4,2026-08-22 03:12:33.933413+00:00
01a02771-da40-7a07-a4e5-6e64e9440a34,industrial packing,completed,37.5,good,prod,/nfs/data/sz_43/20260822/episode_20260822_030928_000_d5de8235.npy.mp4,2026-08-22 03:11:25.567207+00:00
01a02770-fb98-70d5-9d8a-07cd8d458e21,industrial packing,completed,44.0,good,prod,/nfs/data/sz_43/20260822/episode_20260822_030831_000_dda5a4c8.npy.mp4,2026-08-22 03:10:38.268675+00:00
01a02770-3848-70b5-9c82-30ef2343e2f9,industrial packing,completed,37.4,good,prod,/nfs/data/sz_43/20260822/episode_20260822_030741_000_5ea0d2f8.npy.mp4,2026-08-22 03:09:42.982833+00:00
01a0276f-6170-7f4f-976d-7f1b78e91b4b,industrial packing,completed,44.1,good,prod,/nfs/data/sz_43/20260822/episode_20260822_030646_000_e3d32616.npy.mp4,2026-08-22 03:08:58.674161+00:00
01a0276e-b590-7229-87ce-c0b30daf1161,industrial packing,completed,37.9,good,prod,/nfs/data/sz_43/20260822/episode_20260822_030602_000_3630be03.npy.mp4,2026-08-22 03:08:06.367868+00:00
01a0276e-05c8-7a51-a996-65f04a694453,industrial packing,completed,37.6,good,prod,/nfs/data/sz_43/20260822/episode_20260822_030517_000_fd3855a7.npy.mp4,2026-08-22 03:07:11.032528+00:00
01a0276d-3aa8-7e62-9039-d32ad40c8f04,industrial packing,completed,38.4,good,prod,/nfs/data/sz_43/20260822/episode_20260822_030425_000_06397360.npy.mp4,2026-08-22 03:06:27.747697+00:00
01a0276c-7f28-7863-866d-527027d79c25,industrial packing,completed,36.0,good,prod,/nfs/data/sz_43/20260822/episode_20260822_030337_000_9d73f0c4.npy.mp4,2026-08-22 03:05:38.413630+00:00
01a0276b-c790-750d-9568-830d68741490,industrial packing,completed,39.9,good,prod,/nfs/data/sz_43/20260822/episode_20260822_030250_000_b0a797fe.npy.mp4,2026-08-22 03:04:50.107088+00:00
01a0276a-e500-7d23-8569-39a6fe75020f,industrial packing,completed,44.1,good,prod,/nfs/data/sz_43/20260822/episode_20260822_030152_000_a87b7477.npy.mp4,2026-08-22 03:03:56.788672+00:00
01a02769-8570-70fe-861d-f742180a1d59,industrial packing,completed,42.8,good,prod,/nfs/data/sz_43/20260822/episode_20260822_030022_000_805a5158.npy.mp4,2026-08-22 03:02:31.459016+00:00
01a02768-7018-724a-a35f-5ef2099c8cc1,industrial packing,completed,43.7,good,prod,/nfs/data/sz_43/20260822/episode_20260822_025911_000_3fa516e8.npy.mp4,2026-08-22 03:01:15.159058+00:00
01a02767-6e48-7c74-aae4-a1c85efa05ff,industrial packing,completed,43.6,good,prod,/nfs/data/sz_43/20260822/episode_20260822_025805_000_91f7f733.npy.mp4,2026-08-22 03:00:42.897514+00:00
01a02766-9388-7981-bed6-a07773424081,industrial packing,completed,43.0,good,prod,/nfs/data/sz_43/20260822/episode_20260822_025709_000_b021252a.npy.mp4,2026-08-22 02:59:11.461483+00:00
01a02765-91b8-7417-9bdb-70de8a72acf2,industrial packing,completed,45.2,good,prod,/nfs/data/sz_43/20260822/episode_20260822_025603_000_bb528087.npy.mp4,2026-08-22 02:58:07.157971+00:00
01a02764-9ba0-7287-8433-e127a30ef753,industrial packing,completed,48.0,good,prod,/nfs/data/sz_43/20260822/episode_20260822_025500_000_d6efe9cc.npy.mp4,2026-08-22 02:57:17.846697+00:00
01a02761-8e60-7a7e-9fcb-4a5b87b725b4,industrial packing,completed,41.5,good,prod,/nfs/data/sz_43/20260822/episode_20260822_025140_000_11cfb806.npy.mp4,2026-08-22 02:53:48.434810+00:00
01a02760-d2e0-797f-bb72-4c4ebe1e94a4,industrial packing,completed,41.1,good,prod,/nfs/data/sz_43/20260822/episode_20260822_025052_000_f5b635d8.npy.mp4,2026-08-22 02:52:50.885410+00:00
01a02760-1378-7bf6-9415-267b55328dbb,industrial packing,completed,37.3,good,prod,/nfs/data/sz_43/20260822/episode_20260822_025003_000_ae310f85.npy.mp4,2026-08-22 02:51:57.578328+00:00
01a0275f-34d0-73bb-9e57-6f215cf20753,industrial packing,completed,40.6,good,prod,/nfs/data/sz_43/20260822/episode_20260822_024906_000_ea1c3735.npy.mp4,2026-08-22 02:51:36.302279+00:00
01a0275e-36e8-70ac-88cd-d545c4116053,industrial packing,completed,41.0,good,prod,/nfs/data/sz_43/20260822/episode_20260822_024801_000_edeb77d6.npy.mp4,2026-08-22 02:50:06.955382+00:00
01a0275d-6bc8-7470-acbc-31a83b8fec32,industrial packing,completed,34.8,good,prod,/nfs/data/sz_43/20260822/episode_20260822_024709_000_8b6a8577.npy.mp4,2026-08-22 02:49:00.653156+00:00
01a0275c-5670-77a0-bc4f-a9b3a9c224ae,industrial packing,completed,37.5,good,prod,/nfs/data/sz_43/20260822/episode_20260822_024558_000_f21a47d4.npy.mp4,2026-08-22 02:47:54.328226+00:00
01a0275b-7f98-7cd0-bf3e-6247870e64ee,industrial packing,completed,45.5,good,prod,/nfs/data/sz_43/20260822/episode_20260822_024503_000_43b54ecd.npy.mp4,2026-08-22 02:47:49.072977+00:00
01a0275a-79e0-78a8-a61d-5dd6608f61c5,industrial packing,completed,37.2,good,prod,/nfs/data/sz_43/20260822/episode_20260822_024356_000_ecbadf82.npy.mp4,2026-08-22 02:45:57.532720+00:00
01a02759-aad8-7a86-9f41-fa9d70a418a2,industrial packing,completed,37.3,good,prod,/nfs/data/sz_43/20260822/episode_20260822_024303_000_c14b62d1.npy.mp4,2026-08-22 02:44:59.233019+00:00
01a02758-e3a0-7afa-9f67-d4f53f9711ea,industrial packing,completed,38.7,good,prod,/nfs/data/sz_43/20260822/episode_20260822_024212_000_95c2fc4f.npy.mp4,2026-08-22 02:44:16.892619+00:00
01a02757-8fc8-7b19-be04-64673d9da63b,industrial packing,completed,40.2,good,prod,/nfs/data/sz_43/20260822/episode_20260822_024045_000_b4894c5b.npy.mp4,2026-08-22 02:42:51.552716+00:00
01a02756-9d98-7cda-afaa-ebeff5ec590f,industrial packing,completed,45.0,good,prod,/nfs/data/sz_43/20260822/episode_20260822_023943_000_15968ca8.npy.mp4,2026-08-22 02:41:51.287803+00:00
01a02755-ab68-7557-8f98-832d135d49f1,industrial packing,completed,38.6,good,prod,/nfs/data/sz_43/20260822/episode_20260822_023841_000_a52e8198.npy.mp4,2026-08-22 02:40:35.987261+00:00
01a02754-d490-7280-80f1-643ca1adcb78,industrial packing,completed,36.9,good,prod,/nfs/data/sz_43/20260822/episode_20260822_023746_000_5e362ee6.npy.mp4,2026-08-22 02:39:38.705406+00:00
01a02753-caf0-7f9c-83e2-428c99a0daa6,industrial packing,completed,39.0,good,prod,/nfs/data/sz_43/20260822/episode_20260822_023638_000_b0cfc7cb.npy.mp4,2026-08-22 02:38:36.416965+00:00
01a02752-f418-7655-bdfa-69b9b39fa772,industrial packing,completed,43.3,good,prod,/nfs/data/sz_43/20260822/episode_20260822_023543_000_5b7f4cb6.npy.mp4,2026-08-22 02:37:48.161560+00:00
01a02751-ee60-73c6-88b0-559beda29479,industrial packing,completed,46.9,good,prod,/nfs/data/sz_43/20260822/episode_20260822_023436_000_ff1ee13b.npy.mp4,2026-08-22 02:36:43.841863+00:00
01a02751-0fb8-78dc-a9fd-a0df8ea86296,industrial packing,completed,39.2,good,prod,/nfs/data/sz_43/20260822/episode_20260822_023339_000_10d7e88d.npy.mp4,2026-08-22 02:35:38.532257+00:00
01a02750-0230-7fe9-a7bb-1a2b02305e15,industrial packing,completed,43.7,good,prod,/nfs/data/sz_43/20260822/episode_20260822_023230_000_04133369.npy.mp4,2026-08-22 02:34:36.224570+00:00
01a0274f-13e8-7fb6-8cf9-9d00bb8002a3,industrial packing,completed,42.9,good,prod,/nfs/data/sz_43/20260822/episode_20260822_023129_000_9970961e.npy.mp4,2026-08-22 02:33:31.907744+00:00
01a0274e-5480-7b47-95ca-a24b443aa55f,industrial packing,completed,41.2,good,prod,/nfs/data/sz_43/20260822/episode_20260822_023040_000_b2fe470d.npy.mp4,2026-08-22 02:32:47.623840+00:00
01a0274d-8190-740d-b16f-639802e07f44,industrial packing,completed,48.0,good,prod,/nfs/data/sz_43/20260822/episode_20260822_022946_000_fb2432d2.npy.mp4,2026-08-22 02:31:55.324412+00:00
01a0274c-9b18-7b49-8e1f-b917b30f0d1f,industrial packing,completed,36.7,good,prod,/nfs/data/sz_43/20260822/episode_20260822_022847_000_ecac8b16.npy.mp4,2026-08-22 02:30:48.980383+00:00
01a0274b-9178-78fa-b6b5-21511d8474e3,industrial packing,completed,34.8,good,prod,/nfs/data/sz_43/20260822/episode_20260822_022739_000_af272f54.npy.mp4,2026-08-22 02:29:30.652626+00:00
01a0274b-1860-75d2-a280-4bbff1254c8c,industrial packing,completed,3.8,poor,prod,/nfs/data/sz_43/20260822/episode_20260822_022708_000_f184c0b1.npy.mp4,2026-08-22 02:28:33.374551+00:00
01a0274a-4570-7d84-a8d8-cc27fb33b739,industrial packing,completed,45.5,good,prod,/nfs/data/sz_43/20260822/episode_20260822_022614_000_a4a250a7.npy.mp4,2026-08-22 02:28:27.103195+00:00
01a02749-66c8-7770-82dd-329b4bd9e4a1,industrial packing,completed,47.8,good,prod,/nfs/data/sz_43/20260822/episode_20260822_022517_000_c95abe73.npy.mp4,2026-08-22 02:27:38.816948+00:00
01a02746-ceb8-7bd0-876d-cedd17d1a835,industrial packing,completed,37.8,good,prod,/nfs/data/sz_48/20260822/episode_20260822_022227_000_a6d70429.npy.mp4,2026-08-22 02:24:30.543034+00:00
01a02745-b960-74c8-a3a0-ad1bfe1e9224,industrial packing,completed,49.2,good,prod,/nfs/data/sz_48/20260822/episode_20260822_022116_000_a585fbbc.npy.mp4,2026-08-22 02:23:38.307414+00:00
01a02744-b790-7f76-9e7e-5b92abe84a97,industrial packing,completed,38.9,good,prod,/nfs/data/sz_48/20260822/episode_20260822_022010_000_89416990.npy.mp4,2026-08-22 02:22:04.961210+00:00
01a02744-abd8-70de-87c7-8ce252db73ae,industrial packing,completed,3.4,poor,prod,/nfs/data/sz_43/20260822/episode_20260822_022007_000_e05b55c1.npy.mp4,2026-08-22 02:21:39.286704+00:00
01a02744-7910-7b44-85b0-a288a5321097,industrial packing,completed,4.1,poor,prod,/nfs/data/sz_43/20260822/episode_20260822_021954_000_35e7ac7c.npy.mp4,2026-08-22 02:21:38.067222+00:00
01a02743-7358-73fa-baec-3f09966b8560,industrial packing,completed,47.9,good,prod,/nfs/data/sz_48/20260822/episode_20260822_021847_000_2e1ef4ca.npy.mp4,2026-08-22 02:20:56.655828+00:00
01a02744-55e8-707f-b2ba-75f17f21b9b5,industrial packing,completed,3.3,poor,prod,/nfs/data/sz_43/20260822/episode_20260822_021945_000_21505185.npy.mp4,2026-08-22 02:20:54.692638+00:00
01a02742-5e00-7096-b8b1-9d1a4a2e496f,industrial packing,completed,4.8,poor,prod,/nfs/data/sz_48/20260822/episode_20260822_021736_000_b6c5d349.npy.mp4,2026-08-22 02:18:45.363961+00:00
01a0273f-9ee0-7830-b741-ba4b2f267c89,industrial packing,completed,1.8,poor,prod,/nfs/data/sz_43/20260822/episode_20260822_021436_000_9b5e33ef.npy.mp4,2026-08-22 02:15:56.221338+00:00
01a0273e-4338-797d-a699-1130bd5e1172,industrial packing,completed,62.6,good,prod,/nfs/data/sz_43/20260822/episode_20260822_021307_000_d2ceb5a0.npy.mp4,2026-08-22 02:15:50.906334+00:00
01a0273b-5538-7a32-bb48-bc9b4520c2c4,industrial packing,completed,56.1,good,prod,/nfs/data/sz_43/20260822/episode_20260822_020955_000_8ff77e1f.npy.mp4,2026-08-22 02:12:24.427085+00:00
01a0239f-5a28-78c5-a3db-130b27f8fe8c,industrial packing,completed,36.2,,prod,/nfs/data/sz_43/20260821/episode_20260821_092041_000_f371928e.npy.mp4,2026-08-21 09:22:37.294257+00:00
01a0239c-e158-7c06-8c04-d8302ad570e8,industrial packing,completed,35.5,,prod,/nfs/data/sz_43/20260821/episode_20260821_091759_000_2adde09b.npy.mp4,2026-08-21 09:20:00.857397+00:00
01a0239b-cfe8-708e-a32a-830f46d250f3,industrial packing,completed,38.8,,prod,/nfs/data/sz_43/20260821/episode_20260821_091649_000_3675fd7a.npy.mp4,2026-08-21 09:18:51.538039+00:00
01a0239b-04c8-7e5a-b47d-094612d403e0,industrial packing,completed,36.9,,prod,/nfs/data/sz_43/20260821/episode_20260821_091557_000_89ba50b1.npy.mp4,2026-08-21 09:18:29.215563+00:00
01a02399-c090-7ca2-a039-5a174d2c22ab,industrial packing,completed,33.4,,prod,/nfs/data/sz_43/20260821/episode_20260821_091434_000_971ceba5.npy.mp4,2026-08-21 09:16:59.846290+00:00
01a02398-ab38-71ee-b1d8-021ebe279bd5,industrial packing,completed,37.1,,prod,/nfs/data/sz_43/20260821/episode_20260821_091323_000_3e71d830.npy.mp4,2026-08-21 09:15:26.460809+00:00
01a02397-3ff0-717c-9e69-f30fc264215d,industrial packing,completed,39.2,,prod,/nfs/data/sz_43/20260821/episode_20260821_091150_000_6b901ec7.npy.mp4,2026-08-21 09:14:29.096606+00:00
01a02395-ec18-7168-b128-b38113b42394,industrial packing,completed,44.7,,prod,/nfs/data/sz_43/20260821/episode_20260821_091023_000_8b21867c.npy.mp4,2026-08-21 09:12:37.682909+00:00
01a02394-bb68-7ead-b497-87f984a6b4c7,industrial packing,completed,40.7,,prod,/nfs/data/sz_43/20260821/episode_20260821_090905_000_88e06d69.npy.mp4,2026-08-21 09:11:41.386338+00:00
01a02393-bd80-7299-a985-82ae97a90881,industrial packing,completed,34.9,,prod,/nfs/data/sz_43/20260821/episode_20260821_090800_000_57c688dd.npy.mp4,2026-08-21 09:10:31.008434+00:00
01a02392-8500-7232-a8f1-8f77ba84b969,industrial packing,completed,35.4,,prod,/nfs/data/sz_43/20260821/episode_20260821_090640_000_1d5c1830.npy.mp4,2026-08-21 09:09:10.647569+00:00
01a02391-44b0-7809-b992-85bab38a8e8b,industrial packing,completed,37.7,,prod,/nfs/data/sz_43/20260821/episode_20260821_090518_000_7c8d1c9d.npy.mp4,2026-08-21 09:07:20.257356+00:00
01a02391-2958-7917-9b90-75c2155ed346,industrial packing,completed,4.7,poor,prod,/nfs/data/sz_43/20260821/episode_20260821_090511_000_cdfb74e1.npy.mp4,2026-08-21 09:06:24.669006+00:00
01a0238f-5c68-7a71-ac07-8f0fac37c7a9,industrial packing,completed,37.9,,prod,/nfs/data/sz_43/20260821/episode_20260821_090313_000_21097ca8.npy.mp4,2026-08-21 09:05:48.380503+00:00
01a0238e-23e8-7de5-9139-f22fdec6b1c7,industrial packing,completed,41.3,,prod,/nfs/data/sz_43/20260821/episode_20260821_090153_000_5dff564e.npy.mp4,2026-08-21 09:04:01.986690+00:00
01a0238c-bc88-7d41-b91c-a3d98b19e224,industrial packing,completed,34.2,,prod,/nfs/data/sz_43/20260821/episode_20260821_090021_000_10939527.npy.mp4,2026-08-21 09:02:16.572080+00:00
01a0238b-35e8-7b5d-b6fa-ad24c5dc7058,industrial packing,completed,36.2,,prod,/nfs/data/sz_43/20260821/episode_20260821_085841_000_3355521d.npy.mp4,2026-08-21 09:00:39.152604+00:00
01a02389-da40-7917-8bdd-38ca7636ea02,industrial packing,completed,38.1,,prod,/nfs/data/sz_43/20260821/episode_20260821_085712_000_72df7c7d.npy.mp4,2026-08-21 08:59:15.791318+00:00
01a02388-b548-7d4a-b64f-12a008b69f09,industrial packing,completed,39.8,,prod,/nfs/data/sz_43/20260821/episode_20260821_085557_000_1ef4d2d8.npy.mp4,2026-08-21 08:58:35.497126+00:00
01a02386-30c0-7a7d-967b-37164c9da049,industrial packing,completed,39.9,,prod,/nfs/data/sz_43/20260821/episode_20260821_085312_000_78ee50f0.npy.mp4,2026-08-21 08:55:47.744620+00:00
01a02385-65a0-79a8-a9f1-c54bc7a17557,industrial packing,completed,36.6,,prod,/nfs/data/sz_43/20260821/episode_20260821_085220_000_8e7b64e9.npy.mp4,2026-08-21 08:54:21.379533+00:00
01a02383-42c0-7f70-ac1e-d7cc072ea911,industrial packing,completed,38.0,,prod,/nfs/data/sz_43/20260821/episode_20260821_085000_000_142fe40a.npy.mp4,2026-08-21 08:52:01.889458+00:00
01a02382-6fd0-7222-9f39-e95c661c0c14,industrial packing,completed,28.9,,prod,/nfs/data/sz_43/20260821/episode_20260821_084906_000_f7ee715e.npy.mp4,2026-08-21 08:51:24.597473+00:00
01a02380-1e10-78ef-9635-6a263541fc22,industrial packing,completed,39.7,,prod,/nfs/data/sz_43/20260821/episode_20260821_084634_000_6d43f1ec.npy.mp4,2026-08-21 08:48:38.072764+00:00
01a0237e-be80-79b3-be1a-08e64537b734,industrial packing,completed,32.6,,prod,/nfs/data/sz_43/20260821/episode_20260821_084504_000_c72b4f3a.npy.mp4,2026-08-21 08:47:24.747661+00:00
01a0237c-9f88-7d2d-92b4-8fce3ee6f03c,industrial packing,completed,38.7,,prod,/nfs/data/sz_43/20260821/episode_20260821_084245_000_df1c004a.npy.mp4,2026-08-21 08:45:19.334951+00:00
01a0237a-49e0-7568-b43d-a20600e13385,industrial packing,completed,40.4,,prod,/nfs/data/sz_43/20260821/episode_20260821_084012_000_d4ecfa9e.npy.mp4,2026-08-21 08:42:16.908627+00:00
01a02376-36e8-77a3-8022-1a5ff4b6b00b,industrial packing,completed,39.7,,prod,/nfs/data/sz_43/20260821/episode_20260821_083545_000_6e854313.npy.mp4,2026-08-21 08:38:23.449400+00:00
01a02375-15d8-796d-ad59-63aa09ea6440,industrial packing,completed,46.1,,prod,/nfs/data/sz_43/20260821/episode_20260821_083431_000_98b6873a.npy.mp4,2026-08-21 08:36:37.053048+00:00
01a02373-ba30-795c-b1bb-9b23bd6b1000,industrial packing,completed,40.8,,prod,/nfs/data/sz_43/20260821/episode_20260821_083302_000_7631cb1d.npy.mp4,2026-08-21 08:35:33.738132+00:00
01a02371-aad8-7a50-a64c-12c1765373bb,industrial packing,completed,34.0,,prod,/nfs/data/sz_43/20260821/episode_20260821_083047_000_bacf6875.npy.mp4,2026-08-21 08:32:42.287770+00:00
01a0236d-d278-740c-ac54-6ed2ba76234e,industrial packing,completed,37.1,,prod,/nfs/data/sz_43/20260821/episode_20260821_082635_000_2fc85ca9.npy.mp4,2026-08-21 08:28:35.804850+00:00
01a02368-5ff0-73f5-9577-22f94003e36b,industrial packing,completed,35.7,,prod,/nfs/data/sz_43/20260821/episode_20260821_082038_000_06c9dfaf.npy.mp4,2026-08-21 08:22:39.254638+00:00
01a02367-7d60-7564-a61a-0f02507793b1,industrial packing,completed,30.8,,prod,/nfs/data/sz_43/20260821/episode_20260821_081940_000_cbd9a0f1.npy.mp4,2026-08-21 08:21:25.910346+00:00
01a02365-3b40-72c3-8f14-bc0a669804f4,industrial packing,completed,46.2,,prod,/nfs/data/sz_43/20260821/episode_20260821_081712_000_d745b0da.npy.mp4,2026-08-21 08:19:57.566243+00:00
01a02363-e380-78ae-85d5-db88ed48ac73,industrial packing,completed,36.4,,prod,/nfs/data/sz_43/20260821/episode_20260821_081544_000_8d50f1d0.npy.mp4,2026-08-21 08:18:19.186094+00:00
01a02362-5ce0-7b5b-a0da-7ded80d19a3c,industrial packing,completed,39.7,,prod,/nfs/data/sz_43/20260821/episode_20260821_081404_000_68ed98a3.npy.mp4,2026-08-21 08:16:08.775239+00:00
01a02360-da28-72ed-8b83-f8ec65299a86,industrial packing,completed,34.3,,prod,/nfs/data/sz_43/20260821/episode_20260821_081225_000_14f4ae85.npy.mp4,2026-08-21 08:14:18.416932+00:00
01a0235f-e028-72ad-b357-e45f70758216,industrial packing,completed,37.1,,prod,/nfs/data/sz_43/20260821/episode_20260821_081121_000_cfd87a52.npy.mp4,2026-08-21 08:13:49.165345+00:00
01a0235e-7cb0-7e73-86f8-ac2ee6d3e814,industrial packing,completed,42.6,,prod,/nfs/data/sz_43/20260821/episode_20260821_080950_000_222baed7.npy.mp4,2026-08-21 08:12:26.769371+00:00
01a0235b-e888-7ac8-ba7c-d53ca24029b1,industrial packing,completed,35.8,,prod,/nfs/data/sz_43/20260821/episode_20260821_080701_000_269fd8a7.npy.mp4,2026-08-21 08:09:34.361289+00:00
01a02359-d548-763b-b193-4e1d8b272b1b,industrial packing,completed,30.0,,prod,/nfs/data/sz_43/20260821/episode_20260821_080445_000_a2133fc1.npy.mp4,2026-08-21 08:07:08.949795+00:00
01a02357-8b58-740b-9dc9-cc1f5c3614c0,industrial packing,completed,37.4,,prod,/nfs/data/sz_43/20260821/episode_20260821_080215_000_5cd052f6.npy.mp4,2026-08-21 08:04:12.481820+00:00
01a02355-7c00-78ec-8049-dea1bb6b3cec,industrial packing,completed,54.7,,prod,/nfs/data/sz_43/20260821/episode_20260821_080000_000_c6250ee1.npy.mp4,2026-08-21 08:03:02.117190+00:00
01a02354-b0e0-70e1-bd2d-1d26f1bb2634,industrial packing,completed,37.1,,prod,/nfs/data/sz_43/20260821/episode_20260821_075908_000_596d1fad.npy.mp4,2026-08-21 08:01:34.731615+00:00
01a02353-35f8-7238-9262-64184e06588b,industrial packing,completed,32.0,,prod,/nfs/data/sz_43/20260821/episode_20260821_075731_000_b763b6cd.npy.mp4,2026-08-21 07:59:20.298303+00:00
01a02352-1cb8-76c3-99d3-b38c249a1065,industrial packing,completed,35.9,,prod,/nfs/data/sz_43/20260821/episode_20260821_075619_000_179a2f39.npy.mp4,2026-08-21 07:58:13.945252+00:00
01a02350-d498-7a77-a43f-611fee96d3db,industrial packing,completed,32.6,,prod,/nfs/data/sz_43/20260821/episode_20260821_075455_000_a115f5c1.npy.mp4,2026-08-21 07:56:47.562875+00:00
01a0234f-da98-7a28-98f0-e6a6fa6ed4ee,industrial packing,completed,35.8,,prod,/nfs/data/sz_43/20260821/episode_20260821_075351_000_45f9a0f1.npy.mp4,2026-08-21 07:55:46.250720+00:00
01a0234d-e698-7001-baed-f6c7291c2f69,industrial packing,completed,31.8,,prod,/nfs/data/sz_43/20260821/episode_20260821_075143_000_09971bea.npy.mp4,2026-08-21 07:53:28.764968+00:00
01a0234c-e4c8-7ee1-a0f8-ce3795b053e1,industrial packing,completed,41.9,,prod,/nfs/data/sz_43/20260821/episode_20260821_075037_000_f59e3590.npy.mp4,2026-08-21 07:53:10.458723+00:00
01a0234b-6dc8-7c60-8d11-43428bf01579,industrial packing,completed,34.1,,prod,/nfs/data/sz_43/20260821/episode_20260821_074901_000_db2c0015.npy.mp4,2026-08-21 07:50:52.993130+00:00
01a0234a-3d18-70a9-b8ec-ab99a400d4fb,industrial packing,completed,32.3,,prod,/nfs/data/sz_43/20260821/episode_20260821_074743_000_b2948927.npy.mp4,2026-08-21 07:50:06.140277+00:00
01a02349-23d8-785a-a5ab-d9b18cadc395,industrial packing,completed,39.3,,prod,/nfs/data/sz_43/20260821/episode_20260821_074631_000_a45c219d.npy.mp4,2026-08-21 07:48:32.792982+00:00
01a02347-faf8-7fea-935e-cb1c950046f5,industrial packing,completed,37.4,,prod,/nfs/data/sz_43/20260821/episode_20260821_074515_000_6ac8fb99.npy.mp4,2026-08-21 07:47:48.426528+00:00
01a02345-7a58-702e-a3e3-43a7e4dfd257,industrial packing,completed,31.2,,prod,/nfs/data/sz_43/20260821/episode_20260821_074231_000_4a952c57.npy.mp4,2026-08-21 07:44:24.955487+00:00
01a02341-4820-7812-8c0a-fd7b2836f7ec,industrial packing,completed,41.6,,prod,/nfs/data/sz_43/20260821/episode_20260821_073756_000_c8b7077d.npy.mp4,2026-08-21 07:40:04.497478+00:00
01a0233f-9688-77cc-b70e-6f8ba42af528,industrial packing,completed,35.9,,prod,/nfs/data/sz_43/20260821/episode_20260821_073605_000_86ea6973.npy.mp4,2026-08-21 07:38:31.173739+00:00
01a0233e-5638-730d-a929-8b5fdb91af97,industrial packing,completed,33.5,,prod,/nfs/data/sz_43/20260821/episode_20260821_073443_000_da026615.npy.mp4,2026-08-21 07:36:31.748782+00:00
01a0233c-98e8-7b59-a3a3-1e34e28572bc,industrial packing,completed,33.8,,prod,/nfs/data/sz_43/20260821/episode_20260821_073249_000_a9b369df.npy.mp4,2026-08-21 07:34:46.359847+00:00
01a0233b-54b0-7c16-b73c-daa7d0982665,industrial packing,completed,43.4,,prod,/nfs/data/sz_43/20260821/episode_20260821_073126_000_8008587f.npy.mp4,2026-08-21 07:33:33.912598+00:00
01a0233a-52e0-79a3-9596-1410b5c556d9,industrial packing,completed,35.5,,prod,/nfs/data/sz_43/20260821/episode_20260821_073020_000_346429c1.npy.mp4,2026-08-21 07:32:18.571989+00:00
01a02338-f350-79eb-b486-69726fa1b812,industrial packing,completed,39.0,,prod,/nfs/data/sz_43/20260821/episode_20260821_072850_000_0f7f68c2.npy.mp4,2026-08-21 07:30:55.188385+00:00
01a02337-ce58-780f-9432-692a4b042342,industrial packing,completed,33.1,,prod,/nfs/data/sz_43/20260821/episode_20260821_072735_000_bfbdf535.npy.mp4,2026-08-21 07:30:04.831270+00:00
01a02337-16c0-7e86-8900-2a09cf22a10b,industrial packing,completed,30.8,,prod,/nfs/data/sz_43/20260821/episode_20260821_072648_000_27993be6.npy.mp4,2026-08-21 07:28:39.399813+00:00
01a02334-c500-765c-b049-385c1743d516,industrial packing,completed,36.9,,prod,/nfs/data/sz_43/20260821/episode_20260821_072416_000_7425cef1.npy.mp4,2026-08-21 07:26:50.934050+00:00
01a02333-3e60-705a-9387-5c8730591adb,industrial packing,completed,32.6,,prod,/nfs/data/sz_43/20260821/episode_20260821_072236_000_94c942fe.npy.mp4,2026-08-21 07:24:29.460313+00:00
01a02330-ae20-7947-8965-7044f87ac9f2,industrial packing,completed,35.9,,prod,/nfs/data/sz_43/20260821/episode_20260821_071948_000_8617a856.npy.mp4,2026-08-21 07:22:14.015321+00:00
01a0232e-fc88-7021-baed-dae22e1417a8,industrial packing,completed,33.4,,prod,/nfs/data/sz_43/20260821/episode_20260821_071757_000_8f0bc3f9.npy.mp4,2026-08-21 07:20:17.664380+00:00
01a0232e-3168-772c-877b-09a0f54089bb,industrial packing,completed,25.4,,prod,/nfs/data/sz_43/20260821/episode_20260821_071705_000_dfc2b659.npy.mp4,2026-08-21 07:19:17.357483+00:00
01a0232b-f718-77f0-ac49-3ed103d6a858,industrial packing,completed,38.3,,prod,/nfs/data/sz_43/20260821/episode_20260821_071439_000_fbea5347.npy.mp4,2026-08-21 07:16:41.519392+00:00
01a0232a-2258-7076-a190-3cb15c55181f,industrial packing,completed,38.4,,prod,/nfs/data/sz_43/20260821/episode_20260821_071239_000_f7d2a62e.npy.mp4,2026-08-21 07:14:43.914081+00:00
01a02329-3be0-7e6d-bb5b-722de4c1d61b,industrial packing,completed,38.8,,prod,/nfs/data/sz_43/20260821/episode_20260821_071140_000_f453c1e2.npy.mp4,2026-08-21 07:14:11.586062+00:00
01a02322-cf58-714c-a3c1-698a3e8cae92,industrial packing,completed,34.2,,prod,/nfs/data/sz_43/20260821/episode_20260821_070439_000_2cdb8b44.npy.mp4,2026-08-21 07:06:35.855317+00:00
01a02321-3530-7a7f-b754-e83d9f876a0c,industrial packing,completed,42.4,,prod,/nfs/data/sz_43/20260821/episode_20260821_070254_000_b381def6.npy.mp4,2026-08-21 07:05:31.397589+00:00
01a02317-0ba0-7a81-96dc-a5bf5323e67d,industrial packing,completed,39.8,,prod,/nfs/data/sz_43/20260821/episode_20260821_065148_000_7cf1a697.npy.mp4,2026-08-21 06:54:23.654017+00:00
01a02315-aff8-7e0f-89dc-b943b2bb46e0,industrial packing,completed,30.6,,prod,/nfs/data/sz_43/20260821/episode_20260821_065019_000_37bc6ead.npy.mp4,2026-08-21 06:52:06.148794+00:00
01a02314-aa40-7712-a1b9-e1d45c794f2d,industrial packing,completed,30.3,,prod,/nfs/data/sz_43/20260821/episode_20260821_064912_000_a62881e7.npy.mp4,2026-08-21 06:51:28.503014+00:00
01a02313-bbf8-794d-b973-f5e0cfde1834,industrial packing,completed,38.6,,prod,/nfs/data/sz_43/20260821/episode_20260821_064811_000_acfae828.npy.mp4,2026-08-21 06:50:06.755291+00:00
01a02312-ae70-7beb-bc6f-fab0c4103088,industrial packing,completed,31.8,,prod,/nfs/data/sz_43/20260821/episode_20260821_064702_000_db7a4478.npy.mp4,2026-08-21 06:48:48.862378+00:00
01a02310-e568-7aac-a568-e3bb9dc05b44,industrial packing,completed,32.1,,prod,/nfs/data/sz_43/20260821/episode_20260821_064505_000_75520fdd.npy.mp4,2026-08-21 06:47:28.339477+00:00
01a0230f-f720-7ca7-b47e-4219052c5b92,industrial packing,completed,34.7,,prod,/nfs/data/sz_43/20260821/episode_20260821_064404_000_3f16c884.npy.mp4,2026-08-21 06:45:56.886832+00:00
01a0230f-2430-7338-ba32-fecf4339e944,industrial packing,completed,34.6,,prod,/nfs/data/sz_43/20260821/episode_20260821_064310_000_257b0995.npy.mp4,2026-08-21 06:45:00.583063+00:00
01a0230e-4970-7658-a8b3-dc6b9ea06958,industrial packing,completed,34.1,,prod,/nfs/data/sz_43/20260821/episode_20260821_064214_000_42be1af2.npy.mp4,2026-08-21 06:44:04.293526+00:00
01a0230d-47a0-7a66-98ba-c36aa13af74a,industrial packing,completed,34.0,,prod,/nfs/data/sz_43/20260821/episode_20260821_064108_000_f8ba0c3f.npy.mp4,2026-08-21 06:43:35.013409+00:00
01a0230c-97d8-79aa-ad5a-618ba7415ad9,industrial packing,completed,32.9,,prod,/nfs/data/sz_43/20260821/episode_20260821_064023_000_c34b0463.npy.mp4,2026-08-21 06:42:10.597279+00:00
01a0230b-4fb8-702a-b692-fb48b0e79ea2,industrial packing,completed,33.7,,prod,/nfs/data/sz_43/20260821/episode_20260821_063859_000_1a62ec01.npy.mp4,2026-08-21 06:41:27.082456+00:00
01a0230a-9050-7297-9154-304f69f2caa9,industrial packing,completed,33.6,,prod,/nfs/data/sz_43/20260821/episode_20260821_063810_000_633ff6ad.npy.mp4,2026-08-21 06:39:57.712761+00:00
01a02309-e858-7b68-ae51-dacdfc6020b3,industrial packing,completed,32.6,,prod,/nfs/data/sz_43/20260821/episode_20260821_063727_000_c5c38a00.npy.mp4,2026-08-21 06:39:21.425513+00:00
01a02308-ee58-7d54-b726-e6b899914ac0,industrial packing,completed,32.6,,prod,/nfs/data/sz_43/20260821/episode_20260821_063623_000_082548d1.npy.mp4,2026-08-21 06:38:47.171992+00:00
01a02306-8910-7bde-a483-9bfb7eaec47d,industrial packing,completed,34.4,,prod,/nfs/data/sz_43/20260821/episode_20260821_063346_000_4b2c709c.npy.mp4,2026-08-21 06:36:14.759881+00:00
01a02305-8358-70f4-8669-b20921c82d0b,industrial packing,completed,35.3,,prod,/nfs/data/sz_43/20260821/episode_20260821_063239_000_54f77af7.npy.mp4,2026-08-21 06:35:02.414643+00:00
01a02304-79b8-7858-93d5-9c582849711c,industrial packing,completed,34.6,,prod,/nfs/data/sz_43/20260821/episode_20260821_063131_000_13a47b5c.npy.mp4,2026-08-21 06:33:29.085389+00:00
01a02303-d990-7b7a-a872-4c3a97aa0fac,industrial packing,completed,30.8,,prod,/nfs/data/sz_43/20260821/episode_20260821_063050_000_e5b2b6dd.npy.mp4,2026-08-21 06:33:08.816276+00:00
01a02302-f318-7816-87d8-7bb530cbf003,industrial packing,completed,2.2,poor,prod,/nfs/data/sz_43/20260821/episode_20260821_062951_000_5e67eee0.npy.mp4,2026-08-21 06:31:43.407113+00:00
01a02302-52f0-7a62-b5fa-6dc7619e7d05,industrial packing,completed,37.1,,prod,/nfs/data/sz_43/20260821/episode_20260821_062910_000_880fd27c.npy.mp4,2026-08-21 06:31:42.162001+00:00
01a022fc-f008-7032-9dc3-1804d9f97685,industrial packing,completed,49.9,,prod,/nfs/data/sz_43/20260821/episode_20260821_062317_000_069c82c0.npy.mp4,2026-08-21 06:25:36.504630+00:00
01a022fb-2700-7ce2-b443-64119cfd91df,industrial packing,completed,30.8,,prod,/nfs/data/sz_43/20260821/episode_20260821_062120_000_8fba7992.npy.mp4,2026-08-21 06:23:38.135301+00:00
01a022fa-1590-763c-8576-0fc1159195b2,industrial packing,completed,37.9,,prod,/nfs/data/sz_43/20260821/episode_20260821_062010_000_4985ddf7.npy.mp4,2026-08-21 06:22:05.783364+00:00
01a022f9-2f18-7683-a002-4945dc83a00b,industrial packing,completed,44.7,,prod,/nfs/data/sz_43/20260821/episode_20260821_061911_000_7733a668.npy.mp4,2026-08-21 06:21:23.452223+00:00
01a022f8-2d48-788e-be73-410a6ed4ce44,industrial packing,completed,41.2,,prod,/nfs/data/sz_43/20260821/episode_20260821_061805_000_95ae9b09.npy.mp4,2026-08-21 06:20:05.130250+00:00
01a022f7-69f8-7b95-8719-38bcf5f2cd7a,industrial packing,completed,35.2,,prod,/nfs/data/sz_43/20260821/episode_20260821_061715_000_3b3edd48.npy.mp4,2026-08-21 06:19:38.870071+00:00
01a022f5-8d68-7b66-ada6-ffd16166e7e0,industrial packing,completed,33.8,,prod,/nfs/data/sz_43/20260821/episode_20260821_061513_000_ef2a310e.npy.mp4,2026-08-21 06:18:01.516073+00:00
01a022f6-4118-7d84-8557-76627af17dd3,industrial packing,completed,40.6,,prod,/nfs/data/sz_43/20260821/episode_20260821_061559_000_7335803a.npy.mp4,2026-08-21 06:18:00.296288+00:00
01a022f0-93f8-7aa4-ba6f-6ae55ba0d708,industrial packing,completed,33.2,,prod,/nfs/data/sz_43/20260821/episode_20260821_060947_000_9b17d514.npy.mp4,2026-08-21 06:11:45.817825+00:00
01a022ee-d6a8-77ee-a478-0c6bb458ee20,industrial packing,completed,31.5,,prod,/nfs/data/sz_43/20260821/episode_20260821_060753_000_ad16878f.npy.mp4,2026-08-21 06:10:10.492322+00:00
01a022ed-f030-79de-be62-08e692383f77,industrial packing,completed,34.9,,prod,/nfs/data/sz_43/20260821/episode_20260821_060654_000_7b4b5372.npy.mp4,2026-08-21 06:08:53.194104+00:00
01a022ed-05d0-7012-917d-ce90b89c6fd9,industrial packing,completed,35.7,,prod,/nfs/data/sz_43/20260821/episode_20260821_060554_000_2dafdb7c.npy.mp4,2026-08-21 06:07:45.887592+00:00
01a022ec-2b10-7550-aaa6-cbe402eb3c3e,industrial packing,completed,30.3,,prod,/nfs/data/sz_43/20260821/episode_20260821_060458_000_3141f0ab.npy.mp4,2026-08-21 06:06:48.566120+00:00
01a022eb-38e0-7a08-ab0b-5bf8fd86fa7d,industrial packing,completed,32.8,,prod,/nfs/data/sz_43/20260821/episode_20260821_060356_000_8f2e72e4.npy.mp4,2026-08-21 06:06:15.314391+00:00
01a022e9-73c0-7e91-b3b7-21afe3ffa37b,industrial packing,completed,25.4,,prod,/nfs/data/sz_43/20260821/episode_20260821_060200_000_56eb0270.npy.mp4,2026-08-21 06:04:14.944095+00:00
01a022e8-ac88-792f-96c1-7ee685f01858,industrial packing,completed,35.8,,prod,/nfs/data/sz_43/20260821/episode_20260821_060109_000_b4e3d3e5.npy.mp4,2026-08-21 06:03:09.649323+00:00
01a022e7-6850-7075-adae-283f88053c07,industrial packing,completed,48.3,,prod,/nfs/data/sz_43/20260821/episode_20260821_055946_000_fac2c067.npy.mp4,2026-08-21 06:02:06.334403+00:00
01a022e4-cc58-7775-837f-a4b35cb5bf00,industrial packing,completed,31.7,,prod,/nfs/data/sz_43/20260821/episode_20260821_055655_000_a251f716.npy.mp4,2026-08-21 05:58:46.935701+00:00
01a022e3-8ff0-71d5-b187-9dab83966162,industrial packing,completed,36.3,,prod,/nfs/data/sz_43/20260821/episode_20260821_055534_000_1a694a51.npy.mp4,2026-08-21 05:57:57.690680+00:00
01a022e2-8e20-7fae-bc5e-da8fe3a6bf5d,industrial packing,completed,32.4,,prod,/nfs/data/sz_43/20260821/episode_20260821_055428_000_145b52ff.npy.mp4,2026-08-21 05:56:23.362753+00:00
01a022e0-d0d0-7175-a995-204ee600172a,industrial packing,completed,39.7,,prod,/nfs/data/sz_43/20260821/episode_20260821_055234_000_730ad251.npy.mp4,2026-08-21 05:54:42.030678+00:00
01a022df-cf00-7ec5-9f81-0a5814df0263,industrial packing,completed,36.2,,prod,/nfs/data/sz_43/20260821/episode_20260821_055128_000_efdae747.npy.mp4,2026-08-21 05:53:21.660626+00:00
01a022df-1b50-77f5-8b76-0a5a61acc04c,industrial packing,completed,36.3,,prod,/nfs/data/sz_43/20260821/episode_20260821_055042_000_82ebeecb.npy.mp4,2026-08-21 05:53:12.418108+00:00
01a022d1-e868-7d1a-bdaa-a2c75b7ed8b6,industrial packing,completed,33.3,,prod,/nfs/data/sz_43/20260821/episode_20260821_053617_000_845cf5d7.npy.mp4,2026-08-21 05:38:12.740690+00:00
01a022cd-7b98-728b-ac16-0c2fca8557eb,industrial packing,completed,34.1,,prod,/nfs/data/sz_43/20260821/episode_20260821_053127_000_a59b190c.npy.mp4,2026-08-21 05:33:24.014601+00:00
01a022cb-dd88-7ca5-bcd6-d87b047fe6bf,industrial packing,completed,32.8,,prod,/nfs/data/sz_43/20260821/episode_20260821_052941_000_6e2aaacc.npy.mp4,2026-08-21 05:31:32.687668+00:00
01a022ca-85c8-7de4-a7d3-db8347c24352,industrial packing,completed,40.2,,prod,/nfs/data/sz_43/20260821/episode_20260821_052813_000_0c14cf52.npy.mp4,2026-08-21 05:30:11.361711+00:00
01a022c9-baa8-7046-b81e-c96efac7f84c,industrial packing,completed,36.1,,prod,/nfs/data/sz_43/20260821/episode_20260821_052721_000_4a2ef600.npy.mp4,2026-08-21 05:29:50.087782+00:00
01a022c7-e9d0-7fef-8aba-58b46397a646,industrial packing,completed,38.1,,prod,/nfs/data/sz_43/20260821/episode_20260821_052522_000_1c65055a.npy.mp4,2026-08-21 05:27:24.684974+00:00
01a022c6-8270-7f87-afb5-ce76086017ea,industrial packing,completed,39.4,,prod,/nfs/data/sz_43/20260821/episode_20260821_052350_000_a7b36d2d.npy.mp4,2026-08-21 05:25:54.385674+00:00
01a022c5-9040-76f8-b1e0-eaa0acd7c441,industrial packing,completed,36.9,,prod,/nfs/data/sz_43/20260821/episode_20260821_052248_000_86a0c578.npy.mp4,2026-08-21 05:24:50.099534+00:00
01a022c4-b198-7736-abbf-a2c15106168e,industrial packing,completed,39.1,,prod,/nfs/data/sz_43/20260821/episode_20260821_052151_000_ce424800.npy.mp4,2026-08-21 05:23:56.794379+00:00
01a022c3-dac0-70cc-93b7-fabd58d74340,industrial packing,completed,42.1,,prod,/nfs/data/sz_43/20260821/episode_20260821_052056_000_348e1efa.npy.mp4,2026-08-21 05:23:06.406485+00:00
01a022c3-0000-7d63-8d78-3361dbac55fe,industrial packing,completed,39.9,,prod,/nfs/data/sz_43/20260821/episode_20260821_052000_000_996ef962.npy.mp4,2026-08-21 05:22:36.107800+00:00
01a022c1-69c0-7297-9dc8-fe66f6532a7d,industrial packing,completed,53.9,,prod,/nfs/data/sz_43/20260821/episode_20260821_051816_000_9fd7e7e0.npy.mp4,2026-08-21 05:21:24.767381+00:00
01a022c0-a670-7dc1-a18b-50312969de69,industrial packing,completed,32.7,,prod,/nfs/data/sz_43/20260821/episode_20260821_051726_000_6fb4c8de.npy.mp4,2026-08-21 05:19:21.704996+00:00
01a022bf-5e50-7fd6-92f2-fff45b8a865b,industrial packing,completed,38.1,,prod,/nfs/data/sz_43/20260821/episode_20260821_051602_000_359a1650.npy.mp4,2026-08-21 05:18:37.424056+00:00
01a022be-9b00-7672-94cd-928172b69c2a,industrial packing,completed,36.8,,prod,/nfs/data/sz_43/20260821/episode_20260821_051512_000_448b741b.npy.mp4,2026-08-21 05:17:18.091091+00:00
01a022bd-8d78-738f-a071-d4edb5a503f5,industrial packing,completed,39.0,,prod,/nfs/data/sz_43/20260821/episode_20260821_051403_000_af5731de.npy.mp4,2026-08-21 05:16:06.791687+00:00
01a022bc-7c08-7757-ba76-1fcce0815a25,industrial packing,completed,44.4,,prod,/nfs/data/sz_43/20260821/episode_20260821_051253_000_d0f63ec6.npy.mp4,2026-08-21 05:15:06.509977+00:00
01a022bb-89d8-7254-92a8-3220e4f3818c,industrial packing,completed,42.7,,prod,/nfs/data/sz_43/20260821/episode_20260821_051151_000_e9fdf2ff.npy.mp4,2026-08-21 05:14:04.186150+00:00
01a022ba-8bf0-7257-b24f-c7dbb887c39b,industrial packing,completed,37.8,,prod,/nfs/data/sz_43/20260821/episode_20260821_051046_000_f8cd4d2f.npy.mp4,2026-08-21 05:12:46.840083+00:00
01a022b9-8250-7d88-9a20-5b13a232cc33,industrial packing,completed,50.0,,prod,/nfs/data/sz_43/20260821/episode_20260821_050938_000_6032b5ba.npy.mp4,2026-08-21 05:11:58.531900+00:00
01a022b8-bb18-7d8a-88c7-d4a867d176a0,industrial packing,completed,37.7,,prod,/nfs/data/sz_43/20260821/episode_20260821_050847_000_869f0b94.npy.mp4,2026-08-21 05:10:47.204622+00:00
01a022b7-dc70-7c9f-9d93-5ac67b339865,industrial packing,completed,41.8,,prod,/nfs/data/sz_43/20260821/episode_20260821_050750_000_964693a0.npy.mp4,2026-08-21 05:10:29.928667+00:00
01a022b6-ea40-7be0-831b-d103f5e828b5,industrial packing,completed,50.6,,prod,/nfs/data/sz_43/20260821/episode_20260821_050648_000_0183a3c9.npy.mp4,2026-08-21 05:09:11.599758+00:00
01a022b6-1368-765a-b083-1dd0e0f745e8,industrial packing,completed,43.0,,prod,/nfs/data/sz_43/20260821/episode_20260821_050553_000_63edd14a.npy.mp4,2026-08-21 05:08:00.289732+00:00
01a022b4-3ea8-7fe8-8fd7-effcadd6e7a5,industrial packing,completed,43.2,,prod,/nfs/data/sz_43/20260821/episode_20260821_050353_000_84c03551.npy.mp4,2026-08-21 05:06:03.860090+00:00
01a022b3-6fa0-78e9-a8e6-4778446e2ea8,industrial packing,completed,38.4,,prod,/nfs/data/sz_43/20260821/episode_20260821_050300_000_94739109.npy.mp4,2026-08-21 05:05:34.570757+00:00
01a022b2-4aa8-7c8f-983b-438de9283d1f,industrial packing,completed,32.6,,prod,/nfs/data/sz_43/20260821/episode_20260821_050145_000_f2462bad.npy.mp4,2026-08-21 05:04:10.248806+00:00
01a022b0-fea0-7462-b723-32afc60ef8a6,industrial packing,completed,41.2,,prod,/nfs/data/sz_43/20260821/episode_20260821_050020_000_8c977012.npy.mp4,2026-08-21 05:02:27.897490+00:00
01a022af-e948-7c7b-ad33-1dcc0737b02c,industrial packing,completed,33.1,,prod,/nfs/data/sz_43/20260821/episode_20260821_045909_000_4925e628.npy.mp4,2026-08-21 05:01:34.615741+00:00
01a022ad-fd18-7a92-86fd-00a91cc0b452,industrial packing,completed,36.5,,prod,/nfs/data/sz_43/20260821/episode_20260821_045703_000_f7d40e98.npy.mp4,2026-08-21 04:59:33.247497+00:00
01a022ac-e3d8-73bd-a773-2807a94712cd,industrial packing,completed,35.2,,prod,/nfs/data/sz_43/20260821/episode_20260821_045551_000_49c918fd.npy.mp4,2026-08-21 04:57:47.914337+00:00
01a022ab-f590-7d70-b99d-69b4d96055cc,industrial packing,completed,36.7,,prod,/nfs/data/sz_43/20260821/episode_20260821_045450_000_f739363d.npy.mp4,2026-08-21 04:57:23.653598+00:00
01a022aa-9dd0-7359-80d0-cb401971963a,industrial packing,completed,35.3,,prod,/nfs/data/sz_43/20260821/episode_20260821_045322_000_c4515ca2.npy.mp4,2026-08-21 04:55:50.252095+00:00
01a022a9-03a8-727e-a1b7-d3722d3aa86b,industrial packing,completed,37.3,,prod,/nfs/data/sz_43/20260821/episode_20260821_045137_000_369404cd.npy.mp4,2026-08-21 04:54:02.872925+00:00
01a022a7-c740-7d87-b056-54fda566a317,industrial packing,completed,39.0,,prod,/nfs/data/sz_43/20260821/episode_20260821_045016_000_264cc5d4.npy.mp4,2026-08-21 04:52:45.554050+00:00
01a022a6-9e60-73c2-a920-74ebf9269b95,industrial packing,completed,53.7,,prod,/nfs/data/sz_43/20260821/episode_20260821_044900_000_603156b9.npy.mp4,2026-08-21 04:51:16.236507+00:00
01a022a5-8908-7ec2-946a-b4be807eacb2,industrial packing,completed,43.3,,prod,/nfs/data/sz_43/20260821/episode_20260821_044749_000_45e99581.npy.mp4,2026-08-21 04:49:52.915754+00:00
01a022a4-b618-734a-96ad-6754c78b6c9d,industrial packing,completed,42.8,,prod,/nfs/data/sz_43/20260821/episode_20260821_044655_000_3147bd41.npy.mp4,2026-08-21 04:49:40.651551+00:00
01a022a3-db58-7878-8e59-3f9afa55e30d,industrial packing,completed,39.8,,prod,/nfs/data/sz_43/20260821/episode_20260821_044559_000_e030891a.npy.mp4,2026-08-21 04:48:28.299070+00:00
01a022a2-9ef0-7bc8-8c36-fe16127581c1,industrial packing,completed,39.1,,prod,/nfs/data/sz_43/20260821/episode_20260821_044438_000_2b8c5b45.npy.mp4,2026-08-21 04:46:37.927408+00:00
01a022a1-f310-7fd3-9486-f1b66460d4fb,industrial packing,completed,31.5,,prod,/nfs/data/sz_43/20260821/episode_20260821_044354_000_7e636ba0.npy.mp4,2026-08-21 04:46:12.643813+00:00
01a022a1-00e0-740d-9893-e006806b600b,industrial packing,completed,29.6,,prod,/nfs/data/sz_43/20260821/episode_20260821_044252_000_ea793942.npy.mp4,2026-08-21 04:44:39.296550+00:00
01a0229f-8210-7928-911a-f915d9372f13,industrial packing,completed,60.6,,prod,/nfs/data/sz_43/20260821/episode_20260821_044114_000_838341ff.npy.mp4,2026-08-21 04:43:50.008060+00:00
01a02284-7830-7b0b-a009-1f5632c26ba4,industrial packing,completed,35.1,,prod,/nfs/data/sz_43/20260821/episode_20260821_041142_000_132b05a5.npy.mp4,2026-08-21 04:13:37.838859+00:00
01a02283-3bc8-72e9-ac02-3ad9b48838cc,industrial packing,completed,41.1,,prod,/nfs/data/sz_43/20260821/episode_20260821_041021_000_2e5cc38a.npy.mp4,2026-08-21 04:12:53.538121+00:00
01a02282-0f00-7e18-b749-10bc9860ca65,industrial packing,completed,34.4,,prod,/nfs/data/sz_43/20260821/episode_20260821_040904_000_7ee9d67c.npy.mp4,2026-08-21 04:10:57.166145+00:00
01a02280-edf0-79e0-aaf6-3d6b6f1ebbde,industrial packing,completed,39.7,,prod,/nfs/data/sz_43/20260821/episode_20260821_040750_000_6ee27494.npy.mp4,2026-08-21 04:10:24.900344+00:00
01a0227f-a1e8-77b6-b5b8-34fc651a2c69,industrial packing,completed,35.9,,prod,/nfs/data/sz_43/20260821/episode_20260821_040625_000_5dea15ea.npy.mp4,2026-08-21 04:08:53.463810+00:00
01a0227a-8550-79aa-acbb-7fdb4460898f,industrial packing,completed,44.0,,prod,/nfs/data/sz_43/20260821/episode_20260821_040050_000_a838973f.npy.mp4,2026-08-21 04:02:54.955820+00:00
01a02279-c9d0-7cdc-8652-1b81b5d0f3eb,industrial packing,completed,39.8,,prod,/nfs/data/sz_43/20260821/episode_20260821_040002_000_8eab1164.npy.mp4,2026-08-21 04:02:41.731787+00:00
01a02278-c418-701d-930d-f8fc03162414,industrial packing,completed,45.1,,prod,/nfs/data/sz_43/20260821/episode_20260821_035855_000_24211fde.npy.mp4,2026-08-21 04:01:09.395216+00:00
01a02278-00c8-7835-bd92-6c0e1874c9b2,industrial packing,completed,41.4,,prod,/nfs/data/sz_43/20260821/episode_20260821_035805_000_c991f977.npy.mp4,2026-08-21 04:00:16.091514+00:00
01a02277-4548-7fb2-9a9e-2a19d8215291,industrial packing,completed,38.8,,prod,/nfs/data/sz_43/20260821/episode_20260821_035717_000_3dda9ca0.npy.mp4,2026-08-21 03:59:47.837473+00:00
01a02276-7640-7f7e-9ed5-e519d6bcf0a9,industrial packing,completed,43.5,,prod,/nfs/data/sz_43/20260821/episode_20260821_035624_000_289afae1.npy.mp4,2026-08-21 03:58:25.452143+00:00
01a02275-8410-7a3a-95ea-49e9fec4ea76,industrial packing,completed,45.3,,prod,/nfs/data/sz_43/20260821/episode_20260821_035522_000_a5ed170d.npy.mp4,2026-08-21 03:57:31.146495+00:00
01a02274-8240-7e92-87a5-1424f2d9df14,industrial packing,completed,47.6,,prod,/nfs/data/sz_43/20260821/episode_20260821_035416_000_02aef7ae.npy.mp4,2026-08-21 03:56:35.866336+00:00
01a02273-b338-714f-868d-5d6e5eff557b,industrial packing,completed,43.2,,prod,/nfs/data/sz_43/20260821/episode_20260821_035323_000_6f93a603.npy.mp4,2026-08-21 03:55:26.572970+00:00
01a02272-dc60-7e85-88bc-cf42c664a58c,industrial packing,completed,44.4,,prod,/nfs/data/sz_43/20260821/episode_20260821_035228_000_1b2d8ea5.npy.mp4,2026-08-21 03:54:31.267439+00:00
01a02272-1910-7550-8371-db0f895ae227,industrial packing,completed,39.9,,prod,/nfs/data/sz_43/20260821/episode_20260821_035138_000_aa202318.npy.mp4,2026-08-21 03:54:13.005705+00:00
01a02270-6778-7ef2-88ec-4d4d094f217d,industrial packing,completed,44.5,,prod,/nfs/data/sz_43/20260821/episode_20260821_034947_000_4392ee18.npy.mp4,2026-08-21 03:51:54.565395+00:00
01a0226f-88d0-7aba-bdf0-1e0158c657cd,industrial packing,completed,39.5,,prod,/nfs/data/sz_43/20260821/episode_20260821_034850_000_207b5561.npy.mp4,2026-08-21 03:50:56.320203+00:00
01a0226e-b9c8-745d-8be5-ec5eb1dd6df1,industrial packing,completed,41.8,,prod,/nfs/data/sz_43/20260821/episode_20260821_034757_000_538679d5.npy.mp4,2026-08-21 03:50:39.085071+00:00
01a0226d-eac0-7989-9459-1a862d24047c,industrial packing,completed,39.1,,prod,/nfs/data/sz_43/20260821/episode_20260821_034704_000_da0991c9.npy.mp4,2026-08-21 03:49:09.739346+00:00
01a0226d-2f40-7f9a-a31b-f3b2c5a0569a,industrial packing,completed,38.0,,prod,/nfs/data/sz_43/20260821/episode_20260821_034616_000_38415631.npy.mp4,2026-08-21 03:48:19.458526+00:00
01a0226c-6bf0-7ec3-8e21-9e59f77d3872,industrial packing,completed,38.8,,prod,/nfs/data/sz_43/20260821/episode_20260821_034526_000_c8b36734.npy.mp4,2026-08-21 03:48:03.224797+00:00
01a0226b-b458-71e4-a313-a7377553bf02,industrial packing,completed,34.0,,prod,/nfs/data/sz_43/20260821/episode_20260821_034439_000_b9e260cf.npy.mp4,2026-08-21 03:46:30.883191+00:00
01a0226a-e168-76cf-85df-6025e585c84f,industrial packing,completed,41.6,,prod,/nfs/data/sz_43/20260821/episode_20260821_034345_000_165fdb32.npy.mp4,2026-08-21 03:45:54.580902+00:00
01a02269-e380-7d6e-8312-212e0bec871f,industrial packing,completed,45.0,,prod,/nfs/data/sz_43/20260821/episode_20260821_034240_000_469d1299.npy.mp4,2026-08-21 03:44:52.257450+00:00
01a02269-1090-72e5-aa8a-bc13bc01b85a,industrial packing,completed,39.4,,prod,/nfs/data/sz_43/20260821/episode_20260821_034146_000_add0b900.npy.mp4,2026-08-21 03:44:15.974740+00:00
01a02268-2630-75d7-8490-0a91115f5ae4,industrial packing,completed,31.2,,prod,/nfs/data/sz_43/20260821/episode_20260821_034046_000_2ad61831.npy.mp4,2026-08-21 03:42:40.643464+00:00
01a02266-f968-723e-b356-f7a223229599,industrial packing,completed,41.9,,prod,/nfs/data/sz_43/20260821/episode_20260821_033929_000_3e018bfe.npy.mp4,2026-08-21 03:42:12.390937+00:00
01a02266-0350-7e37-bf45-81bf6d9a2c6e,industrial packing,completed,35.0,,prod,/nfs/data/sz_43/20260821/episode_20260821_033826_000_dd25b48f.npy.mp4,2026-08-21 03:40:23.939462+00:00
01a02265-24a8-7a2e-8d40-db0b4b621670,industrial packing,completed,31.7,,prod,/nfs/data/sz_43/20260821/episode_20260821_033729_000_d3be8952.npy.mp4,2026-08-21 03:39:21.631084+00:00
01a02264-6d10-7da0-ac79-3b3628f326c7,industrial packing,completed,35.8,,prod,/nfs/data/sz_43/20260821/episode_20260821_033642_000_9c63a947.npy.mp4,2026-08-21 03:39:13.379400+00:00
01a02263-cce8-7b53-af9c-4ba5def848c6,industrial packing,completed,28.6,,prod,/nfs/data/sz_43/20260821/episode_20260821_033601_000_59d9f6d0.npy.mp4,2026-08-21 03:37:42.963344+00:00
01a02261-d8e8-76ee-b4a4-b98fec3fcff1,industrial packing,completed,35.6,,prod,/nfs/data/sz_43/20260821/episode_20260821_033353_000_e872ff1a.npy.mp4,2026-08-21 03:36:25.612003+00:00
01a02260-d330-7ad5-b0b2-512003b2d3c6,industrial packing,completed,35.9,,prod,/nfs/data/sz_43/20260821/episode_20260821_033246_000_f2b3fa8b.npy.mp4,2026-08-21 03:34:45.276950+00:00
01a02260-2f20-70a8-845a-c1d01c1245b9,industrial packing,completed,34.2,,prod,/nfs/data/sz_43/20260821/episode_20260821_033204_000_4e2807df.npy.mp4,2026-08-21 03:34:34.033504+00:00
01a0225d-b650-7987-a0c8-666fc87f233a,industrial packing,completed,37.6,,prod,/nfs/data/sz_43/20260821/episode_20260821_032922_000_c91a50b5.npy.mp4,2026-08-21 03:31:23.601577+00:00
01a0225b-9f28-74fb-9222-cab1b676a2bc,industrial packing,completed,44.0,,prod,/nfs/data/sz_43/20260821/episode_20260821_032705_000_0a84dc54.npy.mp4,2026-08-21 03:29:47.319916+00:00
01a02259-5538-77d6-900e-298ce7c4d2b0,industrial packing,completed,27.4,,prod,/nfs/data/sz_43/20260821/episode_20260821_032435_000_05746e29.npy.mp4,2026-08-21 03:26:17.911254+00:00
01a02255-e650-7a3b-a334-8249b3f8ca47,industrial packing,completed,36.6,,prod,/nfs/data/sz_43/20260821/episode_20260821_032050_000_9ac1d6b2.npy.mp4,2026-08-21 03:23:15.508947+00:00
01a02254-5fb0-77ee-a9db-988daa899e0d,industrial packing,completed,35.4,,prod,/nfs/data/sz_43/20260821/episode_20260821_031910_000_2ee96a05.npy.mp4,2026-08-21 03:21:38.175954+00:00
01a02246-1388-7f49-861b-096d9a7b2f75,industrial packing,completed,33.8,,prod,/nfs/data/sz_43/20260821/episode_20260821_030333_000_fb9b90f2.npy.mp4,2026-08-21 03:05:57.387577+00:00
01a02243-c5b0-7e89-9041-158aed99d1eb,industrial packing,completed,49.3,,prod,/nfs/data/sz_43/20260821/episode_20260821_030102_000_fa67d2a7.npy.mp4,2026-08-21 03:03:16.006660+00:00
01a02241-50c8-70c0-aae7-3a6975af0c85,industrial packing,completed,41.0,,prod,/nfs/data/sz_43/20260821/episode_20260821_025821_000_a25e32a7.npy.mp4,2026-08-21 03:00:30.670252+00:00
01a02240-08a8-7de7-a71e-07682396c0a8,industrial packing,completed,47.5,,prod,/nfs/data/sz_43/20260821/episode_20260821_025657_000_610da358.npy.mp4,2026-08-21 03:00:05.424343+00:00
01a0223f-0ea8-76e0-9242-38cb3baa784a,industrial packing,completed,42.7,,prod,/nfs/data/sz_43/20260821/episode_20260821_025553_000_af7dd822.npy.mp4,2026-08-21 02:58:25.803338+00:00
01a0223e-2830-7ccf-b504-bb69c518cba4,industrial packing,completed,36.8,,prod,/nfs/data/sz_43/20260821/episode_20260821_025454_000_8475c271.npy.mp4,2026-08-21 02:56:49.495670+00:00
01a0223d-1aa8-77a8-a58d-00f7e285dc6a,industrial packing,completed,40.1,,prod,/nfs/data/sz_43/20260821/episode_20260821_025345_000_c4d06567.npy.mp4,2026-08-21 02:56:19.250797+00:00
01a0223a-8e50-7c63-a62b-79a38d59f783,industrial packing,completed,42.2,,prod,/nfs/data/sz_43/20260821/episode_20260821_025058_000_f80d81d0.npy.mp4,2026-08-21 02:53:05.825261+00:00
01a02239-a3f0-711c-9639-6965daf059d0,industrial packing,completed,36.8,,prod,/nfs/data/sz_43/20260821/episode_20260821_024958_000_2754d05b.npy.mp4,2026-08-21 02:51:55.570943+00:00
01a02238-f428-7064-a243-1078070490b3,industrial packing,completed,34.9,,prod,/nfs/data/sz_43/20260821/episode_20260821_024913_000_fcdebda3.npy.mp4,2026-08-21 02:51:13.304151+00:00
01a02238-1198-7bd8-a427-94d6f28cdded,industrial packing,completed,37.7,,prod,/nfs/data/sz_43/20260821/episode_20260821_024815_000_1596ea62.npy.mp4,2026-08-21 02:50:15.020942+00:00
01a02237-0be0-7f09-be60-4908d980263f,industrial packing,completed,34.3,,prod,/nfs/data/sz_43/20260821/episode_20260821_024708_000_e6abb699.npy.mp4,2026-08-21 02:49:33.736778+00:00
01a02235-a098-7a01-b48c-6e4b215e917d,industrial packing,completed,36.8,,prod,/nfs/data/sz_43/20260821/episode_20260821_024535_000_9a7f24fa.npy.mp4,2026-08-21 02:47:35.375061+00:00
01a02234-b250-7796-88eb-bde746c3aecf,industrial packing,completed,38.6,,prod,/nfs/data/sz_43/20260821/episode_20260821_024434_000_28032dd8.npy.mp4,2026-08-21 02:46:37.099446+00:00
01a02233-a4c8-79c3-9f31-a194e83fa722,industrial packing,completed,36.6,,prod,/nfs/data/sz_43/20260821/episode_20260821_024325_000_3d15ddd3.npy.mp4,2026-08-21 02:45:55.825074+00:00
01a02232-c238-74dc-8637-915a3b5e81c1,industrial packing,completed,40.0,,prod,/nfs/data/sz_43/20260821/episode_20260821_024227_000_e0b0b2a8.npy.mp4,2026-08-21 02:44:26.475975+00:00
01a02231-dfa8-71c0-9680-d704e51fee39,industrial packing,completed,41.1,,prod,/nfs/data/sz_43/20260821/episode_20260821_024129_000_f1b20335.npy.mp4,2026-08-21 02:44:00.191975+00:00
01a02231-0cb8-7729-a3cf-100a4ca4559b,industrial packing,completed,41.5,,prod,/nfs/data/sz_43/20260821/episode_20260821_024035_000_4ae74467.npy.mp4,2026-08-21 02:42:34.862673+00:00
01a02230-4d50-7b6b-b7f0-c7b2828d67c4,industrial packing,completed,38.8,,prod,/nfs/data/sz_43/20260821/episode_20260821_023946_000_122013de.npy.mp4,2026-08-21 02:41:50.588603+00:00
01a0222f-8618-7fa2-8b0a-7eb056bd8425,industrial packing,completed,40.0,,prod,/nfs/data/sz_43/20260821/episode_20260821_023855_000_effaa315.npy.mp4,2026-08-21 02:41:33.276113+00:00
01a0222d-24b8-7955-b52d-b6a056fc1d2e,industrial packing,completed,39.1,,prod,/nfs/data/sz_43/20260821/episode_20260821_023619_000_c43e0fad.npy.mp4,2026-08-21 02:38:20.835370+00:00
01a0222a-4270-7441-b28e-ea0a89308ead,industrial packing,completed,43.5,,prod,/nfs/data/sz_43/20260821/episode_20260821_023310_000_dd36c4f1.npy.mp4,2026-08-21 02:35:21.468478+00:00
01a02229-4c58-70d2-bfdb-af102701d31f,industrial packing,completed,49.2,,prod,/nfs/data/sz_43/20260821/episode_20260821_023207_000_ad7de87b.npy.mp4,2026-08-21 02:34:55.215944+00:00
01a02228-2f30-7304-8949-9660a77189d1,industrial packing,completed,43.6,,prod,/nfs/data/sz_43/20260821/episode_20260821_023054_000_67f94467.npy.mp4,2026-08-21 02:32:58.244939+00:00
01a02227-3530-7113-97af-f49700e5f4be,industrial packing,completed,40.6,,prod,/nfs/data/sz_43/20260821/episode_20260821_022950_000_5a2ec1f8.npy.mp4,2026-08-21 02:32:32.986003+00:00
01a02225-fcb0-75c6-a2c8-75e21e3167fb,industrial packing,completed,40.0,,prod,/nfs/data/sz_43/20260821/episode_20260821_022830_000_9845db4d.npy.mp4,2026-08-21 02:30:28.371502+00:00
01a02225-1e08-7769-b0b6-2a703da2b44f,industrial packing,completed,42.5,,prod,/nfs/data/sz_43/20260821/episode_20260821_022733_000_1550c4f0.npy.mp4,2026-08-21 02:30:12.074464+00:00
01a01eca-8158-7475-943f-1812198a9cef,industrial packing,completed,36.8,good,prod,/nfs/data/sz_43/20260820/episode_20260820_104943_000_abd96bea.npy.mp4,2026-08-20 10:52:16.990712+00:00
01a01ec8-e730-730e-8aa4-832da3c9f6d7,industrial packing,completed,37.1,good,prod,/nfs/data/sz_43/20260820/episode_20260820_104758_000_7a40f633.npy.mp4,2026-08-20 10:50:01.666166+00:00
01a01ec7-1a40-70c8-a949-c9d6f583df70,industrial packing,completed,39.5,good,prod,/nfs/data/sz_43/20260820/episode_20260820_104600_000_a9d6878f.npy.mp4,2026-08-20 10:48:07.329854+00:00
01a01ec6-1870-78cd-9ab3-02237f2a8ae6,industrial packing,completed,42.0,good,prod,/nfs/data/sz_43/20260820/episode_20260820_104454_000_960ebc58.npy.mp4,2026-08-20 10:47:35.070461+00:00
01a01ec5-5138-712d-bfce-80e0ca6dfc17,industrial packing,completed,35.4,good,prod,/nfs/data/sz_43/20260820/episode_20260820_104403_000_5fca9e0d.npy.mp4,2026-08-20 10:46:01.737605+00:00
01a01ec4-2858-781d-9338-fb63280206b3,industrial packing,completed,43.5,good,prod,/nfs/data/sz_43/20260820/episode_20260820_104247_000_866102dd.npy.mp4,2026-08-20 10:44:58.377441+00:00
01a01ec3-16e8-786d-910f-d6ee41bc242d,industrial packing,completed,33.1,good,prod,/nfs/data/sz_43/20260820/episode_20260820_104137_000_42aad974.npy.mp4,2026-08-20 10:43:32.017765+00:00
01a01ec1-e638-7636-9fa2-4451db7b7202,industrial packing,completed,32.9,good,prod,/nfs/data/sz_43/20260820/episode_20260820_104019_000_38d644a9.npy.mp4,2026-08-20 10:42:15.695274+00:00
01a01ec1-0b78-7427-89ee-e8f637d9393c,industrial packing,completed,30.6,good,prod,/nfs/data/sz_43/20260820/episode_20260820_103923_000_db46e97b.npy.mp4,2026-08-20 10:41:14.405768+00:00
01a01ebf-c358-77e5-b7b2-ce7fc77a3936,industrial packing,completed,37.0,good,prod,/nfs/data/sz_43/20260820/episode_20260820_103759_000_894bc7a9.npy.mp4,2026-08-20 10:39:59.105295+00:00
01a01ebe-aa18-79e0-8b7c-6783b6d13f02,industrial packing,completed,37.6,good,prod,/nfs/data/sz_43/20260820/episode_20260820_103647_000_23a8f30d.npy.mp4,2026-08-20 10:38:49.749914+00:00
01a01ebd-8908-726d-a188-4526146d7e83,industrial packing,completed,42.3,good,prod,/nfs/data/sz_43/20260820/episode_20260820_103533_000_13ae9d47.npy.mp4,2026-08-20 10:37:41.386773+00:00
01a01ebc-6410-7462-a1d7-e870b8e1d6b9,industrial packing,completed,46.8,good,prod,/nfs/data/sz_43/20260820/episode_20260820_103418_000_1aa654c3.npy.mp4,2026-08-20 10:37:07.064620+00:00
01a01ebb-1420-7c03-b6a1-60f92c198354,industrial packing,completed,42.2,good,prod,/nfs/data/sz_43/20260820/episode_20260820_103252_000_c8ae0371.npy.mp4,2026-08-20 10:35:01.677634+00:00
01a01eba-29c0-7316-9f85-38bfb3b36a52,industrial packing,completed,35.3,good,prod,/nfs/data/sz_43/20260820/episode_20260820_103152_000_0ac9445b.npy.mp4,2026-08-20 10:33:51.372352+00:00
01a01eb8-c648-7d89-a4e4-d818570f91f5,industrial packing,completed,42.8,good,prod,/nfs/data/sz_43/20260820/episode_20260820_103021_000_2b2bab30.npy.mp4,2026-08-20 10:32:33.026577+00:00
01a01eb7-5718-78b9-860a-a9817fee635b,industrial packing,completed,42.3,good,prod,/nfs/data/sz_43/20260820/episode_20260820_102847_000_34c40085.npy.mp4,2026-08-20 10:30:56.663573+00:00
01a01eb6-7488-725b-bd84-e8f6f70c7396,industrial packing,completed,42.7,good,prod,/nfs/data/sz_43/20260820/episode_20260820_102749_000_a7defec0.npy.mp4,2026-08-20 10:30:00.382752+00:00
01a01eb5-5f30-7392-ada6-6b29797684d9,industrial packing,completed,46.3,good,prod,/nfs/data/sz_43/20260820/episode_20260820_102638_000_d7485eb2.npy.mp4,2026-08-20 10:28:54.018112+00:00
01a01eb4-6148-7172-92b6-cd1147828f14,industrial packing,completed,43.5,good,prod,/nfs/data/sz_43/20260820/episode_20260820_102533_000_209b456e.npy.mp4,2026-08-20 10:27:45.698279+00:00
01a01eb3-82a0-7ea3-9ff4-47caa2da5faa,industrial packing,completed,39.8,good,prod,/nfs/data/sz_43/20260820/episode_20260820_102436_000_92359b24.npy.mp4,2026-08-20 10:26:43.400995+00:00
01a01eb2-55d8-705e-9a9f-8d2d54e52e77,industrial packing,completed,31.3,good,prod,/nfs/data/sz_43/20260820/episode_20260820_102319_000_e9c0bcaf.npy.mp4,2026-08-20 10:25:47.122672+00:00
01a01eab-3988-710e-a9a5-f2ea8af25137,industrial packing,completed,36.8,good,prod,/nfs/data/sz_43/20260820/episode_20260820_101533_000_7d99d91a.npy.mp4,2026-08-20 10:18:04.518066+00:00
01a01eaa-5310-7506-87b2-ab13f9b26a6a,industrial packing,completed,35.8,good,prod,/nfs/data/sz_43/20260820/episode_20260820_101434_000_cffaef0e.npy.mp4,2026-08-20 10:16:34.189039+00:00
01a01ea9-3200-706e-b5f4-2ad1671bbb2e,industrial packing,completed,45.1,good,prod,/nfs/data/sz_43/20260820/episode_20260820_101320_000_3aeeefb5.npy.mp4,2026-08-20 10:16:05.915010+00:00
01a01ea7-bb00-70d3-82dd-5562a85ccd7e,industrial packing,completed,41.4,good,prod,/nfs/data/sz_43/20260820/episode_20260820_101144_000_13ad01d3.npy.mp4,2026-08-20 10:13:54.391152+00:00
01a01ea6-d870-700e-9306-2dc7ae308559,industrial packing,completed,42.3,good,prod,/nfs/data/sz_43/20260820/episode_20260820_101046_000_2f544f03.npy.mp4,2026-08-20 10:13:30.149655+00:00
01a01ea5-f9c8-7ef2-b782-a5988cd29f9a,industrial packing,completed,35.2,good,prod,/nfs/data/sz_43/20260820/episode_20260820_100949_000_cbf558ad.npy.mp4,2026-08-20 10:11:46.768032+00:00
01a01ea4-8a98-7b46-8215-5159e4043c1a,industrial packing,completed,36.8,good,prod,/nfs/data/sz_43/20260820/episode_20260820_100815_000_5e5c53c0.npy.mp4,2026-08-20 10:10:13.384997+00:00
01a01ea2-4c60-7aa5-97a4-c57a0d044d3f,industrial packing,completed,40.2,good,prod,/nfs/data/sz_43/20260820/episode_20260820_100548_000_66aed93c.npy.mp4,2026-08-20 10:07:56.028978+00:00
01a01ea0-fc70-768d-a8b0-47b421eb7899,industrial packing,completed,42.2,good,prod,/nfs/data/sz_43/20260820/episode_20260820_100422_000_5a255050.npy.mp4,2026-08-20 10:07:02.702267+00:00
01a01e9f-6248-7e9a-9258-8f533eaf61f6,industrial packing,completed,40.2,good,prod,/nfs/data/sz_43/20260820/episode_20260820_100237_000_d9b72163.npy.mp4,2026-08-20 10:04:40.316207+00:00
01a01e9d-c820-7bfd-9132-24087284cad8,industrial packing,completed,45.3,good,prod,/nfs/data/sz_43/20260820/episode_20260820_100052_000_64e8e165.npy.mp4,2026-08-20 10:03:28.931643+00:00
01a01e9c-5120-756c-b8e6-ab9f7cf6857e,industrial packing,completed,40.7,good,prod,/nfs/data/sz_43/20260820/episode_20260820_095916_000_9c5f5e0b.npy.mp4,2026-08-20 10:01:22.566341+00:00
01a01e9a-5550-72b6-a7b8-a940c46905b4,industrial packing,completed,45.4,good,prod,/nfs/data/sz_43/20260820/episode_20260820_095706_000_26b2f9e9.npy.mp4,2026-08-20 09:59:17.159325+00:00
01a01e96-d2e0-7906-96b2-677e7db1d869,industrial packing,completed,42.6,good,prod,/nfs/data/sz_43/20260820/episode_20260820_095316_000_6b15566d.npy.mp4,2026-08-20 09:55:27.762664+00:00
01a01e95-fff0-77ba-bb89-be7a7a09b433,industrial packing,completed,35.5,good,prod,/nfs/data/sz_43/20260820/episode_20260820_095222_000_dfa1e2ca.npy.mp4,2026-08-20 09:54:53.484151+00:00
01a01e94-7180-7d17-9ef9-8fa77e86b513,industrial packing,completed,52.4,good,prod,/nfs/data/sz_43/20260820/episode_20260820_095040_000_b660b5d3.npy.mp4,2026-08-20 09:52:58.091073+00:00
01a01e93-0638-70b5-a5e0-9c4eed649840,industrial packing,completed,40.7,good,prod,/nfs/data/sz_43/20260820/episode_20260820_094907_000_4fec8e77.npy.mp4,2026-08-20 09:51:47.813020+00:00
01a01e92-0080-7196-805e-8e25a29389db,industrial packing,completed,38.1,good,prod,/nfs/data/sz_43/20260820/episode_20260820_094800_000_bd38434d.npy.mp4,2026-08-20 09:49:57.388060+00:00
01a01e90-0898-73cf-a490-2cd93bcf392d,industrial packing,completed,39.9,good,prod,/nfs/data/sz_43/20260820/episode_20260820_094551_000_8be10076.npy.mp4,2026-08-20 09:48:27.044828+00:00
01a01e8d-ed88-7388-bf2d-4b5c07391790,industrial packing,completed,46.7,good,prod,/nfs/data/sz_43/20260820/episode_20260820_094333_000_87c36efd.npy.mp4,2026-08-20 09:45:49.641390+00:00
01a01e8d-0ee0-7e94-8726-550cdc7ac5f0,industrial packing,completed,35.0,good,prod,/nfs/data/sz_43/20260820/episode_20260820_094236_000_afb1d410.npy.mp4,2026-08-20 09:45:03.345438+00:00
01a01e89-26e0-731a-9f26-5943753d701a,industrial packing,completed,46.2,good,prod,/nfs/data/sz_43/20260820/episode_20260820_093820_000_c298c1f2.npy.mp4,2026-08-20 09:40:35.909493+00:00
01a01e86-5438-77fe-800f-18f21fc90cc4,industrial packing,completed,41.3,good,prod,/nfs/data/sz_43/20260820/episode_20260820_093515_000_9ad7bec8.npy.mp4,2026-08-20 09:37:49.509072+00:00
01a01e83-9130-7859-a96b-12a46f5de3b0,industrial packing,completed,44.8,good,prod,/nfs/data/sz_43/20260820/episode_20260820_093214_000_f4edeecc.npy.mp4,2026-08-20 09:34:24.065251+00:00
01a01e79-dcd0-700e-b3ec-a8801cbca5d2,industrial packing,completed,33.0,good,prod,/nfs/data/sz_43/20260820/episode_20260820_092138_000_404a5f63.npy.mp4,2026-08-20 09:23:31.525660+00:00
01a01e70-bce0-7a2f-a4b2-9362f28281c4,industrial packing,completed,63.4,good,prod,/nfs/data/sz_43/20260820/episode_20260820_091140_000_de68c90a.npy.mp4,2026-08-20 09:14:08.963396+00:00
01a01e6b-b7b8-7ee8-9873-0010a8f61309,industrial packing,completed,39.1,good,prod,/nfs/data/sz_43/20260820/episode_20260820_090611_000_3226d272.npy.mp4,2026-08-20 09:08:47.558749+00:00
01a01e68-3548-7911-be40-c33b5a8202a2,industrial packing,completed,38.1,good,prod,/nfs/data/sz_43/20260820/episode_20260820_090221_000_852fd65f.npy.mp4,2026-08-20 09:04:51.867144+00:00
01a01e64-d600-7495-a2f7-77e2f6853777,industrial packing,completed,47.9,good,prod,/nfs/data/sz_43/20260820/episode_20260820_085840_000_f6559bef.npy.mp4,2026-08-20 09:00:49.394340+00:00
01a01e63-e7b8-7663-8672-8cd413076bcb,industrial packing,completed,39.3,good,prod,/nfs/data/sz_43/20260820/episode_20260820_085739_000_bc9c13aa.npy.mp4,2026-08-20 08:59:37.063022+00:00
01a01e61-20c8-7090-a691-9bbb45013252,industrial packing,completed,43.7,good,prod,/nfs/data/sz_43/20260820/episode_20260820_085437_000_d43f659b.npy.mp4,2026-08-20 08:56:48.706273+00:00
01a01e5f-5ba8-7faf-bacd-7530ec961dbb,industrial packing,completed,34.7,good,prod,/nfs/data/sz_43/20260820/episode_20260820_085241_000_8fbe5047.npy.mp4,2026-08-20 08:55:04.396835+00:00
01a01e5d-b9b0-7f40-9595-1eed0cda0498,industrial packing,completed,36.9,good,prod,/nfs/data/sz_43/20260820/episode_20260820_085054_000_ca947244.npy.mp4,2026-08-20 08:52:51.030840+00:00
01a01e58-fec0-7b89-9f66-ff5bc96f79cb,industrial packing,completed,39.3,good,prod,/nfs/data/sz_43/20260820/episode_20260820_084544_000_94c15878.npy.mp4,2026-08-20 08:48:16.650820+00:00
01a01e54-5f28-7fd5-956a-5810e14087de,industrial packing,completed,42.9,good,prod,/nfs/data/sz_43/20260820/episode_20260820_084041_000_d5986ed3.npy.mp4,2026-08-20 08:42:44.172559+00:00
01a01e52-6358-7b7f-868a-10f7d89e614d,industrial packing,completed,34.7,good,prod,/nfs/data/sz_43/20260820/episode_20260820_083831_000_fe76920b.npy.mp4,2026-08-20 08:41:02.857194+00:00
01a01e51-3690-7c37-9eb2-d49b6aa8429c,industrial packing,completed,35.6,good,prod,/nfs/data/sz_43/20260820/episode_20260820_083714_000_a83ba48a.npy.mp4,2026-08-20 08:39:12.509054+00:00
01a01e4e-92c8-74ae-a278-e28fa7d8dd5b,industrial packing,completed,51.8,good,prod,/nfs/data/sz_43/20260820/episode_20260820_083421_000_5b03ca7c.npy.mp4,2026-08-20 08:36:45.134100+00:00
01a01e4c-d190-76a1-9028-734af30d74a1,industrial packing,completed,35.0,good,prod,/nfs/data/sz_43/20260820/episode_20260820_083226_000_d259f864.npy.mp4,2026-08-20 08:34:19.769799+00:00
01a01e4b-9140-73a3-8e0b-d7f0ac055c4c,industrial packing,completed,37.1,good,prod,/nfs/data/sz_43/20260820/episode_20260820_083104_000_621fcf75.npy.mp4,2026-08-20 08:33:08.417259+00:00
01a01e49-4f20-76ab-908d-be148edd89ef,industrial packing,completed,40.0,good,prod,/nfs/data/sz_43/20260820/episode_20260820_082836_000_86577498.npy.mp4,2026-08-20 08:31:16.048742+00:00
01a01e47-95b8-77ac-9685-7c90d646b64d,industrial packing,completed,41.4,good,prod,/nfs/data/sz_43/20260820/episode_20260820_082643_000_9b97ab7d.npy.mp4,2026-08-20 08:28:53.694811+00:00
01a01e46-7890-7c18-9a09-974e2e1a17f4,industrial packing,completed,41.4,good,prod,/nfs/data/sz_43/20260820/episode_20260820_082530_000_031e77c5.npy.mp4,2026-08-20 08:27:38.333774+00:00
01a01e42-36b8-7ca3-afd6-edc053014ab7,industrial packing,completed,41.6,good,prod,/nfs/data/sz_43/20260820/episode_20260820_082051_000_d55e7715.npy.mp4,2026-08-20 08:22:57.860620+00:00
01a01e40-1ba8-7a73-8bbb-9c08e5e5cff5,industrial packing,completed,41.1,good,prod,/nfs/data/sz_43/20260820/episode_20260820_081833_000_10c6ac76.npy.mp4,2026-08-20 08:20:32.510212+00:00
01a01e3a-ff10-7037-8d0e-10f528826d58,industrial packing,completed,36.7,good,prod,/nfs/data/sz_43/20260820/episode_20260820_081258_000_5760f770.npy.mp4,2026-08-20 08:14:59.096107+00:00
01a01e38-a198-7ca3-b00e-35515e728a0f,industrial packing,completed,52.4,good,prod,/nfs/data/sz_43/20260820/episode_20260820_081023_000_3f1c3bdb.npy.mp4,2026-08-20 08:12:39.790356+00:00
01a01e37-1710-744c-9786-5003ff1e251a,industrial packing,completed,47.7,good,prod,/nfs/data/sz_43/20260820/episode_20260820_080842_000_6636c195.npy.mp4,2026-08-20 08:10:52.477542+00:00
01a01e34-a610-7db6-bd85-731ba52b24f2,industrial packing,completed,42.4,good,prod,/nfs/data/sz_43/20260820/episode_20260820_080602_000_4bf6ec76.npy.mp4,2026-08-20 08:08:44.142722+00:00
01a01e32-bdc8-7069-9803-b6f789bc93d9,industrial packing,completed,48.9,good,prod,/nfs/data/sz_43/20260820/episode_20260820_080357_000_ce22cdb0.npy.mp4,2026-08-20 08:06:47.790368+00:00
01a01e30-8b48-762f-91d4-12be46cfdab6,industrial packing,completed,51.3,good,prod,/nfs/data/sz_43/20260820/episode_20260820_080133_000_7275cc14.npy.mp4,2026-08-20 08:04:17.446258+00:00
01a01e2f-2000-7aa2-b0ff-1d30e6201573,industrial packing,completed,34.8,good,prod,/nfs/data/sz_43/20260820/episode_20260820_080000_000_58faa813.npy.mp4,2026-08-20 08:01:54.100644+00:00
01a01e29-b548-7615-b547-547b688dd80d,industrial packing,completed,52.3,good,prod,/nfs/data/sz_43/20260820/episode_20260820_075405_000_76a8f2e9.npy.mp4,2026-08-20 07:56:59.700791+00:00
01a01e25-a638-7b73-a37c-f7dcf276fe80,industrial packing,completed,43.1,good,prod,/nfs/data/sz_43/20260820/episode_20260820_074939_000_fe650d11.npy.mp4,2026-08-20 07:51:42.276831+00:00
01a01e24-7970-7706-a8de-446e0e1725e1,industrial packing,completed,46.0,good,prod,/nfs/data/sz_43/20260820/episode_20260820_074822_000_048c5f1c.npy.mp4,2026-08-20 07:50:38.975005+00:00
01a01e21-fcb8-7dd6-8ada-cced96aa6d58,industrial packing,completed,41.7,good,prod,/nfs/data/sz_43/20260820/episode_20260820_074539_000_3e0ae0eb.npy.mp4,2026-08-20 07:48:17.561027+00:00
01a01e1e-4f50-7fc4-94dd-b41e002f16bb,industrial packing,completed,42.4,good,prod,/nfs/data/sz_43/20260820/episode_20260820_074138_000_919d4752.npy.mp4,2026-08-20 07:44:21.083977+00:00
01a01e16-0250-79d5-887b-34316cfe2b96,industrial packing,completed,40.8,good,prod,/nfs/data/sz_43/20260820/episode_20260820_073234_000_6ce27836.npy.mp4,2026-08-20 07:35:05.481324+00:00
01a01e13-23f0-7834-86e5-fcf435b8a4a2,industrial packing,completed,56.3,good,prod,/nfs/data/sz_43/20260820/episode_20260820_072926_000_f095958b.npy.mp4,2026-08-20 07:31:59.104266+00:00
01a01e0d-3080-77c7-a11e-edeca7f7c04b,industrial packing,completed,43.2,good,prod,/nfs/data/sz_43/20260820/episode_20260820_072256_000_1e538a81.npy.mp4,2026-08-20 07:25:05.610993+00:00
01a01e06-3f28-7640-87ae-7e851c527253,industrial packing,completed,47.5,good,prod,/nfs/data/sz_43/20260820/episode_20260820_071521_000_31e1d499.npy.mp4,2026-08-20 07:18:13.024298+00:00
01a01e01-41d0-7832-8160-90418dba2e1d,industrial packing,completed,52.2,good,prod,/nfs/data/sz_43/20260820/episode_20260820_070954_000_04611966.npy.mp4,2026-08-20 07:12:16.565303+00:00
01a01dfe-8e68-78a3-ab53-1100c07c0de0,industrial packing,completed,54.9,good,prod,/nfs/data/sz_43/20260820/episode_20260820_070657_000_0607b82b.npy.mp4,2026-08-20 07:09:16.217670+00:00
01a01dfc-9680-72bc-9707-eb9e0a80d1ef,industrial packing,completed,46.3,good,prod,/nfs/data/sz_43/20260820/episode_20260820_070448_000_a3bf8ad6.npy.mp4,2026-08-20 07:06:58.927579+00:00
01a01df6-a6f8-7785-9979-187fc5760cdd,industrial packing,completed,44.2,good,prod,/nfs/data/sz_43/20260820/episode_20260820_065819_000_9f1fad96.npy.mp4,2026-08-20 07:00:28.533848+00:00
01a01df3-6ad8-74d9-938f-6e54d70b0850,industrial packing,completed,50.5,good,prod,/nfs/data/sz_43/20260820/episode_20260820_065447_000_6a5121aa.npy.mp4,2026-08-20 06:57:43.231943+00:00
01a01df1-3470-7813-8605-f2d44f49333e,industrial packing,completed,55.1,good,prod,/nfs/data/sz_43/20260820/episode_20260820_065222_000_1abe10ff.npy.mp4,2026-08-20 06:55:15.814043+00:00
01a01def-6780-7d39-a1b1-06b4a9a2d18d,industrial packing,completed,58.5,good,prod,/nfs/data/sz_43/20260820/episode_20260820_065024_000_8fd5dab4.npy.mp4,2026-08-20 06:53:29.807060+00:00
01a01dee-2b18-7c0b-9a1d-525f62220cbf,industrial packing,completed,48.8,good,prod,/nfs/data/sz_43/20260820/episode_20260820_064903_000_612fb01f.npy.mp4,2026-08-20 06:51:23.436484+00:00
01a01deb-7b98-74d5-99cd-8014497d2514,industrial packing,completed,48.5,good,prod,/nfs/data/sz_43/20260820/episode_20260820_064607_000_0f61e48e.npy.mp4,2026-08-20 06:48:51.125441+00:00
01a01de9-d9a0-7d6f-bd1f-92c547400767,industrial packing,completed,52.8,good,prod,/nfs/data/sz_43/20260820/episode_20260820_064420_000_de70aff1.npy.mp4,2026-08-20 06:46:37.715023+00:00
01a01de8-5ad0-7575-a032-14b30dc2df24,industrial packing,completed,56.0,good,prod,/nfs/data/sz_43/20260820/episode_20260820_064242_000_b86830f3.npy.mp4,2026-08-20 06:45:37.449330+00:00
01a01de7-0310-70de-b14c-8e6f1017b411,industrial packing,completed,54.9,good,prod,/nfs/data/sz_43/20260820/episode_20260820_064114_000_0ab6782a.npy.mp4,2026-08-20 06:43:32.058366+00:00
01a01de5-d260-78ff-baa6-df486a9dbb5c,industrial packing,completed,58.7,good,prod,/nfs/data/sz_43/20260820/episode_20260820_063956_000_153683aa.npy.mp4,2026-08-20 06:42:33.769045+00:00
01a01de4-9210-7968-87ad-c69fa5e48b18,industrial packing,completed,46.6,good,prod,/nfs/data/sz_43/20260820/episode_20260820_063834_000_489f20cf.npy.mp4,2026-08-20 06:41:20.470379+00:00
01a01de2-1d28-7e1f-a32e-e5ca426acd39,industrial packing,completed,50.5,good,prod,/nfs/data/sz_43/20260820/episode_20260820_063553_000_3e18d119.npy.mp4,2026-08-20 06:38:11.088647+00:00
01a01ddd-5a68-7d54-baaa-2459fe1353d1,industrial packing,completed,44.5,good,prod,/nfs/data/sz_43/20260820/episode_20260820_063041_000_d55daa43.npy.mp4,2026-08-20 06:32:53.710652+00:00
01a01ddc-1e00-7e4d-9754-dbf9e1abddec,industrial packing,completed,49.3,good,prod,/nfs/data/sz_43/20260820/episode_20260820_062920_000_be90af62.npy.mp4,2026-08-20 06:31:31.364335+00:00
01a01ddb-2400-746b-898e-ccf2cb9578af,industrial packing,completed,46.5,good,prod,/nfs/data/sz_43/20260820/episode_20260820_062816_000_c5227e65.npy.mp4,2026-08-20 06:30:35.093544+00:00
01a01dda-4170-7e87-951a-cbb17ebbcbe0,industrial packing,completed,48.1,good,prod,/nfs/data/sz_43/20260820/episode_20260820_062718_000_af625a8c.npy.mp4,2026-08-20 06:29:35.783638+00:00
