{
  "norm_stats": {
    "state": {
      "mean": [
        -0.31435640824656624,
        1.5922491623683057,
        1.1787189579446382,
        -0.41745612120956016,
        0.02945525826765385,
        -0.47437129449957555,
        0.4044248809420268,
        0.34309326155373676,
        1.6400895365127053,
        1.2405610716893734,
        -0.46084167236030965,
        -0.053596630090170905,
        0.33294272910176315,
        0.40111202513948074,
        0.0,
        0.0,
        0.0,
        0.0,
        0.0,
        0.0,
        0.0,
        0.0,
        0.0,
        0.0,
        0.0,
        0.0,
        0.0,
        0.0,
        0.0,
        0.0,
        0.0,
        0.0
      ],
      "std": [
        0.33027838398269754,
        0.48147324159366445,
        0.5153714294958771,
        0.3793583428484747,
        0.3284694640049248,
        0.537682726574485,
        0.37814728323996494,
        0.327616125240246,
        0.46819149011846534,
        0.516896984735587,
        0.34773471105683895,
        0.33271630452044504,
        0.4597369648663235,
        0.3678999116039363,
        0.0,
        0.0,
        0.0,
        0.0,
        0.0,
        0.0,
        0.0,
        0.0,
        0.0,
        0.0,
        0.0,
        0.0,
        0.0,
        0.0,
        0.0,
        0.0,
        0.0,
        0.0
      ],
      "q01": [
        -1.165153525385995,
        0.3519740920230261,
        0.005149920005351305,
        -1.394683212387231,
        -0.8166820810090325,
        -1.8594419981554489,
        -0.05237341299653053,
        -0.5008458770651371,
        0.4340282579675385,
        0.005149920005351305,
        -1.3566062880427268,
        -0.9106738305348373,
        -0.8513396923938862,
        -0.054439738392829895,
        0.0,
        0.0,
        0.0,
        0.0,
        0.0,
        0.0,
        0.0,
        0.0,
        0.0,
        0.0,
        0.0,
        0.0,
        0.0,
        0.0,
        0.0,
        0.0,
        0.0,
        0.0
      ],
      "q99": [
        0.5364407088928627,
        2.8325242327135856,
        2.506315760326018,
        0.5597709699681106,
        0.8755925975443402,
        0.9106994091562979,
        1.048978328704834,
        1.1870324001726105,
        2.846150815057872,
        2.5720877043682453,
        0.4349229433221075,
        0.8034805703544955,
        1.5172251505974126,
        1.0469119548797607,
        0.0,
        0.0,
        0.0,
        0.0,
        0.0,
        0.0,
        0.0,
        0.0,
        0.0,
        0.0,
        0.0,
        0.0,
        0.0,
        0.0,
        0.0,
        0.0,
        0.0,
        0.0
      ]
    },
    "actions": {
      "mean": [
        -0.3137332837834609,
        1.5810758786405117,
        1.187577399375867,
        -0.4108178410703419,
        0.024820904203861512,
        -0.4705132965700502,
        0.3971769024179507,
        0.3433046793524705,
        1.628334870853747,
        1.2508704935966781,
        -0.4538198327177992,
        -0.045892342163392476,
        0.33102593433624156,
        0.39444445919739296,
        0.0,
        0.0,
        0.0,
        0.0,
        0.0,
        0.0,
        0.0,
        0.0,
        0.0,
        0.0,
        0.0,
        0.0,
        0.0,
        0.0,
        0.0,
        0.0,
        0.0,
        0.0
      ],
      "std": [
        0.3318492446989532,
        0.47877298988575334,
        0.5206386663528735,
        0.3855710580094021,
        0.3368258131584209,
        0.5405483029321628,
        0.38580827939308204,
        0.3290855069756937,
        0.46637090848950347,
        0.5232506524420741,
        0.355847525375329,
        0.3418263834132763,
        0.4626790794351534,
        0.37489975773628204,
        0.0,
        0.0,
        0.0,
        0.0,
        0.0,
        0.0,
        0.0,
        0.0,
        0.0,
        0.0,
        0.0,
        0.0,
        0.0,
        0.0,
        0.0,
        0.0,
        0.0,
        0.0
      ],
      "q01": [
        -1.1685769381279645,
        0.34775665669481115,
        -0.15358780514913528,
        -1.4040488865025618,
        -0.8428423904922308,
        -1.8629657249233018,
        0.0,
        -0.5044195866169165,
        0.42696341058478615,
        -0.09702318709410496,
        -1.3704830580846468,
        -0.9264371058359923,
        -0.8608353742887136,
        0.0,
        0.0,
        0.0,
        0.0,
        0.0,
        0.0,
        0.0,
        0.0,
        0.0,
        0.0,
        0.0,
        0.0,
        0.0,
        0.0,
        0.0,
        0.0,
        0.0,
        0.0,
        0.0
      ],
      "q99": [
        0.5411103705610426,
        2.8143951005862125,
        2.528742603900869,
        0.5824132043618779,
        0.8924841988999538,
        0.9219391317832013,
        1.0,
        1.1910289453218574,
        2.8297063311227078,
        2.598764174287461,
        0.46284339264904834,
        0.8346524215092074,
        1.5228872429611968,
        1.0,
        0.0,
        0.0,
        0.0,
        0.0,
        0.0,
        0.0,
        0.0,
        0.0,
        0.0,
        0.0,
        0.0,
        0.0,
        0.0,
        0.0,
        0.0,
        0.0,
        0.0,
        0.0
      ]
    }
  }
}