{
  "norm_stats": {
    "state": {
      "mean": [
        -0.3417339622974396,
        1.5045547485351562,
        1.128889560699463,
        -0.44920170307159424,
        -0.03861845284700394,
        -0.5802757143974304,
        0.503656804561615,
        0.3468698561191559,
        1.4553859233856201,
        1.0552343130111694,
        -0.36236730217933655,
        0.011681261472404003,
        0.4316924214363098,
        0.5737550258636475,
        0.0,
        0.0,
        0.0,
        0.0,
        0.0,
        0.0,
        0.0,
        0.0,
        0.0,
        0.0,
        0.0,
        0.0,
        0.0,
        0.0,
        0.0,
        0.0,
        0.0,
        0.0
      ],
      "std": [
        0.291582316160202,
        0.5289005637168884,
        0.5476688742637634,
        0.27155083417892456,
        0.28204965591430664,
        0.44824621081352234,
        0.43808043003082275,
        0.29270777106285095,
        0.4811260402202606,
        0.5078553557395935,
        0.2916540503501892,
        0.2944508492946625,
        0.3239936828613281,
        0.42467159032821655,
        0.0,
        0.0,
        0.0,
        0.0,
        0.0,
        0.0,
        0.0,
        0.0,
        0.0,
        0.0,
        0.0,
        0.0,
        0.0,
        0.0,
        0.0,
        0.0,
        0.0,
        0.0
      ],
      "q01": [
        -1.1587685346603394,
        0.4516761004924774,
        0.302811861038208,
        -1.078179955482483,
        -0.7833836078643799,
        -1.4830079078674316,
        0.005591859109699726,
        -0.2834170460700989,
        0.5336307883262634,
        0.2661699950695038,
        -1.0558040142059326,
        -0.7319742441177368,
        -0.7756468057632446,
        0.003764527849853039,
        0.0,
        0.0,
        0.0,
        0.0,
        0.0,
        0.0,
        0.0,
        0.0,
        0.0,
        0.0,
        0.0,
        0.0,
        0.0,
        0.0,
        0.0,
        0.0,
        0.0,
        0.0
      ],
      "q99": [
        0.2532709836959839,
        2.6510729789733887,
        2.4449658393859863,
        0.20341944694519043,
        0.6199243068695068,
        0.9641859531402588,
        0.99993497133255,
        1.181517481803894,
        2.600389242172241,
        2.394225835800171,
        0.3657339811325073,
        0.6903673410415649,
        1.0521397590637207,
        0.9980973601341248,
        0.0,
        0.0,
        0.0,
        0.0,
        0.0,
        0.0,
        0.0,
        0.0,
        0.0,
        0.0,
        0.0,
        0.0,
        0.0,
        0.0,
        0.0,
        0.0,
        0.0,
        0.0
      ]
    },
    "actions": {
      "mean": [
        -0.3414509892463684,
        1.494051218032837,
        1.1391046047210693,
        -0.4445330798625946,
        -0.04670749232172966,
        -0.5760176181793213,
        0.49588829278945923,
        0.34736013412475586,
        1.442425012588501,
        1.0653921365737915,
        -0.3540234863758087,
        0.020321814343333244,
        0.43017658591270447,
        0.56805419921875,
        0.0,
        0.0,
        0.0,
        0.0,
        0.0,
        0.0,
        0.0,
        0.0,
        0.0,
        0.0,
        0.0,
        0.0,
        0.0,
        0.0,
        0.0,
        0.0,
        0.0,
        0.0
      ],
      "std": [
        0.2922440469264984,
        0.5222781300544739,
        0.5548690557479858,
        0.27676406502723694,
        0.2923159897327423,
        0.4514191746711731,
        0.44767001271247864,
        0.29329633712768555,
        0.4791586697101593,
        0.5153701901435852,
        0.30205705761909485,
        0.3048425018787384,
        0.32834893465042114,
        0.43319225311279297,
        0.0,
        0.0,
        0.0,
        0.0,
        0.0,
        0.0,
        0.0,
        0.0,
        0.0,
        0.0,
        0.0,
        0.0,
        0.0,
        0.0,
        0.0,
        0.0,
        0.0,
        0.0
      ],
      "q01": [
        -1.1626064777374268,
        0.4568445384502411,
        0.29826414585113525,
        -1.093022108078003,
        -0.821989893913269,
        -1.4932568073272705,
        0.0,
        -0.28354668617248535,
        0.5191466808319092,
        0.26044023036956787,
        -1.0772356986999512,
        -0.7431752681732178,
        -0.7838536500930786,
        0.0,
        0.0,
        0.0,
        0.0,
        0.0,
        0.0,
        0.0,
        0.0,
        0.0,
        0.0,
        0.0,
        0.0,
        0.0,
        0.0,
        0.0,
        0.0,
        0.0,
        0.0,
        0.0
      ],
      "q99": [
        0.25669312477111816,
        2.647341251373291,
        2.473897933959961,
        0.217529296875,
        0.6346691846847534,
        0.9720561504364014,
        0.9997999668121338,
        1.1853547096252441,
        2.593623161315918,
        2.4256718158721924,
        0.3948509693145752,
        0.7314690351486206,
        1.0691590309143066,
        0.9997999668121338,
        0.0,
        0.0,
        0.0,
        0.0,
        0.0,
        0.0,
        0.0,
        0.0,
        0.0,
        0.0,
        0.0,
        0.0,
        0.0,
        0.0,
        0.0,
        0.0,
        0.0,
        0.0
      ]
    }
  }
}