{
  "norm_stats": {
    "state": {
      "mean": [
        -0.3566591739654541,
        1.4874956607818604,
        1.1079771518707275,
        -0.4403294324874878,
        -0.05590733885765076,
        -0.673944890499115,
        0.5382320880889893,
        0.3493315279483795,
        1.3912067413330078,
        0.9790894389152527,
        -0.32558807730674744,
        0.04422188550233841,
        0.4909987151622772,
        0.6418931484222412,
        0.0,
        0.0,
        0.0,
        0.0,
        0.0,
        0.0,
        0.0,
        0.0,
        0.0,
        0.0,
        0.0,
        0.0,
        0.0,
        0.0,
        0.0,
        0.0,
        0.0,
        0.0
      ],
      "std": [
        0.27031782269477844,
        0.5337876677513123,
        0.5466164350509644,
        0.23862169682979584,
        0.26187723875045776,
        0.2904681861400604,
        0.45161253213882446,
        0.2618407607078552,
        0.4657285511493683,
        0.482077419757843,
        0.2793429493904114,
        0.287387877702713,
        0.25072750449180603,
        0.41968604922294617,
        0.0,
        0.0,
        0.0,
        0.0,
        0.0,
        0.0,
        0.0,
        0.0,
        0.0,
        0.0,
        0.0,
        0.0,
        0.0,
        0.0,
        0.0,
        0.0,
        0.0,
        0.0
      ],
      "q01": [
        -1.1433242559432983,
        0.44816309213638306,
        0.31812405586242676,
        -1.016986608505249,
        -0.7957157492637634,
        -1.2612626552581787,
        0.006373947951942682,
        -0.23114700615406036,
        0.5378009080886841,
        0.2495170533657074,
        -1.014539361000061,
        -0.7068101167678833,
        -0.27239441871643066,
        0.005497444421052933,
        0.0,
        0.0,
        0.0,
        0.0,
        0.0,
        0.0,
        0.0,
        0.0,
        0.0,
        0.0,
        0.0,
        0.0,
        0.0,
        0.0,
        0.0,
        0.0,
        0.0,
        0.0
      ],
      "q99": [
        0.1580507755279541,
        2.5999088287353516,
        2.4170641899108887,
        0.09383118152618408,
        0.48157477378845215,
        0.3131502866744995,
        1.0000593662261963,
        1.1365307569503784,
        2.561659812927246,
        2.33866024017334,
        0.3495955467224121,
        0.6791964769363403,
        1.0165010690689087,
        0.9980268478393555,
        0.0,
        0.0,
        0.0,
        0.0,
        0.0,
        0.0,
        0.0,
        0.0,
        0.0,
        0.0,
        0.0,
        0.0,
        0.0,
        0.0,
        0.0,
        0.0,
        0.0,
        0.0
      ]
    },
    "actions": {
      "mean": [
        -0.34839195013046265,
        1.4449489116668701,
        1.1193461418151855,
        -0.4234335124492645,
        -0.09455391019582748,
        -0.6406848430633545,
        0.532038152217865,
        0.3481180965900421,
        1.3625664710998535,
        1.008677363395691,
        -0.2958744764328003,
        0.06552036851644516,
        0.4660167694091797,
        0.6224933862686157,
        0.0,
        0.0,
        0.0,
        0.0,
        0.0,
        0.0,
        0.0,
        0.0,
        0.0,
        0.0,
        0.0,
        0.0,
        0.0,
        0.0,
        0.0,
        0.0,
        0.0,
        0.0
      ],
      "std": [
        0.26400211453437805,
        0.5379618406295776,
        0.5616804957389832,
        0.2289532721042633,
        0.28826284408569336,
        0.31313082575798035,
        0.4636995494365692,
        0.2779572606086731,
        0.4710403382778168,
        0.5180528163909912,
        0.28157326579093933,
        0.2971162497997284,
        0.2672434151172638,
        0.43093615770339966,
        0.0,
        0.0,
        0.0,
        0.0,
        0.0,
        0.0,
        0.0,
        0.0,
        0.0,
        0.0,
        0.0,
        0.0,
        0.0,
        0.0,
        0.0,
        0.0,
        0.0,
        0.0
      ],
      "q01": [
        -1.0954570770263672,
        0.4704369604587555,
        0.3334890305995941,
        -0.9946640729904175,
        -0.8658912181854248,
        -1.223732590675354,
        0.0,
        -0.24798454344272614,
        0.4930979609489441,
        0.28713953495025635,
        -0.9604015946388245,
        -0.7295812368392944,
        -0.4252821207046509,
        0.0,
        0.0,
        0.0,
        0.0,
        0.0,
        0.0,
        0.0,
        0.0,
        0.0,
        0.0,
        0.0,
        0.0,
        0.0,
        0.0,
        0.0,
        0.0,
        0.0,
        0.0,
        0.0
      ],
      "q99": [
        0.198846697807312,
        2.5570201873779297,
        2.4254672527313232,
        0.062372565269470215,
        0.4762650728225708,
        0.46843791007995605,
        0.9997999668121338,
        1.1359038352966309,
        2.536252975463867,
        2.363939046859741,
        0.3719215393066406,
        0.7131539583206177,
        1.0344582796096802,
        0.9997999668121338,
        0.0,
        0.0,
        0.0,
        0.0,
        0.0,
        0.0,
        0.0,
        0.0,
        0.0,
        0.0,
        0.0,
        0.0,
        0.0,
        0.0,
        0.0,
        0.0,
        0.0,
        0.0
      ]
    }
  }
}